{
	"credit": "Made with Blockbench",
	"texture_size": [32, 32],
	"textures": {
		"2": "item/vip/how_shield/armor"
	},
	"elements": [
		{
			"from": [6.725, 11.225, -3.81371],
			"to": [8.725, 17.225, -3.41371],
			"rotation": {"angle": 45, "axis": "y", "origin": [8, 0, 8]},
			"faces": {
				"north": {"uv": [2, 0, 3, 3], "texture": "#2"},
				"east": {"uv": [4.5, 0, 4.6875, 3], "texture": "#2"},
				"south": {"uv": [2, 0, 3, 3], "texture": "#2"},
				"west": {"uv": [4.5, 3, 4.6875, 6], "texture": "#2"},
				"up": {"uv": [8, 0.1875, 7, 0], "texture": "#2"},
				"down": {"uv": [8, 0.5, 7, 0.6875], "texture": "#2"}
			}
		},
		{
			"from": [19.48629, 13.175, 5.775],
			"to": [19.88629, 16.425, 6.275],
			"rotation": {"angle": 0, "axis": "y", "origin": [8, 0, 8]},
			"faces": {
				"north": {"uv": [6.5, 4, 6.6875, 5.625], "texture": "#2"},
				"east": {"uv": [0, 6, 0.25, 7.625], "texture": "#2"},
				"south": {"uv": [5.5, 6.5, 5.6875, 8.125], "texture": "#2"},
				"west": {"uv": [0.5, 6, 0.75, 7.625], "texture": "#2"},
				"up": {"uv": [2.25, 7.6875, 2, 7.5], "rotation": 270, "texture": "#2"},
				"down": {"uv": [7.75, 2, 7.5, 2.1875], "rotation": 90, "texture": "#2"}
			}
		},
		{
			"from": [19.48629, 11.85, 6.275],
			"to": [19.88629, 16.825, 7.275],
			"rotation": {"angle": 0, "axis": "y", "origin": [8, 0, 8]},
			"faces": {
				"north": {"uv": [1, 5.5, 1.1875, 8], "texture": "#2"},
				"east": {"uv": [2.5, 3, 3, 5.5], "texture": "#2"},
				"south": {"uv": [1.5, 5.5, 1.6875, 8], "texture": "#2"},
				"west": {"uv": [3.5, 0, 4, 2.5], "texture": "#2"},
				"up": {"uv": [7.5, 4.1875, 7, 4], "rotation": 270, "texture": "#2"},
				"down": {"uv": [7.5, 4.5, 7, 4.6875], "rotation": 90, "texture": "#2"}
			}
		},
		{
			"from": [19.48629, 13.175, 10.275],
			"to": [19.88629, 16.425, 10.775],
			"rotation": {"angle": 0, "axis": "y", "origin": [8, 0, 8]},
			"faces": {
				"north": {"uv": [6.5, 0, 6.6875, 1.625], "texture": "#2"},
				"east": {"uv": [0.5, 6, 0.75, 7.625], "texture": "#2"},
				"south": {"uv": [6.5, 2, 6.6875, 3.625], "texture": "#2"},
				"west": {"uv": [0, 6, 0.25, 7.625], "texture": "#2"},
				"up": {"uv": [7.75, 1.1875, 7.5, 1], "rotation": 270, "texture": "#2"},
				"down": {"uv": [7.75, 1.5, 7.5, 1.6875], "rotation": 90, "texture": "#2"}
			}
		},
		{
			"from": [19.48629, 11.85, 9.275],
			"to": [19.88629, 16.825, 10.275],
			"rotation": {"angle": 0, "axis": "y", "origin": [8, 0, 8]},
			"faces": {
				"north": {"uv": [5, 5, 5.1875, 7.5], "texture": "#2"},
				"east": {"uv": [3.5, 0, 4, 2.5], "texture": "#2"},
				"south": {"uv": [5.5, 0, 5.6875, 2.5], "texture": "#2"},
				"west": {"uv": [2.5, 3, 3, 5.5], "texture": "#2"},
				"up": {"uv": [7.5, 3.1875, 7, 3], "rotation": 270, "texture": "#2"},
				"down": {"uv": [7.5, 3.5, 7, 3.6875], "rotation": 90, "texture": "#2"}
			}
		},
		{
			"from": [19.48629, 11.225, 7.275],
			"to": [19.88629, 17.225, 9.275],
			"rotation": {"angle": 0, "axis": "y", "origin": [8, 0, 8]},
			"faces": {
				"north": {"uv": [4.5, 0, 4.6875, 3], "texture": "#2"},
				"east": {"uv": [2, 0, 3, 3], "texture": "#2"},
				"south": {"uv": [4.5, 3, 4.6875, 6], "texture": "#2"},
				"west": {"uv": [2, 0, 3, 3], "texture": "#2"},
				"up": {"uv": [8, 0.1875, 7, 0], "rotation": 270, "texture": "#2"},
				"down": {"uv": [8, 0.5, 7, 0.6875], "rotation": 90, "texture": "#2"}
			}
		},
		{
			"from": [-3.81371, 13.175, 5.775],
			"to": [-3.41371, 16.425, 6.275],
			"rotation": {"angle": 0, "axis": "y", "origin": [8, 0, 8]},
			"faces": {
				"north": {"uv": [6.5, 4, 6.6875, 5.625], "texture": "#2"},
				"east": {"uv": [0, 6, 0.25, 7.625], "texture": "#2"},
				"south": {"uv": [5.5, 6.5, 5.6875, 8.125], "texture": "#2"},
				"west": {"uv": [0.5, 6, 0.75, 7.625], "texture": "#2"},
				"up": {"uv": [2.25, 7.6875, 2, 7.5], "rotation": 270, "texture": "#2"},
				"down": {"uv": [7.75, 2, 7.5, 2.1875], "rotation": 90, "texture": "#2"}
			}
		},
		{
			"from": [-3.81371, 11.85, 6.275],
			"to": [-3.41371, 16.825, 7.275],
			"rotation": {"angle": 0, "axis": "y", "origin": [8, 0, 8]},
			"faces": {
				"north": {"uv": [1, 5.5, 1.1875, 8], "texture": "#2"},
				"east": {"uv": [2.5, 3, 3, 5.5], "texture": "#2"},
				"south": {"uv": [1.5, 5.5, 1.6875, 8], "texture": "#2"},
				"west": {"uv": [3.5, 0, 4, 2.5], "texture": "#2"},
				"up": {"uv": [7.5, 4.1875, 7, 4], "rotation": 270, "texture": "#2"},
				"down": {"uv": [7.5, 4.5, 7, 4.6875], "rotation": 90, "texture": "#2"}
			}
		},
		{
			"from": [-3.81371, 13.175, 10.275],
			"to": [-3.41371, 16.425, 10.775],
			"rotation": {"angle": 0, "axis": "y", "origin": [8, 0, 8]},
			"faces": {
				"north": {"uv": [6.5, 0, 6.6875, 1.625], "texture": "#2"},
				"east": {"uv": [0.5, 6, 0.75, 7.625], "texture": "#2"},
				"south": {"uv": [6.5, 2, 6.6875, 3.625], "texture": "#2"},
				"west": {"uv": [0, 6, 0.25, 7.625], "texture": "#2"},
				"up": {"uv": [7.75, 1.1875, 7.5, 1], "rotation": 270, "texture": "#2"},
				"down": {"uv": [7.75, 1.5, 7.5, 1.6875], "rotation": 90, "texture": "#2"}
			}
		},
		{
			"from": [-3.81371, 11.85, 9.275],
			"to": [-3.41371, 16.825, 10.275],
			"rotation": {"angle": 0, "axis": "y", "origin": [8, 0, 8]},
			"faces": {
				"north": {"uv": [5, 5, 5.1875, 7.5], "texture": "#2"},
				"east": {"uv": [3.5, 0, 4, 2.5], "texture": "#2"},
				"south": {"uv": [5.5, 0, 5.6875, 2.5], "texture": "#2"},
				"west": {"uv": [2.5, 3, 3, 5.5], "texture": "#2"},
				"up": {"uv": [7.5, 3.1875, 7, 3], "rotation": 270, "texture": "#2"},
				"down": {"uv": [7.5, 3.5, 7, 3.6875], "rotation": 90, "texture": "#2"}
			}
		},
		{
			"from": [-3.81371, 11.225, 7.275],
			"to": [-3.41371, 17.225, 9.275],
			"rotation": {"angle": 0, "axis": "y", "origin": [8, 0, 8]},
			"faces": {
				"north": {"uv": [4.5, 0, 4.6875, 3], "texture": "#2"},
				"east": {"uv": [2, 0, 3, 3], "texture": "#2"},
				"south": {"uv": [4.5, 3, 4.6875, 6], "texture": "#2"},
				"west": {"uv": [2, 0, 3, 3], "texture": "#2"},
				"up": {"uv": [8, 0.1875, 7, 0], "rotation": 270, "texture": "#2"},
				"down": {"uv": [8, 0.5, 7, 0.6875], "rotation": 90, "texture": "#2"}
			}
		},
		{
			"from": [5.775, 13.175, -3.88629],
			"to": [6.275, 16.425, -3.48629],
			"rotation": {"angle": -45, "axis": "y", "origin": [8, 0, 8]},
			"faces": {
				"north": {"uv": [0, 6, 0.25, 7.625], "texture": "#2"},
				"east": {"uv": [5.5, 6.5, 5.6875, 8.125], "texture": "#2"},
				"south": {"uv": [0.5, 6, 0.75, 7.625], "texture": "#2"},
				"west": {"uv": [6.5, 4, 6.6875, 5.625], "texture": "#2"},
				"up": {"uv": [2.25, 7.6875, 2, 7.5], "rotation": 180, "texture": "#2"},
				"down": {"uv": [7.75, 2, 7.5, 2.1875], "rotation": 180, "texture": "#2"}
			}
		},
		{
			"from": [6.275, 11.85, -3.88629],
			"to": [7.275, 16.825, -3.48629],
			"rotation": {"angle": -45, "axis": "y", "origin": [8, 0, 8]},
			"faces": {
				"north": {"uv": [2.5, 3, 3, 5.5], "texture": "#2"},
				"east": {"uv": [1.5, 5.5, 1.6875, 8], "texture": "#2"},
				"south": {"uv": [3.5, 0, 4, 2.5], "texture": "#2"},
				"west": {"uv": [1, 5.5, 1.1875, 8], "texture": "#2"},
				"up": {"uv": [7.5, 4.1875, 7, 4], "rotation": 180, "texture": "#2"},
				"down": {"uv": [7.5, 4.5, 7, 4.6875], "rotation": 180, "texture": "#2"}
			}
		},
		{
			"from": [10.275, 13.175, -3.88629],
			"to": [10.775, 16.425, -3.48629],
			"rotation": {"angle": -45, "axis": "y", "origin": [8, 0, 8]},
			"faces": {
				"north": {"uv": [0.5, 6, 0.75, 7.625], "texture": "#2"},
				"east": {"uv": [6.5, 2, 6.6875, 3.625], "texture": "#2"},
				"south": {"uv": [0, 6, 0.25, 7.625], "texture": "#2"},
				"west": {"uv": [6.5, 0, 6.6875, 1.625], "texture": "#2"},
				"up": {"uv": [7.75, 1.1875, 7.5, 1], "rotation": 180, "texture": "#2"},
				"down": {"uv": [7.75, 1.5, 7.5, 1.6875], "rotation": 180, "texture": "#2"}
			}
		},
		{
			"from": [9.275, 11.85, -3.88629],
			"to": [10.275, 16.825, -3.48629],
			"rotation": {"angle": -45, "axis": "y", "origin": [8, 0, 8]},
			"faces": {
				"north": {"uv": [3.5, 0, 4, 2.5], "texture": "#2"},
				"east": {"uv": [5.5, 0, 5.6875, 2.5], "texture": "#2"},
				"south": {"uv": [2.5, 3, 3, 5.5], "texture": "#2"},
				"west": {"uv": [5, 5, 5.1875, 7.5], "texture": "#2"},
				"up": {"uv": [7.5, 3.1875, 7, 3], "rotation": 180, "texture": "#2"},
				"down": {"uv": [7.5, 3.5, 7, 3.6875], "rotation": 180, "texture": "#2"}
			}
		},
		{
			"from": [7.275, 11.225, -3.88629],
			"to": [9.275, 17.225, -3.48629],
			"rotation": {"angle": -45, "axis": "y", "origin": [8, 0, 8]},
			"faces": {
				"north": {"uv": [2, 0, 3, 3], "texture": "#2"},
				"east": {"uv": [4.5, 3, 4.6875, 6], "texture": "#2"},
				"south": {"uv": [2, 0, 3, 3], "texture": "#2"},
				"west": {"uv": [4.5, 0, 4.6875, 3], "texture": "#2"},
				"up": {"uv": [8, 0.1875, 7, 0], "rotation": 180, "texture": "#2"},
				"down": {"uv": [8, 0.5, 7, 0.6875], "rotation": 180, "texture": "#2"}
			}
		},
		{
			"from": [5.775, 13.175, 19.41371],
			"to": [6.275, 16.425, 19.81371],
			"rotation": {"angle": -45, "axis": "y", "origin": [8, 0, 8]},
			"faces": {
				"north": {"uv": [0, 6, 0.25, 7.625], "texture": "#2"},
				"east": {"uv": [5.5, 6.5, 5.6875, 8.125], "texture": "#2"},
				"south": {"uv": [0.5, 6, 0.75, 7.625], "texture": "#2"},
				"west": {"uv": [6.5, 4, 6.6875, 5.625], "texture": "#2"},
				"up": {"uv": [2.25, 7.6875, 2, 7.5], "rotation": 180, "texture": "#2"},
				"down": {"uv": [7.75, 2, 7.5, 2.1875], "rotation": 180, "texture": "#2"}
			}
		},
		{
			"from": [6.275, 11.85, 19.41371],
			"to": [7.275, 16.825, 19.81371],
			"rotation": {"angle": -45, "axis": "y", "origin": [8, 0, 8]},
			"faces": {
				"north": {"uv": [2.5, 3, 3, 5.5], "texture": "#2"},
				"east": {"uv": [1.5, 5.5, 1.6875, 8], "texture": "#2"},
				"south": {"uv": [3.5, 0, 4, 2.5], "texture": "#2"},
				"west": {"uv": [1, 5.5, 1.1875, 8], "texture": "#2"},
				"up": {"uv": [7.5, 4.1875, 7, 4], "rotation": 180, "texture": "#2"},
				"down": {"uv": [7.5, 4.5, 7, 4.6875], "rotation": 180, "texture": "#2"}
			}
		},
		{
			"from": [10.275, 13.175, 19.41371],
			"to": [10.775, 16.425, 19.81371],
			"rotation": {"angle": -45, "axis": "y", "origin": [8, 0, 8]},
			"faces": {
				"north": {"uv": [0.5, 6, 0.75, 7.625], "texture": "#2"},
				"east": {"uv": [6.5, 2, 6.6875, 3.625], "texture": "#2"},
				"south": {"uv": [0, 6, 0.25, 7.625], "texture": "#2"},
				"west": {"uv": [6.5, 0, 6.6875, 1.625], "texture": "#2"},
				"up": {"uv": [7.75, 1.1875, 7.5, 1], "rotation": 180, "texture": "#2"},
				"down": {"uv": [7.75, 1.5, 7.5, 1.6875], "rotation": 180, "texture": "#2"}
			}
		},
		{
			"from": [9.275, 11.85, 19.41371],
			"to": [10.275, 16.825, 19.81371],
			"rotation": {"angle": -45, "axis": "y", "origin": [8, 0, 8]},
			"faces": {
				"north": {"uv": [3.5, 0, 4, 2.5], "texture": "#2"},
				"east": {"uv": [5.5, 0, 5.6875, 2.5], "texture": "#2"},
				"south": {"uv": [2.5, 3, 3, 5.5], "texture": "#2"},
				"west": {"uv": [5, 5, 5.1875, 7.5], "texture": "#2"},
				"up": {"uv": [7.5, 3.1875, 7, 3], "rotation": 180, "texture": "#2"},
				"down": {"uv": [7.5, 3.5, 7, 3.6875], "rotation": 180, "texture": "#2"}
			}
		},
		{
			"from": [7.275, 11.225, 19.41371],
			"to": [9.275, 17.225, 19.81371],
			"rotation": {"angle": -45, "axis": "y", "origin": [8, 0, 8]},
			"faces": {
				"north": {"uv": [2, 0, 3, 3], "texture": "#2"},
				"east": {"uv": [4.5, 3, 4.6875, 6], "texture": "#2"},
				"south": {"uv": [2, 0, 3, 3], "texture": "#2"},
				"west": {"uv": [4.5, 0, 4.6875, 3], "texture": "#2"},
				"up": {"uv": [8, 0.1875, 7, 0], "rotation": 180, "texture": "#2"},
				"down": {"uv": [8, 0.5, 7, 0.6875], "rotation": 180, "texture": "#2"}
			}
		},
		{
			"from": [5.775, 13.175, -3.88629],
			"to": [6.275, 16.425, -3.48629],
			"rotation": {"angle": 0, "axis": "y", "origin": [8, 0, 8]},
			"faces": {
				"north": {"uv": [0, 6, 0.25, 7.625], "texture": "#2"},
				"east": {"uv": [5.5, 6.5, 5.6875, 8.125], "texture": "#2"},
				"south": {"uv": [0.5, 6, 0.75, 7.625], "texture": "#2"},
				"west": {"uv": [6.5, 4, 6.6875, 5.625], "texture": "#2"},
				"up": {"uv": [2.25, 7.6875, 2, 7.5], "rotation": 180, "texture": "#2"},
				"down": {"uv": [7.75, 2, 7.5, 2.1875], "rotation": 180, "texture": "#2"}
			}
		},
		{
			"from": [6.275, 11.85, -3.88629],
			"to": [7.275, 16.825, -3.48629],
			"rotation": {"angle": 0, "axis": "y", "origin": [8, 0, 8]},
			"faces": {
				"north": {"uv": [2.5, 3, 3, 5.5], "texture": "#2"},
				"east": {"uv": [1.5, 5.5, 1.6875, 8], "texture": "#2"},
				"south": {"uv": [3.5, 0, 4, 2.5], "texture": "#2"},
				"west": {"uv": [1, 5.5, 1.1875, 8], "texture": "#2"},
				"up": {"uv": [7.5, 4.1875, 7, 4], "rotation": 180, "texture": "#2"},
				"down": {"uv": [7.5, 4.5, 7, 4.6875], "rotation": 180, "texture": "#2"}
			}
		},
		{
			"from": [10.275, 13.175, -3.88629],
			"to": [10.775, 16.425, -3.48629],
			"rotation": {"angle": 0, "axis": "y", "origin": [8, 0, 8]},
			"faces": {
				"north": {"uv": [0.5, 6, 0.75, 7.625], "texture": "#2"},
				"east": {"uv": [6.5, 2, 6.6875, 3.625], "texture": "#2"},
				"south": {"uv": [0, 6, 0.25, 7.625], "texture": "#2"},
				"west": {"uv": [6.5, 0, 6.6875, 1.625], "texture": "#2"},
				"up": {"uv": [7.75, 1.1875, 7.5, 1], "rotation": 180, "texture": "#2"},
				"down": {"uv": [7.75, 1.5, 7.5, 1.6875], "rotation": 180, "texture": "#2"}
			}
		},
		{
			"from": [9.275, 11.85, -3.88629],
			"to": [10.275, 16.825, -3.48629],
			"rotation": {"angle": 0, "axis": "y", "origin": [8, 0, 8]},
			"faces": {
				"north": {"uv": [3.5, 0, 4, 2.5], "texture": "#2"},
				"east": {"uv": [5.5, 0, 5.6875, 2.5], "texture": "#2"},
				"south": {"uv": [2.5, 3, 3, 5.5], "texture": "#2"},
				"west": {"uv": [5, 5, 5.1875, 7.5], "texture": "#2"},
				"up": {"uv": [7.5, 3.1875, 7, 3], "rotation": 180, "texture": "#2"},
				"down": {"uv": [7.5, 3.5, 7, 3.6875], "rotation": 180, "texture": "#2"}
			}
		},
		{
			"from": [7.275, 11.225, -3.88629],
			"to": [9.275, 17.225, -3.48629],
			"rotation": {"angle": 0, "axis": "y", "origin": [8, 0, 8]},
			"faces": {
				"north": {"uv": [2, 0, 3, 3], "texture": "#2"},
				"east": {"uv": [4.5, 3, 4.6875, 6], "texture": "#2"},
				"south": {"uv": [2, 0, 3, 3], "texture": "#2"},
				"west": {"uv": [4.5, 0, 4.6875, 3], "texture": "#2"},
				"up": {"uv": [8, 0.1875, 7, 0], "rotation": 180, "texture": "#2"},
				"down": {"uv": [8, 0.5, 7, 0.6875], "rotation": 180, "texture": "#2"}
			}
		},
		{
			"from": [5.775, 13.175, 19.41371],
			"to": [6.275, 16.425, 19.81371],
			"rotation": {"angle": 0, "axis": "y", "origin": [8, 0, 8]},
			"faces": {
				"north": {"uv": [0, 6, 0.25, 7.625], "texture": "#2"},
				"east": {"uv": [5.5, 6.5, 5.6875, 8.125], "texture": "#2"},
				"south": {"uv": [0.5, 6, 0.75, 7.625], "texture": "#2"},
				"west": {"uv": [6.5, 4, 6.6875, 5.625], "texture": "#2"},
				"up": {"uv": [2.25, 7.6875, 2, 7.5], "rotation": 180, "texture": "#2"},
				"down": {"uv": [7.75, 2, 7.5, 2.1875], "rotation": 180, "texture": "#2"}
			}
		},
		{
			"from": [6.275, 11.85, 19.41371],
			"to": [7.275, 16.825, 19.81371],
			"rotation": {"angle": 0, "axis": "y", "origin": [8, 0, 8]},
			"faces": {
				"north": {"uv": [2.5, 3, 3, 5.5], "texture": "#2"},
				"east": {"uv": [1.5, 5.5, 1.6875, 8], "texture": "#2"},
				"south": {"uv": [3.5, 0, 4, 2.5], "texture": "#2"},
				"west": {"uv": [1, 5.5, 1.1875, 8], "texture": "#2"},
				"up": {"uv": [7.5, 4.1875, 7, 4], "rotation": 180, "texture": "#2"},
				"down": {"uv": [7.5, 4.5, 7, 4.6875], "rotation": 180, "texture": "#2"}
			}
		},
		{
			"from": [10.275, 13.175, 19.41371],
			"to": [10.775, 16.425, 19.81371],
			"rotation": {"angle": 0, "axis": "y", "origin": [8, 0, 8]},
			"faces": {
				"north": {"uv": [0.5, 6, 0.75, 7.625], "texture": "#2"},
				"east": {"uv": [6.5, 2, 6.6875, 3.625], "texture": "#2"},
				"south": {"uv": [0, 6, 0.25, 7.625], "texture": "#2"},
				"west": {"uv": [6.5, 0, 6.6875, 1.625], "texture": "#2"},
				"up": {"uv": [7.75, 1.1875, 7.5, 1], "rotation": 180, "texture": "#2"},
				"down": {"uv": [7.75, 1.5, 7.5, 1.6875], "rotation": 180, "texture": "#2"}
			}
		},
		{
			"from": [9.274, 11.85, 19.41371],
			"to": [10.274, 16.825, 19.81371],
			"rotation": {"angle": 0, "axis": "y", "origin": [8, 0, 8]},
			"faces": {
				"north": {"uv": [3.5, 0, 4, 2.5], "texture": "#2"},
				"east": {"uv": [5.5, 0, 5.6875, 2.5], "texture": "#2"},
				"south": {"uv": [2.5, 3, 3, 5.5], "texture": "#2"},
				"west": {"uv": [5, 5, 5.1875, 7.5], "texture": "#2"},
				"up": {"uv": [7.5, 3.1875, 7, 3], "rotation": 180, "texture": "#2"},
				"down": {"uv": [7.5, 3.5, 7, 3.6875], "rotation": 180, "texture": "#2"}
			}
		},
		{
			"from": [7.275, 11.225, 19.41371],
			"to": [9.275, 17.225, 19.81371],
			"rotation": {"angle": 0, "axis": "y", "origin": [8, 0, 8]},
			"faces": {
				"north": {"uv": [2, 0, 3, 3], "texture": "#2"},
				"east": {"uv": [4.5, 3, 4.6875, 6], "texture": "#2"},
				"south": {"uv": [2, 0, 3, 3], "texture": "#2"},
				"west": {"uv": [4.5, 0, 4.6875, 3], "texture": "#2"},
				"up": {"uv": [8, 0.1875, 7, 0], "rotation": 180, "texture": "#2"},
				"down": {"uv": [8, 0.5, 7, 0.6875], "rotation": 180, "texture": "#2"}
			}
		},
		{
			"from": [9.725, 13.175, 19.48629],
			"to": [10.225, 16.425, 19.88629],
			"rotation": {"angle": 45, "axis": "y", "origin": [8, 0, 8]},
			"faces": {
				"north": {"uv": [0.5, 6, 0.75, 7.625], "texture": "#2"},
				"east": {"uv": [6.5, 4, 6.6875, 5.625], "texture": "#2"},
				"south": {"uv": [0, 6, 0.25, 7.625], "texture": "#2"},
				"west": {"uv": [8.15625, 6.625, 8.34375, 8.25], "texture": "#2"},
				"up": {"uv": [2.25, 7.6875, 2, 7.5], "texture": "#2"},
				"down": {"uv": [7.75, 2, 7.5, 2.1875], "texture": "#2"}
			}
		},
		{
			"from": [8.725, 11.85, 19.48629],
			"to": [9.725, 16.825, 19.88629],
			"rotation": {"angle": 45, "axis": "y", "origin": [8, 0, 8]},
			"faces": {
				"north": {"uv": [3.5, 0, 4, 2.5], "texture": "#2"},
				"east": {"uv": [8.15625, 5.375, 8.34375, 7.875], "texture": "#2"},
				"south": {"uv": [2.5, 3, 3, 5.5], "texture": "#2"},
				"west": {"uv": [8.15625, 5.3125, 8.34375, 7.8125], "texture": "#2"},
				"up": {"uv": [7.5, 4.1875, 7, 4], "texture": "#2"},
				"down": {"uv": [7.5, 4.5, 7, 4.6875], "texture": "#2"}
			}
		},
		{
			"from": [5.225, 13.175, 19.48629],
			"to": [5.725, 16.425, 19.88629],
			"rotation": {"angle": 45, "axis": "y", "origin": [8, 0, 8]},
			"faces": {
				"north": {"uv": [0, 6, 0.25, 7.625], "texture": "#2"},
				"east": {"uv": [6.5, 0, 6.6875, 1.625], "texture": "#2"},
				"south": {"uv": [0.5, 6, 0.75, 7.625], "texture": "#2"},
				"west": {"uv": [6.5, 2, 6.6875, 3.625], "texture": "#2"},
				"up": {"uv": [7.75, 1.1875, 7.5, 1], "texture": "#2"},
				"down": {"uv": [7.75, 1.5, 7.5, 1.6875], "texture": "#2"}
			}
		},
		{
			"from": [5.725, 11.85, 19.48629],
			"to": [6.725, 16.825, 19.88629],
			"rotation": {"angle": 45, "axis": "y", "origin": [8, 0, 8]},
			"faces": {
				"north": {"uv": [2.5, 3, 3, 5.5], "texture": "#2"},
				"east": {"uv": [5, 5, 5.1875, 7.5], "texture": "#2"},
				"south": {"uv": [3.5, 0, 4, 2.5], "texture": "#2"},
				"west": {"uv": [5.5, 0, 5.6875, 2.5], "texture": "#2"},
				"up": {"uv": [7.5, 3.1875, 7, 3], "texture": "#2"},
				"down": {"uv": [7.5, 3.5, 7, 3.6875], "texture": "#2"}
			}
		},
		{
			"from": [6.725, 11.225, 19.48629],
			"to": [8.725, 17.225, 19.88629],
			"rotation": {"angle": 45, "axis": "y", "origin": [8, 0, 8]},
			"faces": {
				"north": {"uv": [2, 0, 3, 3], "texture": "#2"},
				"east": {"uv": [4.5, 0, 4.6875, 3], "texture": "#2"},
				"south": {"uv": [2, 0, 3, 3], "texture": "#2"},
				"west": {"uv": [4.5, 3, 4.6875, 6], "texture": "#2"},
				"up": {"uv": [8, 0.1875, 7, 0], "texture": "#2"},
				"down": {"uv": [8, 0.5, 7, 0.6875], "texture": "#2"}
			}
		},
		{
			"from": [5.725, 11.85, -3.81371],
			"to": [6.725, 16.825, -3.41371],
			"rotation": {"angle": 45, "axis": "y", "origin": [8, 0, 8]},
			"faces": {
				"north": {"uv": [2.5, 3, 3, 5.5], "texture": "#2"},
				"east": {"uv": [5, 5, 5.1875, 7.5], "texture": "#2"},
				"south": {"uv": [3.5, 0, 4, 2.5], "texture": "#2"},
				"west": {"uv": [5.5, 0, 5.6875, 2.5], "texture": "#2"},
				"up": {"uv": [7.5, 3.1875, 7, 3], "texture": "#2"},
				"down": {"uv": [7.5, 3.5, 7, 3.6875], "texture": "#2"}
			}
		},
		{
			"from": [5.225, 13.175, -3.81371],
			"to": [5.725, 16.425, -3.41371],
			"rotation": {"angle": 45, "axis": "y", "origin": [8, 0, 8]},
			"faces": {
				"north": {"uv": [0, 6, 0.25, 7.625], "texture": "#2"},
				"east": {"uv": [6.5, 0, 6.6875, 1.625], "texture": "#2"},
				"south": {"uv": [0.5, 6, 0.75, 7.625], "texture": "#2"},
				"west": {"uv": [6.5, 2, 6.6875, 3.625], "texture": "#2"},
				"up": {"uv": [7.75, 1.1875, 7.5, 1], "texture": "#2"},
				"down": {"uv": [7.75, 1.5, 7.5, 1.6875], "texture": "#2"}
			}
		},
		{
			"from": [8.725, 11.85, -3.81371],
			"to": [9.725, 16.825, -3.41371],
			"rotation": {"angle": 45, "axis": "y", "origin": [8, 0, 8]},
			"faces": {
				"north": {"uv": [3.5, 0, 4, 2.5], "texture": "#2"},
				"east": {"uv": [1, 5.5, 1.1875, 8], "texture": "#2"},
				"south": {"uv": [2.5, 3, 3, 5.5], "texture": "#2"},
				"west": {"uv": [1.5, 5.5, 1.6875, 8], "texture": "#2"},
				"up": {"uv": [7.5, 4.1875, 7, 4], "texture": "#2"},
				"down": {"uv": [7.5, 4.5, 7, 4.6875], "texture": "#2"}
			}
		},
		{
			"from": [9.725, 13.175, -3.81371],
			"to": [10.225, 16.425, -3.41371],
			"rotation": {"angle": 45, "axis": "y", "origin": [8, 0, 8]},
			"faces": {
				"north": {"uv": [0.5, 6, 0.75, 7.625], "texture": "#2"},
				"east": {"uv": [6.5, 4, 6.6875, 5.625], "texture": "#2"},
				"south": {"uv": [0, 6, 0.25, 7.625], "texture": "#2"},
				"west": {"uv": [5.5, 6.5, 5.6875, 8.125], "texture": "#2"},
				"up": {"uv": [2.25, 7.6875, 2, 7.5], "texture": "#2"},
				"down": {"uv": [7.75, 2, 7.5, 2.1875], "texture": "#2"}
			}
		}
	],
	"display": {
		"thirdperson_righthand": {
			"rotation": [67, 0, 0],
			"translation": [-5.5, -6.75, -1.25],
			"scale": [1.2, 1.2, 1.2]
		},
		"thirdperson_lefthand": {
			"rotation": [67, 0, 0],
			"translation": [-5.5, -6.75, -1.25],
			"scale": [1.2, 1.2, 1.2]
		},
		"firstperson_righthand": {
			"translation": [-9.25, -4.75, 13]
		},
		"firstperson_lefthand": {
			"translation": [-8.75, -4.75, 13]
		},
		"ground": {
			"scale": [0, 0, 0]
		},
		"gui": {
			"rotation": [5, 31, 14],
			"translation": [1, -4.5, 0],
			"scale": [0.8, 0.8, 0.8]
		},
		"head": {
			"scale": [0, 0, 0]
		},
		"fixed": {
			"scale": [0, 0, 0]
		}
	},
	"groups": [
		{
			"name": "group",
			"origin": [0, 0, 0],
			"color": 0,
			"children": [0, 1, 2, 3, 4, 5, 6, 7, 8, 9, 10, 11, 12, 13, 14, 15, 16, 17, 18, 19, 20, 21, 22, 23, 24, 25, 26, 27, 28, 29, 30, 31, 32, 33, 34, 35, 36, 37, 38, 39]
		}
	]
}