{
	"credit": "Made with Blockbench",
	"texture_size": [8, 8],
	"textures": {
		"1": "item/special_event/chinese_new_year_2024/couplets/rope",
		"2": "item/special_event/chinese_new_year_2024/couplets/bang",
		"particle": "item/special_event/chinese_new_year_2025/couplets/8"
	},
	"elements": [
		{
			"from": [6.6, 0, -1.475],
			"to": [17.6, 2.275, 9.525],
			"rotation": {"angle": 0, "axis": "y", "origin": [1.6, 0, -1.475]},
			"faces": {
				"north": {"uv": [0, 0, 16, 1.15], "texture": "#particle"},
				"east": {"uv": [0, 0, 16, 1.15], "texture": "#particle"},
				"south": {"uv": [0, 0, 16, 1.15], "texture": "#particle"},
				"west": {"uv": [0, 0, 16, 1.15], "texture": "#particle"},
				"up": {"uv": [0, 0, 16, 16], "texture": "#particle"},
				"down": {"uv": [16, 16, 0, 0], "rotation": 90, "texture": "#particle"}
			}
		},
		{
			"from": [0.5, 0.95, 10.275],
			"to": [2.5, 1.95, 11.275],
			"rotation": {"angle": 22.5, "axis": "y", "origin": [1.6, 0, -1.475]},
			"faces": {
				"north": {"uv": [2, 7, 4, 8], "texture": "#1"},
				"east": {"uv": [8, 1, 9, 2], "texture": "#1"},
				"south": {"uv": [4, 7, 6, 8], "texture": "#1"},
				"west": {"uv": [2, 8, 3, 9], "texture": "#1"},
				"up": {"uv": [8, 8, 6, 7], "texture": "#1"},
				"down": {"uv": [10, 0, 8, 1], "texture": "#1"}
			}
		},
		{
			"from": [-9.25, 0.95, 9.275],
			"to": [-4.25, 1.95, 10.275],
			"rotation": {"angle": 45, "axis": "y", "origin": [1.6, 0, -1.475]},
			"faces": {
				"north": {"uv": [0, 4, 5, 5], "texture": "#1"},
				"east": {"uv": [8, 2, 9, 3], "texture": "#1"},
				"south": {"uv": [0, 5, 5, 6], "texture": "#1"},
				"west": {"uv": [3, 8, 4, 9], "texture": "#1"},
				"up": {"uv": [10, 5, 5, 4], "texture": "#1"},
				"down": {"uv": [10, 5, 5, 6], "texture": "#1"}
			}
		},
		{
			"from": [7.35, -0.75, 12.975],
			"to": [8.35, 0.25, 17.975],
			"rotation": {"angle": -22.5, "axis": "y", "origin": [1.6, -1.6, -1.475]},
			"faces": {
				"north": {"uv": [8, 3, 9, 4], "texture": "#1"},
				"east": {"uv": [0, 6, 5, 7], "texture": "#1"},
				"south": {"uv": [4, 8, 5, 9], "texture": "#1"},
				"west": {"uv": [5, 6, 10, 7], "texture": "#1"},
				"up": {"uv": [1, 12, 0, 7], "texture": "#1"},
				"down": {"uv": [2, 7, 1, 12], "texture": "#1"}
			}
		},
		{
			"from": [-11.325, -0.675, 16.125],
			"to": [-6.325, 0.325, 17.125],
			"rotation": {"angle": 22.5, "axis": "y", "origin": [0, -1.6, 0]},
			"faces": {
				"north": {"uv": [0, 0, 8, 1], "texture": "#1"},
				"east": {"uv": [5, 8, 6, 9], "texture": "#1"},
				"south": {"uv": [0, 1, 8, 2], "texture": "#1"},
				"west": {"uv": [6, 8, 7, 9], "texture": "#1"},
				"up": {"uv": [8, 3, 0, 2], "texture": "#1"},
				"down": {"uv": [8, 3, 0, 4], "texture": "#1"}
			}
		},
		{
			"from": [5.25, 0.95, 7.9],
			"to": [5.675, 1.5, 9.425],
			"rotation": {"angle": 22.5, "axis": "y", "origin": [6.6, 0, 9.525]},
			"faces": {
				"north": {"uv": [2, 8, 3, 9], "texture": "#1"},
				"east": {"uv": [2, 7, 4, 8], "texture": "#1"},
				"south": {"uv": [8, 1, 9, 2], "texture": "#1"},
				"west": {"uv": [4, 7, 6, 8], "texture": "#1"},
				"up": {"uv": [8, 8, 6, 7], "rotation": 90, "texture": "#1"},
				"down": {"uv": [10, 0, 8, 1], "rotation": 270, "texture": "#1"}
			}
		},
		{
			"from": [6, 0, 11],
			"to": [8, 2, 15],
			"rotation": {"angle": -22.5, "axis": "x", "origin": [6.6, 0, 9.525]},
			"faces": {
				"north": {"uv": [4, 8, 8, 12], "texture": "#2"},
				"east": {"uv": [0, 0, 8, 4], "texture": "#2"},
				"south": {"uv": [8, 8, 12, 12], "texture": "#2"},
				"west": {"uv": [0, 4, 8, 8], "texture": "#2"},
				"up": {"uv": [4, 16, 0, 8], "texture": "#2"},
				"down": {"uv": [12, 0, 8, 8], "texture": "#2"}
			}
		},
		{
			"from": [5.975, 0.95, 10.45],
			"to": [7.5, 1.5, 10.875],
			"rotation": {"angle": -22.5, "axis": "x", "origin": [6.6, 0, 9.525]},
			"faces": {
				"north": {"uv": [2, 7, 4, 8], "texture": "#1"},
				"east": {"uv": [8, 1, 9, 2], "texture": "#1"},
				"south": {"uv": [4, 7, 6, 8], "texture": "#1"},
				"west": {"uv": [2, 8, 3, 9], "texture": "#1"},
				"up": {"uv": [8, 8, 6, 7], "texture": "#1"},
				"down": {"uv": [10, 0, 8, 1], "texture": "#1"}
			}
		},
		{
			"from": [1.725, 1.675, 7.925],
			"to": [5.725, 3.675, 9.925],
			"rotation": {"angle": 45, "axis": "y", "origin": [6.6, 0, 9.525]},
			"faces": {
				"north": {"uv": [0, 4, 8, 8], "texture": "#2"},
				"east": {"uv": [4, 8, 8, 12], "texture": "#2"},
				"south": {"uv": [0, 0, 8, 4], "texture": "#2"},
				"west": {"uv": [8, 8, 12, 12], "texture": "#2"},
				"up": {"uv": [4, 16, 0, 8], "rotation": 90, "texture": "#2"},
				"down": {"uv": [12, 0, 8, 8], "rotation": 270, "texture": "#2"}
			}
		},
		{
			"from": [4.6, -0.8, 13.4],
			"to": [6.6, 1.2, 17.4],
			"rotation": {"angle": -22.5, "axis": "x", "origin": [5.2, -0.8, 11.925]},
			"faces": {
				"north": {"uv": [4, 8, 8, 12], "texture": "#2"},
				"east": {"uv": [0, 0, 8, 4], "texture": "#2"},
				"south": {"uv": [8, 8, 12, 12], "texture": "#2"},
				"west": {"uv": [0, 4, 8, 8], "texture": "#2"},
				"up": {"uv": [4, 16, 0, 8], "texture": "#2"},
				"down": {"uv": [12, 0, 8, 8], "texture": "#2"}
			}
		},
		{
			"from": [-0.275, -0.8, 10.325],
			"to": [3.725, 1.2, 12.325],
			"rotation": {"angle": -22.5, "axis": "z", "origin": [5.2, -0.8, 11.925]},
			"faces": {
				"north": {"uv": [0, 4, 8, 8], "texture": "#2"},
				"east": {"uv": [4, 8, 8, 12], "texture": "#2"},
				"south": {"uv": [0, 0, 8, 4], "texture": "#2"},
				"west": {"uv": [8, 8, 12, 12], "texture": "#2"},
				"up": {"uv": [4, 16, 0, 8], "rotation": 90, "texture": "#2"},
				"down": {"uv": [12, 0, 8, 8], "rotation": 270, "texture": "#2"}
			}
		},
		{
			"from": [0.325, 0.875, 10.325],
			"to": [4.325, 2.875, 12.325],
			"rotation": {"angle": 45, "axis": "y", "origin": [5.2, -0.8, 11.925]},
			"faces": {
				"north": {"uv": [0, 4, 8, 8], "texture": "#2"},
				"east": {"uv": [4, 8, 8, 12], "texture": "#2"},
				"south": {"uv": [0, 0, 8, 4], "texture": "#2"},
				"west": {"uv": [8, 8, 12, 12], "texture": "#2"},
				"up": {"uv": [4, 16, 0, 8], "rotation": 90, "texture": "#2"},
				"down": {"uv": [12, 0, 8, 8], "rotation": 270, "texture": "#2"}
			}
		},
		{
			"from": [1.6, -0.8, 14.4],
			"to": [3.6, 1.2, 18.4],
			"rotation": {"angle": 22.5, "axis": "y", "origin": [2.2, -0.8, 12.925]},
			"faces": {
				"north": {"uv": [4, 8, 8, 12], "texture": "#2"},
				"east": {"uv": [0, 0, 8, 4], "texture": "#2"},
				"south": {"uv": [8, 8, 12, 12], "texture": "#2"},
				"west": {"uv": [0, 4, 8, 8], "texture": "#2"},
				"up": {"uv": [4, 16, 0, 8], "texture": "#2"},
				"down": {"uv": [12, 0, 8, 8], "texture": "#2"}
			}
		},
		{
			"from": [-3.275, -0.8, 11.325],
			"to": [0.725, 1.2, 13.325],
			"rotation": {"angle": -22.5, "axis": "z", "origin": [2.2, -0.8, 12.925]},
			"faces": {
				"north": {"uv": [0, 4, 8, 8], "texture": "#2"},
				"east": {"uv": [4, 8, 8, 12], "texture": "#2"},
				"south": {"uv": [0, 0, 8, 4], "texture": "#2"},
				"west": {"uv": [8, 8, 12, 12], "texture": "#2"},
				"up": {"uv": [4, 16, 0, 8], "rotation": 90, "texture": "#2"},
				"down": {"uv": [12, 0, 8, 8], "rotation": 270, "texture": "#2"}
			}
		},
		{
			"from": [-1.4, -0.15, 18.4],
			"to": [0.6, 1.85, 22.4],
			"rotation": {"angle": -22.5, "axis": "x", "origin": [1.2, -0.15, 16.925]},
			"faces": {
				"north": {"uv": [4, 8, 8, 12], "texture": "#2"},
				"east": {"uv": [0, 0, 8, 4], "texture": "#2"},
				"south": {"uv": [8, 8, 12, 12], "texture": "#2"},
				"west": {"uv": [0, 4, 8, 8], "texture": "#2"},
				"up": {"uv": [4, 16, 0, 8], "texture": "#2"},
				"down": {"uv": [12, 0, 8, 8], "texture": "#2"}
			}
		},
		{
			"from": [-3.4, 0.725, 18.8],
			"to": [-1.4, 2.725, 22.8],
			"rotation": {"angle": -22.5, "axis": "y", "origin": [-1.8, -0.15, 17.925]},
			"faces": {
				"north": {"uv": [4, 8, 8, 12], "texture": "#2"},
				"east": {"uv": [0, 0, 8, 4], "texture": "#2"},
				"south": {"uv": [8, 8, 12, 12], "texture": "#2"},
				"west": {"uv": [0, 4, 8, 8], "texture": "#2"},
				"up": {"uv": [4, 16, 0, 8], "texture": "#2"},
				"down": {"uv": [12, 0, 8, 8], "texture": "#2"}
			}
		},
		{
			"from": [-6.275, -0.15, 16.325],
			"to": [-2.275, 1.85, 18.325],
			"rotation": {"angle": -22.5, "axis": "z", "origin": [-1.8, -0.15, 17.925]},
			"faces": {
				"north": {"uv": [0, 4, 8, 8], "texture": "#2"},
				"east": {"uv": [4, 8, 8, 12], "texture": "#2"},
				"south": {"uv": [0, 0, 8, 4], "texture": "#2"},
				"west": {"uv": [8, 8, 12, 12], "texture": "#2"},
				"up": {"uv": [4, 16, 0, 8], "rotation": 90, "texture": "#2"},
				"down": {"uv": [12, 0, 8, 8], "rotation": 270, "texture": "#2"}
			}
		},
		{
			"from": [1.1, -0.625, 16.175],
			"to": [3.1, 1.375, 20.175],
			"rotation": {"angle": 0, "axis": "y", "origin": [0.2, 0.05, 15.925]},
			"faces": {
				"north": {"uv": [4, 8, 8, 12], "texture": "#2"},
				"east": {"uv": [0, 0, 8, 4], "texture": "#2"},
				"south": {"uv": [8, 8, 12, 12], "texture": "#2"},
				"west": {"uv": [0, 4, 8, 8], "texture": "#2"},
				"up": {"uv": [4, 16, 0, 8], "texture": "#2"},
				"down": {"uv": [12, 0, 8, 8], "texture": "#2"}
			}
		},
		{
			"from": [-1.4, 0.925, 16.8],
			"to": [0.6, 2.925, 20.8],
			"rotation": {"angle": -22.5, "axis": "y", "origin": [0.2, 0.05, 15.925]},
			"faces": {
				"north": {"uv": [4, 8, 8, 12], "texture": "#2"},
				"east": {"uv": [0, 0, 8, 4], "texture": "#2"},
				"south": {"uv": [8, 8, 12, 12], "texture": "#2"},
				"west": {"uv": [0, 4, 8, 8], "texture": "#2"},
				"up": {"uv": [4, 16, 0, 8], "texture": "#2"},
				"down": {"uv": [12, 0, 8, 8], "texture": "#2"}
			}
		},
		{
			"from": [-4.275, 0.05, 14.325],
			"to": [-0.275, 2.05, 16.325],
			"rotation": {"angle": -22.5, "axis": "y", "origin": [0.2, 0.05, 15.925]},
			"faces": {
				"north": {"uv": [0, 4, 8, 8], "texture": "#2"},
				"east": {"uv": [4, 8, 8, 12], "texture": "#2"},
				"south": {"uv": [0, 0, 8, 4], "texture": "#2"},
				"west": {"uv": [8, 8, 12, 12], "texture": "#2"},
				"up": {"uv": [4, 16, 0, 8], "rotation": 90, "texture": "#2"},
				"down": {"uv": [12, 0, 8, 8], "rotation": 270, "texture": "#2"}
			}
		},
		{
			"from": [1.25, 0.15, 14.575],
			"to": [3.25, 2.15, 18.575],
			"rotation": {"angle": -22.5, "axis": "y", "origin": [2.2, 0.05, 12.925]},
			"faces": {
				"north": {"uv": [4, 8, 8, 12], "texture": "#2"},
				"east": {"uv": [0, 0, 8, 4], "texture": "#2"},
				"south": {"uv": [8, 8, 12, 12], "texture": "#2"},
				"west": {"uv": [0, 4, 8, 8], "texture": "#2"},
				"up": {"uv": [4, 16, 0, 8], "texture": "#2"},
				"down": {"uv": [12, 0, 8, 8], "texture": "#2"}
			}
		},
		{
			"from": [5.975, 0.95, 10.45],
			"to": [7.5, 1.5, 10.875],
			"rotation": {"angle": -45, "axis": "y", "origin": [6.6, 0, 9.525]},
			"faces": {
				"north": {"uv": [2, 7, 4, 8], "texture": "#1"},
				"east": {"uv": [8, 1, 9, 2], "texture": "#1"},
				"south": {"uv": [4, 7, 6, 8], "texture": "#1"},
				"west": {"uv": [2, 8, 3, 9], "texture": "#1"},
				"up": {"uv": [8, 8, 6, 7], "texture": "#1"},
				"down": {"uv": [10, 0, 8, 1], "texture": "#1"}
			}
		},
		{
			"from": [1.125, 0, 7.925],
			"to": [5.125, 2, 9.925],
			"rotation": {"angle": -22.5, "axis": "z", "origin": [6.6, 0, 9.525]},
			"faces": {
				"north": {"uv": [0, 4, 8, 8], "texture": "#2"},
				"east": {"uv": [4, 8, 8, 12], "texture": "#2"},
				"south": {"uv": [0, 0, 8, 4], "texture": "#2"},
				"west": {"uv": [8, 8, 12, 12], "texture": "#2"},
				"up": {"uv": [4, 16, 0, 8], "rotation": 90, "texture": "#2"},
				"down": {"uv": [12, 0, 8, 8], "rotation": 270, "texture": "#2"}
			}
		},
		{
			"from": [-3.7, -2.05, 21.2],
			"to": [-1.7, -0.05, 25.2],
			"rotation": {"angle": -22.5, "axis": "x", "origin": [-3.1, -2.05, 19.725]},
			"faces": {
				"north": {"uv": [4, 8, 8, 12], "texture": "#2"},
				"east": {"uv": [0, 0, 8, 4], "texture": "#2"},
				"south": {"uv": [8, 8, 12, 12], "texture": "#2"},
				"west": {"uv": [0, 4, 8, 8], "texture": "#2"},
				"up": {"uv": [4, 16, 0, 8], "texture": "#2"},
				"down": {"uv": [12, 0, 8, 8], "texture": "#2"}
			}
		},
		{
			"from": [-7.975, -0.375, 18.125],
			"to": [-3.975, 1.625, 20.125],
			"rotation": {"angle": 45, "axis": "y", "origin": [-3.1, -2.05, 19.725]},
			"faces": {
				"north": {"uv": [0, 4, 8, 8], "texture": "#2"},
				"east": {"uv": [4, 8, 8, 12], "texture": "#2"},
				"south": {"uv": [0, 0, 8, 4], "texture": "#2"},
				"west": {"uv": [8, 8, 12, 12], "texture": "#2"},
				"up": {"uv": [4, 16, 0, 8], "rotation": 90, "texture": "#2"},
				"down": {"uv": [12, 0, 8, 8], "rotation": 270, "texture": "#2"}
			}
		},
		{
			"from": [-8.575, -2.05, 18.125],
			"to": [-4.575, -0.05, 20.125],
			"rotation": {"angle": -22.5, "axis": "z", "origin": [-3.1, -2.05, 19.725]},
			"faces": {
				"north": {"uv": [0, 4, 8, 8], "texture": "#2"},
				"east": {"uv": [4, 8, 8, 12], "texture": "#2"},
				"south": {"uv": [0, 0, 8, 4], "texture": "#2"},
				"west": {"uv": [8, 8, 12, 12], "texture": "#2"},
				"up": {"uv": [4, 16, 0, 8], "rotation": 90, "texture": "#2"},
				"down": {"uv": [12, 0, 8, 8], "rotation": 270, "texture": "#2"}
			}
		}
	],
	"display": {
		"thirdperson_righthand": {
			"rotation": [175, -34, 175],
			"translation": [1, 3.5, -6.75],
			"scale": [0.7, 0.7, 0.7]
		},
		"thirdperson_lefthand": {
			"rotation": [175, 34, 175],
			"translation": [-1, 2, -7.25],
			"scale": [0.7, 0.7, 0.7]
		},
		"firstperson_righthand": {
			"rotation": [43, 22, 86],
			"translation": [-0.5, 2.5, 0],
			"scale": [0.7, 0.7, 0.7]
		},
		"firstperson_lefthand": {
			"rotation": [132, -17, 55],
			"translation": [0, 3, 0],
			"scale": [0.7, 0.7, 0.7]
		},
		"ground": {
			"translation": [2.75, 5, -3.25]
		},
		"gui": {
			"rotation": [84, 68, -9],
			"translation": [-0.5, 2.25, 0],
			"scale": [0.5, 0.5, 0.5]
		},
		"head": {
			"rotation": [-110, -132, 0],
			"translation": [0.5, 5.25, -4.25],
			"scale": [1.5, 1.5, 1.5]
		},
		"fixed": {
			"rotation": [-90, -135, 0],
			"translation": [0, -10.75, -15.75],
			"scale": [2, 2, 2]
		}
	},
	"groups": [
		0,
		1,
		2,
		3,
		4,
		{
			"name": "bang",
			"origin": [0, 0, 0],
			"color": 0,
			"children": [5, 6, 7, 8, 9, 10, 11, 12, 13, 14, 15, 16, 17, 18, 19, 20, 21, 22, 23, 24, 25]
		}
	]
}