{
	"credit": "Made with Blockbench",
	"textures": {
		"0": "item/ccr/recycle",
		"particle": "item/ccr/recycle"
	},
	"elements": [
		{
			"from": [1, 0, 1],
			"to": [15, 16, 15],
			"rotation": {"angle": 0, "axis": "y", "origin": [6, 0, 8]},
			"faces": {
				"north": {"uv": [0, 0, 7, 8], "texture": "#0"},
				"east": {"uv": [0, 8, 7, 16], "texture": "#0"},
				"south": {"uv": [0, 0, 7, 8], "texture": "#0"},
				"west": {"uv": [0, 8, 7, 16], "texture": "#0"},
				"up": {"uv": [7, 2, 15, 10], "texture": "#0"},
				"down": {"uv": [7, 2, 15, 10], "texture": "#0"}
			}
		},
		{
			"from": [0, 16, 0],
			"to": [16, 20, 16],
			"rotation": {"angle": 0, "axis": "y", "origin": [6, 2, 8]},
			"faces": {
				"north": {"uv": [7, 0, 15, 2], "texture": "#0"},
				"east": {"uv": [7, 0, 15, 2], "texture": "#0"},
				"south": {"uv": [7, 0, 15, 2], "texture": "#0"},
				"west": {"uv": [7, 0, 15, 2], "texture": "#0"},
				"up": {"uv": [7, 2, 15, 10], "texture": "#0"},
				"down": {"uv": [7, 2, 15, 10], "texture": "#0"}
			}
		},
		{
			"from": [6, 20, 7],
			"to": [7, 22, 9],
			"rotation": {"angle": 0, "axis": "y", "origin": [6, 4, 8]},
			"faces": {
				"north": {"uv": [9, 10, 9.5, 11], "texture": "#0"},
				"east": {"uv": [9.5, 10, 10.5, 11], "texture": "#0"},
				"south": {"uv": [9, 10, 9.5, 11], "texture": "#0"},
				"west": {"uv": [9, 10, 10, 11], "texture": "#0"},
				"up": {"uv": [9, 10, 9.5, 11], "texture": "#0"},
				"down": {"uv": [7, 2, 15, 10], "texture": "#0"}
			}
		},
		{
			"from": [7, 21, 7],
			"to": [9, 22, 9],
			"rotation": {"angle": 0, "axis": "y", "origin": [7, 4, 8]},
			"faces": {
				"north": {"uv": [8, 10, 9, 10.5], "texture": "#0"},
				"east": {"uv": [9.5, 10, 10.5, 11], "texture": "#0"},
				"south": {"uv": [8, 10, 9, 10.5], "texture": "#0"},
				"west": {"uv": [9, 10, 10, 11], "texture": "#0"},
				"up": {"uv": [12.5, 10, 13.5, 11], "texture": "#0"},
				"down": {"uv": [11.5, 10, 12.5, 10.5], "texture": "#0"}
			}
		},
		{
			"from": [9, 20, 7],
			"to": [10, 22, 9],
			"rotation": {"angle": 0, "axis": "y", "origin": [9, 4, 8]},
			"faces": {
				"north": {"uv": [7, 10, 7.5, 11], "texture": "#0"},
				"east": {"uv": [11, 10, 12, 11], "texture": "#0"},
				"south": {"uv": [7, 10, 7.5, 11], "texture": "#0"},
				"west": {"uv": [10.5, 10, 11.5, 11], "texture": "#0"},
				"up": {"uv": [7, 10, 7.5, 11], "texture": "#0"},
				"down": {"uv": [7, 2, 15, 10], "texture": "#0"}
			}
		}
	],
	"display": {
		"thirdperson_righthand": {
			"rotation": [64, -17, 0],
			"translation": [4.5, 2, -2.25],
			"scale": [0.7, 0.7, 0.7]
		},
		"thirdperson_lefthand": {
			"rotation": [57, 0, 0],
			"translation": [-6, 1.5, 0],
			"scale": [0.7, 0.7, 0.7]
		},
		"firstperson_righthand": {
			"rotation": [7, -42, 0],
			"translation": [1.5, -1.75, -2.75],
			"scale": [0.7, 0.7, 0.7]
		},
		"firstperson_lefthand": {
			"rotation": [-13, 0, 0],
			"translation": [-8.75, -8, -5.25]
		},
		"ground": {
			"translation": [0, 6, 0],
			"scale": [0.7, 0.7, 0.7]
		},
		"gui": {
			"rotation": [20, 24, 0],
			"translation": [0, -1, 0],
			"scale": [0.5, 0.5, 0.5]
		},
		"head": {
			"translation": [0, 0.5, 3.5],
			"scale": [1.3, 1.3, 1.3]
		},
		"fixed": {
			"rotation": [-90, 0, 0],
			"translation": [0, 0, -12.75],
			"scale": [1.6, 1.6, 1.6]
		}
	}
}