{
	"credit": "Made with Blockbench",
	"texture_size": [32, 32],
	"textures": {
		"1": "item/special_event/chinese_valentines_2024/choco/choco",
		"2": "item/special_event/chinese_valentines_2024/choco/box",
		"3": "item/special_event/chinese_valentines_2024/choco/upper",
		"4": "item/special_event/chinese_valentines_2024/choco/bind",
		"particle": "item/special_event/chinese_valentines_2024/choco/upper"
	},
	"elements": [
		{
			"from": [11.025, 0.4, 1.4],
			"to": [11.425, 0.8, 14.6],
			"rotation": {"angle": 0, "axis": "y", "origin": [11.025, 0.4, 0.975]},
			"faces": {
				"north": {"uv": [4.25, 6.25, 4.375, 6.375], "texture": "#2"},
				"east": {"uv": [0.5, 5, 3.8125, 5.125], "texture": "#2"},
				"south": {"uv": [4.5, 6.25, 4.625, 6.375], "texture": "#2"},
				"west": {"uv": [4, 5, 7.3125, 5.125], "texture": "#2"},
				"up": {"uv": [0.625, 8.5625, 0.5, 5.25], "texture": "#2"},
				"down": {"uv": [0.875, 5.25, 0.75, 8.5625], "texture": "#2"}
			}
		},
		{
			"from": [2, 0, 1],
			"to": [14, 0.4, 15],
			"rotation": {"angle": 0, "axis": "y", "origin": [2, 0, 1]},
			"faces": {
				"north": {"uv": [2.25, 5.75, 5.25, 5.875], "texture": "#2"},
				"east": {"uv": [0, 4.5, 3.5, 4.625], "texture": "#2"},
				"south": {"uv": [5.75, 5.25, 8.75, 5.375], "texture": "#2"},
				"west": {"uv": [3.5, 4.5, 7, 4.625], "texture": "#2"},
				"up": {"uv": [3, 3.5, 0, 0], "texture": "#2"},
				"down": {"uv": [6, 0, 3, 3.5], "texture": "#2"}
			}
		},
		{
			"from": [2, 0.4, 1],
			"to": [14, 1.175, 1.4],
			"rotation": {"angle": 0, "axis": "y", "origin": [2, 0.4, -12.225]},
			"faces": {
				"north": {"uv": [0, 4, 3, 4.1875], "texture": "#2"},
				"east": {"uv": [5.25, 5.75, 5.375, 5.9375], "texture": "#2"},
				"south": {"uv": [3, 4, 6, 4.1875], "texture": "#2"},
				"west": {"uv": [5.25, 6, 5.375, 6.1875], "texture": "#2"},
				"up": {"uv": [8.75, 5.625, 5.75, 5.5], "texture": "#2"},
				"down": {"uv": [8.75, 5.75, 5.75, 5.875], "texture": "#2"}
			}
		},
		{
			"from": [2, 0.4, 14.6],
			"to": [14, 1.175, 15],
			"rotation": {"angle": 0, "axis": "y", "origin": [2, 0.4, 1.375]},
			"faces": {
				"north": {"uv": [0, 4.25, 3, 4.4375], "texture": "#2"},
				"east": {"uv": [2.25, 6.25, 2.375, 6.4375], "texture": "#2"},
				"south": {"uv": [3, 4.25, 6, 4.4375], "texture": "#2"},
				"west": {"uv": [2.5, 6.25, 2.625, 6.4375], "texture": "#2"},
				"up": {"uv": [9, 0.125, 6, 0], "texture": "#2"},
				"down": {"uv": [9, 0.25, 6, 0.375], "texture": "#2"}
			}
		},
		{
			"from": [2, 0.4, 1.4],
			"to": [2.4, 1.175, 14.6],
			"rotation": {"angle": 0, "axis": "y", "origin": [2, 0.4, 0.975]},
			"faces": {
				"north": {"uv": [2.75, 6.25, 2.875, 6.4375], "texture": "#2"},
				"east": {"uv": [0, 3.5, 3.3125, 3.6875], "texture": "#2"},
				"south": {"uv": [3, 6.25, 3.125, 6.4375], "texture": "#2"},
				"west": {"uv": [3.5, 3.5, 6.8125, 3.6875], "texture": "#2"},
				"up": {"uv": [1.125, 8.5625, 1, 5.25], "texture": "#2"},
				"down": {"uv": [1.375, 5.25, 1.25, 8.5625], "texture": "#2"}
			}
		},
		{
			"from": [13.6, 0.4, 1.4],
			"to": [14, 1.175, 14.6],
			"rotation": {"angle": 0, "axis": "y", "origin": [13.6, 0.4, 0.975]},
			"faces": {
				"north": {"uv": [3.25, 6.25, 3.375, 6.4375], "texture": "#2"},
				"east": {"uv": [0, 3.75, 3.3125, 3.9375], "texture": "#2"},
				"south": {"uv": [3.5, 6.25, 3.625, 6.4375], "texture": "#2"},
				"west": {"uv": [3.5, 3.75, 6.8125, 3.9375], "texture": "#2"},
				"up": {"uv": [1.625, 8.5625, 1.5, 5.25], "texture": "#2"},
				"down": {"uv": [1.875, 5.25, 1.75, 8.5625], "texture": "#2"}
			}
		},
		{
			"from": [4.7, 0.4, 1.4],
			"to": [5.1, 0.8, 14.6],
			"rotation": {"angle": 0, "axis": "y", "origin": [4.7, 0.4, 0.975]},
			"faces": {
				"north": {"uv": [4.75, 6.25, 4.875, 6.375], "texture": "#2"},
				"east": {"uv": [2, 5.25, 5.3125, 5.375], "texture": "#2"},
				"south": {"uv": [5, 6.25, 5.125, 6.375], "texture": "#2"},
				"west": {"uv": [2, 5.5, 5.3125, 5.625], "texture": "#2"},
				"up": {"uv": [5.625, 8.5625, 5.5, 5.25], "texture": "#2"},
				"down": {"uv": [2.125, 5.75, 2, 9.0625], "texture": "#2"}
			}
		},
		{
			"from": [7.825, 0.4, 1.4],
			"to": [8.225, 0.8, 14.6],
			"rotation": {"angle": 0, "axis": "y", "origin": [7.825, 0.4, 0.975]},
			"faces": {
				"north": {"uv": [3.75, 6.25, 3.875, 6.375], "texture": "#2"},
				"east": {"uv": [0, 4.75, 3.3125, 4.875], "texture": "#2"},
				"south": {"uv": [4, 6.25, 4.125, 6.375], "texture": "#2"},
				"west": {"uv": [3.5, 4.75, 6.8125, 4.875], "texture": "#2"},
				"up": {"uv": [0.125, 8.3125, 0, 5], "texture": "#2"},
				"down": {"uv": [0.375, 5, 0.25, 8.3125], "texture": "#2"}
			}
		},
		{
			"from": [2.4, 0.4, 11.75],
			"to": [13.6, 0.925, 12.15],
			"rotation": {"angle": 0, "axis": "y", "origin": [2, 0.4, -1.475]},
			"faces": {
				"north": {"uv": [6, 0.5, 8.8125, 0.625], "texture": "#2"},
				"east": {"uv": [5.25, 6.25, 5.375, 6.375], "texture": "#2"},
				"south": {"uv": [6, 0.75, 8.8125, 0.875], "texture": "#2"},
				"west": {"uv": [5.75, 6.25, 5.875, 6.375], "texture": "#2"},
				"up": {"uv": [8.8125, 1.125, 6, 1], "texture": "#2"},
				"down": {"uv": [8.8125, 1.25, 6, 1.375], "texture": "#2"}
			}
		},
		{
			"from": [2.4, 0.4, 3.925],
			"to": [13.6, 0.925, 4.325],
			"rotation": {"angle": 0, "axis": "y", "origin": [2, 0.4, -9.3]},
			"faces": {
				"north": {"uv": [6, 1.5, 8.8125, 1.625], "texture": "#2"},
				"east": {"uv": [6, 6.25, 6.125, 6.375], "texture": "#2"},
				"south": {"uv": [6, 1.75, 8.8125, 1.875], "texture": "#2"},
				"west": {"uv": [6.25, 6.25, 6.375, 6.375], "texture": "#2"},
				"up": {"uv": [8.8125, 2.125, 6, 2], "texture": "#2"},
				"down": {"uv": [5.0625, 6, 2.25, 6.125], "texture": "#2"}
			}
		},
		{
			"from": [2.4, 0.4, 6.55],
			"to": [13.6, 0.925, 6.95],
			"rotation": {"angle": 0, "axis": "y", "origin": [2, 0.4, -6.675]},
			"faces": {
				"north": {"uv": [6, 2.25, 8.8125, 2.375], "texture": "#2"},
				"east": {"uv": [2.25, 6.5, 2.375, 6.625], "texture": "#2"},
				"south": {"uv": [6, 2.5, 8.8125, 2.625], "texture": "#2"},
				"west": {"uv": [2.5, 6.5, 2.625, 6.625], "texture": "#2"},
				"up": {"uv": [8.8125, 2.875, 6, 2.75], "texture": "#2"},
				"down": {"uv": [8.8125, 3, 6, 3.125], "texture": "#2"}
			}
		},
		{
			"from": [2.4, 0.4, 9.15],
			"to": [13.6, 0.925, 9.55],
			"rotation": {"angle": 0, "axis": "y", "origin": [2, 0.4, -4.075]},
			"faces": {
				"north": {"uv": [6, 3.25, 8.8125, 3.375], "texture": "#2"},
				"east": {"uv": [2.75, 6.5, 2.875, 6.625], "texture": "#2"},
				"south": {"uv": [6, 4, 8.8125, 4.125], "texture": "#2"},
				"west": {"uv": [3, 6.5, 3.125, 6.625], "texture": "#2"},
				"up": {"uv": [8.8125, 4.375, 6, 4.25], "texture": "#2"},
				"down": {"uv": [8.5625, 6, 5.75, 6.125], "texture": "#2"}
			}
		},
		{
			"from": [2.8, 0.075, 2.05],
			"to": [4.15, 1.075, 3.4],
			"rotation": {"angle": 0, "axis": "y", "origin": [2.15, 0.075, 1.4]},
			"faces": {
				"north": {"uv": [0, 0, 1, 1], "texture": "#1"},
				"east": {"uv": [0, 1, 1, 2], "texture": "#1"},
				"south": {"uv": [1, 0, 2, 1], "texture": "#1"},
				"west": {"uv": [1, 1, 2, 2], "texture": "#1"},
				"up": {"uv": [1, 3, 0, 2], "texture": "#1"},
				"down": {"uv": [3, 0, 2, 1], "texture": "#1"}
			}
		},
		{
			"from": [2.8, 0.075, 4.825],
			"to": [4.15, 1.075, 6.175],
			"rotation": {"angle": 0, "axis": "y", "origin": [2.15, 0.075, 4.175]},
			"faces": {
				"north": {"uv": [1, 2, 2, 3], "texture": "#1"},
				"east": {"uv": [2, 1, 3, 2], "texture": "#1"},
				"south": {"uv": [2, 2, 3, 3], "texture": "#1"},
				"west": {"uv": [0, 3, 1, 4], "texture": "#1"},
				"up": {"uv": [4, 1, 3, 0], "texture": "#1"},
				"down": {"uv": [2, 3, 1, 4], "texture": "#1"}
			}
		},
		{
			"from": [2.8, 0.075, 7.4],
			"to": [4.15, 1.075, 8.75],
			"rotation": {"angle": 0, "axis": "y", "origin": [2.15, 0.075, 6.75]},
			"faces": {
				"north": {"uv": [3, 1, 4, 2], "texture": "#1"},
				"east": {"uv": [2, 3, 3, 4], "texture": "#1"},
				"south": {"uv": [3, 2, 4, 3], "texture": "#1"},
				"west": {"uv": [3, 3, 4, 4], "texture": "#1"},
				"up": {"uv": [1, 5, 0, 4], "texture": "#1"},
				"down": {"uv": [5, 0, 4, 1], "texture": "#1"}
			}
		},
		{
			"from": [2.8, 0.075, 9.95],
			"to": [4.15, 1.075, 11.3],
			"rotation": {"angle": 0, "axis": "y", "origin": [2.15, 0.075, 9.3]},
			"faces": {
				"north": {"uv": [1, 4, 2, 5], "texture": "#1"},
				"east": {"uv": [4, 1, 5, 2], "texture": "#1"},
				"south": {"uv": [2, 4, 3, 5], "texture": "#1"},
				"west": {"uv": [4, 2, 5, 3], "texture": "#1"},
				"up": {"uv": [4, 5, 3, 4], "texture": "#1"},
				"down": {"uv": [5, 3, 4, 4], "texture": "#1"}
			}
		},
		{
			"from": [2.8, 0.075, 12.75],
			"to": [4.15, 1.075, 14.1],
			"rotation": {"angle": 0, "axis": "y", "origin": [2.15, 0.075, 12.1]},
			"faces": {
				"north": {"uv": [4, 4, 5, 5], "texture": "#1"},
				"east": {"uv": [0, 5, 1, 6], "texture": "#1"},
				"south": {"uv": [5, 0, 6, 1], "texture": "#1"},
				"west": {"uv": [1, 5, 2, 6], "texture": "#1"},
				"up": {"uv": [6, 2, 5, 1], "texture": "#1"},
				"down": {"uv": [3, 5, 2, 6], "texture": "#1"}
			}
		},
		{
			"from": [5.7, 0.075, 12.75],
			"to": [7.05, 1.075, 14.1],
			"rotation": {"angle": 0, "axis": "y", "origin": [5.05, 0.075, 12.1]},
			"faces": {
				"north": {"uv": [5, 2, 6, 3], "texture": "#1"},
				"east": {"uv": [3, 5, 4, 6], "texture": "#1"},
				"south": {"uv": [5, 3, 6, 4], "texture": "#1"},
				"west": {"uv": [4, 5, 5, 6], "texture": "#1"},
				"up": {"uv": [6, 5, 5, 4], "texture": "#1"},
				"down": {"uv": [6, 5, 5, 6], "texture": "#1"}
			}
		},
		{
			"from": [5.7, 0.075, 7.4],
			"to": [7.05, 1.075, 8.75],
			"rotation": {"angle": 0, "axis": "y", "origin": [5.05, 0.075, 6.75]},
			"faces": {
				"north": {"uv": [3, 6, 4, 7], "texture": "#1"},
				"east": {"uv": [6, 3, 7, 4], "texture": "#1"},
				"south": {"uv": [4, 6, 5, 7], "texture": "#1"},
				"west": {"uv": [6, 4, 7, 5], "texture": "#1"},
				"up": {"uv": [6, 7, 5, 6], "texture": "#1"},
				"down": {"uv": [7, 5, 6, 6], "texture": "#1"}
			}
		},
		{
			"from": [5.7, 0.075, 9.95],
			"to": [7.05, 1.075, 11.3],
			"rotation": {"angle": 0, "axis": "y", "origin": [5.05, 0.075, 9.3]},
			"faces": {
				"north": {"uv": [0, 6, 1, 7], "texture": "#1"},
				"east": {"uv": [6, 0, 7, 1], "texture": "#1"},
				"south": {"uv": [1, 6, 2, 7], "texture": "#1"},
				"west": {"uv": [6, 1, 7, 2], "texture": "#1"},
				"up": {"uv": [3, 7, 2, 6], "texture": "#1"},
				"down": {"uv": [7, 2, 6, 3], "texture": "#1"}
			}
		},
		{
			"from": [5.7, 0.075, 4.825],
			"to": [7.05, 1.075, 6.175],
			"rotation": {"angle": 0, "axis": "y", "origin": [5.05, 0.075, 4.175]},
			"faces": {
				"north": {"uv": [6, 6, 7, 7], "texture": "#1"},
				"east": {"uv": [0, 7, 1, 8], "texture": "#1"},
				"south": {"uv": [7, 0, 8, 1], "texture": "#1"},
				"west": {"uv": [1, 7, 2, 8], "texture": "#1"},
				"up": {"uv": [8, 2, 7, 1], "texture": "#1"},
				"down": {"uv": [3, 7, 2, 8], "texture": "#1"}
			}
		},
		{
			"from": [5.7, 0.075, 2.05],
			"to": [7.05, 1.075, 3.4],
			"rotation": {"angle": 0, "axis": "y", "origin": [5.05, 0.075, 1.4]},
			"faces": {
				"north": {"uv": [7, 2, 8, 3], "texture": "#1"},
				"east": {"uv": [3, 7, 4, 8], "texture": "#1"},
				"south": {"uv": [7, 3, 8, 4], "texture": "#1"},
				"west": {"uv": [4, 7, 5, 8], "texture": "#1"},
				"up": {"uv": [8, 5, 7, 4], "texture": "#1"},
				"down": {"uv": [6, 7, 5, 8], "texture": "#1"}
			}
		},
		{
			"from": [8.875, 0.075, 12.75],
			"to": [10.225, 1.075, 14.1],
			"rotation": {"angle": 0, "axis": "y", "origin": [8.225, 0.075, 12.1]},
			"faces": {
				"north": {"uv": [7, 5, 8, 6], "texture": "#1"},
				"east": {"uv": [6, 7, 7, 8], "texture": "#1"},
				"south": {"uv": [7, 6, 8, 7], "texture": "#1"},
				"west": {"uv": [7, 7, 8, 8], "texture": "#1"},
				"up": {"uv": [1, 9, 0, 8], "texture": "#1"},
				"down": {"uv": [9, 0, 8, 1], "texture": "#1"}
			}
		},
		{
			"from": [8.875, 0.075, 9.95],
			"to": [10.225, 1.075, 11.3],
			"rotation": {"angle": 0, "axis": "y", "origin": [8.225, 0.075, 9.3]},
			"faces": {
				"north": {"uv": [1, 8, 2, 9], "texture": "#1"},
				"east": {"uv": [8, 1, 9, 2], "texture": "#1"},
				"south": {"uv": [2, 8, 3, 9], "texture": "#1"},
				"west": {"uv": [8, 2, 9, 3], "texture": "#1"},
				"up": {"uv": [4, 9, 3, 8], "texture": "#1"},
				"down": {"uv": [9, 3, 8, 4], "texture": "#1"}
			}
		},
		{
			"from": [8.875, 0.075, 7.4],
			"to": [10.225, 1.075, 8.75],
			"rotation": {"angle": 0, "axis": "y", "origin": [8.225, 0.075, 6.75]},
			"faces": {
				"north": {"uv": [4, 8, 5, 9], "texture": "#1"},
				"east": {"uv": [8, 4, 9, 5], "texture": "#1"},
				"south": {"uv": [5, 8, 6, 9], "texture": "#1"},
				"west": {"uv": [8, 5, 9, 6], "texture": "#1"},
				"up": {"uv": [7, 9, 6, 8], "texture": "#1"},
				"down": {"uv": [9, 6, 8, 7], "texture": "#1"}
			}
		},
		{
			"from": [8.875, 0.075, 4.825],
			"to": [10.225, 1.075, 6.175],
			"rotation": {"angle": 0, "axis": "y", "origin": [8.225, 0.075, 4.175]},
			"faces": {
				"north": {"uv": [7, 8, 8, 9], "texture": "#1"},
				"east": {"uv": [8, 7, 9, 8], "texture": "#1"},
				"south": {"uv": [8, 8, 9, 9], "texture": "#1"},
				"west": {"uv": [0, 9, 1, 10], "texture": "#1"},
				"up": {"uv": [10, 1, 9, 0], "texture": "#1"},
				"down": {"uv": [2, 9, 1, 10], "texture": "#1"}
			}
		},
		{
			"from": [8.875, 0.075, 2.05],
			"to": [10.225, 1.075, 3.4],
			"rotation": {"angle": 0, "axis": "y", "origin": [8.225, 0.075, 1.4]},
			"faces": {
				"north": {"uv": [9, 1, 10, 2], "texture": "#1"},
				"east": {"uv": [2, 9, 3, 10], "texture": "#1"},
				"south": {"uv": [9, 2, 10, 3], "texture": "#1"},
				"west": {"uv": [3, 9, 4, 10], "texture": "#1"},
				"up": {"uv": [10, 4, 9, 3], "texture": "#1"},
				"down": {"uv": [5, 9, 4, 10], "texture": "#1"}
			}
		},
		{
			"from": [11.85, 0.075, 12.75],
			"to": [13.2, 1.075, 14.1],
			"rotation": {"angle": 0, "axis": "y", "origin": [11.2, 0.075, 12.1]},
			"faces": {
				"north": {"uv": [9, 4, 10, 5], "texture": "#1"},
				"east": {"uv": [5, 9, 6, 10], "texture": "#1"},
				"south": {"uv": [9, 5, 10, 6], "texture": "#1"},
				"west": {"uv": [6, 9, 7, 10], "texture": "#1"},
				"up": {"uv": [10, 7, 9, 6], "texture": "#1"},
				"down": {"uv": [8, 9, 7, 10], "texture": "#1"}
			}
		},
		{
			"from": [11.85, 0.075, 9.95],
			"to": [13.2, 1.075, 11.3],
			"rotation": {"angle": 0, "axis": "y", "origin": [11.2, 0.075, 9.3]},
			"faces": {
				"north": {"uv": [9, 7, 10, 8], "texture": "#1"},
				"east": {"uv": [8, 9, 9, 10], "texture": "#1"},
				"south": {"uv": [9, 8, 10, 9], "texture": "#1"},
				"west": {"uv": [9, 9, 10, 10], "texture": "#1"},
				"up": {"uv": [1, 11, 0, 10], "texture": "#1"},
				"down": {"uv": [11, 0, 10, 1], "texture": "#1"}
			}
		},
		{
			"from": [11.85, 0.075, 7.4],
			"to": [13.2, 1.075, 8.75],
			"rotation": {"angle": 0, "axis": "y", "origin": [11.2, 0.075, 6.75]},
			"faces": {
				"north": {"uv": [1, 10, 2, 11], "texture": "#1"},
				"east": {"uv": [10, 1, 11, 2], "texture": "#1"},
				"south": {"uv": [2, 10, 3, 11], "texture": "#1"},
				"west": {"uv": [10, 2, 11, 3], "texture": "#1"},
				"up": {"uv": [4, 11, 3, 10], "texture": "#1"},
				"down": {"uv": [11, 3, 10, 4], "texture": "#1"}
			}
		},
		{
			"from": [11.85, 0.075, 4.825],
			"to": [13.2, 1.075, 6.175],
			"rotation": {"angle": 0, "axis": "y", "origin": [11.2, 0.075, 4.175]},
			"faces": {
				"north": {"uv": [4, 10, 5, 11], "texture": "#1"},
				"east": {"uv": [10, 4, 11, 5], "texture": "#1"},
				"south": {"uv": [5, 10, 6, 11], "texture": "#1"},
				"west": {"uv": [10, 5, 11, 6], "texture": "#1"},
				"up": {"uv": [7, 11, 6, 10], "texture": "#1"},
				"down": {"uv": [11, 6, 10, 7], "texture": "#1"}
			}
		},
		{
			"from": [11.85, 0.075, 2.05],
			"to": [13.2, 1.075, 3.4],
			"rotation": {"angle": 0, "axis": "y", "origin": [11.2, 0.075, 1.4]},
			"faces": {
				"north": {"uv": [7, 10, 8, 11], "texture": "#1"},
				"east": {"uv": [10, 7, 11, 8], "texture": "#1"},
				"south": {"uv": [8, 10, 9, 11], "texture": "#1"},
				"west": {"uv": [10, 8, 11, 9], "texture": "#1"},
				"up": {"uv": [10, 11, 9, 10], "texture": "#1"},
				"down": {"uv": [11, 9, 10, 10], "texture": "#1"}
			}
		},
		{
			"from": [3.625, 1.425, 0.9],
			"to": [15.825, 1.55, 15.1],
			"rotation": {"angle": -45, "axis": "z", "origin": [15.725, 1.35, 7.925]},
			"faces": {
				"north": {"uv": [6, 0.5, 9, 0.75], "texture": "#3"},
				"east": {"uv": [1, 5.5, 4.5, 5.75], "texture": "#3"},
				"south": {"uv": [6, 0.75, 9, 1], "texture": "#3"},
				"west": {"uv": [4.5, 5.5, 8, 5.75], "texture": "#3"},
				"up": {"uv": [3, 3.5, 0, 0], "texture": "#3"},
				"down": {"uv": [6, 0, 3, 3.5], "texture": "#3"}
			}
		},
		{
			"from": [3.725, -0.55, 15],
			"to": [15.725, 1.425, 15.1],
			"rotation": {"angle": -45, "axis": "z", "origin": [15.725, 1.35, 7.925]},
			"faces": {
				"north": {"uv": [0, 5, 3, 5.5], "texture": "#3"},
				"east": {"uv": [2, 6, 2.25, 6.5], "texture": "#3"},
				"south": {"uv": [3, 5, 6, 5.5], "texture": "#3"},
				"west": {"uv": [6, 2, 6.25, 2.5], "texture": "#3"},
				"up": {"uv": [9, 0.25, 6, 0], "texture": "#3"},
				"down": {"uv": [9, 0.25, 6, 0.5], "texture": "#3"}
			}
		},
		{
			"from": [3.725, -0.55, 0.9],
			"to": [15.725, 1.425, 1],
			"rotation": {"angle": -45, "axis": "z", "origin": [15.725, 1.35, 7.925]},
			"faces": {
				"north": {"uv": [0, 4.5, 3, 5], "texture": "#3"},
				"east": {"uv": [6, 1.5, 6.25, 2], "texture": "#3"},
				"south": {"uv": [3, 4.5, 6, 5], "texture": "#3"},
				"west": {"uv": [1.75, 6, 2, 6.5], "texture": "#3"},
				"up": {"uv": [4, 6, 1, 5.75], "texture": "#3"},
				"down": {"uv": [7, 5.75, 4, 6], "texture": "#3"}
			}
		},
		{
			"from": [15.725, -0.55, 0.9],
			"to": [15.825, 1.425, 15.1],
			"rotation": {"angle": -45, "axis": "z", "origin": [15.725, 1.35, 7.925]},
			"faces": {
				"north": {"uv": [1.25, 6, 1.5, 6.5], "texture": "#3"},
				"east": {"uv": [0, 4, 3.5, 4.5], "texture": "#3"},
				"south": {"uv": [1.5, 6, 1.75, 6.5], "texture": "#3"},
				"west": {"uv": [3.5, 4, 7, 4.5], "texture": "#3"},
				"up": {"uv": [0.75, 9, 0.5, 5.5], "texture": "#3"},
				"down": {"uv": [1, 5.5, 0.75, 9], "texture": "#3"}
			}
		},
		{
			"from": [3.625, -0.55, 0.9],
			"to": [3.725, 1.425, 15.1],
			"rotation": {"angle": -45, "axis": "z", "origin": [15.725, 1.35, 7.925]},
			"faces": {
				"north": {"uv": [1, 6, 1.25, 6.5], "texture": "#3"},
				"east": {"uv": [0, 3.5, 3.5, 4], "texture": "#3"},
				"south": {"uv": [6, 1, 6.25, 1.5], "texture": "#3"},
				"west": {"uv": [3.5, 3.5, 7, 4], "texture": "#3"},
				"up": {"uv": [0.25, 9, 0, 5.5], "texture": "#3"},
				"down": {"uv": [0.5, 5.5, 0.25, 9], "texture": "#3"}
			}
		},
		{
			"from": [12.725, -0.55, 0.825],
			"to": [14.725, 1.5, 0.925],
			"rotation": {"angle": -45, "axis": "z", "origin": [15.725, 1.35, 7.925]},
			"faces": {
				"north": {"uv": [2, 1, 3, 2], "texture": "#4"},
				"east": {"uv": [4, 1, 4.5, 2], "texture": "#4"},
				"south": {"uv": [2, 2, 3, 3], "texture": "#4"},
				"west": {"uv": [2, 4, 2.5, 5], "texture": "#4"},
				"up": {"uv": [5, 2.5, 4, 2], "texture": "#4"},
				"down": {"uv": [3.5, 4, 2.5, 4.5], "texture": "#4"}
			}
		},
		{
			"from": [12.725, 1.5, 0.825],
			"to": [14.725, 1.6, 15.175],
			"rotation": {"angle": -45, "axis": "z", "origin": [15.725, 1.35, 7.925]},
			"faces": {
				"north": {"uv": [4, 2.5, 5, 3], "texture": "#4"},
				"east": {"uv": [2, 0, 9, 0.5], "texture": "#4"},
				"south": {"uv": [4, 3, 5, 3.5], "texture": "#4"},
				"west": {"uv": [2, 0.5, 9, 1], "texture": "#4"},
				"up": {"uv": [1, 7, 0, 0], "texture": "#4"},
				"down": {"uv": [2, 0, 1, 7], "texture": "#4"}
			}
		},
		{
			"from": [12.675, 1.525, 4.9],
			"to": [14.775, 1.85, 7.075],
			"rotation": {"angle": -45, "axis": "z", "origin": [15.725, 1.35, 7.925]},
			"faces": {
				"north": {"uv": [3.5, 4, 4.5, 4.5], "texture": "#4"},
				"east": {"uv": [4, 3.5, 5, 4], "texture": "#4"},
				"south": {"uv": [4.5, 1, 5.5, 1.5], "texture": "#4"},
				"west": {"uv": [4.5, 1.5, 5.5, 2], "texture": "#4"},
				"up": {"uv": [4, 2, 3, 1], "texture": "#4"},
				"down": {"uv": [3, 3, 2, 4], "texture": "#4"}
			}
		},
		{
			"from": [12.675, 1.6, 4.075],
			"to": [14.775, 2.2, 4.9],
			"rotation": {"angle": -45, "axis": "z", "origin": [15.725, 1.35, 7.925]},
			"faces": {
				"north": {"uv": [2.5, 4.5, 3.5, 5], "texture": "#4"},
				"east": {"uv": [2, 6, 2.5, 6.5], "texture": "#4"},
				"south": {"uv": [3.5, 4.5, 4.5, 5], "texture": "#4"},
				"west": {"uv": [6, 2, 6.5, 2.5], "texture": "#4"},
				"up": {"uv": [5.5, 4.5, 4.5, 4], "texture": "#4"},
				"down": {"uv": [5.5, 4.5, 4.5, 5], "texture": "#4"}
			}
		},
		{
			"from": [12.675, 1.6, 7.075],
			"to": [14.775, 2.2, 7.9],
			"rotation": {"angle": -45, "axis": "z", "origin": [15.725, 1.35, 7.925]},
			"faces": {
				"north": {"uv": [2, 5, 3, 5.5], "texture": "#4"},
				"east": {"uv": [2.5, 6, 3, 6.5], "texture": "#4"},
				"south": {"uv": [5, 2, 6, 2.5], "texture": "#4"},
				"west": {"uv": [6, 2.5, 6.5, 3], "texture": "#4"},
				"up": {"uv": [6, 3, 5, 2.5], "texture": "#4"},
				"down": {"uv": [4, 5, 3, 5.5], "texture": "#4"}
			}
		},
		{
			"from": [12.6, 1.675, 7.9],
			"to": [14.85, 2.575, 9.2],
			"rotation": {"angle": -45, "axis": "z", "origin": [15.725, 1.35, 7.925]},
			"faces": {
				"north": {"uv": [5, 3, 6, 3.5], "texture": "#4"},
				"east": {"uv": [3, 6, 3.5, 6.5], "texture": "#4"},
				"south": {"uv": [5, 3.5, 6, 4], "texture": "#4"},
				"west": {"uv": [6, 3, 6.5, 3.5], "texture": "#4"},
				"up": {"uv": [5, 5.5, 4, 5], "texture": "#4"},
				"down": {"uv": [6, 5, 5, 5.5], "texture": "#4"}
			}
		},
		{
			"from": [12.6, 1.675, 2.775],
			"to": [14.85, 2.575, 4.075],
			"rotation": {"angle": -45, "axis": "z", "origin": [15.725, 1.35, 7.925]},
			"faces": {
				"north": {"uv": [5.5, 1, 6.5, 1.5], "texture": "#4"},
				"east": {"uv": [3.5, 6, 4, 6.5], "texture": "#4"},
				"south": {"uv": [5.5, 1.5, 6.5, 2], "texture": "#4"},
				"west": {"uv": [6, 3.5, 6.5, 4], "texture": "#4"},
				"up": {"uv": [3, 6, 2, 5.5], "texture": "#4"},
				"down": {"uv": [4, 5.5, 3, 6], "texture": "#4"}
			}
		},
		{
			"from": [12.725, -0.55, 15.075],
			"to": [14.725, 1.5, 15.175],
			"rotation": {"angle": -45, "axis": "z", "origin": [15.725, 1.35, 7.925]},
			"faces": {
				"north": {"uv": [3, 2, 4, 3], "texture": "#4"},
				"east": {"uv": [4, 5.5, 4.5, 6.5], "texture": "#4"},
				"south": {"uv": [3, 3, 4, 4], "texture": "#4"},
				"west": {"uv": [5.5, 4, 6, 5], "texture": "#4"},
				"up": {"uv": [5.5, 6, 4.5, 5.5], "texture": "#4"},
				"down": {"uv": [6.5, 5.5, 5.5, 6], "texture": "#4"}
			}
		}
	],
	"display": {
		"thirdperson_righthand": {
			"rotation": [38, 90, 0],
			"translation": [0, 6, 0.75],
			"scale": [0.6, 0.6, 0.6]
		},
		"thirdperson_lefthand": {
			"rotation": [41, 90, 0],
			"translation": [0, 6.5, 0.75],
			"scale": [0.6, 0.6, 0.6]
		},
		"firstperson_righthand": {
			"translation": [1, 6.25, 0]
		},
		"firstperson_lefthand": {
			"rotation": [-20, -150, -11],
			"translation": [0, 7.75, 0]
		},
		"ground": {
			"translation": [0, 4.5, 0],
			"scale": [0.8, 0.8, 0.8]
		},
		"gui": {
			"rotation": [47, 119, 0],
			"translation": [0.25, 3.75, 0],
			"scale": [0.85, 0.85, 0.85]
		},
		"head": {
			"rotation": [0, -90, 0],
			"translation": [0, 15, -0.75]
		},
		"fixed": {
			"rotation": [-90, 0, 0],
			"translation": [0, 0, -8]
		}
	},
	"groups": [
		{
			"name": "box",
			"origin": [2, 0.4, -4.075],
			"color": 0,
			"children": [0, 1, 2, 3, 4, 5, 6, 7, 8, 9, 10, 11]
		},
		{
			"name": "choco",
			"origin": [11.2, 0.075, 1.4],
			"color": 0,
			"children": [12, 13, 14, 15, 16, 17, 18, 19, 20, 21, 22, 23, 24, 25, 26, 27, 28, 29, 30, 31]
		},
		{
			"name": "upper",
			"origin": [1.825, 0, 0.875],
			"color": 0,
			"children": [32, 33, 34, 35, 36]
		},
		{
			"name": "group",
			"origin": [0, -0.1, 13.175],
			"color": 0,
			"children": [37, 38, 39, 40, 41, 42, 43, 44]
		}
	]
}