{
	"credit": "Made with Blockbench",
	"texture_size": [32, 32],
	"textures": {
		"1": "item/pen/brush/silver",
		"2": "item/pen/brush/brush",
		"particle": "item/pen/brush/silver"
	},
	"elements": [
		{
			"from": [15, 0, 5],
			"to": [16, 27.175, 11],
			"faces": {
				"north": {"uv": [10, 5.5, 10.125, 8.875], "texture": "#2"},
				"east": {"uv": [4.25, 6.75, 5, 10.125], "texture": "#2"},
				"south": {"uv": [0, 10.125, 0.125, 13.5], "texture": "#2"},
				"west": {"uv": [5, 6.75, 5.75, 10.125], "texture": "#2"},
				"up": {"uv": [4.125, 11.375, 4, 10.625], "texture": "#2"},
				"down": {"uv": [10.875, 1.75, 10.75, 2.5], "texture": "#2"}
			}
		},
		{
			"from": [3.275, 27.7, 4.525],
			"to": [4.65, 28.075, 11.65],
			"rotation": {"angle": 0, "axis": "y", "origin": [8.15, 26.7, 8]},
			"faces": {
				"north": {"uv": [3.375, 10.125, 1.875, 10.25], "texture": "#2"},
				"east": {"uv": [11.625, 5.5, 10.125, 5.625], "texture": "#2"},
				"south": {"uv": [6.375, 10.125, 4.875, 10.25], "texture": "#2"},
				"west": {"uv": [4.875, 10.125, 3.375, 10.25], "texture": "#2"},
				"up": {"uv": [7.75, 6, 9.25, 4.5], "texture": "#2"},
				"down": {"uv": [7.25, 8.25, 8.75, 9.75], "texture": "#2"}
			}
		},
		{
			"from": [3.525, 27.375, 2.375],
			"to": [12.575, 27.75, 7.025],
			"rotation": {"angle": 0, "axis": "y", "origin": [8.15, 26.7, 8]},
			"faces": {
				"north": {"uv": [4.875, 10.125, 3.375, 10.25], "texture": "#2"},
				"east": {"uv": [3.375, 10.125, 1.875, 10.25], "texture": "#2"},
				"south": {"uv": [11.625, 5.5, 10.125, 5.625], "texture": "#2"},
				"west": {"uv": [6.375, 10.125, 4.875, 10.25], "texture": "#2"},
				"up": {"uv": [7.75, 6, 9.25, 4.5], "rotation": 90, "texture": "#2"},
				"down": {"uv": [7.25, 8.25, 8.75, 9.75], "rotation": 270, "texture": "#2"}
			}
		},
		{
			"from": [2, 0, 2],
			"to": [14, 27.375, 14],
			"rotation": {"angle": 0, "axis": "y", "origin": [16, 0, 0]},
			"faces": {
				"north": {"uv": [1.5, 0, 0, 3.375], "texture": "#2"},
				"east": {"uv": [1.5, 3.375, 0, 6.75], "texture": "#2"},
				"south": {"uv": [4.5, 0, 3, 3.375], "texture": "#2"},
				"west": {"uv": [3, 0, 1.5, 3.375], "texture": "#2"},
				"up": {"uv": [7.25, 8.25, 8.75, 6.75], "texture": "#2"},
				"down": {"uv": [7.75, 3, 9.25, 4.5], "texture": "#2"}
			}
		},
		{
			"from": [1, 0, 3],
			"to": [2, 27.275, 13],
			"rotation": {"angle": 0, "axis": "y", "origin": [16, 0, 0]},
			"faces": {
				"north": {"uv": [7.375, 9.75, 7.25, 13.125], "texture": "#2"},
				"east": {"uv": [4, 3.375, 2.75, 6.75], "texture": "#2"},
				"south": {"uv": [7.5, 9.75, 7.375, 13.125], "texture": "#2"},
				"west": {"uv": [2.75, 3.375, 1.5, 6.75], "texture": "#2"},
				"up": {"uv": [10.125, 6.875, 10.25, 5.625], "texture": "#2"},
				"down": {"uv": [6.375, 10.125, 6.5, 11.375], "texture": "#2"}
			}
		},
		{
			"from": [14, 0, 3],
			"to": [15, 27.275, 13],
			"rotation": {"angle": 0, "axis": "y", "origin": [16, 0, 0]},
			"faces": {
				"north": {"uv": [7.625, 9.75, 7.5, 13.125], "texture": "#2"},
				"east": {"uv": [5.75, 0, 4.5, 3.375], "texture": "#2"},
				"south": {"uv": [7.75, 9.75, 7.625, 13.125], "texture": "#2"},
				"west": {"uv": [5.25, 3.375, 4, 6.75], "texture": "#2"},
				"up": {"uv": [6.5, 11.375, 6.625, 10.125], "texture": "#2"},
				"down": {"uv": [6.625, 10.125, 6.75, 11.375], "texture": "#2"}
			}
		},
		{
			"from": [3, 0, 1],
			"to": [13, 27.275, 2],
			"rotation": {"angle": 0, "axis": "y", "origin": [16, 0, 0]},
			"faces": {
				"north": {"uv": [6.5, 3.375, 5.25, 6.75], "texture": "#2"},
				"east": {"uv": [8, 9.75, 7.875, 13.125], "texture": "#2"},
				"south": {"uv": [7, 0, 5.75, 3.375], "texture": "#2"},
				"west": {"uv": [7.875, 9.75, 7.75, 13.125], "texture": "#2"},
				"up": {"uv": [10.125, 7, 11.375, 6.875], "texture": "#2"},
				"down": {"uv": [10.125, 7, 11.375, 7.125], "texture": "#2"}
			}
		},
		{
			"from": [5, 0, 15],
			"to": [11, 27.175, 16],
			"rotation": {"angle": 0, "axis": "y", "origin": [16, 0, 0]},
			"faces": {
				"north": {"uv": [2, 6.75, 1.25, 10.125], "texture": "#2"},
				"east": {"uv": [8.25, 9.75, 8.125, 13.125], "texture": "#2"},
				"south": {"uv": [2.75, 6.75, 2, 10.125], "texture": "#2"},
				"west": {"uv": [8.125, 9.75, 8, 13.125], "texture": "#2"},
				"up": {"uv": [9.5, 10.75, 10.25, 10.625], "texture": "#2"},
				"down": {"uv": [10.25, 10.625, 11, 10.75], "texture": "#2"}
			}
		},
		{
			"from": [3, 0, 14],
			"to": [13, 27.275, 15],
			"rotation": {"angle": 0, "axis": "y", "origin": [16, 0, 0]},
			"faces": {
				"north": {"uv": [7.75, 3.375, 6.5, 6.75], "texture": "#2"},
				"east": {"uv": [8.5, 9.75, 8.375, 13.125], "texture": "#2"},
				"south": {"uv": [1.25, 6.75, 0, 10.125], "texture": "#2"},
				"west": {"uv": [8.375, 9.75, 8.25, 13.125], "texture": "#2"},
				"up": {"uv": [10.125, 7.25, 11.375, 7.125], "texture": "#2"},
				"down": {"uv": [10.125, 7.25, 11.375, 7.375], "texture": "#2"}
			}
		},
		{
			"from": [5, 0, 0],
			"to": [11, 27.175, 1],
			"rotation": {"angle": 0, "axis": "y", "origin": [16, 0, 0]},
			"faces": {
				"north": {"uv": [3.5, 6.75, 2.75, 10.125], "texture": "#2"},
				"east": {"uv": [8.75, 9.75, 8.625, 13.125], "texture": "#2"},
				"south": {"uv": [4.25, 6.75, 3.5, 10.125], "texture": "#2"},
				"west": {"uv": [8.625, 9.75, 8.5, 13.125], "texture": "#2"},
				"up": {"uv": [0.375, 10.875, 1.125, 10.75], "texture": "#2"},
				"down": {"uv": [1.125, 10.75, 1.875, 10.875], "texture": "#2"}
			}
		},
		{
			"from": [0, 0, 5],
			"to": [1, 27.175, 11],
			"rotation": {"angle": 0, "axis": "y", "origin": [16, 0, 0]},
			"faces": {
				"north": {"uv": [10.125, 5.5, 10, 8.875], "texture": "#2"},
				"east": {"uv": [5.75, 6.75, 5, 10.125], "texture": "#2"},
				"south": {"uv": [0.125, 10.125, 0, 13.5], "texture": "#2"},
				"west": {"uv": [5, 6.75, 4.25, 10.125], "texture": "#2"},
				"up": {"uv": [4, 11.375, 4.125, 10.625], "texture": "#2"},
				"down": {"uv": [10.75, 1.75, 10.875, 2.5], "texture": "#2"}
			}
		},
		{
			"from": [2.125, 27.15, 2.225],
			"to": [13.775, 27.525, 13.9],
			"rotation": {"angle": 0, "axis": "x", "origin": [9, 26.15, 7.7]},
			"faces": {
				"north": {"uv": [3.375, 10.125, 1.875, 10.25], "texture": "#2"},
				"east": {"uv": [11.625, 5.5, 10.125, 5.625], "texture": "#2"},
				"south": {"uv": [6.375, 10.125, 4.875, 10.25], "texture": "#2"},
				"west": {"uv": [4.875, 10.125, 3.375, 10.25], "texture": "#2"},
				"up": {"uv": [7.75, 6, 9.25, 4.5], "texture": "#2"},
				"down": {"uv": [7.25, 8.25, 8.75, 9.75], "texture": "#2"}
			}
		},
		{
			"from": [3.075, 27.55, 3.175],
			"to": [12.825, 27.925, 12.95],
			"rotation": {"angle": 0, "axis": "y", "origin": [9, 26.55, 7.7]},
			"faces": {
				"north": {"uv": [11.375, 7.375, 10.125, 7.5], "texture": "#2"},
				"east": {"uv": [11.375, 7.75, 10.125, 7.875], "texture": "#2"},
				"south": {"uv": [11.375, 7.625, 10.125, 7.75], "texture": "#2"},
				"west": {"uv": [11.375, 7.5, 10.125, 7.625], "texture": "#2"},
				"up": {"uv": [8.75, 7.25, 10, 6], "texture": "#2"},
				"down": {"uv": [8.75, 7.25, 10, 8.5], "texture": "#2"}
			}
		},
		{
			"from": [4, 27.95, 4.1],
			"to": [11.9, 28.325, 12.025],
			"rotation": {"angle": 0, "axis": "y", "origin": [9, 26.95, 7.7]},
			"faces": {
				"north": {"uv": [11.25, 4.875, 10.25, 5], "texture": "#2"},
				"east": {"uv": [11.25, 5.25, 10.25, 5.375], "texture": "#2"},
				"south": {"uv": [11.25, 5.125, 10.25, 5.25], "texture": "#2"},
				"west": {"uv": [11.25, 5, 10.25, 5.125], "texture": "#2"},
				"up": {"uv": [9.25, 4.5, 10.25, 3.5], "texture": "#2"},
				"down": {"uv": [9.25, 4.5, 10.25, 5.5], "texture": "#2"}
			}
		},
		{
			"from": [4.525, 28.35, 4.625],
			"to": [11.375, 28.575, 11.5],
			"rotation": {"angle": 0, "axis": "y", "origin": [9, 27.35, 7.7]},
			"faces": {
				"north": {"uv": [11.125, 5.375, 10.25, 5.5], "texture": "#2"},
				"east": {"uv": [11.125, 5.875, 10.25, 6], "texture": "#2"},
				"south": {"uv": [11.125, 5.75, 10.25, 5.875], "texture": "#2"},
				"west": {"uv": [11.125, 5.625, 10.25, 5.75], "texture": "#2"},
				"up": {"uv": [8.75, 10.375, 9.625, 9.5], "texture": "#2"},
				"down": {"uv": [9.625, 9.5, 10.5, 10.375], "texture": "#2"}
			}
		},
		{
			"from": [3.625, 27.025, 10.25],
			"to": [12.075, 27.4, 14.9],
			"rotation": {"angle": 0, "axis": "y", "origin": [7.8, 26.7, 8]},
			"faces": {
				"north": {"uv": [11.625, 5.5, 10.125, 5.625], "texture": "#2"},
				"east": {"uv": [6.375, 10.125, 4.875, 10.25], "texture": "#2"},
				"south": {"uv": [4.875, 10.125, 3.375, 10.25], "texture": "#2"},
				"west": {"uv": [3.375, 10.125, 1.875, 10.25], "texture": "#2"},
				"up": {"uv": [9.25, 4.5, 7.75, 6], "rotation": 90, "texture": "#2"},
				"down": {"uv": [8.75, 9.75, 7.25, 8.25], "rotation": 270, "texture": "#2"}
			}
		},
		{
			"from": [11.35, 27.7, 4.525],
			"to": [12.725, 28.075, 11.65],
			"rotation": {"angle": 0, "axis": "y", "origin": [7.85, 26.7, 8]},
			"faces": {
				"north": {"uv": [1.875, 10.125, 3.375, 10.25], "texture": "#2"},
				"east": {"uv": [3.375, 10.125, 4.875, 10.25], "texture": "#2"},
				"south": {"uv": [4.875, 10.125, 6.375, 10.25], "texture": "#2"},
				"west": {"uv": [10.125, 5.5, 11.625, 5.625], "texture": "#2"},
				"up": {"uv": [9.25, 6, 7.75, 4.5], "texture": "#2"},
				"down": {"uv": [8.75, 8.25, 7.25, 9.75], "texture": "#2"}
			}
		},
		{
			"from": [3.375, 27.375, 8.975],
			"to": [12.425, 27.75, 13.625],
			"rotation": {"angle": 0, "axis": "y", "origin": [7.8, 26.7, 8]},
			"faces": {
				"north": {"uv": [11.625, 5.5, 10.125, 5.625], "texture": "#2"},
				"east": {"uv": [6.375, 10.125, 4.875, 10.25], "texture": "#2"},
				"south": {"uv": [4.875, 10.125, 3.375, 10.25], "texture": "#2"},
				"west": {"uv": [3.375, 10.125, 1.875, 10.25], "texture": "#2"},
				"up": {"uv": [9.25, 4.5, 7.75, 6], "rotation": 90, "texture": "#2"},
				"down": {"uv": [8.75, 9.75, 7.25, 8.25], "rotation": 270, "texture": "#2"}
			}
		},
		{
			"from": [10.1, 27.025, 3.825],
			"to": [14.75, 27.4, 12.275],
			"rotation": {"angle": 0, "axis": "y", "origin": [7.85, 26.7, 8]},
			"faces": {
				"north": {"uv": [1.875, 10.125, 3.375, 10.25], "texture": "#2"},
				"east": {"uv": [3.375, 10.125, 4.875, 10.25], "texture": "#2"},
				"south": {"uv": [4.875, 10.125, 6.375, 10.25], "texture": "#2"},
				"west": {"uv": [10.125, 5.5, 11.625, 5.625], "texture": "#2"},
				"up": {"uv": [9.25, 6, 7.75, 4.5], "texture": "#2"},
				"down": {"uv": [8.75, 8.25, 7.25, 9.75], "texture": "#2"}
			}
		},
		{
			"from": [4.325, 27.7, 11.5],
			"to": [11.45, 28.075, 12.875],
			"rotation": {"angle": 0, "axis": "y", "origin": [7.8, 26.7, 8]},
			"faces": {
				"north": {"uv": [11.625, 5.5, 10.125, 5.625], "texture": "#2"},
				"east": {"uv": [6.375, 10.125, 4.875, 10.25], "texture": "#2"},
				"south": {"uv": [4.875, 10.125, 3.375, 10.25], "texture": "#2"},
				"west": {"uv": [3.375, 10.125, 1.875, 10.25], "texture": "#2"},
				"up": {"uv": [9.25, 4.5, 7.75, 6], "rotation": 90, "texture": "#2"},
				"down": {"uv": [8.75, 9.75, 7.25, 8.25], "rotation": 270, "texture": "#2"}
			}
		},
		{
			"from": [8.825, 27.375, 3.575],
			"to": [13.475, 27.75, 12.625],
			"rotation": {"angle": 0, "axis": "y", "origin": [7.85, 26.7, 8]},
			"faces": {
				"north": {"uv": [1.875, 10.125, 3.375, 10.25], "texture": "#2"},
				"east": {"uv": [3.375, 10.125, 4.875, 10.25], "texture": "#2"},
				"south": {"uv": [4.875, 10.125, 6.375, 10.25], "texture": "#2"},
				"west": {"uv": [10.125, 5.5, 11.625, 5.625], "texture": "#2"},
				"up": {"uv": [9.25, 6, 7.75, 4.5], "texture": "#2"},
				"down": {"uv": [8.75, 8.25, 7.25, 9.75], "texture": "#2"}
			}
		},
		{
			"from": [4.375, 27.7, 3.125],
			"to": [11.5, 28.075, 4.5],
			"rotation": {"angle": 0, "axis": "y", "origin": [7.85, 26.7, 8]},
			"faces": {
				"north": {"uv": [3.375, 10.125, 4.875, 10.25], "texture": "#2"},
				"east": {"uv": [4.875, 10.125, 6.375, 10.25], "texture": "#2"},
				"south": {"uv": [10.125, 5.5, 11.625, 5.625], "texture": "#2"},
				"west": {"uv": [1.875, 10.125, 3.375, 10.25], "texture": "#2"},
				"up": {"uv": [7.75, 4.5, 9.25, 6], "rotation": 90, "texture": "#2"},
				"down": {"uv": [7.25, 9.75, 8.75, 8.25], "rotation": 270, "texture": "#2"}
			}
		},
		{
			"from": [3.425, 27.375, 2.375],
			"to": [12.475, 27.75, 7.025],
			"rotation": {"angle": 0, "axis": "y", "origin": [7.85, 26.7, 8]},
			"faces": {
				"north": {"uv": [3.375, 10.125, 4.875, 10.25], "texture": "#2"},
				"east": {"uv": [4.875, 10.125, 6.375, 10.25], "texture": "#2"},
				"south": {"uv": [10.125, 5.5, 11.625, 5.625], "texture": "#2"},
				"west": {"uv": [1.875, 10.125, 3.375, 10.25], "texture": "#2"},
				"up": {"uv": [7.75, 4.5, 9.25, 6], "rotation": 90, "texture": "#2"},
				"down": {"uv": [7.25, 9.75, 8.75, 8.25], "rotation": 270, "texture": "#2"}
			}
		},
		{
			"from": [3.675, 27.025, 1.1],
			"to": [12.125, 27.4, 5.75],
			"rotation": {"angle": 0, "axis": "y", "origin": [7.85, 26.7, 8]},
			"faces": {
				"north": {"uv": [3.375, 10.125, 4.875, 10.25], "texture": "#2"},
				"east": {"uv": [4.875, 10.125, 6.375, 10.25], "texture": "#2"},
				"south": {"uv": [10.125, 5.5, 11.625, 5.625], "texture": "#2"},
				"west": {"uv": [1.875, 10.125, 3.375, 10.25], "texture": "#2"},
				"up": {"uv": [7.75, 4.5, 9.25, 6], "rotation": 90, "texture": "#2"},
				"down": {"uv": [7.25, 9.75, 8.75, 8.25], "rotation": 270, "texture": "#2"}
			}
		},
		{
			"from": [2.525, 27.375, 3.375],
			"to": [7.175, 27.75, 12.425],
			"rotation": {"angle": 0, "axis": "y", "origin": [8.15, 26.7, 8]},
			"faces": {
				"north": {"uv": [4.875, 10.125, 6.375, 10.25], "texture": "#2"},
				"east": {"uv": [10.125, 5.5, 11.625, 5.625], "texture": "#2"},
				"south": {"uv": [1.875, 10.125, 3.375, 10.25], "texture": "#2"},
				"west": {"uv": [3.375, 10.125, 4.875, 10.25], "texture": "#2"},
				"up": {"uv": [9.25, 6, 7.75, 4.5], "rotation": 180, "texture": "#2"},
				"down": {"uv": [8.75, 8.25, 7.25, 9.75], "rotation": 180, "texture": "#2"}
			}
		},
		{
			"from": [1.25, 27.025, 3.725],
			"to": [5.9, 27.4, 12.175],
			"rotation": {"angle": 0, "axis": "y", "origin": [8.15, 26.7, 8]},
			"faces": {
				"north": {"uv": [4.875, 10.125, 6.375, 10.25], "texture": "#2"},
				"east": {"uv": [10.125, 5.5, 11.625, 5.625], "texture": "#2"},
				"south": {"uv": [1.875, 10.125, 3.375, 10.25], "texture": "#2"},
				"west": {"uv": [3.375, 10.125, 4.875, 10.25], "texture": "#2"},
				"up": {"uv": [9.25, 6, 7.75, 4.5], "rotation": 180, "texture": "#2"},
				"down": {"uv": [8.75, 8.25, 7.25, 9.75], "rotation": 180, "texture": "#2"}
			}
		},
		{
			"from": [-0.1, 0.3, 4.875],
			"to": [0.9, 4, 11.1],
			"rotation": {"angle": 0, "axis": "y", "origin": [6.6, 0, 13.075]},
			"faces": {
				"north": {"uv": [0.5, 0, 0, 2], "texture": "#1"},
				"east": {"uv": [3.1125, 0, 0, 2], "texture": "#1"},
				"south": {"uv": [0.5, 0, 0, 2], "texture": "#1"},
				"west": {"uv": [3.1125, 0, 0, 2], "texture": "#1"},
				"up": {"uv": [0.5, 0, 0, 3.1125], "texture": "#1"},
				"down": {"uv": [0.5, 0, 0, 3.1125], "texture": "#1"}
			}
		},
		{
			"from": [0.9, 0.3, 2.9],
			"to": [1.925, 4, 13.1],
			"rotation": {"angle": 0, "axis": "y", "origin": [7.7, 0, 13.075]},
			"faces": {
				"north": {"uv": [0.5125, 0, 0, 2], "texture": "#1"},
				"east": {"uv": [5.1, 0, 0, 2], "texture": "#1"},
				"south": {"uv": [0.5125, 0, 0, 2], "texture": "#1"},
				"west": {"uv": [5.1, 0, 0, 2], "texture": "#1"},
				"up": {"uv": [0.5125, 0, 0, 5.1], "texture": "#1"},
				"down": {"uv": [0.5125, 0, 0, 5.1], "texture": "#1"}
			}
		},
		{
			"from": [1.925, 0.3, 1.925],
			"to": [2.9, 4, 14.075],
			"rotation": {"angle": 0, "axis": "y", "origin": [8.725, 0, 13.075]},
			"faces": {
				"north": {"uv": [0.4875, 0, 0, 2], "texture": "#1"},
				"east": {"uv": [6.075, 0, 0, 2], "texture": "#1"},
				"south": {"uv": [0.4875, 0, 0, 2], "texture": "#1"},
				"west": {"uv": [6.075, 0, 0, 2], "texture": "#1"},
				"up": {"uv": [0.4875, 0, 0, 6.075], "texture": "#1"},
				"down": {"uv": [0.4875, 0, 0, 6.075], "texture": "#1"}
			}
		},
		{
			"from": [2.9, 0.3, 0.875],
			"to": [4.9, 4, 15.1],
			"rotation": {"angle": 0, "axis": "y", "origin": [9.7, 0, 13.075]},
			"faces": {
				"north": {"uv": [1, 0, 0, 2], "texture": "#1"},
				"east": {"uv": [7.1125, 0, 0, 2], "texture": "#1"},
				"south": {"uv": [1, 0, 0, 2], "texture": "#1"},
				"west": {"uv": [7.1125, 0, 0, 2], "texture": "#1"},
				"up": {"uv": [1, 0, 0, 7.1125], "texture": "#1"},
				"down": {"uv": [1, 0, 0, 7.1125], "texture": "#1"}
			}
		},
		{
			"from": [11.1, 0.3, 0.875],
			"to": [13.1, 4, 15.1],
			"rotation": {"angle": 0, "axis": "y", "origin": [6.3, 0, 13.075]},
			"faces": {
				"north": {"uv": [0, 0, 1, 2], "texture": "#1"},
				"east": {"uv": [0, 0, 7.1125, 2], "texture": "#1"},
				"south": {"uv": [0, 0, 1, 2], "texture": "#1"},
				"west": {"uv": [0, 0, 7.1125, 2], "texture": "#1"},
				"up": {"uv": [0, 0, 1, 7.1125], "texture": "#1"},
				"down": {"uv": [0, 0, 1, 7.1125], "texture": "#1"}
			}
		},
		{
			"from": [13.1, 0.3, 1.925],
			"to": [14.075, 4, 14.075],
			"rotation": {"angle": 0, "axis": "y", "origin": [7.275, 0, 13.075]},
			"faces": {
				"north": {"uv": [0, 0, 0.4875, 2], "texture": "#1"},
				"east": {"uv": [0, 0, 6.075, 2], "texture": "#1"},
				"south": {"uv": [0, 0, 0.4875, 2], "texture": "#1"},
				"west": {"uv": [0, 0, 6.075, 2], "texture": "#1"},
				"up": {"uv": [0, 0, 0.4875, 6.075], "texture": "#1"},
				"down": {"uv": [0, 0, 0.4875, 6.075], "texture": "#1"}
			}
		},
		{
			"from": [14.075, 0.3, 2.9],
			"to": [15.1, 4, 13.1],
			"rotation": {"angle": 0, "axis": "y", "origin": [8.3, 0, 13.075]},
			"faces": {
				"north": {"uv": [0, 0, 0.5125, 2], "texture": "#1"},
				"east": {"uv": [0, 0, 5.1, 2], "texture": "#1"},
				"south": {"uv": [0, 0, 0.5125, 2], "texture": "#1"},
				"west": {"uv": [0, 0, 5.1, 2], "texture": "#1"},
				"up": {"uv": [0, 0, 0.5125, 5.1], "texture": "#1"},
				"down": {"uv": [0, 0, 0.5125, 5.1], "texture": "#1"}
			}
		},
		{
			"from": [15.1, 0.3, 4.875],
			"to": [16.1, 4, 11.1],
			"rotation": {"angle": 0, "axis": "y", "origin": [9.4, 0, 13.075]},
			"faces": {
				"north": {"uv": [0, 0, 0.5, 2], "texture": "#1"},
				"east": {"uv": [0, 0, 3.1125, 2], "texture": "#1"},
				"south": {"uv": [0, 0, 0.5, 2], "texture": "#1"},
				"west": {"uv": [0, 0, 3.1125, 2], "texture": "#1"},
				"up": {"uv": [0, 0, 0.5, 3.1125], "texture": "#1"},
				"down": {"uv": [0, 0, 0.5, 3.1125], "texture": "#1"}
			}
		},
		{
			"from": [4.95, 0.3, 14.075],
			"to": [11.1, 4, 16.075],
			"rotation": {"angle": 0, "axis": "y", "origin": [4.95, 0, 14.075]},
			"faces": {
				"north": {"uv": [8, 8, 11, 10], "texture": "#1"},
				"east": {"uv": [11, 4, 12, 6], "texture": "#1"},
				"south": {"uv": [10, 0, 13, 2], "texture": "#1"},
				"west": {"uv": [6, 11, 7, 13], "texture": "#1"},
				"up": {"uv": [13, 4, 10, 3], "texture": "#1"},
				"down": {"uv": [9, 10, 6, 11], "texture": "#1"}
			}
		},
		{
			"from": [4.9, 0.275, -0.05],
			"to": [11.1, 4, 1.95],
			"rotation": {"angle": 0, "axis": "y", "origin": [11.05, 0, -0.05]},
			"faces": {
				"north": {"uv": [10, 0, 7, 2], "texture": "#1"},
				"east": {"uv": [3, 11, 2, 13], "texture": "#1"},
				"south": {"uv": [10, 2, 7, 4], "texture": "#1"},
				"west": {"uv": [11, 10, 10, 12], "texture": "#1"},
				"up": {"uv": [2, 11, 5, 10], "texture": "#1"},
				"down": {"uv": [10, 2, 13, 3], "texture": "#1"}
			}
		},
		{
			"from": [4, -1, 14],
			"to": [12, 0, 15],
			"faces": {
				"north": {"uv": [10.125, 7.875, 11.125, 8], "texture": "#2"},
				"east": {"uv": [11.125, 8.75, 11.25, 8.875], "texture": "#2"},
				"south": {"uv": [10.125, 8, 11.125, 8.125], "texture": "#2"},
				"west": {"uv": [9.25, 11.125, 9.375, 11.25], "texture": "#2"},
				"up": {"uv": [11.125, 8.25, 10.125, 8.125], "texture": "#2"},
				"down": {"uv": [11.125, 8.25, 10.125, 8.375], "texture": "#2"}
			}
		},
		{
			"from": [5, -1.575, 14],
			"to": [11, -1, 15],
			"faces": {
				"north": {"uv": [10.25, 6, 11, 6.125], "texture": "#2"},
				"east": {"uv": [9.375, 11.125, 9.5, 11.25], "texture": "#2"},
				"south": {"uv": [10.25, 6.125, 11, 6.25], "texture": "#2"},
				"west": {"uv": [9.5, 11.125, 9.625, 11.25], "texture": "#2"},
				"up": {"uv": [11, 6.375, 10.25, 6.25], "texture": "#2"},
				"down": {"uv": [11, 6.375, 10.25, 6.5], "texture": "#2"}
			}
		},
		{
			"from": [6, -2.125, 14],
			"to": [10, -1.55, 15],
			"rotation": {"angle": 0, "axis": "y", "origin": [0, 0.45, 0]},
			"faces": {
				"north": {"uv": [2.25, 10.75, 2.75, 10.875], "texture": "#2"},
				"east": {"uv": [9.875, 11.125, 10, 11.25], "texture": "#2"},
				"south": {"uv": [2.75, 10.75, 3.25, 10.875], "texture": "#2"},
				"west": {"uv": [10, 11.125, 10.125, 11.25], "texture": "#2"},
				"up": {"uv": [5, 10.875, 4.5, 10.75], "texture": "#2"},
				"down": {"uv": [9.25, 10.75, 8.75, 10.875], "texture": "#2"}
			}
		},
		{
			"from": [5, -1.575, 1],
			"to": [11, -1, 2],
			"faces": {
				"north": {"uv": [10.25, 6.5, 11, 6.625], "texture": "#2"},
				"east": {"uv": [10.125, 11.125, 10.25, 11.25], "texture": "#2"},
				"south": {"uv": [10.25, 6.625, 11, 6.75], "texture": "#2"},
				"west": {"uv": [10.25, 11.125, 10.375, 11.25], "texture": "#2"},
				"up": {"uv": [11, 6.875, 10.25, 6.75], "texture": "#2"},
				"down": {"uv": [1.125, 10.375, 0.375, 10.5], "texture": "#2"}
			}
		},
		{
			"from": [6, -2.125, 1],
			"to": [10, -1.55, 2],
			"rotation": {"angle": 0, "axis": "y", "origin": [0, 0.45, 0]},
			"faces": {
				"north": {"uv": [10.75, 8.875, 11.25, 9], "texture": "#2"},
				"east": {"uv": [10.375, 11.125, 10.5, 11.25], "texture": "#2"},
				"south": {"uv": [10.75, 9, 11.25, 9.125], "texture": "#2"},
				"west": {"uv": [10.5, 11.125, 10.625, 11.25], "texture": "#2"},
				"up": {"uv": [9.75, 10.875, 9.25, 10.75], "texture": "#2"},
				"down": {"uv": [10.25, 10.75, 9.75, 10.875], "texture": "#2"}
			}
		},
		{
			"from": [4, -1, 1],
			"to": [12, 0, 2],
			"faces": {
				"north": {"uv": [10.125, 8.375, 11.125, 8.5], "texture": "#2"},
				"east": {"uv": [10.625, 11.125, 10.75, 11.25], "texture": "#2"},
				"south": {"uv": [10.125, 8.5, 11.125, 8.625], "texture": "#2"},
				"west": {"uv": [10.75, 11.125, 10.875, 11.25], "texture": "#2"},
				"up": {"uv": [11.125, 8.75, 10.125, 8.625], "texture": "#2"},
				"down": {"uv": [11.125, 8.75, 10.125, 8.875], "texture": "#2"}
			}
		},
		{
			"from": [5, -1, 0],
			"to": [11, 0, 1],
			"faces": {
				"north": {"uv": [1.125, 10.375, 1.875, 10.5], "texture": "#2"},
				"east": {"uv": [11.125, 11, 11.25, 11.125], "texture": "#2"},
				"south": {"uv": [1.875, 10.375, 2.625, 10.5], "texture": "#2"},
				"west": {"uv": [11.125, 11.125, 11.25, 11.25], "texture": "#2"},
				"up": {"uv": [3.375, 10.5, 2.625, 10.375], "texture": "#2"},
				"down": {"uv": [4.125, 10.375, 3.375, 10.5], "texture": "#2"}
			}
		},
		{
			"from": [6, -1.575, 0],
			"to": [10, -1, 1],
			"faces": {
				"north": {"uv": [10.25, 10.75, 10.75, 10.875], "texture": "#2"},
				"east": {"uv": [11.25, 0, 11.375, 0.125], "texture": "#2"},
				"south": {"uv": [10.75, 10.75, 11.25, 10.875], "texture": "#2"},
				"west": {"uv": [11.25, 0.125, 11.375, 0.25], "texture": "#2"},
				"up": {"uv": [0.875, 11, 0.375, 10.875], "texture": "#2"},
				"down": {"uv": [1.375, 10.875, 0.875, 11], "texture": "#2"}
			}
		},
		{
			"from": [5, -1, 15],
			"to": [11, 0, 16],
			"faces": {
				"north": {"uv": [10.375, 3.75, 11.125, 3.875], "texture": "#2"},
				"east": {"uv": [11.25, 0.25, 11.375, 0.375], "texture": "#2"},
				"south": {"uv": [10.375, 3.875, 11.125, 4], "texture": "#2"},
				"west": {"uv": [0.375, 11.25, 0.5, 11.375], "texture": "#2"},
				"up": {"uv": [11.125, 4.125, 10.375, 4], "texture": "#2"},
				"down": {"uv": [11.125, 4.125, 10.375, 4.25], "texture": "#2"}
			}
		},
		{
			"from": [6, -1.575, 15],
			"to": [10, -1, 16],
			"faces": {
				"north": {"uv": [1.375, 10.875, 1.875, 11], "texture": "#2"},
				"east": {"uv": [11.25, 0.375, 11.375, 0.5], "texture": "#2"},
				"south": {"uv": [10.875, 1.75, 11.375, 1.875], "texture": "#2"},
				"west": {"uv": [0.5, 11.25, 0.625, 11.375], "texture": "#2"},
				"up": {"uv": [11.375, 2, 10.875, 1.875], "texture": "#2"},
				"down": {"uv": [11.375, 2, 10.875, 2.125], "texture": "#2"}
			}
		},
		{
			"from": [2, -1, 2],
			"to": [14, 0, 14],
			"faces": {
				"north": {"uv": [9.75, 9.125, 11.25, 9.25], "texture": "#2"},
				"east": {"uv": [9.75, 9.25, 11.25, 9.375], "texture": "#2"},
				"south": {"uv": [9.75, 9.375, 11.25, 9.5], "texture": "#2"},
				"west": {"uv": [0.375, 10.125, 1.875, 10.25], "texture": "#2"},
				"up": {"uv": [8.5, 1.5, 7, 0], "texture": "#2"},
				"down": {"uv": [8.5, 1.5, 7, 3], "texture": "#2"}
			}
		},
		{
			"from": [3, -2.125, 3],
			"to": [13, -0.55, 13],
			"rotation": {"angle": 0, "axis": "y", "origin": [0, 0.45, 0]},
			"faces": {
				"north": {"uv": [9.75, 0.75, 11, 1], "texture": "#2"},
				"east": {"uv": [9.75, 1, 11, 1.25], "texture": "#2"},
				"south": {"uv": [9.75, 1.25, 11, 1.5], "texture": "#2"},
				"west": {"uv": [9.75, 1.5, 11, 1.75], "texture": "#2"},
				"up": {"uv": [9.75, 1.25, 8.5, 0], "texture": "#2"},
				"down": {"uv": [9.75, 1.25, 8.5, 2.5], "texture": "#2"}
			}
		},
		{
			"from": [5, -2.675, 3],
			"to": [11, -2.1, 4],
			"rotation": {"angle": 0, "axis": "y", "origin": [0, 0.9, 0]},
			"faces": {
				"north": {"uv": [4.5, 10.375, 5.25, 10.5], "texture": "#2"},
				"east": {"uv": [1.375, 11.25, 1.5, 11.375], "texture": "#2"},
				"south": {"uv": [10.375, 4.5, 11.125, 4.625], "texture": "#2"},
				"west": {"uv": [1.5, 11.25, 1.625, 11.375], "texture": "#2"},
				"up": {"uv": [11.125, 4.75, 10.375, 4.625], "texture": "#2"},
				"down": {"uv": [9.5, 10.375, 8.75, 10.5], "texture": "#2"}
			}
		},
		{
			"from": [5, -2.675, 12],
			"to": [11, -2.1, 13],
			"rotation": {"angle": 0, "axis": "y", "origin": [0, 0.9, 0]},
			"faces": {
				"north": {"uv": [9.5, 10.375, 10.25, 10.5], "texture": "#2"},
				"east": {"uv": [1.625, 11.25, 1.75, 11.375], "texture": "#2"},
				"south": {"uv": [10.25, 10.375, 11, 10.5], "texture": "#2"},
				"west": {"uv": [1.75, 11.25, 1.875, 11.375], "texture": "#2"},
				"up": {"uv": [11.25, 0.125, 10.5, 0], "texture": "#2"},
				"down": {"uv": [11.25, 0.125, 10.5, 0.25], "texture": "#2"}
			}
		},
		{
			"from": [6, -3.2, 12],
			"to": [10, -2.625, 13],
			"rotation": {"angle": 0, "axis": "y", "origin": [0, 1.375, 0]},
			"faces": {
				"north": {"uv": [2.75, 10.875, 3.25, 11], "texture": "#2"},
				"east": {"uv": [2.25, 11.25, 2.375, 11.375], "texture": "#2"},
				"south": {"uv": [4.5, 10.875, 5, 11], "texture": "#2"},
				"west": {"uv": [2.375, 11.25, 2.5, 11.375], "texture": "#2"},
				"up": {"uv": [9.25, 11, 8.75, 10.875], "texture": "#2"},
				"down": {"uv": [9.75, 10.875, 9.25, 11], "texture": "#2"}
			}
		},
		{
			"from": [6, -3.2, 3],
			"to": [10, -2.625, 4],
			"rotation": {"angle": 0, "axis": "y", "origin": [0, 1.375, 0]},
			"faces": {
				"north": {"uv": [9.75, 10.875, 10.25, 11], "texture": "#2"},
				"east": {"uv": [2.5, 11.25, 2.625, 11.375], "texture": "#2"},
				"south": {"uv": [10.25, 10.875, 10.75, 11], "texture": "#2"},
				"west": {"uv": [11.25, 2.5, 11.375, 2.625], "texture": "#2"},
				"up": {"uv": [11.25, 11, 10.75, 10.875], "texture": "#2"},
				"down": {"uv": [0.875, 11, 0.375, 11.125], "texture": "#2"}
			}
		},
		{
			"from": [4, -3.2, 4],
			"to": [12, -1.625, 12],
			"rotation": {"angle": 0, "axis": "y", "origin": [0, 1.375, 0]},
			"faces": {
				"north": {"uv": [9.75, 1.75, 10.75, 2], "texture": "#2"},
				"east": {"uv": [9.75, 2, 10.75, 2.25], "texture": "#2"},
				"south": {"uv": [9.75, 2.25, 10.75, 2.5], "texture": "#2"},
				"west": {"uv": [9.75, 8.875, 10.75, 9.125], "texture": "#2"},
				"up": {"uv": [9.75, 9.5, 8.75, 8.5], "texture": "#2"},
				"down": {"uv": [10.25, 2.5, 9.25, 3.5], "texture": "#2"}
			}
		},
		{
			"from": [5, -3.775, 5],
			"to": [11, -3.2, 11],
			"rotation": {"angle": 0, "axis": "y", "origin": [0, 1.8, 0]},
			"faces": {
				"north": {"uv": [10.5, 0.25, 11.25, 0.375], "texture": "#2"},
				"east": {"uv": [0.375, 10.5, 1.125, 10.625], "texture": "#2"},
				"south": {"uv": [10.5, 0.375, 11.25, 0.5], "texture": "#2"},
				"west": {"uv": [10.5, 0.5, 11.25, 0.625], "texture": "#2"},
				"up": {"uv": [8.5, 6.75, 7.75, 6], "texture": "#2"},
				"down": {"uv": [10.5, 0, 9.75, 0.75], "texture": "#2"}
			}
		},
		{
			"from": [6, -4.325, 6],
			"to": [10, -3.75, 10],
			"rotation": {"angle": 0, "axis": "y", "origin": [0, 2.25, 0]},
			"faces": {
				"north": {"uv": [11, 0.75, 11.5, 0.875], "texture": "#2"},
				"east": {"uv": [0.875, 11, 1.375, 11.125], "texture": "#2"},
				"south": {"uv": [11, 0.875, 11.5, 1], "texture": "#2"},
				"west": {"uv": [11, 1, 11.5, 1.125], "texture": "#2"},
				"up": {"uv": [9, 3, 8.5, 2.5], "texture": "#2"},
				"down": {"uv": [9.75, 5.5, 9.25, 6], "texture": "#2"}
			}
		},
		{
			"from": [6.5, -4.875, 6.5],
			"to": [9.5, -4.3, 9.5],
			"rotation": {"angle": 0, "axis": "y", "origin": [0, 2.7, 0]},
			"faces": {
				"north": {"uv": [11.125, 4.625, 11.5, 4.75], "texture": "#2"},
				"east": {"uv": [11.125, 5.375, 11.5, 5.5], "texture": "#2"},
				"south": {"uv": [11.125, 5.625, 11.5, 5.75], "texture": "#2"},
				"west": {"uv": [5.75, 11.125, 6.125, 11.25], "texture": "#2"},
				"up": {"uv": [7.375, 3.375, 7, 3], "texture": "#2"},
				"down": {"uv": [7.75, 3, 7.375, 3.375], "texture": "#2"}
			}
		},
		{
			"from": [7, -4.325, 10],
			"to": [9, -3.75, 11],
			"rotation": {"angle": 0, "axis": "y", "origin": [0, 2.25, 0]},
			"faces": {
				"north": {"uv": [9.75, 8.5, 10, 8.625], "texture": "#2"},
				"east": {"uv": [3, 11.25, 3.125, 11.375], "texture": "#2"},
				"south": {"uv": [9.75, 8.625, 10, 8.75], "texture": "#2"},
				"west": {"uv": [11.25, 3, 11.375, 3.125], "texture": "#2"},
				"up": {"uv": [10, 8.875, 9.75, 8.75], "texture": "#2"},
				"down": {"uv": [11.375, 5.75, 11.125, 5.875], "texture": "#2"}
			}
		},
		{
			"from": [7, -4.325, 5],
			"to": [9, -3.75, 6],
			"rotation": {"angle": 0, "axis": "y", "origin": [0, 2.25, 0]},
			"faces": {
				"north": {"uv": [11.125, 5.875, 11.375, 6], "texture": "#2"},
				"east": {"uv": [3.125, 11.25, 3.25, 11.375], "texture": "#2"},
				"south": {"uv": [6.75, 11.125, 7, 11.25], "texture": "#2"},
				"west": {"uv": [11.25, 3.125, 11.375, 3.25], "texture": "#2"},
				"up": {"uv": [7.25, 11.25, 7, 11.125], "texture": "#2"},
				"down": {"uv": [11.375, 7.875, 11.125, 8], "texture": "#2"}
			}
		},
		{
			"from": [4, -3.775, 6],
			"to": [5, -3.2, 10],
			"rotation": {"angle": 0, "axis": "y", "origin": [0, 1.8, 0]},
			"faces": {
				"north": {"uv": [11.25, 4, 11.375, 4.125], "texture": "#2"},
				"east": {"uv": [1.375, 11, 1.875, 11.125], "texture": "#2"},
				"south": {"uv": [11.25, 4.125, 11.375, 4.25], "texture": "#2"},
				"west": {"uv": [11, 1.375, 11.5, 1.5], "texture": "#2"},
				"up": {"uv": [5.125, 11.25, 5, 10.75], "texture": "#2"},
				"down": {"uv": [5.25, 10.75, 5.125, 11.25], "texture": "#2"}
			}
		},
		{
			"from": [6, -3.775, 11],
			"to": [10, -3.2, 12],
			"rotation": {"angle": 0, "axis": "y", "origin": [0, 1.8, 0]},
			"faces": {
				"north": {"uv": [11, 1.5, 11.5, 1.625], "texture": "#2"},
				"east": {"uv": [11.25, 4.25, 11.375, 4.375], "texture": "#2"},
				"south": {"uv": [11, 1.625, 11.5, 1.75], "texture": "#2"},
				"west": {"uv": [4.375, 11.25, 4.5, 11.375], "texture": "#2"},
				"up": {"uv": [2.75, 11.125, 2.25, 11], "texture": "#2"},
				"down": {"uv": [3.25, 11, 2.75, 11.125], "texture": "#2"}
			}
		},
		{
			"from": [6, -3.775, 4],
			"to": [10, -3.2, 5],
			"rotation": {"angle": 0, "axis": "y", "origin": [0, 1.8, 0]},
			"faces": {
				"north": {"uv": [4.5, 11, 5, 11.125], "texture": "#2"},
				"east": {"uv": [11.25, 4.375, 11.375, 4.5], "texture": "#2"},
				"south": {"uv": [5.75, 11, 6.25, 11.125], "texture": "#2"},
				"west": {"uv": [4.5, 11.25, 4.625, 11.375], "texture": "#2"},
				"up": {"uv": [11.5, 6.125, 11, 6], "texture": "#2"},
				"down": {"uv": [11.5, 6.125, 11, 6.25], "texture": "#2"}
			}
		},
		{
			"from": [5, -2.125, 2],
			"to": [11, -1.55, 3],
			"rotation": {"angle": 0, "axis": "y", "origin": [8, 0.45, 8]},
			"faces": {
				"north": {"uv": [8.75, 10.5, 9.5, 10.625], "texture": "#2"},
				"east": {"uv": [6.875, 11.25, 7, 11.375], "texture": "#2"},
				"south": {"uv": [9.5, 10.5, 10.25, 10.625], "texture": "#2"},
				"west": {"uv": [7, 11.25, 7.125, 11.375], "texture": "#2"},
				"up": {"uv": [11.25, 9.625, 10.5, 9.5], "texture": "#2"},
				"down": {"uv": [11.25, 9.625, 10.5, 9.75], "texture": "#2"}
			}
		},
		{
			"from": [5, -2.125, 13],
			"to": [11, -1.55, 14],
			"rotation": {"angle": 0, "axis": "y", "origin": [8, 0.45, 8]},
			"faces": {
				"north": {"uv": [10.5, 9.75, 11.25, 9.875], "texture": "#2"},
				"east": {"uv": [7.125, 11.25, 7.25, 11.375], "texture": "#2"},
				"south": {"uv": [10.5, 9.875, 11.25, 10], "texture": "#2"},
				"west": {"uv": [11.25, 8.5, 11.375, 8.625], "texture": "#2"},
				"up": {"uv": [11.25, 10.125, 10.5, 10], "texture": "#2"},
				"down": {"uv": [11.25, 10.125, 10.5, 10.25], "texture": "#2"}
			}
		},
		{
			"from": [6, -2.675, 2],
			"to": [10, -2.1, 3],
			"rotation": {"angle": 0, "axis": "y", "origin": [8, 0.9, 8]},
			"faces": {
				"north": {"uv": [11, 10.375, 11.5, 10.5], "texture": "#2"},
				"east": {"uv": [11.25, 8.625, 11.375, 8.75], "texture": "#2"},
				"south": {"uv": [11, 10.5, 11.5, 10.625], "texture": "#2"},
				"west": {"uv": [11.25, 8.75, 11.375, 8.875], "texture": "#2"},
				"up": {"uv": [11.5, 10.75, 11, 10.625], "texture": "#2"},
				"down": {"uv": [0.875, 11.125, 0.375, 11.25], "texture": "#2"}
			}
		},
		{
			"from": [6, -2.675, 13],
			"to": [10, -2.1, 14],
			"rotation": {"angle": 0, "axis": "y", "origin": [8, 0.9, 8]},
			"faces": {
				"north": {"uv": [0.875, 11.125, 1.375, 11.25], "texture": "#2"},
				"east": {"uv": [11.25, 8.875, 11.375, 9], "texture": "#2"},
				"south": {"uv": [1.375, 11.125, 1.875, 11.25], "texture": "#2"},
				"west": {"uv": [11.25, 9, 11.375, 9.125], "texture": "#2"},
				"up": {"uv": [2.75, 11.25, 2.25, 11.125], "texture": "#2"},
				"down": {"uv": [3.25, 11.125, 2.75, 11.25], "texture": "#2"}
			}
		},
		{
			"from": [4, -1.575, 2],
			"to": [12, -1, 3],
			"faces": {
				"north": {"uv": [10.25, 2.625, 11.25, 2.75], "texture": "#2"},
				"east": {"uv": [11.25, 9.125, 11.375, 9.25], "texture": "#2"},
				"south": {"uv": [10.25, 2.75, 11.25, 2.875], "texture": "#2"},
				"west": {"uv": [9.25, 11.25, 9.375, 11.375], "texture": "#2"},
				"up": {"uv": [11.25, 3, 10.25, 2.875], "texture": "#2"},
				"down": {"uv": [11.25, 3, 10.25, 3.125], "texture": "#2"}
			}
		},
		{
			"from": [4, -1.575, 13],
			"to": [12, -1, 14],
			"faces": {
				"north": {"uv": [10.25, 3.125, 11.25, 3.25], "texture": "#2"},
				"east": {"uv": [11.25, 9.25, 11.375, 9.375], "texture": "#2"},
				"south": {"uv": [10.25, 3.25, 11.25, 3.375], "texture": "#2"},
				"west": {"uv": [9.375, 11.25, 9.5, 11.375], "texture": "#2"},
				"up": {"uv": [4.375, 10.375, 3.375, 10.25], "texture": "#2"},
				"down": {"uv": [11.25, 3.375, 10.25, 3.5], "texture": "#2"}
			}
		},
		{
			"from": [12, -2.675, 5],
			"to": [13, -2.1, 11],
			"rotation": {"angle": 0, "axis": "y", "origin": [16, 0.9, 0]},
			"faces": {
				"north": {"uv": [10.5, 11.25, 10.625, 11.375], "texture": "#2"},
				"east": {"uv": [4.5, 10.625, 5.25, 10.75], "texture": "#2"},
				"south": {"uv": [10.625, 11.25, 10.75, 11.375], "texture": "#2"},
				"west": {"uv": [8.75, 10.625, 9.5, 10.75], "texture": "#2"},
				"up": {"uv": [3.875, 11.375, 3.75, 10.625], "texture": "#2"},
				"down": {"uv": [4, 10.625, 3.875, 11.375], "texture": "#2"}
			}
		},
		{
			"from": [14, -1, 4],
			"to": [15, 0, 12],
			"rotation": {"angle": 0, "axis": "y", "origin": [16, 0, 0]},
			"faces": {
				"north": {"uv": [11.375, 0.5, 11.25, 0.625], "texture": "#2"},
				"east": {"uv": [2.375, 10.25, 1.375, 10.375], "texture": "#2"},
				"south": {"uv": [0.75, 11.25, 0.625, 11.375], "texture": "#2"},
				"west": {"uv": [1.375, 10.25, 0.375, 10.375], "texture": "#2"},
				"up": {"uv": [6.75, 11.125, 6.875, 10.125], "texture": "#2"},
				"down": {"uv": [6.875, 10.125, 7, 11.125], "texture": "#2"}
			}
		},
		{
			"from": [15, -1, 5],
			"to": [16, 0, 11],
			"rotation": {"angle": 0, "axis": "y", "origin": [16, 0, 0]},
			"faces": {
				"north": {"uv": [11.375, 0.625, 11.25, 0.75], "texture": "#2"},
				"east": {"uv": [11.125, 4.375, 10.375, 4.5], "texture": "#2"},
				"south": {"uv": [0.875, 11.25, 0.75, 11.375], "texture": "#2"},
				"west": {"uv": [11.125, 4.25, 10.375, 4.375], "texture": "#2"},
				"up": {"uv": [8.5, 6.75, 8.625, 6], "texture": "#2"},
				"down": {"uv": [8.625, 6, 8.75, 6.75], "texture": "#2"}
			}
		},
		{
			"from": [15, -1.575, 6],
			"to": [16, -1, 10],
			"rotation": {"angle": 0, "axis": "y", "origin": [16, 0, 0]},
			"faces": {
				"north": {"uv": [1, 11.25, 0.875, 11.375], "texture": "#2"},
				"east": {"uv": [2.75, 10.875, 2.25, 11], "texture": "#2"},
				"south": {"uv": [1.125, 11.25, 1, 11.375], "texture": "#2"},
				"west": {"uv": [11.375, 2.125, 10.875, 2.25], "texture": "#2"},
				"up": {"uv": [9, 3, 9.125, 2.5], "texture": "#2"},
				"down": {"uv": [9.125, 2.5, 9.25, 3], "texture": "#2"}
			}
		},
		{
			"from": [0, -1.575, 6],
			"to": [1, -1, 10],
			"faces": {
				"north": {"uv": [1.25, 11.25, 1.125, 11.375], "texture": "#2"},
				"east": {"uv": [11.375, 2.375, 10.875, 2.5], "texture": "#2"},
				"south": {"uv": [1.375, 11.25, 1.25, 11.375], "texture": "#2"},
				"west": {"uv": [11.375, 2.25, 10.875, 2.375], "texture": "#2"},
				"up": {"uv": [9.75, 6, 9.875, 5.5], "texture": "#2"},
				"down": {"uv": [9.875, 5.5, 10, 6], "texture": "#2"}
			}
		},
		{
			"from": [10, -4.325, 7],
			"to": [11, -3.75, 9],
			"rotation": {"angle": 0, "axis": "y", "origin": [16, 2.25, 0]},
			"faces": {
				"north": {"uv": [3.375, 11.25, 3.25, 11.375], "texture": "#2"},
				"east": {"uv": [11.375, 8.125, 11.125, 8.25], "texture": "#2"},
				"south": {"uv": [11.375, 3.25, 11.25, 3.375], "texture": "#2"},
				"west": {"uv": [11.375, 8, 11.125, 8.125], "texture": "#2"},
				"up": {"uv": [5.375, 11.375, 5.5, 11.125], "texture": "#2"},
				"down": {"uv": [6.125, 11.125, 6.25, 11.375], "texture": "#2"}
			}
		},
		{
			"from": [5, -4.325, 7],
			"to": [6, -3.75, 9],
			"rotation": {"angle": 0, "axis": "y", "origin": [16, 2.25, 0]},
			"faces": {
				"north": {"uv": [3.5, 11.25, 3.375, 11.375], "texture": "#2"},
				"east": {"uv": [11.375, 8.375, 11.125, 8.5], "texture": "#2"},
				"south": {"uv": [11.375, 3.375, 11.25, 3.5], "texture": "#2"},
				"west": {"uv": [11.375, 8.25, 11.125, 8.375], "texture": "#2"},
				"up": {"uv": [11.125, 8.75, 11.25, 8.5], "texture": "#2"},
				"down": {"uv": [9.125, 11.125, 9.25, 11.375], "texture": "#2"}
			}
		},
		{
			"from": [4, -3.775, 6],
			"to": [5, -3.2, 10],
			"rotation": {"angle": 0, "axis": "y", "origin": [16, 1.8, 0]},
			"faces": {
				"north": {"uv": [11.375, 3.5, 11.25, 3.625], "texture": "#2"},
				"east": {"uv": [11.5, 1.25, 11, 1.375], "texture": "#2"},
				"south": {"uv": [11.375, 3.625, 11.25, 3.75], "texture": "#2"},
				"west": {"uv": [11.5, 1.125, 11, 1.25], "texture": "#2"},
				"up": {"uv": [3.25, 11.25, 3.375, 10.75], "texture": "#2"},
				"down": {"uv": [3.375, 10.75, 3.5, 11.25], "texture": "#2"}
			}
		},
		{
			"from": [11, -3.775, 6],
			"to": [12, -3.2, 10],
			"rotation": {"angle": 0, "axis": "y", "origin": [16, 1.8, 0]},
			"faces": {
				"north": {"uv": [11.375, 4, 11.25, 4.125], "texture": "#2"},
				"east": {"uv": [11.5, 1.375, 11, 1.5], "texture": "#2"},
				"south": {"uv": [11.375, 4.125, 11.25, 4.25], "texture": "#2"},
				"west": {"uv": [1.875, 11, 1.375, 11.125], "texture": "#2"},
				"up": {"uv": [5, 11.25, 5.125, 10.75], "texture": "#2"},
				"down": {"uv": [5.125, 10.75, 5.25, 11.25], "texture": "#2"}
			}
		},
		{
			"from": [12, -2.675, 5],
			"to": [13, -2.1, 11],
			"rotation": {"angle": 0, "axis": "y", "origin": [16, 0.9, 0]},
			"faces": {
				"north": {"uv": [4.75, 11.25, 4.625, 11.375], "texture": "#2"},
				"east": {"uv": [1.875, 10.5, 1.125, 10.625], "texture": "#2"},
				"south": {"uv": [4.875, 11.25, 4.75, 11.375], "texture": "#2"},
				"west": {"uv": [11.25, 0.625, 10.5, 0.75], "texture": "#2"},
				"up": {"uv": [5.75, 11, 5.875, 10.25], "texture": "#2"},
				"down": {"uv": [5.875, 10.25, 6, 11], "texture": "#2"}
			}
		},
		{
			"from": [12, -3.2, 6],
			"to": [13, -2.625, 10],
			"rotation": {"angle": 0, "axis": "y", "origin": [16, 1.375, 0]},
			"faces": {
				"north": {"uv": [11.375, 4.75, 11.25, 4.875], "texture": "#2"},
				"east": {"uv": [11.5, 6.375, 11, 6.5], "texture": "#2"},
				"south": {"uv": [5, 11.25, 4.875, 11.375], "texture": "#2"},
				"west": {"uv": [11.5, 6.25, 11, 6.375], "texture": "#2"},
				"up": {"uv": [6.25, 11.5, 6.375, 11], "texture": "#2"},
				"down": {"uv": [8.75, 11, 8.875, 11.5], "texture": "#2"}
			}
		},
		{
			"from": [3, -3.2, 6],
			"to": [4, -2.625, 10],
			"rotation": {"angle": 0, "axis": "y", "origin": [0, 1.375, 0]},
			"faces": {
				"north": {"uv": [11.375, 4.875, 11.25, 5], "texture": "#2"},
				"east": {"uv": [11.5, 6.625, 11, 6.75], "texture": "#2"},
				"south": {"uv": [5.125, 11.25, 5, 11.375], "texture": "#2"},
				"west": {"uv": [11.5, 6.5, 11, 6.625], "texture": "#2"},
				"up": {"uv": [8.875, 11.5, 9, 11], "texture": "#2"},
				"down": {"uv": [9, 11, 9.125, 11.5], "texture": "#2"}
			}
		},
		{
			"from": [13, -1.575, 4],
			"to": [14, -1, 12],
			"rotation": {"angle": 0, "axis": "y", "origin": [16, 0, 0]},
			"faces": {
				"north": {"uv": [11.375, 5, 11.25, 5.125], "texture": "#2"},
				"east": {"uv": [11.25, 2.5, 10.25, 2.625], "texture": "#2"},
				"south": {"uv": [5.25, 11.25, 5.125, 11.375], "texture": "#2"},
				"west": {"uv": [3.375, 10.25, 2.375, 10.375], "texture": "#2"},
				"up": {"uv": [7, 11.125, 7.125, 10.125], "texture": "#2"},
				"down": {"uv": [7.125, 10.125, 7.25, 11.125], "texture": "#2"}
			}
		},
		{
			"from": [14, -1.575, 5],
			"to": [15, -1, 11],
			"rotation": {"angle": 0, "axis": "y", "origin": [16, 0, 0]},
			"faces": {
				"north": {"uv": [11.375, 5.125, 11.25, 5.25], "texture": "#2"},
				"east": {"uv": [3.375, 10.5, 2.625, 10.625], "texture": "#2"},
				"south": {"uv": [11.375, 5.25, 11.25, 5.375], "texture": "#2"},
				"west": {"uv": [2.625, 10.5, 1.875, 10.625], "texture": "#2"},
				"up": {"uv": [6, 11, 6.125, 10.25], "texture": "#2"},
				"down": {"uv": [6.125, 10.25, 6.25, 11], "texture": "#2"}
			}
		},
		{
			"from": [14, -2.125, 6],
			"to": [15, -1.55, 10],
			"rotation": {"angle": 0, "axis": "y", "origin": [16, 0.45, 0]},
			"faces": {
				"north": {"uv": [5.625, 11.25, 5.5, 11.375], "texture": "#2"},
				"east": {"uv": [9.625, 11, 9.125, 11.125], "texture": "#2"},
				"south": {"uv": [5.75, 11.25, 5.625, 11.375], "texture": "#2"},
				"west": {"uv": [11.5, 6.75, 11, 6.875], "texture": "#2"},
				"up": {"uv": [9.625, 11.5, 9.75, 11], "texture": "#2"},
				"down": {"uv": [9.75, 11, 9.875, 11.5], "texture": "#2"}
			}
		},
		{
			"from": [13, -2.125, 5],
			"to": [14, -1.55, 11],
			"rotation": {"angle": 0, "axis": "y", "origin": [16, 0.45, 0]},
			"faces": {
				"north": {"uv": [5.875, 11.25, 5.75, 11.375], "texture": "#2"},
				"east": {"uv": [5.25, 10.5, 4.5, 10.625], "texture": "#2"},
				"south": {"uv": [6, 11.25, 5.875, 11.375], "texture": "#2"},
				"west": {"uv": [4.125, 10.5, 3.375, 10.625], "texture": "#2"},
				"up": {"uv": [6.25, 11, 6.375, 10.25], "texture": "#2"},
				"down": {"uv": [4.125, 10.375, 4.25, 11.125], "texture": "#2"}
			}
		},
		{
			"from": [13, -2.675, 6],
			"to": [14, -2.1, 10],
			"rotation": {"angle": 0, "axis": "y", "origin": [16, 0.9, 0]},
			"faces": {
				"north": {"uv": [6.125, 11.25, 6, 11.375], "texture": "#2"},
				"east": {"uv": [10.875, 11, 10.375, 11.125], "texture": "#2"},
				"south": {"uv": [6.875, 11.25, 6.75, 11.375], "texture": "#2"},
				"west": {"uv": [10.375, 11, 9.875, 11.125], "texture": "#2"},
				"up": {"uv": [10.875, 11.5, 11, 11], "texture": "#2"},
				"down": {"uv": [11, 11, 11.125, 11.5], "texture": "#2"}
			}
		},
		{
			"from": [1, -2.125, 6],
			"to": [2, -1.55, 10],
			"rotation": {"angle": 0, "axis": "y", "origin": [0, 0.45, 0]},
			"faces": {
				"north": {"uv": [11.375, 9.375, 11.25, 9.5], "texture": "#2"},
				"east": {"uv": [11.625, 3.875, 11.125, 4], "texture": "#2"},
				"south": {"uv": [9.625, 11.25, 9.5, 11.375], "texture": "#2"},
				"west": {"uv": [11.625, 3.75, 11.125, 3.875], "texture": "#2"},
				"up": {"uv": [11.125, 4.5, 11.25, 4], "texture": "#2"},
				"down": {"uv": [4.125, 11.125, 4.25, 11.625], "texture": "#2"}
			}
		},
		{
			"from": [2, -2.675, 6],
			"to": [3, -2.1, 10],
			"rotation": {"angle": 0, "axis": "y", "origin": [0, 0.9, 0]},
			"faces": {
				"north": {"uv": [11.375, 9.5, 11.25, 9.625], "texture": "#2"},
				"east": {"uv": [11.625, 4.5, 11.125, 4.625], "texture": "#2"},
				"south": {"uv": [11.375, 9.625, 11.25, 9.75], "texture": "#2"},
				"west": {"uv": [5, 11.125, 4.5, 11.25], "texture": "#2"},
				"up": {"uv": [4.25, 11.625, 4.375, 11.125], "texture": "#2"},
				"down": {"uv": [5.25, 11.125, 5.375, 11.625], "texture": "#2"}
			}
		},
		{
			"from": [2, -2.125, 5],
			"to": [3, -1.55, 11],
			"rotation": {"angle": 0, "axis": "y", "origin": [0, 0.45, 0]},
			"faces": {
				"north": {"uv": [11.375, 9.75, 11.25, 9.875], "texture": "#2"},
				"east": {"uv": [11.25, 10.25, 10.5, 10.375], "texture": "#2"},
				"south": {"uv": [10, 11.25, 9.875, 11.375], "texture": "#2"},
				"west": {"uv": [11, 10.5, 10.25, 10.625], "texture": "#2"},
				"up": {"uv": [4.25, 11.125, 4.375, 10.375], "texture": "#2"},
				"down": {"uv": [5.25, 10.375, 5.375, 11.125], "texture": "#2"}
			}
		},
		{
			"from": [2, -1.575, 4],
			"to": [3, -1, 12],
			"faces": {
				"north": {"uv": [11.375, 9.875, 11.25, 10], "texture": "#2"},
				"east": {"uv": [11.25, 3.625, 10.25, 3.75], "texture": "#2"},
				"south": {"uv": [10.125, 11.25, 10, 11.375], "texture": "#2"},
				"west": {"uv": [11.25, 3.5, 10.25, 3.625], "texture": "#2"},
				"up": {"uv": [10.25, 4.75, 10.375, 3.75], "texture": "#2"},
				"down": {"uv": [4.375, 10.25, 4.5, 11.25], "texture": "#2"}
			}
		},
		{
			"from": [1, -1.575, 5],
			"to": [2, -1, 11],
			"faces": {
				"north": {"uv": [11.375, 10, 11.25, 10.125], "texture": "#2"},
				"east": {"uv": [1.875, 10.625, 1.125, 10.75], "texture": "#2"},
				"south": {"uv": [10.25, 11.25, 10.125, 11.375], "texture": "#2"},
				"west": {"uv": [1.125, 10.625, 0.375, 10.75], "texture": "#2"},
				"up": {"uv": [5.375, 11.125, 5.5, 10.375], "texture": "#2"},
				"down": {"uv": [1.875, 10.625, 2, 11.375], "texture": "#2"}
			}
		},
		{
			"from": [1, -1, 4],
			"to": [2, 0, 12],
			"faces": {
				"north": {"uv": [11.375, 10.125, 11.25, 10.25], "texture": "#2"},
				"east": {"uv": [11.25, 4.75, 10.25, 4.875], "texture": "#2"},
				"south": {"uv": [10.375, 11.25, 10.25, 11.375], "texture": "#2"},
				"west": {"uv": [5.5, 10.25, 4.5, 10.375], "texture": "#2"},
				"up": {"uv": [5.5, 11.25, 5.625, 10.25], "texture": "#2"},
				"down": {"uv": [5.625, 10.25, 5.75, 11.25], "texture": "#2"}
			}
		},
		{
			"from": [0, -1, 5],
			"to": [1, 0, 11],
			"faces": {
				"north": {"uv": [11.375, 10.25, 11.25, 10.375], "texture": "#2"},
				"east": {"uv": [3.5, 10.625, 2.75, 10.75], "texture": "#2"},
				"south": {"uv": [10.5, 11.25, 10.375, 11.375], "texture": "#2"},
				"west": {"uv": [2.75, 10.625, 2, 10.75], "texture": "#2"},
				"up": {"uv": [3.5, 11.375, 3.625, 10.625], "texture": "#2"},
				"down": {"uv": [3.625, 10.625, 3.75, 11.375], "texture": "#2"}
			}
		},
		{
			"from": [3, -2.675, 5],
			"to": [4, -2.1, 11],
			"rotation": {"angle": 0, "axis": "y", "origin": [0, 0.9, 0]},
			"faces": {
				"north": {"uv": [10.625, 11.25, 10.5, 11.375], "texture": "#2"},
				"east": {"uv": [9.5, 10.625, 8.75, 10.75], "texture": "#2"},
				"south": {"uv": [10.75, 11.25, 10.625, 11.375], "texture": "#2"},
				"west": {"uv": [5.25, 10.625, 4.5, 10.75], "texture": "#2"},
				"up": {"uv": [3.75, 11.375, 3.875, 10.625], "texture": "#2"},
				"down": {"uv": [3.875, 10.625, 4, 11.375], "texture": "#2"}
			}
		}
	],
	"display": {
		"thirdperson_righthand": {
			"rotation": [180, 87, 0],
			"translation": [0.75, 4.75, 0],
			"scale": [0.092, 1.1, 0.092]
		},
		"thirdperson_lefthand": {
			"rotation": [-35, 87, 0],
			"translation": [0.75, -2.5, 0],
			"scale": [0.092, 1.1, 0.092]
		},
		"firstperson_righthand": {
			"rotation": [180, -90, 41],
			"translation": [3.38, -1.3, 1.13],
			"scale": [0.09, 1.07, 0.09]
		},
		"firstperson_lefthand": {
			"rotation": [-68, -90, 41],
			"translation": [3.38, 5.25, 7],
			"scale": [0.09, 1.07, 0.09]
		},
		"ground": {
			"rotation": [-52, 0, 0],
			"translation": [0, 2.25, 2.5],
			"scale": [0.053, 0.63, 0.053]
		},
		"gui": {
			"rotation": [-103, 46, 83],
			"translation": [1.5, -1.5, 0],
			"scale": [0.053, 0.63, 0.053]
		},
		"head": {
			"rotation": [180, 90, -77],
			"translation": [-7.5, 1.5, -4],
			"scale": [0.08, 0.95, 0.08]
		},
		"fixed": {
			"translation": [0, -7.75, -1.75],
			"scale": [0.154, 1.83, 0.154]
		}
	},
	"groups": [
		{
			"name": "body",
			"origin": [8.15, 26.7, 8],
			"color": 0,
			"children": [0, 1, 2, 3, 4, 5, 6, 7, 8, 9, 10, 11, 12, 13, 14, 15, 16, 17, 18, 19, 20, 21, 22, 23, 24, 25]
		},
		{
			"name": "iron",
			"origin": [11.05, 0, -0.05],
			"color": 0,
			"children": [26, 27, 28, 29, 30, 31, 32, 33, 34, 35]
		},
		{
			"name": "point",
			"origin": [0, 0.9, 0],
			"color": 0,
			"children": [
				36,
				37,
				38,
				39,
				40,
				41,
				42,
				43,
				44,
				45,
				46,
				47,
				48,
				49,
				50,
				51,
				52,
				53,
				54,
				55,
				56,
				57,
				58,
				59,
				60,
				61,
				62,
				63,
				64,
				65,
				66,
				67,
				68,
				69,
				70,
				71,
				72,
				73,
				74,
				75,
				76,
				77,
				78,
				79,
				80,
				81,
				82,
				83,
				84,
				85,
				86,
				87,
				88,
				89,
				90,
				91
			]
		}
	]
}