{
	"credit": "Made with Blockbench",
	"texture_size": [32, 32],
	"textures": {
		"0": "item/pen/pencil/pencil",
		"1": "item/pen/pencil/eraser",
		"particle": "item/pen/pencil/pencil"
	},
	"elements": [
		{
			"from": [-0.175, 23, 4.825],
			"to": [1.175, 25, 11.175],
			"faces": {
				"north": {"uv": [12.25, 1, 12.375, 1.25], "texture": "#0"},
				"east": {"uv": [11, 4, 11.75, 4.25], "texture": "#0"},
				"south": {"uv": [12.25, 1.25, 12.375, 1.5], "texture": "#0"},
				"west": {"uv": [11, 4.25, 11.75, 4.5], "texture": "#0"},
				"up": {"uv": [11.75, 2.5, 11.625, 1.75], "texture": "#0"},
				"down": {"uv": [11.75, 8.5, 11.625, 9.25], "texture": "#0"}
			}
		},
		{
			"from": [14.825, 23, 4.825],
			"to": [16.175, 25, 11.175],
			"faces": {
				"north": {"uv": [12.25, 0.5, 12.375, 0.75], "texture": "#0"},
				"east": {"uv": [11, 3.5, 11.75, 3.75], "texture": "#0"},
				"south": {"uv": [12.25, 0.75, 12.375, 1], "texture": "#0"},
				"west": {"uv": [11, 3.75, 11.75, 4], "texture": "#0"},
				"up": {"uv": [10.625, 12.25, 10.5, 11.5], "texture": "#0"},
				"down": {"uv": [10.75, 11.5, 10.625, 12.25], "texture": "#0"}
			}
		},
		{
			"from": [4.825, 23, -0.175],
			"to": [11.175, 25, 1.175],
			"faces": {
				"north": {"uv": [11, 3, 11.75, 3.25], "texture": "#0"},
				"east": {"uv": [12.25, 0, 12.375, 0.25], "texture": "#0"},
				"south": {"uv": [11, 3.25, 11.75, 3.5], "texture": "#0"},
				"west": {"uv": [12.25, 0.25, 12.375, 0.5], "texture": "#0"},
				"up": {"uv": [12.375, 1.625, 11.625, 1.5], "texture": "#0"},
				"down": {"uv": [12.375, 1.625, 11.625, 1.75], "texture": "#0"}
			}
		},
		{
			"from": [2.825, 23, 13.825],
			"to": [13.175, 25, 15.175],
			"faces": {
				"north": {"uv": [9.75, 8, 11, 8.25], "texture": "#0"},
				"east": {"uv": [11.125, 12.125, 11.25, 12.375], "texture": "#0"},
				"south": {"uv": [9.75, 8.25, 11, 8.5], "texture": "#0"},
				"west": {"uv": [12.125, 12, 12.25, 12.25], "texture": "#0"},
				"up": {"uv": [7.5, 11.125, 6.25, 11], "texture": "#0"},
				"down": {"uv": [12.25, 6.25, 11, 6.375], "texture": "#0"}
			}
		},
		{
			"from": [4.825, 23, 14.825],
			"to": [11.175, 25, 16.175],
			"faces": {
				"north": {"uv": [11, 0.25, 11.75, 0.5], "texture": "#0"},
				"east": {"uv": [10.875, 12.125, 11, 12.375], "texture": "#0"},
				"south": {"uv": [11, 0.5, 11.75, 0.75], "texture": "#0"},
				"west": {"uv": [11, 12.125, 11.125, 12.375], "texture": "#0"},
				"up": {"uv": [11.75, 11.625, 11, 11.5], "texture": "#0"},
				"down": {"uv": [12.25, 11.25, 11.5, 11.375], "texture": "#0"}
			}
		},
		{
			"from": [2.825, 23, 0.825],
			"to": [13.175, 25, 2.175],
			"faces": {
				"north": {"uv": [9.75, 6.5, 11, 6.75], "texture": "#0"},
				"east": {"uv": [10.75, 12.125, 10.875, 12.375], "texture": "#0"},
				"south": {"uv": [9.75, 6.75, 11, 7], "texture": "#0"},
				"west": {"uv": [12.125, 10.75, 12.25, 11], "texture": "#0"},
				"up": {"uv": [12.25, 6.125, 11, 6], "texture": "#0"},
				"down": {"uv": [12.25, 6.125, 11, 6.25], "texture": "#0"}
			}
		},
		{
			"from": [0.825, 23, 2.825],
			"to": [2.175, 25, 13.175],
			"faces": {
				"north": {"uv": [12.125, 9.75, 12.25, 10], "texture": "#0"},
				"east": {"uv": [9.75, 6, 11, 6.25], "texture": "#0"},
				"south": {"uv": [12.125, 10.5, 12.25, 10.75], "texture": "#0"},
				"west": {"uv": [9.75, 6.25, 11, 6.5], "texture": "#0"},
				"up": {"uv": [5.625, 12.25, 5.5, 11], "texture": "#0"},
				"down": {"uv": [5.75, 11, 5.625, 12.25], "texture": "#0"}
			}
		},
		{
			"from": [13.825, 23, 2.825],
			"to": [15.175, 25, 13.175],
			"faces": {
				"north": {"uv": [12.125, 9.125, 12.25, 9.375], "texture": "#0"},
				"east": {"uv": [9.75, 5.5, 11, 5.75], "texture": "#0"},
				"south": {"uv": [12.125, 9.375, 12.25, 9.625], "texture": "#0"},
				"west": {"uv": [9.75, 5.75, 11, 6], "texture": "#0"},
				"up": {"uv": [5.375, 12.25, 5.25, 11], "texture": "#0"},
				"down": {"uv": [5.5, 11, 5.375, 12.25], "texture": "#0"}
			}
		},
		{
			"from": [1.825, 23, 1.825],
			"to": [14.175, 25, 14.175],
			"faces": {
				"north": {"uv": [9.75, 4.5, 11.25, 4.75], "texture": "#0"},
				"east": {"uv": [9.75, 4.75, 11.25, 5], "texture": "#0"},
				"south": {"uv": [9.75, 5, 11.25, 5.25], "texture": "#0"},
				"west": {"uv": [9.75, 5.25, 11.25, 5.5], "texture": "#0"},
				"up": {"uv": [9.75, 9.5, 8.25, 8], "texture": "#0"},
				"down": {"uv": [10, 3, 8.5, 4.5], "texture": "#0"}
			}
		},
		{
			"from": [4, -1, 14],
			"to": [12, 0, 15],
			"faces": {
				"north": {"uv": [9.75, 9.5, 10.75, 9.75], "texture": "#0"},
				"east": {"uv": [5.875, 12, 6, 12.25], "texture": "#0"},
				"south": {"uv": [9.75, 9.75, 10.75, 10], "texture": "#0"},
				"west": {"uv": [6, 12, 6.125, 12.25], "texture": "#0"},
				"up": {"uv": [12, 8.5, 11, 8.375], "texture": "#0"},
				"down": {"uv": [10.75, 11, 9.75, 11.125], "texture": "#0"}
			}
		},
		{
			"from": [5, -2, 14],
			"to": [11, -1, 15],
			"faces": {
				"north": {"uv": [10.75, 2.5, 11.5, 2.75], "texture": "#0"},
				"east": {"uv": [11.875, 12, 12, 12.25], "texture": "#0"},
				"south": {"uv": [10.75, 2.75, 11.5, 3], "texture": "#0"},
				"west": {"uv": [12, 12, 12.125, 12.25], "texture": "#0"},
				"up": {"uv": [12.25, 7.125, 11.5, 7], "texture": "#0"},
				"down": {"uv": [12.25, 7.125, 11.5, 7.25], "texture": "#0"}
			}
		},
		{
			"from": [6, -3, 14],
			"to": [10, -2, 15],
			"faces": {
				"north": {"uv": [11.875, 1.875, 12.375, 2], "texture": "#0"},
				"east": {"uv": [5.5, 12.25, 5.625, 12.375], "texture": "#0"},
				"south": {"uv": [11.875, 2, 12.375, 2.125], "texture": "#0"},
				"west": {"uv": [12.25, 5.5, 12.375, 5.625], "texture": "#0"},
				"up": {"uv": [12.375, 2.25, 11.875, 2.125], "texture": "#0"},
				"down": {"uv": [12.375, 2.25, 11.875, 2.375], "texture": "#0"}
			}
		},
		{
			"from": [5, -2, 1],
			"to": [11, -1, 2],
			"faces": {
				"north": {"uv": [5.25, 10.75, 6, 11], "texture": "#0"},
				"east": {"uv": [0, 12.125, 0.125, 12.375], "texture": "#0"},
				"south": {"uv": [6.75, 10.75, 7.5, 11], "texture": "#0"},
				"west": {"uv": [0.125, 12.125, 0.25, 12.375], "texture": "#0"},
				"up": {"uv": [12.25, 7.375, 11.5, 7.25], "texture": "#0"},
				"down": {"uv": [12.25, 7.375, 11.5, 7.5], "texture": "#0"}
			}
		},
		{
			"from": [6, -3, 1],
			"to": [10, -2, 2],
			"faces": {
				"north": {"uv": [11.875, 2.375, 12.375, 2.5], "texture": "#0"},
				"east": {"uv": [5.625, 12.25, 5.75, 12.375], "texture": "#0"},
				"south": {"uv": [11.875, 2.5, 12.375, 2.625], "texture": "#0"},
				"west": {"uv": [12.25, 5.625, 12.375, 5.75], "texture": "#0"},
				"up": {"uv": [12.375, 2.75, 11.875, 2.625], "texture": "#0"},
				"down": {"uv": [12.375, 2.75, 11.875, 2.875], "texture": "#0"}
			}
		},
		{
			"from": [4, -1, 1],
			"to": [12, 0, 2],
			"faces": {
				"north": {"uv": [9.75, 9, 10.75, 9.25], "texture": "#0"},
				"east": {"uv": [5.125, 12, 5.25, 12.25], "texture": "#0"},
				"south": {"uv": [9.75, 9.25, 10.75, 9.5], "texture": "#0"},
				"west": {"uv": [5.75, 12, 5.875, 12.25], "texture": "#0"},
				"up": {"uv": [12, 8.25, 11, 8.125], "texture": "#0"},
				"down": {"uv": [12, 8.25, 11, 8.375], "texture": "#0"}
			}
		},
		{
			"from": [5, -1, 0],
			"to": [11, 0, 1],
			"faces": {
				"north": {"uv": [9.75, 10.75, 10.5, 11], "texture": "#0"},
				"east": {"uv": [2, 12.125, 2.125, 12.375], "texture": "#0"},
				"south": {"uv": [10.75, 9.75, 11.5, 10], "texture": "#0"},
				"west": {"uv": [2.125, 12.125, 2.25, 12.375], "texture": "#0"},
				"up": {"uv": [12.25, 10.125, 11.5, 10], "texture": "#0"},
				"down": {"uv": [12.25, 10.125, 11.5, 10.25], "texture": "#0"}
			}
		},
		{
			"from": [6, -2, 0],
			"to": [10, -1, 1],
			"faces": {
				"north": {"uv": [11.25, 1.25, 11.75, 1.5], "texture": "#0"},
				"east": {"uv": [2.25, 12.125, 2.375, 12.375], "texture": "#0"},
				"south": {"uv": [6.375, 11.25, 6.875, 11.5], "texture": "#0"},
				"west": {"uv": [2.375, 12.125, 2.5, 12.375], "texture": "#0"},
				"up": {"uv": [12.375, 8.75, 11.875, 8.625], "texture": "#0"},
				"down": {"uv": [12.375, 8.75, 11.875, 8.875], "texture": "#0"}
			}
		},
		{
			"from": [5, -1, 15],
			"to": [11, 0, 16],
			"faces": {
				"north": {"uv": [10.75, 10, 11.5, 10.25], "texture": "#0"},
				"east": {"uv": [2.75, 12.125, 2.875, 12.375], "texture": "#0"},
				"south": {"uv": [10.75, 10.25, 11.5, 10.5], "texture": "#0"},
				"west": {"uv": [2.875, 12.125, 3, 12.375], "texture": "#0"},
				"up": {"uv": [12.25, 10.375, 11.5, 10.25], "texture": "#0"},
				"down": {"uv": [12.25, 10.375, 11.5, 10.5], "texture": "#0"}
			}
		},
		{
			"from": [6, -2, 15],
			"to": [10, -1, 16],
			"faces": {
				"north": {"uv": [9.75, 11.25, 10.25, 11.5], "texture": "#0"},
				"east": {"uv": [2.5, 12.125, 2.625, 12.375], "texture": "#0"},
				"south": {"uv": [10.25, 11.25, 10.75, 11.5], "texture": "#0"},
				"west": {"uv": [2.625, 12.125, 2.75, 12.375], "texture": "#0"},
				"up": {"uv": [12.375, 9, 11.875, 8.875], "texture": "#0"},
				"down": {"uv": [12.25, 11.875, 11.75, 12], "texture": "#0"}
			}
		},
		{
			"from": [1, -1, 4],
			"to": [2, 0, 12],
			"faces": {
				"north": {"uv": [4.875, 12, 5, 12.25], "texture": "#0"},
				"east": {"uv": [9.75, 8.5, 10.75, 8.75], "texture": "#0"},
				"south": {"uv": [5, 12, 5.125, 12.25], "texture": "#0"},
				"west": {"uv": [9.75, 8.75, 10.75, 9], "texture": "#0"},
				"up": {"uv": [8.375, 4, 8.25, 3], "texture": "#0"},
				"down": {"uv": [8.5, 3, 8.375, 4], "texture": "#0"}
			}
		},
		{
			"from": [0, -1, 5],
			"to": [1, 0, 11],
			"faces": {
				"north": {"uv": [1, 12.125, 1.125, 12.375], "texture": "#0"},
				"east": {"uv": [10.75, 8.75, 11.5, 9], "texture": "#0"},
				"south": {"uv": [1.125, 12.125, 1.25, 12.375], "texture": "#0"},
				"west": {"uv": [10.75, 9, 11.5, 9.25], "texture": "#0"},
				"up": {"uv": [9.875, 12.25, 9.75, 11.5], "texture": "#0"},
				"down": {"uv": [10, 11.5, 9.875, 12.25], "texture": "#0"}
			}
		},
		{
			"from": [0, -2, 6],
			"to": [1, -1, 10],
			"faces": {
				"north": {"uv": [1.5, 12.125, 1.625, 12.375], "texture": "#0"},
				"east": {"uv": [11.25, 0.75, 11.75, 1], "texture": "#0"},
				"south": {"uv": [1.625, 12.125, 1.75, 12.375], "texture": "#0"},
				"west": {"uv": [11.25, 1, 11.75, 1.25], "texture": "#0"},
				"up": {"uv": [11.625, 12.375, 11.5, 11.875], "texture": "#0"},
				"down": {"uv": [11.75, 11.875, 11.625, 12.375], "texture": "#0"}
			}
		},
		{
			"from": [15, -2, 6],
			"to": [16, -1, 10],
			"rotation": {"angle": 0, "axis": "y", "origin": [16, 0, 0]},
			"faces": {
				"north": {"uv": [4.625, 12, 4.75, 12.25], "texture": "#0"},
				"east": {"uv": [6.75, 10.5, 7.25, 10.75], "texture": "#0"},
				"south": {"uv": [4.75, 12, 4.875, 12.25], "texture": "#0"},
				"west": {"uv": [11, 6.75, 11.5, 7], "texture": "#0"},
				"up": {"uv": [11.75, 3, 11.625, 2.5], "texture": "#0"},
				"down": {"uv": [11.75, 9.25, 11.625, 9.75], "texture": "#0"}
			}
		},
		{
			"from": [2, -1, 2],
			"to": [14, 0, 14],
			"faces": {
				"north": {"uv": [9.5, 7.75, 11, 8], "texture": "#0"},
				"east": {"uv": [9.75, 0.75, 11.25, 1], "texture": "#0"},
				"south": {"uv": [9.75, 1, 11.25, 1.25], "texture": "#0"},
				"west": {"uv": [9.75, 1.25, 11.25, 1.5], "texture": "#0"},
				"up": {"uv": [9.75, 1.5, 8.25, 0], "texture": "#0"},
				"down": {"uv": [9.75, 1.5, 8.25, 3], "texture": "#0"}
			}
		},
		{
			"from": [3, -3, 3],
			"to": [13, -1, 13],
			"faces": {
				"north": {"uv": [9.5, 7, 10.75, 7.375], "texture": "#0"},
				"east": {"uv": [9.5, 7.375, 10.75, 7.75], "texture": "#0"},
				"south": {"uv": [9.75, 0, 11, 0.375], "texture": "#0"},
				"west": {"uv": [9.75, 0.375, 11, 0.75], "texture": "#0"},
				"up": {"uv": [9.75, 5.75, 8.5, 4.5], "texture": "#0"},
				"down": {"uv": [9.75, 5.75, 8.5, 7], "texture": "#0"}
			}
		},
		{
			"from": [5, -4, 3],
			"to": [11, -3, 4],
			"faces": {
				"north": {"uv": [9.75, 10.5, 10.5, 10.75], "texture": "#0"},
				"east": {"uv": [12, 8.125, 12.125, 8.375], "texture": "#0"},
				"south": {"uv": [10.5, 10.5, 11.25, 10.75], "texture": "#0"},
				"west": {"uv": [12, 9.125, 12.125, 9.375], "texture": "#0"},
				"up": {"uv": [12, 11, 11.25, 10.875], "texture": "#0"},
				"down": {"uv": [12.125, 5.25, 11.375, 5.375], "texture": "#0"}
			}
		},
		{
			"from": [5, -4, 12],
			"to": [11, -3, 13],
			"faces": {
				"north": {"uv": [10.75, 1.5, 11.5, 1.75], "texture": "#0"},
				"east": {"uv": [12, 9.375, 12.125, 9.625], "texture": "#0"},
				"south": {"uv": [10.75, 1.75, 11.5, 2], "texture": "#0"},
				"west": {"uv": [12, 10.5, 12.125, 10.75], "texture": "#0"},
				"up": {"uv": [12.125, 5.5, 11.375, 5.375], "texture": "#0"},
				"down": {"uv": [12.125, 6.375, 11.375, 6.5], "texture": "#0"}
			}
		},
		{
			"from": [6, -5, 12],
			"to": [10, -4, 13],
			"faces": {
				"north": {"uv": [11.875, 11.75, 12.375, 11.875], "texture": "#0"},
				"east": {"uv": [6.125, 12.25, 6.25, 12.375], "texture": "#0"},
				"south": {"uv": [0, 12, 0.5, 12.125], "texture": "#0"},
				"west": {"uv": [12.25, 6.125, 12.375, 6.25], "texture": "#0"},
				"up": {"uv": [1, 12.125, 0.5, 12], "texture": "#0"},
				"down": {"uv": [1.5, 12, 1, 12.125], "texture": "#0"}
			}
		},
		{
			"from": [6, -5, 3],
			"to": [10, -4, 4],
			"faces": {
				"north": {"uv": [1.5, 12, 2, 12.125], "texture": "#0"},
				"east": {"uv": [6.25, 12.25, 6.375, 12.375], "texture": "#0"},
				"south": {"uv": [2, 12, 2.5, 12.125], "texture": "#0"},
				"west": {"uv": [12.25, 6.25, 12.375, 6.375], "texture": "#0"},
				"up": {"uv": [3, 12.125, 2.5, 12], "texture": "#0"},
				"down": {"uv": [3.5, 12, 3, 12.125], "texture": "#0"}
			}
		},
		{
			"from": [4, -5, 4],
			"to": [12, -3, 12],
			"faces": {
				"north": {"uv": [9.75, 1.5, 10.75, 1.875], "texture": "#0"},
				"east": {"uv": [9.75, 1.875, 10.75, 2.25], "texture": "#0"},
				"south": {"uv": [9.75, 2.25, 10.75, 2.625], "texture": "#0"},
				"west": {"uv": [9.75, 2.625, 10.75, 3], "texture": "#0"},
				"up": {"uv": [9.5, 8, 8.5, 7], "texture": "#0"},
				"down": {"uv": [6.25, 9.5, 5.25, 10.5], "texture": "#0"}
			}
		},
		{
			"from": [5, -6, 5],
			"to": [11, -5, 11],
			"faces": {
				"north": {"uv": [11.375, 6.5, 12.125, 6.625], "texture": "#0"},
				"east": {"uv": [11.375, 6.625, 12.125, 6.75], "texture": "#0"},
				"south": {"uv": [11.375, 7.75, 12.125, 7.875], "texture": "#0"},
				"west": {"uv": [11.375, 7.875, 12.125, 8], "texture": "#0"},
				"up": {"uv": [7, 10.25, 6.25, 9.5], "texture": "#0"},
				"down": {"uv": [7.75, 9.5, 7, 10.25], "texture": "#0"}
			}
		},
		{
			"from": [6, -7, 6],
			"to": [10, -6, 10],
			"faces": {
				"north": {"uv": [12, 3.375, 12.5, 3.5], "texture": "#0"},
				"east": {"uv": [12, 3.5, 12.5, 3.625], "texture": "#0"},
				"south": {"uv": [3.75, 12, 4.25, 12.125], "texture": "#0"},
				"west": {"uv": [12, 3.875, 12.5, 4], "texture": "#0"},
				"up": {"uv": [7.75, 10.75, 7.25, 10.25], "texture": "#0"},
				"down": {"uv": [6.75, 10.5, 6.25, 11], "texture": "#0"}
			}
		},
		{
			"from": [6.5, -8, 6.5],
			"to": [9.5, -7, 9.5],
			"faces": {
				"north": {"uv": [12, 4, 12.375, 4.125], "texture": "#0"},
				"east": {"uv": [12, 4.125, 12.375, 4.25], "texture": "#0"},
				"south": {"uv": [4.25, 12, 4.625, 12.125], "texture": "#0"},
				"west": {"uv": [12, 4.25, 12.375, 4.375], "texture": "#0"},
				"up": {"uv": [11.375, 6.75, 11, 6.375], "texture": "#0"},
				"down": {"uv": [11.375, 7.75, 11, 8.125], "texture": "#0"}
			}
		},
		{
			"from": [7.5, -9, 7.5],
			"to": [8.5, -8, 8.5],
			"faces": {
				"north": {"uv": [12.25, 7.125, 12.375, 7.25], "texture": "#0"},
				"east": {"uv": [7.25, 12.25, 7.375, 12.375], "texture": "#0"},
				"south": {"uv": [12.25, 7.25, 12.375, 7.375], "texture": "#0"},
				"west": {"uv": [7.375, 12.25, 7.5, 12.375], "texture": "#0"},
				"up": {"uv": [12.375, 7.5, 12.25, 7.375], "texture": "#0"},
				"down": {"uv": [7.625, 12.25, 7.5, 12.375], "texture": "#0"}
			}
		},
		{
			"from": [7, -7, 10],
			"to": [9, -6, 11],
			"faces": {
				"north": {"uv": [12.125, 6.375, 12.375, 6.5], "texture": "#0"},
				"east": {"uv": [12.25, 6.875, 12.375, 7], "texture": "#0"},
				"south": {"uv": [12.125, 6.5, 12.375, 6.625], "texture": "#0"},
				"west": {"uv": [7, 12.25, 7.125, 12.375], "texture": "#0"},
				"up": {"uv": [12.375, 6.75, 12.125, 6.625], "texture": "#0"},
				"down": {"uv": [7.5, 12.125, 7.25, 12.25], "texture": "#0"}
			}
		},
		{
			"from": [7, -7, 5],
			"to": [9, -6, 6],
			"faces": {
				"north": {"uv": [12.125, 7.75, 12.375, 7.875], "texture": "#0"},
				"east": {"uv": [12.25, 7, 12.375, 7.125], "texture": "#0"},
				"south": {"uv": [12.125, 7.875, 12.375, 8], "texture": "#0"},
				"west": {"uv": [7.125, 12.25, 7.25, 12.375], "texture": "#0"},
				"up": {"uv": [12.375, 8.125, 12.125, 8], "texture": "#0"},
				"down": {"uv": [12.375, 8.125, 12.125, 8.25], "texture": "#0"}
			}
		},
		{
			"from": [5, -7, 7],
			"to": [6, -6, 9],
			"faces": {
				"north": {"uv": [6.625, 12.25, 6.75, 12.375], "texture": "#0"},
				"east": {"uv": [12, 8.375, 12.25, 8.5], "texture": "#0"},
				"south": {"uv": [6.75, 12.25, 6.875, 12.375], "texture": "#0"},
				"west": {"uv": [3.25, 12.125, 3.5, 12.25], "texture": "#0"},
				"up": {"uv": [3.875, 12.375, 3.75, 12.125], "texture": "#0"},
				"down": {"uv": [4, 12.125, 3.875, 12.375], "texture": "#0"}
			}
		},
		{
			"from": [10, -7, 7],
			"to": [11, -6, 9],
			"faces": {
				"north": {"uv": [12.25, 6.75, 12.375, 6.875], "texture": "#0"},
				"east": {"uv": [4, 12.125, 4.25, 12.25], "texture": "#0"},
				"south": {"uv": [6.875, 12.25, 7, 12.375], "texture": "#0"},
				"west": {"uv": [4.25, 12.125, 4.5, 12.25], "texture": "#0"},
				"up": {"uv": [4.625, 12.375, 4.5, 12.125], "texture": "#0"},
				"down": {"uv": [12.25, 5.25, 12.125, 5.5], "texture": "#0"}
			}
		},
		{
			"from": [11, -6, 6],
			"to": [12, -5, 10],
			"faces": {
				"north": {"uv": [4.25, 12.25, 4.375, 12.375], "texture": "#0"},
				"east": {"uv": [11.75, 0.875, 12.25, 1], "texture": "#0"},
				"south": {"uv": [4.375, 12.25, 4.5, 12.375], "texture": "#0"},
				"west": {"uv": [11.75, 1, 12.25, 1.125], "texture": "#0"},
				"up": {"uv": [11.875, 2.25, 11.75, 1.75], "texture": "#0"},
				"down": {"uv": [11.875, 2.25, 11.75, 2.75], "texture": "#0"}
			}
		},
		{
			"from": [4, -6, 6],
			"to": [5, -5, 10],
			"faces": {
				"north": {"uv": [12.25, 4.375, 12.375, 4.5], "texture": "#0"},
				"east": {"uv": [11.75, 1.125, 12.25, 1.25], "texture": "#0"},
				"south": {"uv": [12.25, 4.5, 12.375, 4.625], "texture": "#0"},
				"west": {"uv": [11.75, 1.25, 12.25, 1.375], "texture": "#0"},
				"up": {"uv": [11.875, 3.25, 11.75, 2.75], "texture": "#0"},
				"down": {"uv": [11.875, 3.25, 11.75, 3.75], "texture": "#0"}
			}
		},
		{
			"from": [6, -6, 11],
			"to": [10, -5, 12],
			"faces": {
				"north": {"uv": [11.25, 11.625, 11.75, 11.75], "texture": "#0"},
				"east": {"uv": [3.375, 12.25, 3.5, 12.375], "texture": "#0"},
				"south": {"uv": [11.75, 0, 12.25, 0.125], "texture": "#0"},
				"west": {"uv": [12.25, 3.75, 12.375, 3.875], "texture": "#0"},
				"up": {"uv": [12.25, 0.25, 11.75, 0.125], "texture": "#0"},
				"down": {"uv": [12.25, 0.25, 11.75, 0.375], "texture": "#0"}
			}
		},
		{
			"from": [6, -6, 4],
			"to": [10, -5, 5],
			"faces": {
				"north": {"uv": [11.75, 0.375, 12.25, 0.5], "texture": "#0"},
				"east": {"uv": [4, 12.25, 4.125, 12.375], "texture": "#0"},
				"south": {"uv": [11.75, 0.5, 12.25, 0.625], "texture": "#0"},
				"west": {"uv": [4.125, 12.25, 4.25, 12.375], "texture": "#0"},
				"up": {"uv": [12.25, 0.75, 11.75, 0.625], "texture": "#0"},
				"down": {"uv": [12.25, 0.75, 11.75, 0.875], "texture": "#0"}
			}
		},
		{
			"from": [3, -4, 5],
			"to": [4, -3, 11],
			"faces": {
				"north": {"uv": [12, 10.75, 12.125, 11], "texture": "#0"},
				"east": {"uv": [10.75, 2, 11.5, 2.25], "texture": "#0"},
				"south": {"uv": [11.75, 12, 11.875, 12.25], "texture": "#0"},
				"west": {"uv": [10.75, 2.25, 11.5, 2.5], "texture": "#0"},
				"up": {"uv": [10.875, 12.125, 10.75, 11.375], "texture": "#0"},
				"down": {"uv": [11, 11.375, 10.875, 12.125], "texture": "#0"}
			}
		},
		{
			"from": [3, -5, 6],
			"to": [4, -4, 10],
			"faces": {
				"north": {"uv": [6.375, 12.25, 6.5, 12.375], "texture": "#0"},
				"east": {"uv": [12, 3.125, 12.5, 3.25], "texture": "#0"},
				"south": {"uv": [6.5, 12.25, 6.625, 12.375], "texture": "#0"},
				"west": {"uv": [12, 3.25, 12.5, 3.375], "texture": "#0"},
				"up": {"uv": [3.625, 12.5, 3.5, 12], "texture": "#0"},
				"down": {"uv": [3.75, 12, 3.625, 12.5], "texture": "#0"}
			}
		},
		{
			"from": [12, -5, 6],
			"to": [13, -4, 10],
			"rotation": {"angle": 0, "axis": "y", "origin": [16, 0, 0]},
			"faces": {
				"north": {"uv": [12.125, 8.25, 12.25, 8.375], "texture": "#0"},
				"east": {"uv": [11.625, 9.75, 12.125, 9.875], "texture": "#0"},
				"south": {"uv": [3.25, 12.25, 3.375, 12.375], "texture": "#0"},
				"west": {"uv": [11.625, 9.875, 12.125, 10], "texture": "#0"},
				"up": {"uv": [11.125, 12.125, 11, 11.625], "texture": "#0"},
				"down": {"uv": [11.25, 11.625, 11.125, 12.125], "texture": "#0"}
			}
		},
		{
			"from": [2, -2, 4],
			"to": [3, -1, 12],
			"faces": {
				"north": {"uv": [7.5, 12, 7.625, 12.25], "texture": "#0"},
				"east": {"uv": [10, 4, 11, 4.25], "texture": "#0"},
				"south": {"uv": [7.625, 12, 7.75, 12.25], "texture": "#0"},
				"west": {"uv": [10, 4.25, 11, 4.5], "texture": "#0"},
				"up": {"uv": [5.875, 12, 5.75, 11], "texture": "#0"},
				"down": {"uv": [6, 11, 5.875, 12], "texture": "#0"}
			}
		},
		{
			"from": [1, -2, 5],
			"to": [2, -1, 11],
			"faces": {
				"north": {"uv": [0.25, 12.125, 0.375, 12.375], "texture": "#0"},
				"east": {"uv": [10.75, 7, 11.5, 7.25], "texture": "#0"},
				"south": {"uv": [0.375, 12.125, 0.5, 12.375], "texture": "#0"},
				"west": {"uv": [10.75, 7.25, 11.5, 7.5], "texture": "#0"},
				"up": {"uv": [6.75, 12.25, 6.625, 11.5], "texture": "#0"},
				"down": {"uv": [6.875, 11.5, 6.75, 12.25], "texture": "#0"}
			}
		},
		{
			"from": [1, -3, 6],
			"to": [2, -2, 10],
			"faces": {
				"north": {"uv": [6, 12.25, 6.125, 12.375], "texture": "#0"},
				"east": {"uv": [11.875, 3.625, 12.375, 3.75], "texture": "#0"},
				"south": {"uv": [12.25, 6, 12.375, 6.125], "texture": "#0"},
				"west": {"uv": [11.875, 8.5, 12.375, 8.625], "texture": "#0"},
				"up": {"uv": [12, 9.625, 11.875, 9.125], "texture": "#0"},
				"down": {"uv": [11.5, 11.875, 11.375, 12.375], "texture": "#0"}
			}
		},
		{
			"from": [2, -3, 5],
			"to": [3, -2, 11],
			"faces": {
				"north": {"uv": [4.625, 12.25, 4.75, 12.375], "texture": "#0"},
				"east": {"uv": [11.375, 8, 12.125, 8.125], "texture": "#0"},
				"south": {"uv": [12.25, 4.625, 12.375, 4.75], "texture": "#0"},
				"west": {"uv": [11, 11.375, 11.75, 11.5], "texture": "#0"},
				"up": {"uv": [11.625, 2.25, 11.5, 1.5], "texture": "#0"},
				"down": {"uv": [11.625, 2.25, 11.5, 3], "texture": "#0"}
			}
		},
		{
			"from": [2, -4, 6],
			"to": [3, -3, 10],
			"faces": {
				"north": {"uv": [5.75, 12.25, 5.875, 12.375], "texture": "#0"},
				"east": {"uv": [11.875, 2.875, 12.375, 3], "texture": "#0"},
				"south": {"uv": [12.25, 5.75, 12.375, 5.875], "texture": "#0"},
				"west": {"uv": [11.875, 3, 12.375, 3.125], "texture": "#0"},
				"up": {"uv": [12, 3.625, 11.875, 3.125], "texture": "#0"},
				"down": {"uv": [12, 3.875, 11.875, 4.375], "texture": "#0"}
			}
		},
		{
			"from": [5, -3, 2],
			"to": [11, -2, 3],
			"rotation": {"angle": 0, "axis": "y", "origin": [8, 0, 8]},
			"faces": {
				"north": {"uv": [11.5, 4.5, 12.25, 4.625], "texture": "#0"},
				"east": {"uv": [4.875, 12.25, 5, 12.375], "texture": "#0"},
				"south": {"uv": [11.5, 4.625, 12.25, 4.75], "texture": "#0"},
				"west": {"uv": [12.25, 4.875, 12.375, 5], "texture": "#0"},
				"up": {"uv": [12.25, 4.875, 11.5, 4.75], "texture": "#0"},
				"down": {"uv": [12.25, 4.875, 11.5, 5], "texture": "#0"}
			}
		},
		{
			"from": [5, -3, 13],
			"to": [11, -2, 14],
			"rotation": {"angle": 0, "axis": "y", "origin": [8, 0, 8]},
			"faces": {
				"north": {"uv": [11.5, 5, 12.25, 5.125], "texture": "#0"},
				"east": {"uv": [5.25, 12.25, 5.375, 12.375], "texture": "#0"},
				"south": {"uv": [11.5, 5.125, 12.25, 5.25], "texture": "#0"},
				"west": {"uv": [12.25, 5.25, 12.375, 5.375], "texture": "#0"},
				"up": {"uv": [12.25, 6.875, 11.5, 6.75], "texture": "#0"},
				"down": {"uv": [12.25, 6.875, 11.5, 7], "texture": "#0"}
			}
		},
		{
			"from": [6, -4, 2],
			"to": [10, -3, 3],
			"rotation": {"angle": 0, "axis": "y", "origin": [8, 0, 8]},
			"faces": {
				"north": {"uv": [11.75, 9.625, 12.25, 9.75], "texture": "#0"},
				"east": {"uv": [5.125, 12.25, 5.25, 12.375], "texture": "#0"},
				"south": {"uv": [11.75, 11, 12.25, 11.125], "texture": "#0"},
				"west": {"uv": [12.25, 5.125, 12.375, 5.25], "texture": "#0"},
				"up": {"uv": [12.25, 11.25, 11.75, 11.125], "texture": "#0"},
				"down": {"uv": [11.875, 11.75, 11.375, 11.875], "texture": "#0"}
			}
		},
		{
			"from": [6, -4, 13],
			"to": [10, -3, 14],
			"rotation": {"angle": 0, "axis": "y", "origin": [8, 0, 8]},
			"faces": {
				"north": {"uv": [11.75, 11.375, 12.25, 11.5], "texture": "#0"},
				"east": {"uv": [5.375, 12.25, 5.5, 12.375], "texture": "#0"},
				"south": {"uv": [11.75, 11.5, 12.25, 11.625], "texture": "#0"},
				"west": {"uv": [12.25, 5.375, 12.375, 5.5], "texture": "#0"},
				"up": {"uv": [12.25, 11.75, 11.75, 11.625], "texture": "#0"},
				"down": {"uv": [12.375, 1.75, 11.875, 1.875], "texture": "#0"}
			}
		},
		{
			"from": [4, -2, 2],
			"to": [12, -1, 3],
			"faces": {
				"north": {"uv": [10, 3, 11, 3.25], "texture": "#0"},
				"east": {"uv": [6.125, 12, 6.25, 12.25], "texture": "#0"},
				"south": {"uv": [10, 3.25, 11, 3.5], "texture": "#0"},
				"west": {"uv": [6.875, 12, 7, 12.25], "texture": "#0"},
				"up": {"uv": [11.75, 11.125, 10.75, 11], "texture": "#0"},
				"down": {"uv": [7.25, 11.125, 6.25, 11.25], "texture": "#0"}
			}
		},
		{
			"from": [4, -2, 13],
			"to": [12, -1, 14],
			"faces": {
				"north": {"uv": [10, 3.5, 11, 3.75], "texture": "#0"},
				"east": {"uv": [7, 12, 7.125, 12.25], "texture": "#0"},
				"south": {"uv": [10, 3.75, 11, 4], "texture": "#0"},
				"west": {"uv": [7.125, 12, 7.25, 12.25], "texture": "#0"},
				"up": {"uv": [10.75, 11.25, 9.75, 11.125], "texture": "#0"},
				"down": {"uv": [11.75, 11.125, 10.75, 11.25], "texture": "#0"}
			}
		},
		{
			"from": [14, -3, 6],
			"to": [15, -2, 10],
			"rotation": {"angle": 0, "axis": "y", "origin": [16, 0, 0]},
			"faces": {
				"north": {"uv": [4.75, 12.25, 4.875, 12.375], "texture": "#0"},
				"east": {"uv": [11.75, 1.375, 12.25, 1.5], "texture": "#0"},
				"south": {"uv": [12.25, 4.75, 12.375, 4.875], "texture": "#0"},
				"west": {"uv": [11.75, 3.75, 12.25, 3.875], "texture": "#0"},
				"up": {"uv": [11.875, 4.375, 11.75, 3.875], "texture": "#0"},
				"down": {"uv": [11.875, 8.5, 11.75, 9], "texture": "#0"}
			}
		},
		{
			"from": [13, -4, 6],
			"to": [14, -3, 10],
			"rotation": {"angle": 0, "axis": "y", "origin": [16, 0, 0]},
			"faces": {
				"north": {"uv": [5, 12.25, 5.125, 12.375], "texture": "#0"},
				"east": {"uv": [11.75, 4.375, 12.25, 4.5], "texture": "#0"},
				"south": {"uv": [12.25, 5, 12.375, 5.125], "texture": "#0"},
				"west": {"uv": [11.75, 9, 12.25, 9.125], "texture": "#0"},
				"up": {"uv": [11.875, 9.625, 11.75, 9.125], "texture": "#0"},
				"down": {"uv": [11.375, 11.75, 11.25, 12.25], "texture": "#0"}
			}
		},
		{
			"from": [13, -3, 5],
			"to": [14, -2, 11],
			"rotation": {"angle": 0, "axis": "y", "origin": [16, 0, 0]},
			"faces": {
				"north": {"uv": [5.875, 12.25, 6, 12.375], "texture": "#0"},
				"east": {"uv": [11.5, 7.5, 12.25, 7.625], "texture": "#0"},
				"south": {"uv": [12.25, 5.875, 12.375, 6], "texture": "#0"},
				"west": {"uv": [11.5, 7.625, 12.25, 7.75], "texture": "#0"},
				"up": {"uv": [6.5, 12.25, 6.375, 11.5], "texture": "#0"},
				"down": {"uv": [6.625, 11.5, 6.5, 12.25], "texture": "#0"}
			}
		},
		{
			"from": [13, -2, 4],
			"to": [14, -1, 12],
			"rotation": {"angle": 0, "axis": "y", "origin": [16, 0, 0]},
			"faces": {
				"north": {"uv": [0.5, 12.125, 0.625, 12.375], "texture": "#0"},
				"east": {"uv": [9.75, 10, 10.75, 10.25], "texture": "#0"},
				"south": {"uv": [0.625, 12.125, 0.75, 12.375], "texture": "#0"},
				"west": {"uv": [6.25, 10.25, 7.25, 10.5], "texture": "#0"},
				"up": {"uv": [7.375, 12.125, 7.25, 11.125], "texture": "#0"},
				"down": {"uv": [7.5, 11.125, 7.375, 12.125], "texture": "#0"}
			}
		},
		{
			"from": [14, -2, 5],
			"to": [15, -1, 11],
			"rotation": {"angle": 0, "axis": "y", "origin": [16, 0, 0]},
			"faces": {
				"north": {"uv": [0.75, 12.125, 0.875, 12.375], "texture": "#0"},
				"east": {"uv": [10.75, 7.5, 11.5, 7.75], "texture": "#0"},
				"south": {"uv": [0.875, 12.125, 1, 12.375], "texture": "#0"},
				"west": {"uv": [10.75, 8.5, 11.5, 8.75], "texture": "#0"},
				"up": {"uv": [11.625, 9.25, 11.5, 8.5], "texture": "#0"},
				"down": {"uv": [11.625, 9.25, 11.5, 10], "texture": "#0"}
			}
		},
		{
			"from": [14, -1, 4],
			"to": [15, 0, 12],
			"rotation": {"angle": 0, "axis": "y", "origin": [16, 0, 0]},
			"faces": {
				"north": {"uv": [1.25, 12.125, 1.375, 12.375], "texture": "#0"},
				"east": {"uv": [9.75, 10.25, 10.75, 10.5], "texture": "#0"},
				"south": {"uv": [1.375, 12.125, 1.5, 12.375], "texture": "#0"},
				"west": {"uv": [5.25, 10.5, 6.25, 10.75], "texture": "#0"},
				"up": {"uv": [11.375, 5.5, 11.25, 4.5], "texture": "#0"},
				"down": {"uv": [6.375, 11.25, 6.25, 12.25], "texture": "#0"}
			}
		},
		{
			"from": [15, -1, 5],
			"to": [16, 0, 11],
			"rotation": {"angle": 0, "axis": "y", "origin": [16, 0, 0]},
			"faces": {
				"north": {"uv": [1.75, 12.125, 1.875, 12.375], "texture": "#0"},
				"east": {"uv": [10.75, 9.25, 11.5, 9.5], "texture": "#0"},
				"south": {"uv": [1.875, 12.125, 2, 12.375], "texture": "#0"},
				"west": {"uv": [10.75, 9.5, 11.5, 9.75], "texture": "#0"},
				"up": {"uv": [10.125, 12.25, 10, 11.5], "texture": "#0"},
				"down": {"uv": [10.25, 11.5, 10.125, 12.25], "texture": "#0"}
			}
		},
		{
			"from": [12, -4, 5],
			"to": [13, -3, 11],
			"rotation": {"angle": 0, "axis": "y", "origin": [16, 0, 0]},
			"faces": {
				"north": {"uv": [3, 12.125, 3.125, 12.375], "texture": "#0"},
				"east": {"uv": [10.5, 10.75, 11.25, 11], "texture": "#0"},
				"south": {"uv": [3.125, 12.125, 3.25, 12.375], "texture": "#0"},
				"west": {"uv": [11, 0, 11.75, 0.25], "texture": "#0"},
				"up": {"uv": [10.375, 12.25, 10.25, 11.5], "texture": "#0"},
				"down": {"uv": [10.5, 11.5, 10.375, 12.25], "texture": "#0"}
			}
		},
		{
			"from": [2, 0, 2],
			"to": [14, 31, 14],
			"faces": {
				"north": {"uv": [0, 0, 1.5, 4], "texture": "#0"},
				"east": {"uv": [1.5, 0, 3, 4], "texture": "#0"},
				"south": {"uv": [3, 0, 4.5, 4], "texture": "#0"},
				"west": {"uv": [0, 4, 1.5, 8], "texture": "#0"},
				"up": {"uv": [6.75, 9.5, 5.25, 8], "texture": "#0"},
				"down": {"uv": [8.25, 8, 6.75, 9.5], "texture": "#0"}
			}
		},
		{
			"from": [14, 0, 3],
			"to": [15, 31, 13],
			"faces": {
				"north": {"uv": [7.75, 9.5, 7.875, 13.5], "texture": "#0"},
				"east": {"uv": [1.5, 4, 2.75, 8], "texture": "#0"},
				"south": {"uv": [7.875, 9.5, 8, 13.5], "texture": "#0"},
				"west": {"uv": [2.75, 4, 4, 8], "texture": "#0"},
				"up": {"uv": [6.125, 12, 6, 10.75], "texture": "#0"},
				"down": {"uv": [6.25, 10.75, 6.125, 12], "texture": "#0"}
			}
		},
		{
			"from": [1, 0, 3],
			"to": [2, 31, 13],
			"faces": {
				"north": {"uv": [8, 9.5, 8.125, 13.5], "texture": "#0"},
				"east": {"uv": [4, 4, 5.25, 8], "texture": "#0"},
				"south": {"uv": [8.125, 9.5, 8.25, 13.5], "texture": "#0"},
				"west": {"uv": [4.5, 0, 5.75, 4], "texture": "#0"},
				"up": {"uv": [7.625, 12, 7.5, 10.75], "texture": "#0"},
				"down": {"uv": [7.75, 10.75, 7.625, 12], "texture": "#0"}
			}
		},
		{
			"from": [3, 0, 1],
			"to": [13, 31, 2],
			"faces": {
				"north": {"uv": [5.25, 4, 6.5, 8], "texture": "#0"},
				"east": {"uv": [8.25, 9.5, 8.375, 13.5], "texture": "#0"},
				"south": {"uv": [5.75, 0, 7, 4], "texture": "#0"},
				"west": {"uv": [8.375, 9.5, 8.5, 13.5], "texture": "#0"},
				"up": {"uv": [12.25, 5.625, 11, 5.5], "texture": "#0"},
				"down": {"uv": [12.25, 5.625, 11, 5.75], "texture": "#0"}
			}
		},
		{
			"from": [5, 0, 15],
			"to": [11, 31, 16],
			"faces": {
				"north": {"uv": [7.75, 4, 8.5, 8], "texture": "#0"},
				"east": {"uv": [8.5, 9.5, 8.625, 13.5], "texture": "#0"},
				"south": {"uv": [0, 8, 0.75, 12], "texture": "#0"},
				"west": {"uv": [8.625, 9.5, 8.75, 13.5], "texture": "#0"},
				"up": {"uv": [12, 10.625, 11.25, 10.5], "texture": "#0"},
				"down": {"uv": [12, 10.625, 11.25, 10.75], "texture": "#0"}
			}
		},
		{
			"from": [3, 0, 14],
			"to": [13, 31, 15],
			"faces": {
				"north": {"uv": [6.5, 4, 7.75, 8], "texture": "#0"},
				"east": {"uv": [8.75, 9.5, 8.875, 13.5], "texture": "#0"},
				"south": {"uv": [7, 0, 8.25, 4], "texture": "#0"},
				"west": {"uv": [8.875, 9.5, 9, 13.5], "texture": "#0"},
				"up": {"uv": [12.25, 5.875, 11, 5.75], "texture": "#0"},
				"down": {"uv": [12.25, 5.875, 11, 6], "texture": "#0"}
			}
		},
		{
			"from": [5, 0, 0],
			"to": [11, 31, 1],
			"faces": {
				"north": {"uv": [0.75, 8, 1.5, 12], "texture": "#0"},
				"east": {"uv": [9, 9.5, 9.125, 13.5], "texture": "#0"},
				"south": {"uv": [1.5, 8, 2.25, 12], "texture": "#0"},
				"west": {"uv": [9.125, 9.5, 9.25, 13.5], "texture": "#0"},
				"up": {"uv": [11.5, 11.375, 10.75, 11.25], "texture": "#0"},
				"down": {"uv": [12, 10.75, 11.25, 10.875], "texture": "#0"}
			}
		},
		{
			"from": [15, 0, 5],
			"to": [16, 31, 11],
			"faces": {
				"north": {"uv": [9.25, 9.5, 9.375, 13.5], "texture": "#0"},
				"east": {"uv": [2.25, 8, 3, 12], "texture": "#0"},
				"south": {"uv": [9.375, 9.5, 9.5, 13.5], "texture": "#0"},
				"west": {"uv": [3, 8, 3.75, 12], "texture": "#0"},
				"up": {"uv": [7, 12, 6.875, 11.25], "texture": "#0"},
				"down": {"uv": [7.125, 11.25, 7, 12], "texture": "#0"}
			}
		},
		{
			"from": [0, 0, 5],
			"to": [1, 31, 11],
			"faces": {
				"north": {"uv": [9.5, 9.5, 9.625, 13.5], "texture": "#0"},
				"east": {"uv": [3.75, 8, 4.5, 12], "texture": "#0"},
				"south": {"uv": [9.625, 9.5, 9.75, 13.5], "texture": "#0"},
				"west": {"uv": [4.5, 8, 5.25, 12], "texture": "#0"},
				"up": {"uv": [7.25, 12, 7.125, 11.25], "texture": "#0"},
				"down": {"uv": [11.5, 4.5, 11.375, 5.25], "texture": "#0"}
			}
		},
		{
			"from": [3, 31, 3],
			"to": [13, 31.375, 13],
			"faces": {
				"north": {"uv": [5, 0, 10, 0.5], "texture": "#1"},
				"east": {"uv": [5, 0.5, 10, 1], "texture": "#1"},
				"south": {"uv": [5, 1, 10, 1.5], "texture": "#1"},
				"west": {"uv": [5, 1.5, 10, 2], "texture": "#1"},
				"up": {"uv": [5, 5, 0, 0], "texture": "#1"},
				"down": {"uv": [5, 5, 0, 10], "texture": "#1"}
			}
		},
		{
			"from": [3, 31, 13],
			"to": [13, 31.375, 14],
			"faces": {
				"north": {"uv": [5, 2, 10, 2.5], "texture": "#1"},
				"east": {"uv": [5.5, 10, 6, 10.5], "texture": "#1"},
				"south": {"uv": [5, 2.5, 10, 3], "texture": "#1"},
				"west": {"uv": [10.5, 2, 11, 2.5], "texture": "#1"},
				"up": {"uv": [10, 3.5, 5, 3], "texture": "#1"},
				"down": {"uv": [10, 3.5, 5, 4], "texture": "#1"}
			}
		},
		{
			"from": [4, 31, 1],
			"to": [12, 31.375, 2],
			"faces": {
				"north": {"uv": [7, 8, 11, 8.5], "texture": "#1"},
				"east": {"uv": [10.5, 2.5, 11, 3], "texture": "#1"},
				"south": {"uv": [7, 8.5, 11, 9], "texture": "#1"},
				"west": {"uv": [10.5, 3, 11, 3.5], "texture": "#1"},
				"up": {"uv": [11, 9.5, 7, 9], "texture": "#1"},
				"down": {"uv": [11, 9.5, 7, 10], "texture": "#1"}
			}
		},
		{
			"from": [13, 31, 3],
			"to": [14, 31.375, 13],
			"faces": {
				"north": {"uv": [10.5, 10.5, 11, 11], "texture": "#1"},
				"east": {"uv": [6, 7, 11, 7.5], "texture": "#1"},
				"south": {"uv": [0, 11, 0.5, 11.5], "texture": "#1"},
				"west": {"uv": [6, 7.5, 11, 8], "texture": "#1"},
				"up": {"uv": [6.5, 13, 6, 8], "texture": "#1"},
				"down": {"uv": [7, 8, 6.5, 13], "texture": "#1"}
			}
		},
		{
			"from": [2, 31, 3],
			"to": [3, 31.375, 13],
			"faces": {
				"north": {"uv": [10.5, 3.5, 11, 4], "texture": "#1"},
				"east": {"uv": [5, 4, 10, 4.5], "texture": "#1"},
				"south": {"uv": [10.5, 4, 11, 4.5], "texture": "#1"},
				"west": {"uv": [5, 4.5, 10, 5], "texture": "#1"},
				"up": {"uv": [5.5, 10, 5, 5], "texture": "#1"},
				"down": {"uv": [6, 5, 5.5, 10], "texture": "#1"}
			}
		},
		{
			"from": [1, 31, 4],
			"to": [2, 31.375, 12],
			"faces": {
				"north": {"uv": [5.5, 10.5, 6, 11], "texture": "#1"},
				"east": {"uv": [0, 10, 4, 10.5], "texture": "#1"},
				"south": {"uv": [7, 10.5, 7.5, 11], "texture": "#1"},
				"west": {"uv": [10, 0, 14, 0.5], "texture": "#1"},
				"up": {"uv": [10.5, 4.5, 10, 0.5], "texture": "#1"},
				"down": {"uv": [4.5, 10, 4, 14], "texture": "#1"}
			}
		},
		{
			"from": [14, 31, 4],
			"to": [15, 31.375, 12],
			"faces": {
				"north": {"uv": [9.5, 10.5, 10, 11], "texture": "#1"},
				"east": {"uv": [10.5, 1, 14.5, 1.5], "texture": "#1"},
				"south": {"uv": [10, 10.5, 10.5, 11], "texture": "#1"},
				"west": {"uv": [10.5, 1.5, 14.5, 2], "texture": "#1"},
				"up": {"uv": [5, 14, 4.5, 10], "texture": "#1"},
				"down": {"uv": [5.5, 10, 5, 14], "texture": "#1"}
			}
		},
		{
			"from": [3, 31, 2],
			"to": [13, 31.375, 3],
			"faces": {
				"north": {"uv": [6, 5, 11, 5.5], "texture": "#1"},
				"east": {"uv": [7.5, 10.5, 8, 11], "texture": "#1"},
				"south": {"uv": [6, 5.5, 11, 6], "texture": "#1"},
				"west": {"uv": [8, 10.5, 8.5, 11], "texture": "#1"},
				"up": {"uv": [11, 6.5, 6, 6], "texture": "#1"},
				"down": {"uv": [11, 6.5, 6, 7], "texture": "#1"}
			}
		},
		{
			"from": [4, 31, 14],
			"to": [12, 31.375, 15],
			"faces": {
				"north": {"uv": [10, 4.5, 14, 5], "texture": "#1"},
				"east": {"uv": [8.5, 10.5, 9, 11], "texture": "#1"},
				"south": {"uv": [7, 10, 11, 10.5], "texture": "#1"},
				"west": {"uv": [9, 10.5, 9.5, 11], "texture": "#1"},
				"up": {"uv": [4, 11, 0, 10.5], "texture": "#1"},
				"down": {"uv": [14.5, 0.5, 10.5, 1], "texture": "#1"}
			}
		}
	],
	"display": {
		"thirdperson_righthand": {
			"rotation": [180, 87, 0],
			"translation": [0.75, 4.75, 0],
			"scale": [0.26, 1.1, 0.26]
		},
		"thirdperson_lefthand": {
			"rotation": [0, 87, 0],
			"translation": [0.75, -4.75, 0],
			"scale": [0.26, 1.1, 0.26]
		},
		"firstperson_righthand": {
			"rotation": [180, -90, 41],
			"translation": [3.38, -1.3, 1.13],
			"scale": [0.22, 1.07, 0.22]
		},
		"firstperson_lefthand": {
			"rotation": [0, -90, 41],
			"translation": [3.38, -8.75, 7],
			"scale": [0.22, 1.07, 0.22]
		},
		"ground": {
			"rotation": [-52, 0, 0],
			"translation": [0, 2.25, 2.5],
			"scale": [0.16, 0.63, 0.16]
		},
		"gui": {
			"rotation": [-103, 46, 83],
			"translation": [1.25, -1.25, 0],
			"scale": [0.12, 0.51, 0.12]
		},
		"head": {
			"rotation": [180, 90, -77],
			"translation": [-7.25, 1.5, -3],
			"scale": [0.2, 0.96, 0.2]
		},
		"fixed": {
			"translation": [0, -7.75, -3.25],
			"scale": [0.4, 1.83, 0.4]
		}
	},
	"groups": [
		0,
		1,
		2,
		3,
		4,
		5,
		6,
		7,
		8,
		9,
		10,
		11,
		12,
		13,
		14,
		15,
		16,
		17,
		18,
		19,
		20,
		21,
		22,
		23,
		24,
		25,
		26,
		27,
		28,
		29,
		30,
		31,
		32,
		33,
		34,
		35,
		36,
		37,
		38,
		39,
		40,
		41,
		42,
		43,
		44,
		45,
		46,
		47,
		48,
		49,
		50,
		51,
		52,
		53,
		54,
		55,
		56,
		57,
		58,
		59,
		60,
		61,
		62,
		63,
		{
			"name": "group",
			"origin": [0, 0, 0],
			"color": 0,
			"children": [64, 65, 66, 67, 68, 69, 70, 71, 72, 73, 74, 75, 76, 77, 78, 79, 80, 81]
		}
	]
}