{
	"credit": "Made with Blockbench",
	"texture_size": [32, 32],
	"textures": {
		"1": "item/special_event/dragon_boat_festival_2023/texture",
		"2": "item/special_event/dragon_boat_festival_2023/dragon",
		"5": "item/special_event/dragon_boat_festival_2023/silver",
		"particle": "item/special_event/dragon_boat_festival_2023/s"
	},
	"elements": [
		{
			"from": [7, 0, 4],
			"to": [11, 1, 26],
			"faces": {
				"north": {"uv": [0, 0, 4, 1], "texture": "#5"},
				"east": {"uv": [0, 0, 16, 1], "texture": "#5"},
				"south": {"uv": [0, 0, 4, 1], "texture": "#5"},
				"west": {"uv": [0, 0, 16, 1], "texture": "#5"},
				"up": {"uv": [0, 0, 4, 16], "texture": "#5"},
				"down": {"uv": [0, 0, 4, 16], "texture": "#5"}
			}
		},
		{
			"from": [6, 2, -1],
			"to": [12, 3, 29],
			"faces": {
				"north": {"uv": [0, 0, 6, 1], "texture": "#5"},
				"east": {"uv": [0, 0, 16, 1], "texture": "#5"},
				"south": {"uv": [0, 0, 6, 1], "texture": "#5"},
				"west": {"uv": [0, 0, 16, 1], "texture": "#5"},
				"up": {"uv": [0, 0, 6, 16], "texture": "#5"},
				"down": {"uv": [0, 0, 6, 16], "texture": "#5"}
			}
		},
		{
			"from": [6.5, 1, 2],
			"to": [11.5, 2, 28],
			"faces": {
				"north": {"uv": [0, 0, 5, 1], "texture": "#5"},
				"east": {"uv": [0, 0, 16, 1], "texture": "#5"},
				"south": {"uv": [0, 0, 5, 1], "texture": "#5"},
				"west": {"uv": [0, 0, 16, 1], "texture": "#5"},
				"up": {"uv": [0, 0, 5, 16], "texture": "#5"},
				"down": {"uv": [0, 0, 5, 16], "texture": "#5"}
			}
		},
		{
			"from": [5.5, 3, -5],
			"to": [6.5, 7, 31],
			"faces": {
				"north": {"uv": [0, 0, 1, 4], "texture": "#5"},
				"east": {"uv": [0, 0, 16, 4], "texture": "#5"},
				"south": {"uv": [0, 0, 1, 4], "texture": "#5"},
				"west": {"uv": [0, 0, 16, 4], "texture": "#5"},
				"up": {"uv": [0, 0, 1, 16], "texture": "#5"},
				"down": {"uv": [0, 0, 1, 16], "texture": "#5"}
			}
		},
		{
			"from": [4.5, 3, -2],
			"to": [5.5, 7, 27],
			"faces": {
				"north": {"uv": [0, 0, 1, 4], "texture": "#5"},
				"east": {"uv": [0, 0, 16, 4], "texture": "#5"},
				"south": {"uv": [0, 0, 1, 4], "texture": "#5"},
				"west": {"uv": [0, 0, 16, 4], "texture": "#5"},
				"up": {"uv": [0, 0, 1, 16], "texture": "#5"},
				"down": {"uv": [0, 0, 1, 16], "texture": "#5"}
			}
		},
		{
			"from": [12.5, 3, -2],
			"to": [13.5, 7, 27],
			"faces": {
				"north": {"uv": [0, 0, 1, 4], "texture": "#5"},
				"east": {"uv": [0, 0, 16, 4], "texture": "#5"},
				"south": {"uv": [0, 0, 1, 4], "texture": "#5"},
				"west": {"uv": [0, 0, 16, 4], "texture": "#5"},
				"up": {"uv": [0, 0, 1, 16], "texture": "#5"},
				"down": {"uv": [0, 0, 1, 16], "texture": "#5"}
			}
		},
		{
			"from": [11.5, 3, -5],
			"to": [12.5, 7, 31],
			"faces": {
				"north": {"uv": [0, 0, 1, 4], "texture": "#5"},
				"east": {"uv": [0, 0, 16, 4], "texture": "#5"},
				"south": {"uv": [0, 0, 1, 4], "texture": "#5"},
				"west": {"uv": [0, 0, 16, 4], "texture": "#5"},
				"up": {"uv": [0, 0, 1, 16], "texture": "#5"},
				"down": {"uv": [0, 0, 1, 16], "texture": "#5"}
			}
		},
		{
			"from": [6.5, 3, 29],
			"to": [11.5, 7, 31],
			"faces": {
				"north": {"uv": [0, 0, 5, 4], "texture": "#5"},
				"east": {"uv": [0, 0, 2, 4], "texture": "#5"},
				"south": {"uv": [0, 0, 5, 4], "texture": "#5"},
				"west": {"uv": [0, 0, 2, 4], "texture": "#5"},
				"up": {"uv": [0, 0, 5, 2], "texture": "#5"},
				"down": {"uv": [0, 0, 5, 2], "texture": "#5"}
			}
		},
		{
			"from": [6.5, 3, -5],
			"to": [11.5, 8, -1],
			"faces": {
				"north": {"uv": [0, 0, 5, 5], "texture": "#5"},
				"east": {"uv": [0, 0, 4, 5], "texture": "#5"},
				"south": {"uv": [0, 0, 5, 5], "texture": "#5"},
				"west": {"uv": [0, 0, 4, 5], "texture": "#5"},
				"up": {"uv": [0, 0, 5, 4], "texture": "#5"},
				"down": {"uv": [0, 0, 5, 4], "texture": "#5"}
			}
		},
		{
			"from": [6.5, 5, -8],
			"to": [11.5, 8, -5],
			"faces": {
				"north": {"uv": [0, 0, 5, 3], "texture": "#5"},
				"east": {"uv": [0, 0, 3, 3], "texture": "#5"},
				"south": {"uv": [0, 0, 5, 3], "texture": "#5"},
				"west": {"uv": [0, 0, 3, 3], "texture": "#5"},
				"up": {"uv": [0, 0, 5, 3], "texture": "#5"},
				"down": {"uv": [0, 0, 5, 3], "texture": "#5"}
			}
		},
		{
			"from": [6.5, 5, 21],
			"to": [11.5, 6, 24],
			"faces": {
				"north": {"uv": [0, 0, 5, 1], "texture": "#5"},
				"east": {"uv": [0, 0, 3, 1], "texture": "#5"},
				"south": {"uv": [0, 0, 5, 1], "texture": "#5"},
				"west": {"uv": [0, 0, 3, 1], "texture": "#5"},
				"up": {"uv": [0, 0, 5, 3], "texture": "#5"},
				"down": {"uv": [0, 0, 5, 3], "texture": "#5"}
			}
		},
		{
			"from": [6.5, 5, 13],
			"to": [11.5, 6, 16],
			"faces": {
				"north": {"uv": [0, 0, 5, 1], "texture": "#5"},
				"east": {"uv": [0, 0, 3, 1], "texture": "#5"},
				"south": {"uv": [0, 0, 5, 1], "texture": "#5"},
				"west": {"uv": [0, 0, 3, 1], "texture": "#5"},
				"up": {"uv": [0, 0, 5, 3], "texture": "#5"},
				"down": {"uv": [0, 0, 5, 3], "texture": "#5"}
			}
		},
		{
			"from": [6.5, 5, 5],
			"to": [11.5, 6, 8],
			"faces": {
				"north": {"uv": [0, 0, 5, 1], "texture": "#5"},
				"east": {"uv": [0, 0, 3, 1], "texture": "#5"},
				"south": {"uv": [0, 0, 5, 1], "texture": "#5"},
				"west": {"uv": [0, 0, 3, 1], "texture": "#5"},
				"up": {"uv": [0, 0, 5, 3], "texture": "#5"},
				"down": {"uv": [0, 0, 5, 3], "texture": "#5"}
			}
		},
		{
			"from": [6.5, 6, 31],
			"to": [11.5, 9, 32],
			"faces": {
				"north": {"uv": [0, 0, 5, 3], "texture": "#5"},
				"east": {"uv": [0, 0, 1, 3], "texture": "#5"},
				"south": {"uv": [0, 0, 5, 3], "texture": "#5"},
				"west": {"uv": [0, 0, 1, 3], "texture": "#5"},
				"up": {"uv": [0, 0, 5, 1], "texture": "#5"},
				"down": {"uv": [0, 0, 5, 1], "texture": "#5"}
			}
		},
		{
			"from": [5.5, 8, -9],
			"to": [12.5, 15, -2],
			"rotation": {"angle": 0, "axis": "y", "origin": [9, 11.97622, -9.5]},
			"faces": {
				"north": {"uv": [1.66667, 9.11111, 3.72222, 11.38889], "texture": "#2"},
				"east": {"uv": [2.33333, 6.22222, 4.61111, 8.5], "texture": "#2"},
				"south": {"uv": [2.33333, 6.22222, 4.72222, 8.27778], "texture": "#2"},
				"west": {"uv": [2.33333, 6.22222, 4.61111, 8.5], "texture": "#2"},
				"up": {"uv": [2.44444, 6.22222, 4.5, 8.16667], "texture": "#2"},
				"down": {"uv": [2.44444, 6.11111, 4.72222, 8.38889], "texture": "#2"}
			}
		},
		{
			"from": [6.5, 10.4, -16],
			"to": [11.5, 12.4, -9],
			"rotation": {"angle": 0, "axis": "y", "origin": [9, 11.97622, -9.5]},
			"faces": {
				"north": {"uv": [9, 8.66667, 10.16667, 10.88889], "texture": "#2"},
				"east": {"uv": [9, 8.66667, 9.94444, 10.77778], "texture": "#2"},
				"south": {"uv": [9.11111, 8.55556, 10.16667, 10.66667], "texture": "#2"},
				"west": {"uv": [9.11111, 8.55556, 10.27778, 10.77778], "texture": "#2"},
				"up": {"uv": [9, 8.55556, 10.16667, 10.72222], "texture": "#2"},
				"down": {"uv": [10.33333, 8.44444, 11.5, 10.61111], "texture": "#2"}
			}
		},
		{
			"from": [6.5, 7.21775, -14.69037],
			"to": [11.5, 9.21775, -7.69037],
			"rotation": {"angle": -22.5, "axis": "x", "origin": [9, 8.21775, -11.19037]},
			"faces": {
				"north": {"uv": [9.22222, 8.77778, 10.05556, 10.77778], "texture": "#2"},
				"east": {"uv": [9.22222, 8.88889, 10.16667, 10.44444], "texture": "#2"},
				"south": {"uv": [9.22222, 8.77778, 10.16667, 11], "texture": "#2"},
				"west": {"uv": [9.22222, 8.77778, 10.16667, 11.22222], "texture": "#2"},
				"up": {"uv": [10.33333, 8.44444, 11.5, 10.83333], "rotation": 180, "texture": "#2"},
				"down": {"uv": [10.11111, 12.44444, 11.38889, 14.94444], "rotation": 180, "texture": "#2"}
			}
		},
		{
			"from": [10.5, 15, -6.5],
			"to": [11.5, 17, -3.5],
			"rotation": {"angle": 0, "axis": "y", "origin": [9, 11.97622, -9.5]},
			"faces": {
				"north": {"uv": [13.33333, 10.44444, 13.72222, 12], "texture": "#2"},
				"east": {"uv": [12.11111, 12.44444, 13.61111, 13.44444], "texture": "#2"},
				"south": {"uv": [13.33333, 10.88889, 13.61111, 12.22222], "texture": "#2"},
				"west": {"uv": [13.55556, 12.44444, 15.05556, 13.44444], "texture": "#2"},
				"up": {"uv": [13.33333, 10.22222, 13.61111, 11.72222], "texture": "#2"},
				"down": {"uv": [13.33333, 10.22222, 13.72222, 11.72222], "texture": "#2"}
			}
		},
		{
			"from": [6.5, 15, -6.5],
			"to": [7.5, 17, -3.5],
			"rotation": {"angle": 0, "axis": "y", "origin": [9, 11.97622, -9.5]},
			"faces": {
				"north": {"uv": [13.33333, 10.44444, 13.72222, 12], "texture": "#2"},
				"east": {"uv": [12.11111, 12.44444, 13.61111, 13.44444], "texture": "#2"},
				"south": {"uv": [13.33333, 10.88889, 13.61111, 12.22222], "texture": "#2"},
				"west": {"uv": [13.55556, 12.44444, 15.05556, 13.44444], "texture": "#2"},
				"up": {"uv": [13.33333, 10.22222, 13.61111, 11.72222], "texture": "#2"},
				"down": {"uv": [13.33333, 10.22222, 13.72222, 11.72222], "texture": "#2"}
			}
		},
		{
			"from": [7, 12.4, -14.5],
			"to": [7.5, 12.9, -13.5],
			"rotation": {"angle": 0, "axis": "y", "origin": [9, 11.97622, -9.5]},
			"faces": {
				"north": {"uv": [3.66667, 1, 3.91667, 1.25], "texture": "#2"},
				"east": {"uv": [3.55556, 1, 4.05556, 1.25], "texture": "#2"},
				"south": {"uv": [3.44444, 1.11111, 3.69444, 1.36111], "texture": "#2"},
				"west": {"uv": [3.55556, 0.88889, 4.05556, 1.13889], "texture": "#2"},
				"up": {"uv": [3.44444, 0.66667, 4.02778, 1.38889], "texture": "#2"},
				"down": {"uv": [3.55556, 1, 3.80556, 1.5], "texture": "#2"}
			}
		},
		{
			"from": [10.5, 12.4, -14.5],
			"to": [11, 12.9, -13.5],
			"rotation": {"angle": 0, "axis": "y", "origin": [9, 11.97622, -9.5]},
			"faces": {
				"north": {"uv": [3.22222, 1.88889, 4.02778, 1.47222], "texture": "#2"},
				"east": {"uv": [3.11111, 0.44444, 3.83333, 0.91667], "texture": "#2"},
				"south": {"uv": [3.66667, 0.55556, 4.13889, 1.13889], "texture": "#2"},
				"west": {"uv": [3.77778, 0.88889, 3.27778, 1.47222], "texture": "#2"},
				"up": {"uv": [3.66667, 0.55556, 3.91667, 1.05556], "texture": "#2"},
				"down": {"uv": [3.88889, 0.88889, 4.13889, 1.38889], "texture": "#2"}
			}
		},
		{
			"from": [4, 3, 19],
			"to": [4.5, 11, 20],
			"rotation": {"angle": -45, "axis": "x", "origin": [4.25, 4.875, 19.525]},
			"faces": {
				"north": {"uv": [0, 5, 0.5, 9], "texture": "#1"},
				"east": {"uv": [0.5, 5, 1, 9], "texture": "#1"},
				"south": {"uv": [1, 5, 1.5, 9], "texture": "#1"},
				"west": {"uv": [1.5, 5, 2, 9], "texture": "#1"},
				"up": {"uv": [10, 7.5, 9.5, 7], "texture": "#1"},
				"down": {"uv": [10, 9.5, 9.5, 10], "texture": "#1"}
			}
		},
		{
			"from": [4, 11, 18.5],
			"to": [4.5, 11.5, 20.6],
			"rotation": {"angle": -45, "axis": "x", "origin": [4.25, 4.875, 19.525]},
			"faces": {
				"north": {"uv": [10, 0, 10.5, 0.5], "texture": "#1"},
				"east": {"uv": [1.5, 9, 2.5, 9.5], "texture": "#1"},
				"south": {"uv": [10, 0.5, 10.5, 1], "texture": "#1"},
				"west": {"uv": [9, 1.5, 10, 2], "texture": "#1"},
				"up": {"uv": [9.5, 3, 9, 2], "texture": "#1"},
				"down": {"uv": [3, 9, 2.5, 10], "texture": "#1"}
			}
		},
		{
			"from": [4, 1, 18.5],
			"to": [4.5, 3, 20.5],
			"rotation": {"angle": -45, "axis": "x", "origin": [4.25, 4.875, 19.525]},
			"faces": {
				"north": {"uv": [3, 9, 3.5, 10], "texture": "#1"},
				"east": {"uv": [8, 0, 9, 1], "texture": "#1"},
				"south": {"uv": [9, 3, 9.5, 4], "texture": "#1"},
				"west": {"uv": [8, 1, 9, 2], "texture": "#1"},
				"up": {"uv": [4, 10, 3.5, 9], "texture": "#1"},
				"down": {"uv": [4.5, 9, 4, 10], "texture": "#1"}
			}
		},
		{
			"from": [4, -4, 18],
			"to": [4.5, 1, 21],
			"rotation": {"angle": -45, "axis": "x", "origin": [4.25, 4.875, 19.525]},
			"faces": {
				"north": {"uv": [7, 0, 7.5, 2.5], "texture": "#1"},
				"east": {"uv": [0, 0, 1.5, 2.5], "texture": "#1"},
				"south": {"uv": [7, 2.5, 7.5, 5], "texture": "#1"},
				"west": {"uv": [1.5, 0, 3, 2.5], "texture": "#1"},
				"up": {"uv": [8.5, 8.5, 8, 7], "texture": "#1"},
				"down": {"uv": [9, 7, 8.5, 8.5], "texture": "#1"}
			}
		},
		{
			"from": [13.5, -4, 18],
			"to": [14, 1, 21],
			"rotation": {"angle": -45, "axis": "x", "origin": [13.75, 4.875, 19.525]},
			"faces": {
				"north": {"uv": [7, 5, 7.5, 7.5], "texture": "#1"},
				"east": {"uv": [0, 2.5, 1.5, 5], "texture": "#1"},
				"south": {"uv": [7.5, 0, 8, 2.5], "texture": "#1"},
				"west": {"uv": [1.5, 2.5, 3, 5], "texture": "#1"},
				"up": {"uv": [8.5, 10, 8, 8.5], "texture": "#1"},
				"down": {"uv": [9, 8.5, 8.5, 10], "texture": "#1"}
			}
		},
		{
			"from": [13.5, 1, 18.5],
			"to": [14, 3, 20.5],
			"rotation": {"angle": -45, "axis": "x", "origin": [13.75, 4.875, 19.525]},
			"faces": {
				"north": {"uv": [9, 4, 9.5, 5], "texture": "#1"},
				"east": {"uv": [8, 2, 9, 3], "texture": "#1"},
				"south": {"uv": [4.5, 9, 5, 10], "texture": "#1"},
				"west": {"uv": [8, 3, 9, 4], "texture": "#1"},
				"up": {"uv": [5.5, 10, 5, 9], "texture": "#1"},
				"down": {"uv": [9.5, 5, 9, 6], "texture": "#1"}
			}
		},
		{
			"from": [13.5, 11, 18.5],
			"to": [14, 11.5, 20.6],
			"rotation": {"angle": -45, "axis": "x", "origin": [13.75, 4.875, 19.525]},
			"faces": {
				"north": {"uv": [10, 1.5, 10.5, 2], "texture": "#1"},
				"east": {"uv": [5.5, 9, 6.5, 9.5], "texture": "#1"},
				"south": {"uv": [10, 2, 10.5, 2.5], "texture": "#1"},
				"west": {"uv": [9, 6, 10, 6.5], "texture": "#1"},
				"up": {"uv": [7, 10, 6.5, 9], "texture": "#1"},
				"down": {"uv": [9.5, 6.5, 9, 7.5], "texture": "#1"}
			}
		},
		{
			"from": [13.5, 3, 19],
			"to": [14, 11, 20],
			"rotation": {"angle": -45, "axis": "x", "origin": [13.75, 4.875, 19.525]},
			"faces": {
				"north": {"uv": [2, 5, 2.5, 9], "texture": "#1"},
				"east": {"uv": [2.5, 5, 3, 9], "texture": "#1"},
				"south": {"uv": [3, 5, 3.5, 9], "texture": "#1"},
				"west": {"uv": [3.5, 5, 4, 9], "texture": "#1"},
				"up": {"uv": [3, 10.5, 2.5, 10], "texture": "#1"},
				"down": {"uv": [10.5, 2.5, 10, 3], "texture": "#1"}
			}
		},
		{
			"from": [13.5, 3, 6],
			"to": [14, 11, 7],
			"rotation": {"angle": -45, "axis": "x", "origin": [13.75, 4.875, 6.525]},
			"faces": {
				"north": {"uv": [4, 5, 4.5, 9], "texture": "#1"},
				"east": {"uv": [4.5, 5, 5, 9], "texture": "#1"},
				"south": {"uv": [5, 5, 5.5, 9], "texture": "#1"},
				"west": {"uv": [5.5, 5, 6, 9], "texture": "#1"},
				"up": {"uv": [3.5, 10.5, 3, 10], "texture": "#1"},
				"down": {"uv": [10.5, 3, 10, 3.5], "texture": "#1"}
			}
		},
		{
			"from": [13.5, 11, 5.5],
			"to": [14, 11.5, 7.6],
			"rotation": {"angle": -45, "axis": "x", "origin": [13.75, 4.875, 6.525]},
			"faces": {
				"north": {"uv": [3.5, 10, 4, 10.5], "texture": "#1"},
				"east": {"uv": [9, 7.5, 10, 8], "texture": "#1"},
				"south": {"uv": [10, 3.5, 10.5, 4], "texture": "#1"},
				"west": {"uv": [9, 8, 10, 8.5], "texture": "#1"},
				"up": {"uv": [9.5, 9.5, 9, 8.5], "texture": "#1"},
				"down": {"uv": [10, 0, 9.5, 1], "texture": "#1"}
			}
		},
		{
			"from": [13.5, 1, 5.5],
			"to": [14, 3, 7.5],
			"rotation": {"angle": -45, "axis": "x", "origin": [13.75, 4.875, 6.525]},
			"faces": {
				"north": {"uv": [1.5, 9.5, 2, 10.5], "texture": "#1"},
				"east": {"uv": [8, 4, 9, 5], "texture": "#1"},
				"south": {"uv": [2, 9.5, 2.5, 10.5], "texture": "#1"},
				"west": {"uv": [8, 5, 9, 6], "texture": "#1"},
				"up": {"uv": [10, 3, 9.5, 2], "texture": "#1"},
				"down": {"uv": [10, 3, 9.5, 4], "texture": "#1"}
			}
		},
		{
			"from": [13.5, -4, 5],
			"to": [14, 1, 8],
			"rotation": {"angle": -45, "axis": "x", "origin": [13.75, 4.875, 6.525]},
			"faces": {
				"north": {"uv": [7.5, 2.5, 8, 5], "texture": "#1"},
				"east": {"uv": [3, 0, 4.5, 2.5], "texture": "#1"},
				"south": {"uv": [7.5, 5, 8, 7.5], "texture": "#1"},
				"west": {"uv": [3, 2.5, 4.5, 5], "texture": "#1"},
				"up": {"uv": [0.5, 10.5, 0, 9], "texture": "#1"},
				"down": {"uv": [9.5, 0, 9, 1.5], "texture": "#1"}
			}
		},
		{
			"from": [4, -4, 5],
			"to": [4.5, 1, 8],
			"rotation": {"angle": -45, "axis": "x", "origin": [4.25, 4.875, 6.525]},
			"faces": {
				"north": {"uv": [7, 7.5, 7.5, 10], "texture": "#1"},
				"east": {"uv": [4.5, 0, 6, 2.5], "texture": "#1"},
				"south": {"uv": [7.5, 7.5, 8, 10], "texture": "#1"},
				"west": {"uv": [4.5, 2.5, 6, 5], "texture": "#1"},
				"up": {"uv": [1, 10.5, 0.5, 9], "texture": "#1"},
				"down": {"uv": [1.5, 9, 1, 10.5], "texture": "#1"}
			}
		},
		{
			"from": [4, 1, 5.5],
			"to": [4.5, 3, 7.5],
			"rotation": {"angle": -45, "axis": "x", "origin": [4.25, 4.875, 6.525]},
			"faces": {
				"north": {"uv": [9.5, 4, 10, 5], "texture": "#1"},
				"east": {"uv": [6, 8, 7, 9], "texture": "#1"},
				"south": {"uv": [9.5, 5, 10, 6], "texture": "#1"},
				"west": {"uv": [8, 6, 9, 7], "texture": "#1"},
				"up": {"uv": [6, 10.5, 5.5, 9.5], "texture": "#1"},
				"down": {"uv": [6.5, 9.5, 6, 10.5], "texture": "#1"}
			}
		},
		{
			"from": [4, 11, 5.5],
			"to": [4.5, 11.5, 7.6],
			"rotation": {"angle": -45, "axis": "x", "origin": [4.25, 4.875, 6.525]},
			"faces": {
				"north": {"uv": [4, 10, 4.5, 10.5], "texture": "#1"},
				"east": {"uv": [9.5, 1, 10.5, 1.5], "texture": "#1"},
				"south": {"uv": [10, 4, 10.5, 4.5], "texture": "#1"},
				"west": {"uv": [9.5, 6.5, 10.5, 7], "texture": "#1"},
				"up": {"uv": [10, 9.5, 9.5, 8.5], "texture": "#1"},
				"down": {"uv": [9.5, 9.5, 9, 10.5], "texture": "#1"}
			}
		},
		{
			"from": [4, 3, 6],
			"to": [4.5, 11, 7],
			"rotation": {"angle": -45, "axis": "x", "origin": [4.25, 4.875, 6.525]},
			"faces": {
				"north": {"uv": [6, 0, 6.5, 4], "texture": "#1"},
				"east": {"uv": [6, 4, 6.5, 8], "texture": "#1"},
				"south": {"uv": [6.5, 0, 7, 4], "texture": "#1"},
				"west": {"uv": [6.5, 4, 7, 8], "texture": "#1"},
				"up": {"uv": [5, 10.5, 4.5, 10], "texture": "#1"},
				"down": {"uv": [10.5, 4.5, 10, 5], "texture": "#1"}
			}
		}
	],
	"gui_light": "front",
	"display": {
		"thirdperson_righthand": {
			"rotation": [0, 45, 0],
			"translation": [-0.25, 2.25, 0.25],
			"scale": [0.3, 0.3, 0.3]
		},
		"thirdperson_lefthand": {
			"rotation": [0, 45, 0],
			"translation": [0.5, 2.25, 0.25],
			"scale": [0.3, 0.3, 0.3]
		},
		"firstperson_righthand": {
			"rotation": [0, -82, 0],
			"translation": [2.75, 2, 0],
			"scale": [0.2, 0.2, 0.2]
		},
		"firstperson_lefthand": {
			"rotation": [0, -80, 0],
			"translation": [3.5, 1.75, 0],
			"scale": [0.2, 0.2, 0.2]
		},
		"ground": {
			"scale": [0.5, 0.5, 0.5]
		},
		"gui": {
			"rotation": [22, 148, 0],
			"translation": [0.25, -0.5, 0],
			"scale": [0.5, 0.5, 0.5]
		},
		"head": {
			"rotation": [0, -90, 0],
			"translation": [4.25, 11.25, -1],
			"scale": [0.6, 0.6, 0.6]
		},
		"fixed": {
			"rotation": [0, -90, 0],
			"translation": [1.5, 0.25, -1],
			"scale": [0.5, 0.5, 0.5]
		}
	},
	"groups": [
		{
			"name": "group",
			"origin": [0, 0, 0],
			"color": 0,
			"nbt": "{}",
			"children": [0, 1, 2, 3, 4, 5, 6, 7, 8, 9, 10, 11, 12, 13]
		},
		{
			"name": "group",
			"origin": [0, -1, 0],
			"color": 4,
			"nbt": "{}",
			"children": [14, 15, 16, 17, 18, 19, 20]
		},
		{
			"name": "group",
			"origin": [9, 4.875, 6.525],
			"color": 0,
			"nbt": "{}",
			"children": [
				{
					"name": "group",
					"origin": [9, 4.875, 19.525],
					"color": 0,
					"nbt": "{}",
					"children": [21, 22, 23, 24]
				},
				{
					"name": "group",
					"origin": [9, 4.875, 19.525],
					"color": 0,
					"nbt": "{}",
					"children": [25, 26, 27, 28]
				},
				{
					"name": "group",
					"origin": [9, 4.875, 6.525],
					"color": 0,
					"nbt": "{}",
					"children": [29, 30, 31, 32]
				},
				{
					"name": "group",
					"origin": [9, 4.875, 6.525],
					"color": 0,
					"nbt": "{}",
					"children": [33, 34, 35, 36]
				}
			]
		}
	]
}