{
	"credit": "Made with Blockbench",
	"texture_size": [32, 32],
	"textures": {
		"0": "item/drink/straw",
		"1": "item/drink/cup",
		"particle": "item/drink/straw"
	},
	"elements": [
		{
			"from": [6, 0, 6],
			"to": [10, 0.5, 10],
			"faces": {
				"north": {"uv": [9, 8, 11, 8.5], "texture": "#1"},
				"east": {"uv": [10, 0, 12, 0.5], "texture": "#1"},
				"south": {"uv": [10, 0.5, 12, 1], "texture": "#1"},
				"west": {"uv": [10, 1, 12, 1.5], "texture": "#1"},
				"up": {"uv": [11, 6, 9, 4], "texture": "#1"},
				"down": {"uv": [11, 6, 9, 8], "texture": "#1"}
			}
		},
		{
			"from": [5, 0.5, 5],
			"to": [11, 9, 11],
			"faces": {
				"north": {"uv": [0, 4, 3, 8.5], "texture": "#1"},
				"east": {"uv": [3, 4, 6, 8.5], "texture": "#1"},
				"south": {"uv": [6, 4, 9, 8.5], "texture": "#1"},
				"west": {"uv": [0, 8.5, 3, 13], "texture": "#1"},
				"up": {"uv": [10, 3, 7, 0], "texture": "#1"},
				"down": {"uv": [6, 8.5, 3, 11.5], "texture": "#1"}
			}
		},
		{
			"from": [4.5, 8.75, 4.25],
			"to": [11.75, 11, 11.75],
			"faces": {
				"north": {"uv": [6, 9.5, 9.5, 10.5], "texture": "#1"},
				"east": {"uv": [7, 3, 11, 4], "texture": "#1"},
				"south": {"uv": [9.5, 9.5, 13, 10.5], "texture": "#1"},
				"west": {"uv": [6, 8.5, 10, 9.5], "texture": "#1"},
				"up": {"uv": [3.5, 4, 0, 0], "texture": "#1"},
				"down": {"uv": [7, 0, 3.5, 4], "texture": "#1"}
			}
		},
		{
			"from": [4.075, 11, 3.825],
			"to": [12.175, 11.375, 12.175],
			"faces": {
				"north": {"uv": [8, 0, 16, 1], "texture": "#0"},
				"east": {"uv": [8, 1, 16, 2], "texture": "#0"},
				"south": {"uv": [8, 2, 16, 3], "texture": "#0"},
				"west": {"uv": [8, 3, 16, 4], "texture": "#0"},
				"up": {"uv": [8, 8, 0, 0], "texture": "#0"},
				"down": {"uv": [8, 8, 0, 16], "texture": "#0"}
			}
		},
		{
			"from": [7.5, 2.75, 7.5],
			"to": [8.5, 15.5, 8.5],
			"faces": {
				"north": {"uv": [8, 4, 9, 9], "texture": "#0"},
				"east": {"uv": [9, 4, 10, 9], "texture": "#0"},
				"south": {"uv": [8, 9, 9, 14], "texture": "#0"},
				"west": {"uv": [9, 9, 10, 14], "texture": "#0"},
				"up": {"uv": [11, 5, 10, 4], "texture": "#0"},
				"down": {"uv": [11, 5, 10, 6], "texture": "#0"}
			}
		}
	],
	"display": {
		"thirdperson_righthand": {
			"rotation": [39, 0, 0],
			"translation": [0, 1, -1],
			"scale": [0.7, 0.7, 0.7]
		},
		"thirdperson_lefthand": {
			"rotation": [39, 0, 0],
			"translation": [0, 0.75, -1],
			"scale": [0.7, 0.7, 0.7]
		},
		"firstperson_righthand": {
			"translation": [0.5, 1.75, -1.25]
		},
		"firstperson_lefthand": {
			"translation": [0.5, 1.75, -1.25]
		},
		"ground": {
			"translation": [0, 1.5, 0],
			"scale": [0.65, 0.65, 0.65]
		},
		"gui": {
			"rotation": [-13, 23, 17],
			"translation": [0, 0.25, 0],
			"scale": [0.9, 0.9, 0.9]
		},
		"head": {
			"translation": [0, 14.25, 0]
		},
		"fixed": {
			"rotation": [-90, 0, 0],
			"translation": [0, 0, -9.5],
			"scale": [1.2, 1.2, 1.2]
		}
	}
}