{
	"credit": "Made with Blockbench",
	"texture_size": [32, 32],
	"textures": {
		"0": "item/time_traveler/blaze_netherite_sword",
		"1": "item/time_traveler/blade",
		"particle": "item/time_traveler/blaze_netherite_sword"
	},
	"elements": [
		{
			"from": [6, -7.65, 7.275],
			"to": [9, -6.65, 9.725],
			"rotation": {"angle": 0, "axis": "y", "origin": [0, -7.65, 0]},
			"faces": {
				"north": {"uv": [6.5, 10.5, 8, 11], "texture": "#0"},
				"east": {"uv": [10.5, 9.5, 12, 10], "texture": "#0"},
				"south": {"uv": [10.5, 10, 12, 10.5], "texture": "#0"},
				"west": {"uv": [10.5, 10.5, 12, 11], "texture": "#0"},
				"up": {"uv": [8, 4.5, 6.5, 3], "texture": "#0"},
				"down": {"uv": [5.5, 7, 4, 8.5], "texture": "#0"}
			}
		},
		{
			"from": [5, -0.65, 7.275],
			"to": [9, 0.35, 9.725],
			"rotation": {"angle": 0, "axis": "y", "origin": [0, -7.65, 0]},
			"faces": {
				"north": {"uv": [2.5, 10.5, 4.5, 11], "texture": "#0"},
				"east": {"uv": [11, 4, 12.5, 4.5], "texture": "#0"},
				"south": {"uv": [10.5, 5.5, 12.5, 6], "texture": "#0"},
				"west": {"uv": [11, 4.5, 12.5, 5], "texture": "#0"},
				"up": {"uv": [8.5, 1.5, 6.5, 0], "texture": "#0"},
				"down": {"uv": [8.5, 1.5, 6.5, 3], "texture": "#0"}
			}
		},
		{
			"from": [5, 0.35, 6.275],
			"to": [10, 1.35, 10.725],
			"rotation": {"angle": 0, "axis": "y", "origin": [0, -7.65, 0]},
			"faces": {
				"north": {"uv": [10, 8, 12.5, 8.5], "texture": "#0"},
				"east": {"uv": [10, 8.5, 12.5, 9], "texture": "#0"},
				"south": {"uv": [10, 9, 12.5, 9.5], "texture": "#0"},
				"west": {"uv": [0, 10.5, 2.5, 11], "texture": "#0"},
				"up": {"uv": [6.5, 2.5, 4, 0], "texture": "#0"},
				"down": {"uv": [6.5, 2.5, 4, 5], "texture": "#0"}
			}
		},
		{
			"from": [6.5, 1.35, 7.825],
			"to": [8.5, 28.275, 9.15],
			"rotation": {"angle": 0, "axis": "y", "origin": [0, -7.65, 0]},
			"faces": {
				"north": {"uv": [0, 0, 1, 14.25], "texture": "#1"},
				"east": {"uv": [2, 0, 2.5, 14.25], "texture": "#1"},
				"south": {"uv": [1, 0, 2, 14.25], "texture": "#1"},
				"west": {"uv": [2.5, 0, 3, 14.25], "texture": "#1"},
				"up": {"uv": [4, 0.5, 3, 0], "texture": "#1"},
				"down": {"uv": [4, 0.5, 3, 1], "texture": "#1"}
			}
		},
		{
			"from": [7, 28.275, 8.025],
			"to": [8.5, 30.625, 8.975],
			"faces": {
				"north": {"uv": [3, 1, 3.5, 2], "texture": "#1"},
				"east": {"uv": [3, 2, 3.5, 3], "texture": "#1"},
				"south": {"uv": [3, 3, 3.5, 4], "texture": "#1"},
				"west": {"uv": [3.5, 1, 4, 2], "texture": "#1"},
				"up": {"uv": [4, 2.5, 3.5, 2], "texture": "#1"},
				"down": {"uv": [4, 2.5, 3.5, 3], "texture": "#1"}
			}
		},
		{
			"from": [7, 28.275, 8.975],
			"to": [8.5, 30.625, 9.175],
			"rotation": {"angle": 0, "axis": "y", "origin": [0, 0, 0.25]},
			"faces": {
				"north": {"uv": [3, 1, 3.5, 2], "texture": "#1"},
				"east": {"uv": [3, 2, 3.5, 3], "texture": "#1"},
				"south": {"uv": [3, 3, 4.1125, 4], "texture": "#1"},
				"west": {"uv": [3.5, 1, 4, 2], "texture": "#1"},
				"up": {"uv": [4, 2.5, 3.5, 2], "texture": "#1"},
				"down": {"uv": [4, 2.5, 3.5, 3], "texture": "#1"}
			}
		},
		{
			"from": [7.275, 28.225, 7.825],
			"to": [8.5, 30.575, 8.025],
			"rotation": {"angle": 0, "axis": "y", "origin": [0, -0.05, -0.9]},
			"faces": {
				"north": {"uv": [3, 1, 4.1125, 2], "texture": "#1"},
				"east": {"uv": [3, 2, 3.5, 3], "texture": "#1"},
				"south": {"uv": [3, 3, 3.5, 4], "texture": "#1"},
				"west": {"uv": [3.5, 1, 4, 2], "texture": "#1"},
				"up": {"uv": [4, 2.5, 3.5, 2], "texture": "#1"},
				"down": {"uv": [4, 2.5, 3.5, 3], "texture": "#1"}
			}
		},
		{
			"from": [7.65, 30.625, 8.025],
			"to": [8.5, 31.575, 8.975],
			"rotation": {"angle": 0, "axis": "y", "origin": [0, 0.625, 0]},
			"faces": {
				"north": {"uv": [3, 1, 3.5, 2], "texture": "#1"},
				"east": {"uv": [3, 2, 3.5, 3], "texture": "#1"},
				"south": {"uv": [3, 3, 3.5, 4], "texture": "#1"},
				"west": {"uv": [3.5, 1, 4, 2], "texture": "#1"},
				"up": {"uv": [4, 2.5, 3.5, 2], "texture": "#1"},
				"down": {"uv": [4, 2.5, 3.5, 3], "texture": "#1"}
			}
		},
		{
			"from": [3, -0.15, 7.275],
			"to": [5, 0.35, 9.725],
			"rotation": {"angle": 0, "axis": "y", "origin": [0, -7.65, 0]},
			"faces": {
				"north": {"uv": [8.5, 2.5, 9.5, 3], "texture": "#0"},
				"east": {"uv": [11, 5, 12.5, 5.5], "texture": "#0"},
				"south": {"uv": [12, 1.5, 13, 2], "texture": "#0"},
				"west": {"uv": [8.5, 11, 10, 11.5], "texture": "#0"},
				"up": {"uv": [10.5, 7, 9.5, 5.5], "texture": "#0"},
				"down": {"uv": [9.5, 9.5, 8.5, 11], "texture": "#0"}
			}
		},
		{
			"from": [2.35, 0.35, 7.275],
			"to": [4, 0.95, 9.725],
			"rotation": {"angle": 0, "axis": "y", "origin": [0, -7.65, 0]},
			"faces": {
				"north": {"uv": [12, 11.5, 13, 12], "texture": "#0"},
				"east": {"uv": [10, 11, 11.5, 11.5], "texture": "#0"},
				"south": {"uv": [12, 12, 13, 12.5], "texture": "#0"},
				"west": {"uv": [11.5, 0, 13, 0.5], "texture": "#0"},
				"up": {"uv": [10.5, 11, 9.5, 9.5], "texture": "#0"},
				"down": {"uv": [11, 0, 10, 1.5], "texture": "#0"}
			}
		},
		{
			"from": [3, 2.925, 7.275],
			"to": [4, 3.525, 9.725],
			"rotation": {"angle": 0, "axis": "y", "origin": [0, -8.075, 0]},
			"faces": {
				"north": {"uv": [4.5, 13, 5, 13.5], "texture": "#0"},
				"east": {"uv": [11.5, 2, 13, 2.5], "texture": "#0"},
				"south": {"uv": [5, 13, 5.5, 13.5], "texture": "#0"},
				"west": {"uv": [11.5, 2.5, 13, 3], "texture": "#0"},
				"up": {"uv": [5, 13, 4.5, 11.5], "texture": "#0"},
				"down": {"uv": [5.5, 11.5, 5, 13], "texture": "#0"}
			}
		},
		{
			"from": [2.35, 0.95, 7.275],
			"to": [3, 2.95, 9.725],
			"rotation": {"angle": 0, "axis": "y", "origin": [0, -8.05, 0]},
			"faces": {
				"north": {"uv": [0, 12.5, 0.5, 13.5], "texture": "#0"},
				"east": {"uv": [10, 1.5, 11.5, 2.5], "texture": "#0"},
				"south": {"uv": [0.5, 12.5, 1, 13.5], "texture": "#0"},
				"west": {"uv": [10, 7, 11.5, 8], "texture": "#0"},
				"up": {"uv": [8, 12.5, 7.5, 11], "texture": "#0"},
				"down": {"uv": [12, 0.5, 11.5, 2], "texture": "#0"}
			}
		},
		{
			"from": [10, -0.65, 8],
			"to": [11, 0.35, 9],
			"rotation": {"angle": 0, "axis": "y", "origin": [0, -7.65, 0]},
			"faces": {
				"north": {"uv": [6.5, 4.5, 7, 5], "texture": "#0"},
				"east": {"uv": [6.5, 7, 7, 7.5], "texture": "#0"},
				"south": {"uv": [9.5, 7, 10, 7.5], "texture": "#0"},
				"west": {"uv": [12.5, 10.5, 13, 11], "texture": "#0"},
				"up": {"uv": [13, 11.5, 12.5, 11], "texture": "#0"},
				"down": {"uv": [13.5, 0, 13, 0.5], "texture": "#0"}
			}
		},
		{
			"from": [12.75, -10.65, 7.5],
			"to": [13.25, -8.65, 9.5],
			"rotation": {"angle": 45, "axis": "z", "origin": [0, -7.65, 0]},
			"faces": {
				"north": {"uv": [13, 0.5, 13.25, 1.5], "texture": "#0"},
				"east": {"uv": [4.5, 10.5, 5.5, 11.5], "texture": "#0"},
				"south": {"uv": [13, 1.5, 13.25, 2.5], "texture": "#0"},
				"west": {"uv": [10.5, 6, 11.5, 7], "texture": "#0"},
				"up": {"uv": [13.25, 3.5, 13, 2.5], "texture": "#0"},
				"down": {"uv": [13.25, 3.5, 13, 4.5], "texture": "#0"}
			}
		},
		{
			"from": [13.25, -11.25, 7.3],
			"to": [13.75, -8.425, 9.7],
			"rotation": {"angle": 45, "axis": "z", "origin": [0, -7.65, 0]},
			"faces": {
				"north": {"uv": [6, 13, 6.25, 13.25], "texture": "#0"},
				"east": {"uv": [6.5, 12.5, 7.75, 12.75], "texture": "#0"},
				"south": {"uv": [13, 6, 13.25, 6.25], "texture": "#0"},
				"west": {"uv": [12.5, 7, 13.75, 7.25], "texture": "#0"},
				"up": {"uv": [12.75, 8.75, 12.5, 7.5], "texture": "#0"},
				"down": {"uv": [8.75, 12.5, 8.5, 13.75], "texture": "#0"}
			}
		},
		{
			"from": [13.75, -11.25, 6.9],
			"to": [14.5, -8.05, 10.1],
			"rotation": {"angle": 45, "axis": "z", "origin": [0, -7.65, 0]},
			"faces": {
				"north": {"uv": [3.5, 11, 4, 12.5], "texture": "#0"},
				"east": {"uv": [8, 3, 9.5, 4.5], "texture": "#0"},
				"south": {"uv": [4, 11, 4.5, 12.5], "texture": "#0"},
				"west": {"uv": [8, 4.5, 9.5, 6], "texture": "#0"},
				"up": {"uv": [7, 12.5, 6.5, 11], "texture": "#0"},
				"down": {"uv": [7.5, 11, 7, 12.5], "texture": "#0"}
			}
		},
		{
			"from": [13.25, -8.45, 7.3],
			"to": [13.75, -8.05, 9.7],
			"rotation": {"angle": 45, "axis": "z", "origin": [0, -7.65, 0]},
			"faces": {
				"north": {"uv": [5.5, 13, 5.75, 13.25], "texture": "#0"},
				"east": {"uv": [12.5, 4.5, 13.75, 4.75], "texture": "#0"},
				"south": {"uv": [13, 5.5, 13.25, 5.75], "texture": "#0"},
				"west": {"uv": [12.5, 5, 13.75, 5.25], "texture": "#0"},
				"up": {"uv": [4.25, 13.75, 4, 12.5], "texture": "#0"},
				"down": {"uv": [12.75, 5.5, 12.5, 6.75], "texture": "#0"}
			}
		},
		{
			"from": [13.25, -10.85, 6.9],
			"to": [13.75, -8.45, 7.3],
			"rotation": {"angle": 45, "axis": "z", "origin": [0, -7.65, 0]},
			"faces": {
				"north": {"uv": [10.5, 12.5, 10.75, 13.75], "texture": "#0"},
				"east": {"uv": [11, 12.5, 11.25, 13.75], "texture": "#0"},
				"south": {"uv": [12, 12.5, 12.25, 13.75], "texture": "#0"},
				"west": {"uv": [12.5, 12.5, 12.75, 13.75], "texture": "#0"},
				"up": {"uv": [7.25, 13.25, 7, 13], "texture": "#0"},
				"down": {"uv": [7.75, 13, 7.5, 13.25], "texture": "#0"}
			}
		},
		{
			"from": [13.25, -10.85, 9.7],
			"to": [13.75, -8.45, 10.1],
			"rotation": {"angle": 45, "axis": "z", "origin": [0, -7.65, 0]},
			"faces": {
				"north": {"uv": [9, 12.5, 9.25, 13.75], "texture": "#0"},
				"east": {"uv": [12.5, 9, 12.75, 10.25], "texture": "#0"},
				"south": {"uv": [9.5, 12.5, 9.75, 13.75], "texture": "#0"},
				"west": {"uv": [10, 12.5, 10.25, 13.75], "texture": "#0"},
				"up": {"uv": [6.75, 13.25, 6.5, 13], "texture": "#0"},
				"down": {"uv": [13.25, 6.5, 13, 6.75], "texture": "#0"}
			}
		},
		{
			"from": [8.875, 1.475, 7.45],
			"to": [11, 2.975, 9.55],
			"rotation": {"angle": -45, "axis": "z", "origin": [9, -0.15, 7.55]},
			"faces": {
				"north": {"uv": [4.6875, 7.25, 8.25, 8.25], "texture": "#1"},
				"east": {"uv": [4.6875, 7.25, 8.2375, 8.25], "texture": "#1"},
				"south": {"uv": [4.6875, 7.25, 8.25, 8.25], "texture": "#1"},
				"west": {"uv": [4.6875, 7.25, 8.2375, 8.25], "texture": "#1"},
				"up": {"uv": [11.4375, 11, 10.5, 10], "texture": "#1"},
				"down": {"uv": [4.6875, 7.25, 8.25, 8.55], "texture": "#1"}
			}
		},
		{
			"from": [6.9, -6.65, 8.025],
			"to": [8.1, -0.65, 8.975],
			"rotation": {"angle": 0, "axis": "y", "origin": [0, -7.65, 0]},
			"faces": {
				"north": {"uv": [7, 4.5, 7.75, 7.5], "texture": "#0"},
				"east": {"uv": [5.5, 7, 6.25, 10], "texture": "#0"},
				"south": {"uv": [6.5, 7.5, 7.25, 10.5], "texture": "#0"},
				"west": {"uv": [7.5, 7.5, 8.25, 10.5], "texture": "#0"},
				"up": {"uv": [10.25, 12.25, 9.5, 11.5], "texture": "#0"},
				"down": {"uv": [11.25, 11.5, 10.5, 12.25], "texture": "#0"}
			}
		},
		{
			"from": [9, -7.65, 7.275],
			"to": [10, -5.65, 9.725],
			"rotation": {"angle": 0, "axis": "y", "origin": [0, -7.65, 0]},
			"faces": {
				"north": {"uv": [11.5, 11, 12, 12], "texture": "#0"},
				"east": {"uv": [8.5, 1.5, 10, 2.5], "texture": "#0"},
				"south": {"uv": [12, 0.5, 12.5, 1.5], "texture": "#0"},
				"west": {"uv": [4, 8.5, 5.5, 9.5], "texture": "#0"},
				"up": {"uv": [8.5, 12, 8, 10.5], "texture": "#0"},
				"down": {"uv": [0.5, 11, 0, 12.5], "texture": "#0"}
			}
		},
		{
			"from": [10, -6.65, 7.275],
			"to": [11, -4.65, 9.725],
			"rotation": {"angle": 0, "axis": "y", "origin": [0, -7.65, 0]},
			"faces": {
				"north": {"uv": [5.5, 12, 6, 13], "texture": "#0"},
				"east": {"uv": [8.5, 7.5, 10, 8.5], "texture": "#0"},
				"south": {"uv": [6, 12, 6.5, 13], "texture": "#0"},
				"west": {"uv": [8.5, 8.5, 10, 9.5], "texture": "#0"},
				"up": {"uv": [11.5, 1.5, 11, 0], "texture": "#0"},
				"down": {"uv": [1, 11, 0.5, 12.5], "texture": "#0"}
			}
		},
		{
			"from": [10, -2.65, 7.275],
			"to": [11, -0.65, 9.725],
			"rotation": {"angle": 0, "axis": "y", "origin": [0, -7.65, 0]},
			"faces": {
				"north": {"uv": [8, 12, 8.5, 13], "texture": "#0"},
				"east": {"uv": [9.5, 2.5, 11, 3.5], "texture": "#0"},
				"south": {"uv": [12, 9.5, 12.5, 10.5], "texture": "#0"},
				"west": {"uv": [9.5, 3.5, 11, 4.5], "texture": "#0"},
				"up": {"uv": [2.5, 12.5, 2, 11], "texture": "#0"},
				"down": {"uv": [3, 11, 2.5, 12.5], "texture": "#0"}
			}
		},
		{
			"from": [9, -1.65, 7.275],
			"to": [10, 0.35, 9.725],
			"rotation": {"angle": 0, "axis": "y", "origin": [0, -7.65, 0]},
			"faces": {
				"north": {"uv": [12, 10.5, 12.5, 11.5], "texture": "#0"},
				"east": {"uv": [4, 9.5, 5.5, 10.5], "texture": "#0"},
				"south": {"uv": [11.5, 12, 12, 13], "texture": "#0"},
				"west": {"uv": [9.5, 4.5, 11, 5.5], "texture": "#0"},
				"up": {"uv": [11.5, 4, 11, 2.5], "texture": "#0"},
				"down": {"uv": [3.5, 11, 3, 12.5], "texture": "#0"}
			}
		},
		{
			"from": [11, -5.65, 7.275],
			"to": [12, -1.65, 9.725],
			"rotation": {"angle": 0, "axis": "y", "origin": [0, -7.65, 0]},
			"faces": {
				"north": {"uv": [5.5, 10, 6, 12], "texture": "#0"},
				"east": {"uv": [4, 5, 5.5, 7], "texture": "#0"},
				"south": {"uv": [6, 10, 6.5, 12], "texture": "#0"},
				"west": {"uv": [5.5, 5, 7, 7], "texture": "#0"},
				"up": {"uv": [1.5, 12.5, 1, 11], "texture": "#0"},
				"down": {"uv": [2, 11, 1.5, 12.5], "texture": "#0"}
			}
		}
	],
	"display": {
		"thirdperson_righthand": {
			"rotation": [-16, 90, 0],
			"translation": [-0.5, 6.75, -1.75],
			"scale": [0.8, 0.8, 0.8]
		},
		"thirdperson_lefthand": {
			"rotation": [0, -90, 0],
			"translation": [0.5, 7.5, 1.25],
			"scale": [0.8, 0.8, 0.8]
		},
		"firstperson_righthand": {
			"rotation": [-41, 73, 0],
			"translation": [-0.75, 6.2, -0.87],
			"scale": [0.68, 0.68, 0.42]
		},
		"firstperson_lefthand": {
			"rotation": [0, -90, 0],
			"translation": [3.88, 4.7, -2.37],
			"scale": [0.68, 0.68, 0.68]
		},
		"ground": {
			"translation": [0, 7.5, 0],
			"scale": [0.7, 0.7, 0.7]
		},
		"gui": {
			"rotation": [-31, 166, 45],
			"translation": [-1.5, -1.25, 0.25],
			"scale": [0.5, 0.5, 0.5]
		},
		"head": {
			"rotation": [0, 0, 180],
			"translation": [0, 19.75, 0]
		},
		"fixed": {
			"translation": [0, -5.25, -2.25],
			"scale": [1.5, 1.5, 1.5]
		}
	},
	"groups": [
		0,
		1,
		2,
		3,
		4,
		5,
		6,
		7,
		8,
		9,
		10,
		11,
		{
			"name": "gem",
			"origin": [0, 0, 0],
			"color": 0,
			"children": [12, 13, 14, 15, 16, 17, 18, 19]
		},
		20,
		21,
		22,
		23,
		24,
		25
	]
}