{
	"credit": "Made with Blockbench",
	"textures": {
		"0": "item/time_traveler/hammer/1",
		"1": "item/time_traveler/hammer/2",
		"2": "item/time_traveler/hammer/3",
		"3": "item/time_traveler/hammer/4",
		"4": "item/time_traveler/hammer/5",
		"5": "item/time_traveler/hammer/6",
		"6": "item/time_traveler/hammer/7",
		"particle": "item/time_traveler/hammer/1"
	},
	"elements": [
		{
			"name": "handle",
			"from": [7.475, -4, 7.475],
			"to": [8.525, 9, 8.525],
			"rotation": {"angle": 0, "axis": "y", "origin": [7, 0, 7]},
			"faces": {
				"north": {"uv": [0, 0, 2, 9], "texture": "#0"},
				"east": {"uv": [2, 0, 4, 9], "texture": "#0"},
				"south": {"uv": [4, 0, 6, 9], "texture": "#0"},
				"west": {"uv": [6, 0, 8, 9], "texture": "#0"},
				"up": {"uv": [10, 2, 8, 0], "texture": "#0"},
				"down": {"uv": [10, 2, 8, 4], "texture": "#0"}
			}
		},
		{
			"name": "Butt",
			"from": [6.5, -5, 6.5],
			"to": [9.5, -4, 9.5],
			"rotation": {"angle": 0, "axis": "y", "origin": [7, -4, 7]},
			"faces": {
				"north": {"uv": [3, 0, 6, 1], "texture": "#1"},
				"east": {"uv": [3, 1, 6, 2], "texture": "#1"},
				"south": {"uv": [3, 2, 6, 3], "texture": "#1"},
				"west": {"uv": [3, 3, 6, 4], "texture": "#1"},
				"up": {"uv": [3, 3, 0, 0], "texture": "#1"},
				"down": {"uv": [3, 3, 0, 6], "texture": "#1"}
			}
		},
		{
			"name": "Butt2",
			"from": [7, -5.5, 7],
			"to": [9, -5, 9],
			"rotation": {"angle": 0, "axis": "y", "origin": [7, -4, 7]},
			"faces": {
				"north": {"uv": [3, 0, 6, 1], "texture": "#1"},
				"east": {"uv": [3, 1, 6, 2], "texture": "#1"},
				"south": {"uv": [3, 2, 6, 3], "texture": "#1"},
				"west": {"uv": [3, 3, 6, 4], "texture": "#1"},
				"up": {"uv": [3, 3, 0, 0], "texture": "#1"},
				"down": {"uv": [3, 3, 0, 6], "texture": "#1"}
			}
		},
		{
			"name": "head",
			"from": [10, 8, 6],
			"to": [13, 12, 10],
			"rotation": {"angle": 0, "axis": "y", "origin": [10, 8, 6]},
			"faces": {
				"north": {"uv": [4, 0, 7, 4], "texture": "#2"},
				"east": {"uv": [0, 0, 4, 4], "texture": "#2"},
				"south": {"uv": [4, 4, 7, 8], "texture": "#2"},
				"west": {"uv": [0, 4, 4, 8], "texture": "#2"},
				"up": {"uv": [10, 4, 7, 0], "texture": "#2"},
				"down": {"uv": [10, 4, 7, 8], "texture": "#2"}
			}
		},
		{
			"name": "head",
			"from": [13, 7.5, 5.5],
			"to": [14, 12.5, 10.5],
			"rotation": {"angle": 0, "axis": "y", "origin": [11, 8, 6]},
			"faces": {
				"north": {"uv": [7, 0, 8, 4], "texture": "#2"},
				"east": {"uv": [0, 0, 4, 4], "texture": "#2"},
				"south": {"uv": [6, 4, 7, 8], "texture": "#2"},
				"west": {"uv": [0, 4, 4, 8], "texture": "#2"},
				"up": {"uv": [8, 4, 7, 0], "texture": "#2"},
				"down": {"uv": [8, 4, 7, 8], "texture": "#2"}
			}
		},
		{
			"name": "tail",
			"from": [5, 8.5, 6.5],
			"to": [6, 11.5, 9.5],
			"rotation": {"angle": 0, "axis": "y", "origin": [5, 9, 6]},
			"faces": {
				"north": {"uv": [3, 0, 4, 3], "texture": "#4"},
				"east": {"uv": [0, 0, 3, 3], "texture": "#4"},
				"south": {"uv": [3, 3, 4, 6], "texture": "#4"},
				"west": {"uv": [0, 3, 3, 6], "texture": "#4"},
				"up": {"uv": [5, 3, 4, 0], "texture": "#4"},
				"down": {"uv": [5, 3, 4, 6], "texture": "#4"}
			}
		},
		{
			"name": "tail2",
			"from": [4, 8.5, 7],
			"to": [5, 10.5, 9],
			"rotation": {"angle": 0, "axis": "y", "origin": [4, 9, 8]},
			"faces": {
				"north": {"uv": [2, 0, 3, 2], "texture": "#6"},
				"east": {"uv": [0, 0, 2, 2], "texture": "#6"},
				"south": {"uv": [2, 2, 3, 4], "texture": "#6"},
				"west": {"uv": [0, 2, 2, 3], "texture": "#6"},
				"up": {"uv": [4, 2, 3, 0], "texture": "#6"},
				"down": {"uv": [4, 2, 3, 4], "texture": "#6"}
			}
		},
		{
			"name": "body",
			"from": [6, 9, 7],
			"to": [10, 11, 9],
			"rotation": {"angle": 0, "axis": "y", "origin": [6, 9, 7]},
			"faces": {
				"north": {"uv": [0, 0, 4, 2], "texture": "#3"},
				"east": {"uv": [4, 2, 6, 4], "texture": "#3"},
				"south": {"uv": [0, 2, 4, 4], "texture": "#3"},
				"west": {"uv": [4, 4, 6, 6], "texture": "#3"},
				"up": {"uv": [4, 6, 0, 4], "texture": "#3"},
				"down": {"uv": [8, 0, 4, 2], "texture": "#3"}
			}
		},
		{
			"name": "tail3",
			"from": [0.625, 8.075, 6.975],
			"to": [2.325, 9.075, 9.025],
			"rotation": {"angle": 22.5, "axis": "z", "origin": [0.325, 8.575, 8]},
			"faces": {
				"north": {"uv": [2, 0, 4, 1], "texture": "#5"},
				"east": {"uv": [2, 1, 4, 2], "texture": "#5"},
				"south": {"uv": [2, 2, 4, 3], "texture": "#5"},
				"west": {"uv": [2, 3, 4, 4], "texture": "#5"},
				"up": {"uv": [2, 2, 0, 0], "texture": "#5"},
				"down": {"uv": [2, 2, 0, 4], "texture": "#5"}
			}
		},
		{
			"name": "tail3",
			"from": [2.025, 8.825, 7.025],
			"to": [3.95, 10.125, 8.95],
			"rotation": {"angle": 0, "axis": "y", "origin": [1.95, 9.325, 8]},
			"faces": {
				"north": {"uv": [2, 0, 4, 1], "texture": "#5"},
				"east": {"uv": [2, 1, 4, 2], "texture": "#5"},
				"south": {"uv": [2, 2, 4, 3], "texture": "#5"},
				"west": {"uv": [2, 3, 4, 4], "texture": "#5"},
				"up": {"uv": [2, 2, 0, 0], "texture": "#5"},
				"down": {"uv": [2, 2, 0, 4], "texture": "#5"}
			}
		}
	],
	"display": {
		"thirdperson_righthand": {
			"rotation": [15, 90, 0],
			"translation": [-0.25, 6.5, 3]
		},
		"thirdperson_lefthand": {
			"rotation": [15, -90, 4],
			"translation": [-0.25, 5.25, 2.25]
		},
		"firstperson_righthand": {
			"rotation": [0, 100, 15],
			"translation": [3, 4, 0]
		},
		"firstperson_lefthand": {
			"rotation": [0, -100, -15],
			"translation": [3, 4, 0]
		},
		"ground": {
			"rotation": [45, 0, 60],
			"translation": [0, 0.5, 0],
			"scale": [0.6, 0.6, 0.6]
		},
		"gui": {
			"rotation": [141, -152, 135],
			"translation": [1.75, 2.25, 0],
			"scale": [0.8, 0.8, 0.8]
		},
		"head": {
			"rotation": [-117, 90, 0],
			"translation": [0, 12.5, 0]
		},
		"fixed": {
			"rotation": [-6, 8, 0],
			"translation": [0, 3, -3],
			"scale": [1.25, 1.25, 1.25]
		}
	}
}