{
	"credit": "Made with Blockbench",
	"texture_size": [32, 32],
	"textures": {
		"0": "item/special_event/christmas_2023/72/72",
		"1": "item/vip/admin_models/admin_figure",
		"2": "item/vip/admin_models/72",
		"particle": "item/special_event/christmas_2023/72/72",
		"1_1": "item/special_event/christmas_2023/72/texture"
	},
	"elements": [
		{
			"name": "head",
			"from": [0.5, 15.025, 0.5],
			"to": [15.5, 30.025, 15.5],
			"rotation": {"angle": 0, "axis": "x", "origin": [7.5, 17.525, 7.5]},
			"faces": {
				"north": {"uv": [2, 2, 4, 4], "texture": "#2"},
				"east": {"uv": [0, 2, 2, 4], "texture": "#2"},
				"south": {"uv": [6, 2, 8, 4], "texture": "#2"},
				"west": {"uv": [4, 2, 6, 4], "texture": "#2"},
				"up": {"uv": [4, 2, 2, 0], "texture": "#2"},
				"down": {"uv": [6, 0, 4, 2], "texture": "#2"}
			}
		},
		{
			"name": "body",
			"from": [4, 3.025, 5],
			"to": [12, 15.025, 11],
			"rotation": {"angle": 0, "axis": "y", "origin": [0, -7.475, 0]},
			"faces": {
				"north": {"uv": [5, 5, 7, 8], "texture": "#2"},
				"east": {"uv": [4, 5, 5, 8], "texture": "#2"},
				"south": {"uv": [8, 5, 10, 8], "texture": "#2"},
				"west": {"uv": [7, 5, 8, 8], "texture": "#2"},
				"up": {"uv": [7, 5, 5, 4], "texture": "#2"},
				"down": {"uv": [9, 4, 7, 5], "texture": "#2"}
			}
		},
		{
			"name": "right_arm",
			"from": [11.47422, 12.925, -3.9662],
			"to": [15.47422, 16.925, 8.0338],
			"rotation": {"angle": -45, "axis": "x", "origin": [14.025, 14.925, 8]},
			"faces": {
				"north": {"uv": [13, 4, 12, 5], "rotation": 180, "texture": "#2"},
				"east": {"uv": [10, 5, 11, 8], "rotation": 270, "texture": "#2"},
				"south": {"uv": [12, 5, 11, 4], "texture": "#2"},
				"west": {"uv": [12, 5, 13, 8], "rotation": 90, "texture": "#2"},
				"up": {"uv": [11, 5, 12, 8], "rotation": 180, "texture": "#2"},
				"down": {"uv": [13, 5, 14, 8], "texture": "#2"}
			}
		},
		{
			"name": "left_arm_2nd_layer",
			"from": [0.07388, 11.925, -2.88268],
			"to": [4.62388, 16.4, 9.61732],
			"rotation": {"angle": -45, "axis": "x", "origin": [1.375, 14.175, 8]},
			"faces": {
				"north": {"uv": [15, 12, 14, 13], "rotation": 180, "texture": "#2"},
				"east": {"uv": [12, 13, 13, 16], "rotation": 270, "texture": "#2"},
				"south": {"uv": [14, 13, 13, 12], "texture": "#2"},
				"west": {"uv": [14, 13, 15, 16], "rotation": 90, "texture": "#2"},
				"up": {"uv": [13, 13, 14, 16], "rotation": 180, "texture": "#2"},
				"down": {"uv": [15, 13, 16, 16], "texture": "#2"}
			}
		},
		{
			"name": "left_arm",
			"from": [0.44888, 12.125, -2.88268],
			"to": [4.44888, 16.125, 9.11732],
			"rotation": {"angle": -45, "axis": "x", "origin": [1.525, 14.125, 8]},
			"faces": {
				"north": {"uv": [11, 12, 10, 13], "rotation": 180, "texture": "#2"},
				"east": {"uv": [8, 13, 9, 16], "rotation": 270, "texture": "#2"},
				"south": {"uv": [10, 13, 9, 12], "texture": "#2"},
				"west": {"uv": [10, 13, 11, 16], "rotation": 90, "texture": "#2"},
				"up": {"uv": [9, 13, 10, 16], "rotation": 180, "texture": "#2"},
				"down": {"uv": [11, 13, 12, 16], "texture": "#2"}
			}
		},
		{
			"name": "right_arm_2nd_layer",
			"from": [11.34922, 12.725, -3.9662],
			"to": [15.89922, 17.2, 8.5338],
			"rotation": {"angle": -45, "axis": "x", "origin": [14.175, 14.975, 8]},
			"faces": {
				"north": {"uv": [13, 8, 12, 9], "rotation": 180, "texture": "#2"},
				"east": {"uv": [10, 9, 11, 12], "rotation": 270, "texture": "#2"},
				"south": {"uv": [12, 9, 11, 8], "texture": "#2"},
				"west": {"uv": [12, 9, 13, 12], "rotation": 90, "texture": "#2"},
				"up": {"uv": [11, 9, 12, 12], "rotation": 180, "texture": "#2"},
				"down": {"uv": [13, 9, 14, 12], "texture": "#2"}
			}
		},
		{
			"name": "right_leg",
			"from": [4, -5.975, 6],
			"to": [8, 3.025, 10],
			"rotation": {"angle": 0, "axis": "z", "origin": [7.5, 17.525, 7.5]},
			"faces": {
				"north": {"uv": [1, 13, 2, 16], "texture": "#2"},
				"east": {"uv": [0, 13, 1, 16], "texture": "#2"},
				"south": {"uv": [3, 13, 4, 16], "texture": "#2"},
				"west": {"uv": [2, 13, 3, 16], "texture": "#2"},
				"up": {"uv": [2, 13, 1, 12], "texture": "#2"},
				"down": {"uv": [3, 12, 2, 13], "texture": "#2"}
			}
		},
		{
			"name": "left_leg",
			"from": [8, -6, 6],
			"to": [11.95, 3, 10],
			"rotation": {"angle": 0, "axis": "x", "origin": [10, 2.5, 8]},
			"faces": {
				"north": {"uv": [1, 9, 2, 12], "texture": "#2"},
				"east": {"uv": [0, 9, 1, 12], "texture": "#2"},
				"south": {"uv": [3, 9, 4, 12], "texture": "#2"},
				"west": {"uv": [2, 9, 3, 12], "texture": "#2"},
				"up": {"uv": [2, 9, 1, 8], "texture": "#2"},
				"down": {"uv": [3, 8, 2, 9], "texture": "#2"}
			}
		},
		{
			"name": "right_leg",
			"from": [4.15, -5.975, 6.1],
			"to": [8.025, 3.025, 9.9],
			"rotation": {"angle": 0, "axis": "y", "origin": [7.5, 17.525, 7.5]},
			"faces": {
				"north": {"uv": [5, 13, 6, 16], "texture": "#2"},
				"east": {"uv": [4, 13, 5, 16], "texture": "#2"},
				"south": {"uv": [7, 13, 8, 16], "texture": "#2"},
				"west": {"uv": [6, 13, 7, 16], "texture": "#2"},
				"up": {"uv": [6, 13, 5, 12], "texture": "#2"},
				"down": {"uv": [7, 12, 6, 13], "texture": "#2"}
			}
		},
		{
			"name": "left_leg",
			"from": [8.05, -6, 6.1],
			"to": [11.875, 3, 9.9],
			"rotation": {"angle": 0, "axis": "y", "origin": [10, 2.5, 8]},
			"faces": {
				"north": {"uv": [1, 5, 2, 8], "texture": "#2"},
				"east": {"uv": [0, 5, 1, 8], "texture": "#2"},
				"south": {"uv": [3, 5, 4, 8], "texture": "#2"},
				"west": {"uv": [2, 5, 3, 8], "texture": "#2"},
				"up": {"uv": [2, 5, 1, 4], "texture": "#2"},
				"down": {"uv": [7, 8, 6, 9], "texture": "#2"}
			}
		},
		{
			"name": "head_2nd_layer",
			"from": [0, 14.525, 0],
			"to": [16, 30.525, 16],
			"rotation": {"angle": 0, "axis": "x", "origin": [7.5, 17.525, 7.5]},
			"faces": {
				"north": {"uv": [10, 2, 12, 4], "texture": "#2"},
				"east": {"uv": [8, 2, 10, 4], "texture": "#2"},
				"south": {"uv": [14, 2, 16, 4], "texture": "#2"},
				"west": {"uv": [12, 2, 14, 4], "texture": "#2"},
				"up": {"uv": [12, 2, 10, 0], "texture": "#2"},
				"down": {"uv": [14, 0, 12, 2], "texture": "#2"}
			}
		},
		{
			"name": "plate",
			"from": [0, -8, 2],
			"to": [16, -6, 14],
			"rotation": {"angle": 0, "axis": "x", "origin": [0, -8, 7]},
			"faces": {
				"north": {"uv": [8, 0, 16, 1], "texture": "#1"},
				"east": {"uv": [8, 2, 14, 3], "texture": "#1"},
				"south": {"uv": [8, 1, 16, 2], "texture": "#1"},
				"west": {"uv": [8, 3, 14, 4], "texture": "#1"},
				"up": {"uv": [8, 6, 0, 0], "texture": "#1"},
				"down": {"uv": [8, 6, 0, 12], "texture": "#1"}
			}
		},
		{
			"from": [5, 5, -1],
			"to": [11, 15, 5],
			"rotation": {"angle": 0, "axis": "y", "origin": [8, 9, 2]},
			"faces": {
				"north": {"uv": [0, 5, 3, 10], "texture": "#1_1"},
				"east": {"uv": [3, 5, 6, 10], "texture": "#1_1"},
				"south": {"uv": [0, 0, 3, 5], "texture": "#1_1"},
				"west": {"uv": [3, 0, 6, 5], "texture": "#1_1"},
				"up": {"uv": [9, 3, 6, 0], "rotation": 180, "texture": "#1_1"},
				"down": {"uv": [9, 3, 6, 6], "rotation": 180, "texture": "#1_1"}
			}
		},
		{
			"from": [9, 5, -3],
			"to": [11, 6, -1],
			"rotation": {"angle": 0, "axis": "y", "origin": [8, 9, 2]},
			"faces": {
				"north": {"uv": [2, 2, 4, 3], "texture": "#0"},
				"east": {"uv": [2, 3, 4, 4], "texture": "#0"},
				"south": {"uv": [2, 0, 4, 1], "texture": "#0"},
				"west": {"uv": [2, 1, 4, 2], "texture": "#0"},
				"up": {"uv": [2, 2, 0, 0], "rotation": 180, "texture": "#0"},
				"down": {"uv": [2, 2, 0, 4], "rotation": 180, "texture": "#0"}
			}
		},
		{
			"from": [5, 5, -3],
			"to": [7, 6, -1],
			"rotation": {"angle": 0, "axis": "y", "origin": [8, 9, 2]},
			"faces": {
				"north": {"uv": [0, 0, 2, 1], "texture": "#0"},
				"east": {"uv": [0, 0, 2, 1], "texture": "#0"},
				"south": {"uv": [0, 0, 2, 1], "texture": "#0"},
				"west": {"uv": [0, 0, 2, 1], "texture": "#0"},
				"up": {"uv": [0, 0, 2, 2], "rotation": 180, "texture": "#0"},
				"down": {"uv": [0, 0, 2, 2], "rotation": 180, "texture": "#0"}
			}
		},
		{
			"from": [7, 11, -3],
			"to": [9, 12, -1],
			"rotation": {"angle": 0, "axis": "y", "origin": [8, 9, 2]},
			"faces": {
				"north": {"uv": [0, 0, 2, 1], "texture": "#0"},
				"east": {"uv": [0, 0, 2, 1], "texture": "#0"},
				"south": {"uv": [0, 0, 2, 1], "texture": "#0"},
				"west": {"uv": [0, 0, 2, 1], "texture": "#0"},
				"up": {"uv": [0, 0, 2, 2], "rotation": 180, "texture": "#0"},
				"down": {"uv": [0, 0, 2, 2], "rotation": 180, "texture": "#0"}
			}
		},
		{
			"from": [10.84224, 4.69867, 0],
			"to": [11.84224, 9.69867, 3],
			"rotation": {"angle": 22.5, "axis": "z", "origin": [8, 9, 2]},
			"faces": {
				"north": {"uv": [5, 0, 6, 5], "texture": "#0"},
				"east": {"uv": [5, 0, 8, 5], "texture": "#0"},
				"south": {"uv": [5, 0, 6, 5], "texture": "#0"},
				"west": {"uv": [5, 0, 8, 5], "texture": "#0"},
				"up": {"uv": [5, 0, 6, 3], "rotation": 180, "texture": "#0"},
				"down": {"uv": [5, 0, 6, 3], "rotation": 180, "texture": "#0"}
			}
		},
		{
			"from": [4.15776, 4.69867, 0],
			"to": [5.15776, 9.69867, 3],
			"rotation": {"angle": -22.5, "axis": "z", "origin": [8, 9, 2]},
			"faces": {
				"north": {"uv": [5, 0, 6, 5], "texture": "#0"},
				"east": {"uv": [5, 0, 8, 5], "texture": "#0"},
				"south": {"uv": [5, 0, 6, 5], "texture": "#0"},
				"west": {"uv": [5, 0, 8, 5], "texture": "#0"},
				"up": {"uv": [5, 0, 6, 3], "rotation": 180, "texture": "#0"},
				"down": {"uv": [5, 0, 6, 3], "rotation": 180, "texture": "#0"}
			}
		}
	],
	"display": {
		"thirdperson_righthand": {
			"rotation": [40, 0, 0],
			"translation": [0, 4.25, 2.5],
			"scale": [0.3, 0.3, 0.3]
		},
		"thirdperson_lefthand": {
			"rotation": [28, 180, 0],
			"translation": [0, 0.75, 1.5],
			"scale": [0.3, 0.3, 0.3]
		},
		"firstperson_righthand": {
			"rotation": [-14, 145, 0],
			"translation": [0.75, 0, 0],
			"scale": [0.3, 0.3, 0.3]
		},
		"firstperson_lefthand": {
			"rotation": [0, 125, 0],
			"translation": [0, -0.25, 0],
			"scale": [0.35, 0.35, 0.35]
		},
		"ground": {
			"translation": [0, 4.25, 0],
			"scale": [0.3, 0.3, 0.3]
		},
		"gui": {
			"rotation": [25, -145, 2],
			"translation": [0, -1.25, 0],
			"scale": [0.3, 0.3, 0.3]
		},
		"head": {
			"translation": [0, 11.96, 0],
			"scale": [0.4, 0.4, 0.4]
		},
		"fixed": {
			"rotation": [-90, 0, 0],
			"translation": [0, 0, -16]
		}
	},
	"groups": [
		{
			"name": "player",
			"origin": [8, 8, 8],
			"color": 0,
			"children": [0, 1, 2, 3, 4, 5, 6, 7, 8, 9, 10]
		},
		11,
		{
			"name": "72",
			"origin": [8, 8, 8],
			"color": 0,
			"children": [12, 13, 14, 15, 16, 17]
		}
	]
}