{
	"credit": "Made with Blockbench",
	"texture_size": [128, 128],
	"textures": {
		"8": "item/vip/admin_models/cm"
	},
	"elements": [
		{
			"name": "head",
			"from": [0.5, 9, 0.5],
			"to": [15.5, 24, 15.5],
			"rotation": {"angle": 0, "axis": "x", "origin": [7.5, 10.5, 7.5]},
			"faces": {
				"north": {"uv": [0, 4.5, 1.875, 6.375], "texture": "#8"},
				"east": {"uv": [1.875, 6, 3.75, 7.875], "texture": "#8"},
				"south": {"uv": [3.75, 6, 5.625, 7.875], "texture": "#8"},
				"west": {"uv": [5.625, 6, 7.5, 7.875], "texture": "#8"},
				"up": {"uv": [8.125, 1.875, 6.25, 0], "texture": "#8"},
				"down": {"uv": [8.125, 1.875, 6.25, 3.75], "texture": "#8"}
			}
		},
		{
			"name": "body",
			"from": [3.65, -3, 4.75],
			"to": [12.35, 9, 11.25],
			"rotation": {"angle": 0, "axis": "y", "origin": [0, -14.5, 0]},
			"faces": {
				"north": {"uv": [6.25, 3.75, 7.3125, 5.25], "texture": "#8"},
				"east": {"uv": [7.5, 6.75, 8.3125, 8.25], "texture": "#8"},
				"south": {"uv": [0, 6.375, 1.0625, 7.875], "texture": "#8"},
				"west": {"uv": [0, 7.875, 0.8125, 9.375], "texture": "#8"},
				"up": {"uv": [5.1875, 8.6875, 4.125, 7.875], "texture": "#8"},
				"down": {"uv": [6.3125, 7.875, 5.25, 8.6875], "texture": "#8"}
			}
		},
		{
			"name": "body",
			"from": [4, -3, 5],
			"to": [12, 9, 11],
			"rotation": {"angle": 0, "axis": "y", "origin": [0, -14.5, 0]},
			"faces": {
				"north": {"uv": [7.375, 3.75, 8.375, 5.25], "texture": "#8"},
				"east": {"uv": [1.125, 6.375, 1.875, 7.875], "texture": "#8"},
				"south": {"uv": [7.5, 5.25, 8.5, 6.75], "texture": "#8"},
				"west": {"uv": [0.875, 7.875, 1.625, 9.375], "texture": "#8"},
				"up": {"uv": [7.25, 6, 6.25, 5.25], "texture": "#8"},
				"down": {"uv": [6.375, 8.75, 5.375, 9.5], "texture": "#8"}
			}
		},
		{
			"name": "right_arm",
			"from": [11, -2, 6],
			"to": [15, 11, 10],
			"rotation": {"angle": 22.5, "axis": "z", "origin": [14, 8.5, 8]},
			"faces": {
				"north": {"uv": [6.375, 7.875, 6.875, 9.5], "texture": "#8"},
				"east": {"uv": [6.875, 7.875, 7.375, 9.5], "texture": "#8"},
				"south": {"uv": [8.125, 0, 8.625, 1.625], "texture": "#8"},
				"west": {"uv": [8.125, 1.625, 8.625, 3.25], "texture": "#8"},
				"up": {"uv": [2.75, 10, 2.25, 9.5], "texture": "#8"},
				"down": {"uv": [3.25, 9.5, 2.75, 10], "texture": "#8"}
			}
		},
		{
			"name": "right_arm",
			"from": [1, -3, 6],
			"to": [5, 10, 10],
			"rotation": {"angle": -22.5, "axis": "z", "origin": [3, 7.5, 8]},
			"faces": {
				"north": {"uv": [6.375, 7.875, 6.875, 9.5], "texture": "#8"},
				"east": {"uv": [6.875, 7.875, 7.375, 9.5], "texture": "#8"},
				"south": {"uv": [8.125, 0, 8.625, 1.625], "texture": "#8"},
				"west": {"uv": [8.125, 1.625, 8.625, 3.25], "texture": "#8"},
				"up": {"uv": [2.75, 10, 2.25, 9.5], "texture": "#8"},
				"down": {"uv": [3.25, 9.5, 2.75, 10], "texture": "#8"}
			}
		},
		{
			"name": "right_leg",
			"from": [4, -5.9, -1.5],
			"to": [8, -1.9, 9.5],
			"rotation": {"angle": 22.5, "axis": "y", "origin": [8, -4.9, 8]},
			"faces": {
				"north": {"uv": [3.25, 9.5, 3.75, 10], "texture": "#8"},
				"east": {"uv": [8.625, 2.75, 10, 3.25], "texture": "#8"},
				"south": {"uv": [5.375, 9.5, 5.875, 10], "texture": "#8"},
				"west": {"uv": [8.875, 3.25, 10.25, 3.75], "texture": "#8"},
				"up": {"uv": [9.375, 8.125, 8.875, 6.75], "texture": "#8"},
				"down": {"uv": [8.875, 9, 8.375, 10.375], "texture": "#8"}
			}
		},
		{
			"name": "left_leg",
			"from": [8, -5.9, -1.5],
			"to": [11.95, -1.9, 9.5],
			"rotation": {"angle": -22.5, "axis": "y", "origin": [8, -4.9, 8]},
			"faces": {
				"north": {"uv": [5.875, 9.5, 6.375, 10], "texture": "#8"},
				"east": {"uv": [8.875, 3.75, 10.25, 4.25], "texture": "#8"},
				"south": {"uv": [6.375, 9.5, 6.875, 10], "texture": "#8"},
				"west": {"uv": [8.875, 4.25, 10.25, 4.75], "texture": "#8"},
				"up": {"uv": [9.375, 10.375, 8.875, 9], "texture": "#8"},
				"down": {"uv": [9.75, 0, 9.25, 1.375], "texture": "#8"}
			}
		},
		{
			"name": "right_leg",
			"from": [3.675, -6.175, -1.5],
			"to": [8.175, -1.675, 9.35],
			"rotation": {"angle": 22.5, "axis": "y", "origin": [7.675, -5.175, 8]},
			"faces": {
				"north": {"uv": [9.25, 2.125, 9.8125, 2.6875], "texture": "#8"},
				"east": {"uv": [8.375, 8.375, 9.75, 8.9375], "texture": "#8"},
				"south": {"uv": [0, 9.375, 0.5625, 9.9375], "texture": "#8"},
				"west": {"uv": [8.5, 4.875, 9.875, 5.4375], "texture": "#8"},
				"up": {"uv": [9.1875, 1.375, 8.625, 0], "texture": "#8"},
				"down": {"uv": [9.1875, 1.375, 8.625, 2.75], "texture": "#8"}
			}
		},
		{
			"name": "left_arm_2nd_layer",
			"from": [-7.5, -1, 5.5],
			"to": [-3.5, 12, 10.5],
			"rotation": {"angle": -22.5, "axis": "z", "origin": [-8, -12, 0]},
			"faces": {
				"north": {"uv": [7.375, 8.25, 7.875, 9.875], "texture": "#8"},
				"east": {"uv": [1.625, 7.875, 2.25, 9.5], "texture": "#8"},
				"south": {"uv": [7.875, 8.25, 8.375, 9.875], "texture": "#8"},
				"west": {"uv": [2.25, 7.875, 2.875, 9.5], "texture": "#8"},
				"up": {"uv": [9.875, 8, 9.375, 7.375], "texture": "#8"},
				"down": {"uv": [9.875, 9, 9.375, 9.625], "texture": "#8"}
			}
		},
		{
			"name": "right_arm_2nd_layer",
			"from": [20.5, -6, 5.5],
			"to": [24.5, 7, 10.5],
			"rotation": {"angle": 22.5, "axis": "z", "origin": [9, -17, 0]},
			"faces": {
				"north": {"uv": [8.375, 3.25, 8.875, 4.875], "texture": "#8"},
				"east": {"uv": [2.875, 7.875, 3.5, 9.5], "texture": "#8"},
				"south": {"uv": [8.375, 6.75, 8.875, 8.375], "texture": "#8"},
				"west": {"uv": [3.5, 7.875, 4.125, 9.5], "texture": "#8"},
				"up": {"uv": [1.75, 10.125, 1.25, 9.5], "texture": "#8"},
				"down": {"uv": [2.25, 9.5, 1.75, 10.125], "texture": "#8"}
			}
		},
		{
			"name": "left_leg",
			"from": [7.675, -6.175, -1.5],
			"to": [12.175, -1.675, 9.35],
			"rotation": {"angle": -22.5, "axis": "y", "origin": [7.675, -5.175, 8]},
			"faces": {
				"north": {"uv": [0.625, 9.375, 1.1875, 9.9375], "texture": "#8"},
				"east": {"uv": [8.5, 5.5, 9.875, 6.0625], "texture": "#8"},
				"south": {"uv": [9.375, 6.75, 9.9375, 7.3125], "texture": "#8"},
				"west": {"uv": [8.5, 6.125, 9.875, 6.6875], "texture": "#8"},
				"up": {"uv": [4.6875, 10.125, 4.125, 8.75], "texture": "#8"},
				"down": {"uv": [5.3125, 8.75, 4.75, 10.125], "texture": "#8"}
			}
		},
		{
			"name": "head_2nd_layer",
			"from": [0, 8.65, 0],
			"to": [16, 24.65, 16],
			"rotation": {"angle": 0, "axis": "y", "origin": [7.5, 10.65, 7.5]},
			"faces": {
				"north": {"uv": [2.25, 0, 4.25, 2], "texture": "#8"},
				"east": {"uv": [2.25, 2, 4.25, 4], "texture": "#8"},
				"south": {"uv": [2.25, 4, 4.25, 6], "texture": "#8"},
				"west": {"uv": [4.25, 0, 6.25, 2], "texture": "#8"},
				"up": {"uv": [6.25, 4, 4.25, 2], "texture": "#8"},
				"down": {"uv": [6.25, 4, 4.25, 6], "texture": "#8"}
			}
		},
		{
			"name": "plate",
			"from": [-1, -8, -4],
			"to": [17, -6, 14],
			"rotation": {"angle": 0, "axis": "x", "origin": [0, -8, 7]},
			"faces": {
				"north": {"uv": [8.875, 8.125, 11.125, 8.375], "texture": "#8"},
				"east": {"uv": [9.25, 1.375, 11.5, 1.625], "texture": "#8"},
				"south": {"uv": [9.25, 1.625, 11.5, 1.875], "texture": "#8"},
				"west": {"uv": [9.25, 1.875, 11.5, 2.125], "texture": "#8"},
				"up": {"uv": [2.25, 2.25, 0, 0], "texture": "#8"},
				"down": {"uv": [2.25, 2.25, 0, 4.5], "texture": "#8"}
			}
		}
	],
	"display": {
		"thirdperson_righthand": {
			"rotation": [40, 0, 0],
			"translation": [0, 4.25, 2.5],
			"scale": [0.3, 0.3, 0.3]
		},
		"thirdperson_lefthand": {
			"rotation": [28, 180, 0],
			"translation": [0, 0, 0.5],
			"scale": [0.3, 0.3, 0.3]
		},
		"firstperson_righthand": {
			"rotation": [-14, 145, 0],
			"translation": [1.25, 1.5, 0],
			"scale": [0.3, 0.3, 0.3]
		},
		"firstperson_lefthand": {
			"rotation": [0, 125, 0],
			"translation": [0, 1.75, 0],
			"scale": [0.35, 0.35, 0.35]
		},
		"ground": {
			"translation": [0, 4.75, 0],
			"scale": [0.3, 0.3, 0.3]
		},
		"gui": {
			"rotation": [25, -145, 2],
			"translation": [0, -0.5, 0],
			"scale": [0.3, 0.3, 0.3]
		},
		"head": {
			"translation": [0, 11.96, 1],
			"scale": [0.4, 0.4, 0.4]
		},
		"fixed": {
			"rotation": [-90, 0, 0],
			"translation": [0, 2.75, -16]
		}
	},
	"groups": [
		{
			"name": "player",
			"origin": [8, 8, 8],
			"color": 0,
			"children": [0, 1, 2, 3, 4, 5, 6, 7, 8, 9, 10, 11]
		},
		12
	]
}