{
	"credit": "Made with Blockbench",
	"texture_size": [32, 32],
	"textures": {
		"0": "item/vip/admin_models/howie",
		"1": "item/vip/admin_models/how_figure",
		"particle": "item/vip/admin_models/howie"
	},
	"elements": [
		{
			"name": "head",
			"from": [0.5, 15.5, 0.5],
			"to": [15.5, 30.5, 15.5],
			"rotation": {"angle": 0, "axis": "x", "origin": [7.5, 17, 7.5]},
			"faces": {
				"north": {"uv": [2, 2, 4, 4], "texture": "#0"},
				"east": {"uv": [0, 2, 2, 4], "texture": "#0"},
				"south": {"uv": [6, 2, 8, 4], "texture": "#0"},
				"west": {"uv": [4, 2, 6, 4], "texture": "#0"},
				"up": {"uv": [4, 2, 2, 0], "texture": "#0"},
				"down": {"uv": [6, 0, 4, 2], "texture": "#0"}
			}
		},
		{
			"name": "body",
			"from": [4, 3.5, 5],
			"to": [12, 15.5, 11],
			"rotation": {"angle": 0, "axis": "y", "origin": [0, -8, 0]},
			"faces": {
				"north": {"uv": [5, 5, 7, 8], "texture": "#0"},
				"east": {"uv": [4, 5, 5, 8], "texture": "#0"},
				"south": {"uv": [8, 5, 10, 8], "texture": "#0"},
				"west": {"uv": [7, 5, 8, 8], "texture": "#0"},
				"up": {"uv": [7, 5, 5, 4], "texture": "#0"},
				"down": {"uv": [9, 4, 7, 5], "texture": "#0"}
			}
		},
		{
			"name": "right_arm",
			"from": [11.5, 12, 6],
			"to": [23.5, 16, 10],
			"rotation": {"angle": 22.5, "axis": "z", "origin": [13, 15, 8]},
			"faces": {
				"north": {"uv": [11, 5, 11.75, 8], "rotation": 90, "texture": "#0"},
				"east": {"uv": [12.5, 4, 11.75, 5], "rotation": 270, "texture": "#0"},
				"south": {"uv": [12.75, 5, 13.5, 8], "rotation": 270, "texture": "#0"},
				"west": {"uv": [11.75, 5, 11, 4], "rotation": 270, "texture": "#0"},
				"up": {"uv": [10, 5, 11, 8], "rotation": 270, "texture": "#0"},
				"down": {"uv": [11.75, 5, 12.75, 8], "rotation": 270, "texture": "#0"}
			}
		},
		{
			"name": "right_arm",
			"from": [0.69888, 5.11732, 5.775],
			"to": [5.24888, 15.61732, 10.25],
			"rotation": {"angle": -22.5, "axis": "z", "origin": [3, 14, 8]},
			"faces": {
				"north": {"uv": [11, 5, 11.75, 8], "texture": "#0"},
				"east": {"uv": [10, 5, 11, 8], "texture": "#0"},
				"south": {"uv": [12.75, 5, 13.5, 8], "texture": "#0"},
				"west": {"uv": [11.75, 5, 12.75, 8], "texture": "#0"},
				"up": {"uv": [11.75, 5, 11, 4], "texture": "#0"},
				"down": {"uv": [12.5, 4, 11.75, 5], "texture": "#0"}
			}
		},
		{
			"name": "right_arm_2nd_layer",
			"from": [0.69634, 4.75209, 5.7],
			"to": [5.29634, 5.75209, 10.3],
			"rotation": {"angle": -22.5, "axis": "z", "origin": [3, 14, 8]},
			"faces": {
				"north": {"uv": [10.75, 11.25, 11.5, 11.5], "texture": "#0"},
				"east": {"uv": [10, 11.25, 11, 11.5], "texture": "#0"},
				"south": {"uv": [12.75, 11.25, 13.5, 11.5], "texture": "#0"},
				"west": {"uv": [11.75, 11.25, 12.75, 11.5], "texture": "#0"},
				"up": {"uv": [11.5, 11.5, 10.75, 11.25], "texture": "#0"},
				"down": {"uv": [11.75, 11.25, 11, 11.5], "texture": "#0"}
			}
		},
		{
			"name": "right_arm_2nd_layer",
			"from": [7.69634, -5.74791, 5.7],
			"to": [12.24634, -4.74791, 10.3],
			"rotation": {"angle": -22.5, "axis": "x", "origin": [10, 2.5, 8]},
			"faces": {
				"north": {"uv": [10.75, 11.25, 11.5, 11.5], "texture": "#0"},
				"east": {"uv": [10, 11.25, 11, 11.5], "texture": "#0"},
				"south": {"uv": [12.75, 11.25, 13.5, 11.5], "texture": "#0"},
				"west": {"uv": [11.75, 11.25, 12.75, 11.5], "texture": "#0"},
				"up": {"uv": [11.5, 11.5, 10.75, 11.25], "texture": "#0"},
				"down": {"uv": [11.75, 11.25, 11, 11.5], "texture": "#0"}
			}
		},
		{
			"name": "right_arm_2nd_layer",
			"from": [3.69634, -6.24791, 5.7],
			"to": [8.29634, -5.24791, 10.3],
			"rotation": {"angle": 0, "axis": "y", "origin": [6, 3, 8]},
			"faces": {
				"north": {"uv": [10.75, 11.25, 11.5, 11.5], "texture": "#0"},
				"east": {"uv": [10, 11.25, 11, 11.5], "texture": "#0"},
				"south": {"uv": [12.75, 11.25, 13.5, 11.5], "texture": "#0"},
				"west": {"uv": [11.75, 11.25, 12.75, 11.5], "texture": "#0"},
				"up": {"uv": [11.5, 11.5, 10.75, 11.25], "texture": "#0"},
				"down": {"uv": [11.75, 11.25, 11, 11.5], "texture": "#0"}
			}
		},
		{
			"name": "right_arm",
			"from": [0.92388, 3.11732, 6],
			"to": [4.92388, 15.11732, 10],
			"rotation": {"angle": -22.5, "axis": "z", "origin": [3, 14, 8]},
			"faces": {
				"north": {"uv": [11, 5, 11.75, 8], "texture": "#0"},
				"east": {"uv": [10, 5, 11, 8], "texture": "#0"},
				"south": {"uv": [12.75, 5, 13.5, 8], "texture": "#0"},
				"west": {"uv": [11.75, 5, 12.75, 8], "texture": "#0"},
				"up": {"uv": [11.75, 5, 11, 4], "texture": "#0"},
				"down": {"uv": [12.5, 4, 11.75, 5], "texture": "#0"}
			}
		},
		{
			"name": "right_arm",
			"from": [11, 11.775, 5.775],
			"to": [21.5, 16.325, 10.25],
			"rotation": {"angle": 22.5, "axis": "z", "origin": [13, 15, 8]},
			"faces": {
				"north": {"uv": [11, 5, 11.75, 8], "rotation": 90, "texture": "#0"},
				"east": {"uv": [12.5, 4, 11.75, 5], "rotation": 270, "texture": "#0"},
				"south": {"uv": [12.75, 5, 13.5, 8], "rotation": 270, "texture": "#0"},
				"west": {"uv": [11.75, 5, 11, 4], "rotation": 270, "texture": "#0"},
				"up": {"uv": [10, 5, 11, 8], "rotation": 270, "texture": "#0"},
				"down": {"uv": [11.75, 5, 12.75, 8], "rotation": 270, "texture": "#0"}
			}
		},
		{
			"name": "right_leg",
			"from": [4, -5.5, 6],
			"to": [8, 3.5, 10],
			"rotation": {"angle": 0, "axis": "z", "origin": [7.5, 17, 7.5]},
			"faces": {
				"north": {"uv": [5, 13, 6, 16], "texture": "#0"},
				"east": {"uv": [4, 13, 5, 16], "texture": "#0"},
				"south": {"uv": [7, 13, 8, 16], "texture": "#0"},
				"west": {"uv": [6, 13, 7, 16], "texture": "#0"},
				"up": {"uv": [6, 13, 5, 12], "texture": "#0"},
				"down": {"uv": [7, 12, 6, 13], "texture": "#0"}
			}
		},
		{
			"name": "left_leg",
			"from": [8, -5, 6],
			"to": [11.95, 4, 10],
			"rotation": {"angle": -22.5, "axis": "x", "origin": [10, 2.5, 8]},
			"faces": {
				"north": {"uv": [1, 5, 2, 8], "texture": "#0"},
				"east": {"uv": [0, 5, 1, 8], "texture": "#0"},
				"south": {"uv": [3, 5, 4, 8], "texture": "#0"},
				"west": {"uv": [2, 5, 3, 8], "texture": "#0"},
				"up": {"uv": [2, 5, 1, 4], "texture": "#0"},
				"down": {"uv": [3, 4, 2, 5], "texture": "#0"}
			}
		},
		{
			"name": "head_2nd_layer",
			"from": [0, 15, 0],
			"to": [16, 31, 16],
			"rotation": {"angle": 0, "axis": "x", "origin": [7.5, 17, 7.5]},
			"faces": {
				"north": {"uv": [10, 2, 12, 4], "texture": "#0"},
				"east": {"uv": [8, 2, 10, 4], "texture": "#0"},
				"south": {"uv": [14, 2, 16, 4], "texture": "#0"},
				"west": {"uv": [12, 2, 14, 4], "texture": "#0"},
				"up": {"uv": [12, 2, 10, 0], "texture": "#0"},
				"down": {"uv": [14, 0, 12, 2], "texture": "#0"}
			}
		},
		{
			"name": "body_2nd_layer",
			"from": [7, 6.55, 3.94],
			"to": [9, 14.56, 4.94],
			"rotation": {"angle": 0, "axis": "y", "origin": [-3, -4.45, -0.55]},
			"faces": {
				"north": {"uv": [5.75, 9.25, 6.25, 11.75], "texture": "#0"},
				"east": {"uv": [5.75, 9.25, 6, 11.75], "texture": "#0"},
				"south": {"uv": [8, 9, 10, 12], "texture": "#0"},
				"west": {"uv": [6, 9.25, 6.25, 11.75], "texture": "#0"},
				"up": {"uv": [6.25, 9.75, 5.75, 9.25], "texture": "#0"},
				"down": {"uv": [6.25, 11.5, 5.75, 11.75], "texture": "#0"}
			}
		},
		{
			"name": "body_2nd_layer",
			"from": [6, 14.52, 3.94],
			"to": [10, 15.53, 4.94],
			"rotation": {"angle": 0, "axis": "y", "origin": [-3, -3.5, -0.55]},
			"faces": {
				"north": {"uv": [5.75, 9.25, 6.25, 9.5], "texture": "#0"},
				"east": {"uv": [5.75, 9.25, 6, 9.5], "texture": "#0"},
				"south": {"uv": [8, 9, 10, 12], "texture": "#0"},
				"west": {"uv": [6, 9.25, 6.25, 9.5], "texture": "#0"},
				"up": {"uv": [6.25, 9.75, 5.75, 9.25], "texture": "#0"},
				"down": {"uv": [6.25, 11, 5.75, 11.25], "texture": "#0"}
			}
		},
		{
			"name": "right_arm_2nd_layer",
			"from": [21, 10.95, 5.7],
			"to": [22, 15.55, 10.3],
			"rotation": {"angle": 22.5, "axis": "z", "origin": [11, 14.25, 8]},
			"faces": {
				"north": {"uv": [10.75, 11.25, 11.5, 11.5], "rotation": 90, "texture": "#0"},
				"east": {"uv": [11.75, 11.25, 11, 11.5], "rotation": 270, "texture": "#0"},
				"south": {"uv": [12.75, 11.25, 13.5, 11.5], "rotation": 270, "texture": "#0"},
				"west": {"uv": [11.5, 11.5, 10.75, 11.25], "rotation": 270, "texture": "#0"},
				"up": {"uv": [10, 11.25, 11, 11.5], "rotation": 270, "texture": "#0"},
				"down": {"uv": [11.75, 11.25, 12.75, 11.5], "rotation": 270, "texture": "#0"}
			}
		},
		{
			"name": "plate",
			"from": [0, -8, 2],
			"to": [16, -6, 14],
			"rotation": {"angle": 0, "axis": "x", "origin": [0, -8, 7]},
			"faces": {
				"north": {"uv": [8, 0, 16, 1], "texture": "#1"},
				"east": {"uv": [8, 2, 14, 3], "texture": "#1"},
				"south": {"uv": [8, 1, 16, 2], "texture": "#1"},
				"west": {"uv": [8, 3, 14, 4], "texture": "#1"},
				"up": {"uv": [8, 6, 0, 0], "texture": "#1"},
				"down": {"uv": [8, 6, 0, 12], "texture": "#1"}
			}
		}
	],
	"display": {
		"thirdperson_righthand": {
			"rotation": [40, 0, 0],
			"translation": [0, 4.25, 2.5],
			"scale": [0.3, 0.3, 0.3]
		},
		"thirdperson_lefthand": {
			"rotation": [28, 180, 0],
			"translation": [0, 0, 0.5],
			"scale": [0.3, 0.3, 0.3]
		},
		"firstperson_righthand": {
			"rotation": [-14, 145, 0],
			"translation": [0.75, 0, 0],
			"scale": [0.3, 0.3, 0.3]
		},
		"firstperson_lefthand": {
			"rotation": [0, 125, 0],
			"translation": [0, -0.25, 0],
			"scale": [0.35, 0.35, 0.35]
		},
		"ground": {
			"translation": [0, 4.25, 0],
			"scale": [0.3, 0.3, 0.3]
		},
		"gui": {
			"rotation": [25, -145, 2],
			"translation": [0, -1.25, 0],
			"scale": [0.3, 0.3, 0.3]
		},
		"head": {
			"translation": [0, 11.96, 0],
			"scale": [0.4, 0.4, 0.4]
		},
		"fixed": {
			"rotation": [-90, 0, 0],
			"translation": [0, 0, -16]
		}
	},
	"groups": [
		{
			"name": "player",
			"origin": [8, 8, 8],
			"color": 0,
			"children": [0, 1, 2, 3, 4, 5, 6, 7, 8, 9, 10, 11, 12, 13, 14]
		},
		15
	]
}