{
	"credit": "Made with Blockbench",
	"texture_size": [64, 64],
	"textures": {
		"1": "item/vip/admin_models/20000_figure",
		"2": "item/vip/admin_models/oooo",
		"particle": "item/vip/admin_models/oooo"
	},
	"elements": [
		{
			"name": "head",
			"from": [0.5, 9, 0.5],
			"to": [15.5, 24, 15.5],
			"rotation": {"angle": 0, "axis": "x", "origin": [7.5, 10.5, 7.5]},
			"faces": {
				"north": {"uv": [2, 2, 4, 4], "texture": "#2"},
				"east": {"uv": [0, 2, 2, 4], "texture": "#2"},
				"south": {"uv": [6, 2, 8, 4], "texture": "#2"},
				"west": {"uv": [4, 2, 6, 4], "texture": "#2"},
				"up": {"uv": [4, 2, 2, 0], "texture": "#2"},
				"down": {"uv": [6, 0, 4, 2], "texture": "#2"}
			}
		},
		{
			"name": "body",
			"from": [3.65, -3, 4.75],
			"to": [12.35, 9, 11.25],
			"rotation": {"angle": 0, "axis": "y", "origin": [0, -14.5, 0]},
			"faces": {
				"north": {"uv": [5, 9, 7, 12], "texture": "#2"},
				"east": {"uv": [4, 9, 5, 12], "texture": "#2"},
				"south": {"uv": [8, 9, 10, 12], "texture": "#2"},
				"west": {"uv": [7, 9, 8, 12], "texture": "#2"},
				"up": {"uv": [7, 9, 5, 8], "texture": "#2"},
				"down": {"uv": [9, 8, 7, 9], "texture": "#2"}
			}
		},
		{
			"name": "body",
			"from": [4, -3, 5],
			"to": [12, 9, 11],
			"rotation": {"angle": 0, "axis": "y", "origin": [0, -14.5, 0]},
			"faces": {
				"north": {"uv": [5, 5, 7, 8], "texture": "#2"},
				"east": {"uv": [4, 5, 5, 8], "texture": "#2"},
				"south": {"uv": [8, 5, 10, 8], "texture": "#2"},
				"west": {"uv": [7, 5, 8, 8], "texture": "#2"},
				"up": {"uv": [7, 5, 5, 4], "texture": "#2"},
				"down": {"uv": [9, 4, 7, 5], "texture": "#2"}
			}
		},
		{
			"name": "right_arm",
			"from": [11, -2, 6],
			"to": [15, 11, 10],
			"rotation": {"angle": 22.5, "axis": "z", "origin": [14, 8.5, 8]},
			"faces": {
				"north": {"uv": [11, 5, 11.75, 8], "texture": "#2"},
				"east": {"uv": [10, 5, 11, 8], "texture": "#2"},
				"south": {"uv": [12.75, 5, 13.5, 8], "texture": "#2"},
				"west": {"uv": [11.75, 5, 12.75, 8], "texture": "#2"},
				"up": {"uv": [11.75, 5, 11, 4], "texture": "#2"},
				"down": {"uv": [12.5, 4, 11.75, 5], "texture": "#2"}
			}
		},
		{
			"name": "right_arm",
			"from": [1, -3, 6],
			"to": [5, 10, 10],
			"rotation": {"angle": -22.5, "axis": "z", "origin": [3, 7.5, 8]},
			"faces": {
				"north": {"uv": [11, 5, 11.75, 8], "texture": "#2"},
				"east": {"uv": [10, 5, 11, 8], "texture": "#2"},
				"south": {"uv": [12.75, 5, 13.5, 8], "texture": "#2"},
				"west": {"uv": [11.75, 5, 12.75, 8], "texture": "#2"},
				"up": {"uv": [11.75, 5, 11, 4], "texture": "#2"},
				"down": {"uv": [12.5, 4, 11.75, 5], "texture": "#2"}
			}
		},
		{
			"name": "right_leg",
			"from": [4, -5.9, -1.5],
			"to": [8, -1.9, 9.5],
			"rotation": {"angle": 22.5, "axis": "y", "origin": [8, -4.9, 8]},
			"faces": {
				"north": {"uv": [7, 12, 6, 13], "rotation": 180, "texture": "#2"},
				"east": {"uv": [4, 13, 5, 16], "rotation": 270, "texture": "#2"},
				"south": {"uv": [6, 13, 5, 12], "texture": "#2"},
				"west": {"uv": [6, 13, 7, 16], "rotation": 90, "texture": "#2"},
				"up": {"uv": [5, 13, 6, 16], "rotation": 180, "texture": "#2"},
				"down": {"uv": [7, 13, 8, 16], "texture": "#2"}
			}
		},
		{
			"name": "left_leg",
			"from": [8, -5.9, -1.5],
			"to": [11.95, -1.9, 9.5],
			"rotation": {"angle": -22.5, "axis": "y", "origin": [8, -4.9, 8]},
			"faces": {
				"north": {"uv": [3, 4, 2, 5], "rotation": 180, "texture": "#2"},
				"east": {"uv": [0, 5, 1, 8], "rotation": 270, "texture": "#2"},
				"south": {"uv": [2, 5, 1, 4], "texture": "#2"},
				"west": {"uv": [2, 5, 3, 8], "rotation": 90, "texture": "#2"},
				"up": {"uv": [1, 5, 2, 8], "rotation": 180, "texture": "#2"},
				"down": {"uv": [3, 5, 4, 8], "texture": "#2"}
			}
		},
		{
			"name": "right_leg",
			"from": [3.675, -6.15, -1.5],
			"to": [8.175, -1.65, 3.2],
			"rotation": {"angle": 22.5, "axis": "y", "origin": [7.675, -5.15, 8]},
			"faces": {
				"north": {"uv": [7, 12, 6, 13], "rotation": 180, "texture": "#2"},
				"east": {"uv": [4, 14.75, 5, 16], "rotation": 270, "texture": "#2"},
				"south": {"uv": [6, 13, 5, 12], "texture": "#2"},
				"west": {"uv": [6, 14.75, 7, 16], "rotation": 90, "texture": "#2"},
				"up": {"uv": [5, 14.75, 6, 16], "rotation": 180, "texture": "#2"},
				"down": {"uv": [7, 14.75, 8, 16], "texture": "#2"}
			}
		},
		{
			"name": "left_leg_2nd_layer",
			"from": [11.375, -6.15, 2.4],
			"to": [15.875, -1.65, 3.4],
			"rotation": {"angle": -22.5, "axis": "y", "origin": [8.125, 4.35, -1.6]},
			"faces": {
				"north": {"uv": [3.75, 14.6, 2.75, 14.75], "rotation": 180, "texture": "#2"},
				"east": {"uv": [0, 14.5, 1, 14.75], "rotation": 270, "texture": "#2"},
				"south": {"uv": [2.75, 14.75, 1.75, 14.6], "texture": "#2"},
				"west": {"uv": [2, 14.5, 3, 14.75], "rotation": 90, "texture": "#2"},
				"up": {"uv": [1, 14.5, 2, 14.75], "rotation": 180, "texture": "#2"},
				"down": {"uv": [3, 14.5, 4, 14.75], "texture": "#2"}
			}
		},
		{
			"name": "left_leg_2nd_layer",
			"from": [0.875, -6.15, 6.7],
			"to": [5.375, -1.65, 7.7],
			"rotation": {"angle": 22.5, "axis": "y", "origin": [-2.375, 4.35, 2.7]},
			"faces": {
				"north": {"uv": [3.75, 14.6, 2.75, 14.75], "rotation": 180, "texture": "#2"},
				"east": {"uv": [0, 14.5, 1, 14.75], "rotation": 270, "texture": "#2"},
				"south": {"uv": [2.75, 14.75, 1.75, 14.6], "texture": "#2"},
				"west": {"uv": [2, 14.5, 3, 14.75], "rotation": 90, "texture": "#2"},
				"up": {"uv": [1, 14.5, 2, 14.75], "rotation": 180, "texture": "#2"},
				"down": {"uv": [3, 14.5, 4, 14.75], "texture": "#2"}
			}
		},
		{
			"name": "left_arm_2nd_layer",
			"from": [-7.5, -1, 5.5],
			"to": [-3.5, 12, 10.5],
			"rotation": {"angle": -22.5, "axis": "z", "origin": [-8, -12, 0]},
			"faces": {
				"north": {"uv": [13, 13, 13.75, 16], "texture": "#2"},
				"east": {"uv": [12, 13, 13, 16], "texture": "#2"},
				"south": {"uv": [14.75, 13, 15.5, 16], "texture": "#2"},
				"west": {"uv": [13.75, 13, 14.75, 16], "texture": "#2"},
				"up": {"uv": [13.75, 13, 13, 12], "texture": "#2"},
				"down": {"uv": [14.5, 12, 13.75, 13], "texture": "#2"}
			}
		},
		{
			"name": "right_arm_2nd_layer",
			"from": [20.5, -6, 5.5],
			"to": [24.5, 7, 10.5],
			"rotation": {"angle": 22.5, "axis": "z", "origin": [9, -17, 0]},
			"faces": {
				"north": {"uv": [10.75, 9, 11.5, 12], "texture": "#2"},
				"east": {"uv": [10, 9, 11, 12], "texture": "#2"},
				"south": {"uv": [12.75, 9, 13.5, 12], "texture": "#2"},
				"west": {"uv": [11.75, 9, 12.75, 12], "texture": "#2"},
				"up": {"uv": [11.75, 9, 11, 8], "texture": "#2"},
				"down": {"uv": [12.5, 8, 11.75, 9], "texture": "#2"}
			}
		},
		{
			"name": "left_leg",
			"from": [7.725, -6.15, -1.75],
			"to": [12.225, -1.65, 2.95],
			"rotation": {"angle": -22.5, "axis": "y", "origin": [7.725, -5.15, 7.75]},
			"faces": {
				"north": {"uv": [3, 4, 2, 5], "rotation": 180, "texture": "#2"},
				"east": {"uv": [0, 6.75, 1, 8], "rotation": 270, "texture": "#2"},
				"south": {"uv": [2, 5, 1, 4], "texture": "#2"},
				"west": {"uv": [2, 6.75, 3, 8], "rotation": 90, "texture": "#2"},
				"up": {"uv": [1, 6.75, 2, 8], "rotation": 180, "texture": "#2"},
				"down": {"uv": [3, 6.75, 4, 8], "texture": "#2"}
			}
		},
		{
			"name": "head_2nd_layer",
			"from": [0, 8.65, 0],
			"to": [16, 24.65, 16],
			"rotation": {"angle": 0, "axis": "y", "origin": [7.5, 10.65, 7.5]},
			"faces": {
				"north": {"uv": [10, 2, 12, 4], "texture": "#2"},
				"east": {"uv": [8, 2, 10, 4], "texture": "#2"},
				"south": {"uv": [14, 2, 16, 4], "texture": "#2"},
				"west": {"uv": [12, 2, 14, 4], "texture": "#2"},
				"up": {"uv": [12, 2, 10, 0], "texture": "#2"},
				"down": {"uv": [14, 0, 12, 2], "texture": "#2"}
			}
		},
		{
			"name": "plate",
			"from": [-1, -8, -4],
			"to": [17, -6, 14],
			"rotation": {"angle": 0, "axis": "x", "origin": [0, -8, 7]},
			"faces": {
				"north": {"uv": [8, 0, 16, 1], "texture": "#1"},
				"east": {"uv": [8, 2, 14, 3], "texture": "#1"},
				"south": {"uv": [8, 1, 16, 2], "texture": "#1"},
				"west": {"uv": [8, 3, 14, 4], "texture": "#1"},
				"up": {"uv": [8, 6, 0, 0], "texture": "#1"},
				"down": {"uv": [8, 6, 0, 12], "texture": "#1"}
			}
		}
	],
	"display": {
		"thirdperson_righthand": {
			"rotation": [40, 0, 0],
			"translation": [0, 4.25, 2.5],
			"scale": [0.3, 0.3, 0.3]
		},
		"thirdperson_lefthand": {
			"rotation": [28, 180, 0],
			"translation": [0, 0, 0.5],
			"scale": [0.3, 0.3, 0.3]
		},
		"firstperson_righthand": {
			"rotation": [-14, 145, 0],
			"translation": [1.25, 1.5, 0],
			"scale": [0.3, 0.3, 0.3]
		},
		"firstperson_lefthand": {
			"rotation": [0, 125, 0],
			"translation": [0, 1.75, 0],
			"scale": [0.35, 0.35, 0.35]
		},
		"ground": {
			"translation": [0, 4.75, 0],
			"scale": [0.3, 0.3, 0.3]
		},
		"gui": {
			"rotation": [25, -145, 2],
			"translation": [0, -0.5, 0],
			"scale": [0.3, 0.3, 0.3]
		},
		"head": {
			"translation": [0, 11.96, 1],
			"scale": [0.4, 0.4, 0.4]
		},
		"fixed": {
			"rotation": [-90, 0, 0],
			"translation": [0, 2.75, -16]
		}
	},
	"groups": [
		{
			"name": "player",
			"origin": [8, 8, 8],
			"color": 0,
			"children": [0, 1, 2, 3, 4, 5, 6, 7, 8, 9, 10, 11, 12, 13]
		},
		14
	]
}