{
	"credit": "Made with Blockbench",
	"texture_size": [32, 32],
	"textures": {
		"0": "item/food/tofu_ramen",
		"1": "item/vip/admin_models/admin_figure",
		"2": "item/vip/admin_models/tofu",
		"particle": "item/food/tofu_ramen"
	},
	"elements": [
		{
			"name": "head",
			"from": [0.5, 6.95, 0.5],
			"to": [15.5, 21.95, 15.5],
			"rotation": {"angle": 0, "axis": "x", "origin": [7.5, 8.45, 7.5]},
			"faces": {
				"north": {"uv": [2, 2, 4, 4], "texture": "#2"},
				"east": {"uv": [0, 2, 2, 4], "texture": "#2"},
				"south": {"uv": [6, 2, 8, 4], "texture": "#2"},
				"west": {"uv": [4, 2, 6, 4], "texture": "#2"},
				"up": {"uv": [4, 2, 2, 0], "texture": "#2"},
				"down": {"uv": [6, 0, 4, 2], "texture": "#2"}
			}
		},
		{
			"name": "body",
			"from": [4, -5.05, 5],
			"to": [12, 6.95, 11],
			"rotation": {"angle": 0, "axis": "y", "origin": [0, -16.55, 0]},
			"faces": {
				"north": {"uv": [5, 8.75, 7, 11.75], "texture": "#2"},
				"east": {"uv": [4, 9, 5, 12], "texture": "#2"},
				"south": {"uv": [8, 9, 10, 12], "texture": "#2"},
				"west": {"uv": [7, 9, 8, 12], "texture": "#2"},
				"up": {"uv": [7, 9, 5, 8], "texture": "#2"},
				"down": {"uv": [9, 8, 7, 9], "texture": "#2"}
			}
		},
		{
			"name": "right_arm",
			"from": [10.675, -4.75, 6],
			"to": [14.675, 7.25, 10],
			"rotation": {"angle": 22.5, "axis": "z", "origin": [13.675, 5.75, 8]},
			"faces": {
				"north": {"uv": [11, 5, 11.75, 8], "texture": "#2"},
				"east": {"uv": [10, 5, 11, 8], "texture": "#2"},
				"south": {"uv": [12.75, 5, 13.5, 8], "texture": "#2"},
				"west": {"uv": [11.75, 5, 12.75, 8], "texture": "#2"},
				"up": {"uv": [11.75, 5, 11, 4], "texture": "#2"},
				"down": {"uv": [12.5, 4, 11.75, 5], "texture": "#2"}
			}
		},
		{
			"name": "right_arm",
			"from": [0.69888, -5.43268, 5.775],
			"to": [5.24888, 7.06732, 10.25],
			"rotation": {"angle": -22.5, "axis": "z", "origin": [3, 5.45, 8]},
			"faces": {
				"north": {"uv": [11, 5, 11.75, 8], "texture": "#2"},
				"east": {"uv": [10, 5, 11, 8], "texture": "#2"},
				"south": {"uv": [12.75, 5, 13.5, 8], "texture": "#2"},
				"west": {"uv": [11.75, 5, 12.75, 8], "texture": "#2"},
				"up": {"uv": [11.75, 5, 11, 4], "texture": "#2"},
				"down": {"uv": [12.5, 4, 11.75, 5], "texture": "#2"}
			}
		},
		{
			"name": "right_arm",
			"from": [0.92388, -5.43268, 6],
			"to": [4.92388, 6.56732, 10],
			"rotation": {"angle": -22.5, "axis": "z", "origin": [3, 5.45, 8]},
			"faces": {
				"north": {"uv": [11, 5, 11.75, 8], "texture": "#2"},
				"east": {"uv": [10, 5, 11, 8], "texture": "#2"},
				"south": {"uv": [12.75, 5, 13.5, 8], "texture": "#2"},
				"west": {"uv": [11.75, 5, 12.75, 8], "texture": "#2"},
				"up": {"uv": [11.75, 5, 11, 4], "texture": "#2"},
				"down": {"uv": [12.5, 4, 11.75, 5], "texture": "#2"}
			}
		},
		{
			"name": "right_arm",
			"from": [10.45, -4.75, 5.775],
			"to": [15, 7.75, 10.25],
			"rotation": {"angle": 22.5, "axis": "z", "origin": [13.675, 5.75, 8]},
			"faces": {
				"north": {"uv": [11, 5, 11.75, 8], "texture": "#2"},
				"east": {"uv": [10, 5, 11, 8], "texture": "#2"},
				"south": {"uv": [12.75, 5, 13.5, 8], "texture": "#2"},
				"west": {"uv": [11.75, 5, 12.75, 8], "texture": "#2"},
				"up": {"uv": [11.75, 5, 11, 4], "texture": "#2"},
				"down": {"uv": [12.5, 4, 11.75, 5], "texture": "#2"}
			}
		},
		{
			"name": "right_leg",
			"from": [4, -14.05, 6],
			"to": [8, -5.05, 10],
			"rotation": {"angle": 0, "axis": "z", "origin": [7.5, 8.45, 7.5]},
			"faces": {
				"north": {"uv": [1, 13, 2, 16], "texture": "#2"},
				"east": {"uv": [0, 13, 1, 16], "texture": "#2"},
				"south": {"uv": [3, 13, 4, 16], "texture": "#2"},
				"west": {"uv": [2, 13, 3, 16], "texture": "#2"},
				"up": {"uv": [2, 13, 1, 12], "texture": "#2"},
				"down": {"uv": [3, 12, 2, 13], "texture": "#2"}
			}
		},
		{
			"name": "left_leg",
			"from": [8, -14.05, 6],
			"to": [11.95, -5.05, 10],
			"rotation": {"angle": 0, "axis": "x", "origin": [10, -6.55, 8]},
			"faces": {
				"north": {"uv": [1, 9, 2, 12], "texture": "#2"},
				"east": {"uv": [0, 9, 1, 12], "texture": "#2"},
				"south": {"uv": [3, 9, 4, 12], "texture": "#2"},
				"west": {"uv": [2, 9, 3, 12], "texture": "#2"},
				"up": {"uv": [2, 9, 1, 8], "texture": "#2"},
				"down": {"uv": [3, 8, 2, 9], "texture": "#2"}
			}
		},
		{
			"name": "head_2nd_layer",
			"from": [0, 6.45, 0],
			"to": [16, 22.45, 16],
			"rotation": {"angle": 0, "axis": "x", "origin": [7.5, 8.45, 7.5]},
			"faces": {
				"north": {"uv": [10, 1.75, 12, 3.75], "texture": "#2"},
				"east": {"uv": [8, 2, 10, 4], "texture": "#2"},
				"south": {"uv": [14, 2, 16, 4], "texture": "#2"},
				"west": {"uv": [12, 2, 14, 4], "texture": "#2"},
				"up": {"uv": [12, 2, 10, 0], "texture": "#2"},
				"down": {"uv": [14, 0, 12, 2], "texture": "#2"}
			}
		},
		{
			"name": "plate",
			"from": [0, -16, 2],
			"to": [16, -14, 14],
			"rotation": {"angle": 0, "axis": "x", "origin": [0, -16, 7]},
			"faces": {
				"north": {"uv": [8, 0, 16, 1], "texture": "#1"},
				"east": {"uv": [8, 2, 14, 3], "texture": "#1"},
				"south": {"uv": [8, 1, 16, 2], "texture": "#1"},
				"west": {"uv": [8, 3, 14, 4], "texture": "#1"},
				"up": {"uv": [8, 6, 0, 0], "texture": "#1"},
				"down": {"uv": [8, 6, 0, 12], "texture": "#1"}
			}
		},
		{
			"from": [6, 21.675, 7],
			"to": [7, 22.675, 9],
			"rotation": {"angle": 0, "axis": "y", "origin": [0, 21.675, 0]},
			"faces": {
				"north": {"uv": [1.25, 5.5, 1.5, 5.75], "texture": "#0"},
				"east": {"uv": [5, 4.75, 5.5, 5], "texture": "#0"},
				"south": {"uv": [1, 6.5, 1.25, 6.75], "texture": "#0"},
				"west": {"uv": [7.5, 8.75, 8, 9], "texture": "#0"},
				"up": {"uv": [6.25, 10, 6, 9.5], "texture": "#0"},
				"down": {"uv": [6.5, 9.5, 6.25, 10], "texture": "#0"}
			}
		},
		{
			"from": [9, 21.675, 7],
			"to": [10, 22.675, 9],
			"rotation": {"angle": 0, "axis": "y", "origin": [0, 21.675, 0]},
			"faces": {
				"north": {"uv": [10, 6.75, 10.25, 7], "texture": "#0"},
				"east": {"uv": [7.5, 9, 8, 9.25], "texture": "#0"},
				"south": {"uv": [10, 7, 10.25, 7.25], "texture": "#0"},
				"west": {"uv": [5, 9.75, 5.5, 10], "texture": "#0"},
				"up": {"uv": [10, 5.75, 9.75, 5.25], "texture": "#0"},
				"down": {"uv": [5.75, 9.75, 5.5, 10.25], "texture": "#0"}
			}
		},
		{
			"from": [6, 21.675, 6],
			"to": [10, 22.675, 7],
			"rotation": {"angle": 0, "axis": "y", "origin": [0, 21.675, 0]},
			"faces": {
				"north": {"uv": [0, 6.5, 1, 6.75], "texture": "#0"},
				"east": {"uv": [7.5, 10, 7.75, 10.25], "texture": "#0"},
				"south": {"uv": [2.75, 8.75, 3.75, 9], "texture": "#0"},
				"west": {"uv": [7.75, 10, 8, 10.25], "texture": "#0"},
				"up": {"uv": [5.75, 9, 4.75, 8.75], "texture": "#0"},
				"down": {"uv": [9.75, 4.75, 8.75, 5], "texture": "#0"}
			}
		},
		{
			"from": [6, 21.675, 9],
			"to": [10, 22.675, 10],
			"rotation": {"angle": 0, "axis": "y", "origin": [0, 21.675, 0]},
			"faces": {
				"north": {"uv": [8.75, 5, 9.75, 5.25], "texture": "#0"},
				"east": {"uv": [8, 10, 8.25, 10.25], "texture": "#0"},
				"south": {"uv": [8.75, 5.25, 9.75, 5.5], "texture": "#0"},
				"west": {"uv": [8.25, 10, 8.5, 10.25], "texture": "#0"},
				"up": {"uv": [9.75, 5.75, 8.75, 5.5], "texture": "#0"},
				"down": {"uv": [6.75, 8.75, 5.75, 9], "texture": "#0"}
			}
		},
		{
			"from": [5, 22.675, 5],
			"to": [11, 23.175, 11],
			"rotation": {"angle": 0, "axis": "y", "origin": [0, 21.675, 0]},
			"faces": {
				"north": {"uv": [9.5, 0.25, 11, 0.375], "texture": "#0"},
				"east": {"uv": [9.5, 0.5, 11, 0.625], "texture": "#0"},
				"south": {"uv": [9.5, 0.75, 11, 0.875], "texture": "#0"},
				"west": {"uv": [9.5, 1, 11, 1.125], "texture": "#0"},
				"up": {"uv": [1.5, 5.5, 0, 4], "texture": "#0"},
				"down": {"uv": [5.5, 0, 4, 1.5], "texture": "#0"}
			}
		},
		{
			"from": [4, 23.175, 4],
			"to": [12, 25.175, 12],
			"rotation": {"angle": 0, "axis": "y", "origin": [0, 21.675, 0]},
			"faces": {
				"north": {"uv": [5.5, 1, 7.5, 1.5], "texture": "#0"},
				"east": {"uv": [1.25, 5.75, 3.25, 6.25], "texture": "#0"},
				"south": {"uv": [3.25, 5.75, 5.25, 6.25], "texture": "#0"},
				"west": {"uv": [5.25, 5.75, 7.25, 6.25], "texture": "#0"},
				"up": {"uv": [2, 2, 0, 0], "texture": "#0"},
				"down": {"uv": [2, 2, 0, 4], "texture": "#0"}
			}
		},
		{
			"from": [4, 25.175, 4],
			"to": [12, 27.675, 12],
			"rotation": {"angle": 0, "axis": "y", "origin": [0, 21.675, 0]},
			"faces": {
				"north": {"uv": [5, 1.5, 7, 2.125], "texture": "#0"},
				"east": {"uv": [5, 2.25, 7, 2.875], "texture": "#0"},
				"south": {"uv": [5, 3, 7, 3.625], "texture": "#0"},
				"west": {"uv": [3.5, 5, 5.5, 5.625], "texture": "#0"},
				"up": {"uv": [4, 2, 2, 0], "texture": "#0"},
				"down": {"uv": [4, 2, 2, 4], "texture": "#0"}
			}
		},
		{
			"from": [12, 27.175, 4],
			"to": [14, 27.675, 12],
			"rotation": {"angle": 0, "axis": "y", "origin": [0, 21.675, 0]},
			"faces": {
				"north": {"uv": [10.25, 10.25, 10.75, 10.375], "texture": "#0"},
				"east": {"uv": [9.25, 6, 11.25, 6.125], "texture": "#0"},
				"south": {"uv": [0, 10.5, 0.5, 10.625], "texture": "#0"},
				"west": {"uv": [9.25, 6.25, 11.25, 6.375], "texture": "#0"},
				"up": {"uv": [2.5, 8.75, 2, 6.75], "texture": "#0"},
				"down": {"uv": [3, 6.75, 2.5, 8.75], "texture": "#0"}
			}
		},
		{
			"from": [2, 27.175, 4],
			"to": [4, 27.675, 12],
			"rotation": {"angle": 0, "axis": "y", "origin": [0, 21.675, 0]},
			"faces": {
				"north": {"uv": [0.5, 10.5, 1, 10.625], "texture": "#0"},
				"east": {"uv": [9.25, 6.5, 11.25, 6.625], "texture": "#0"},
				"south": {"uv": [1, 10.5, 1.5, 10.625], "texture": "#0"},
				"west": {"uv": [7.5, 9.25, 9.5, 9.375], "texture": "#0"},
				"up": {"uv": [3.5, 8.75, 3, 6.75], "texture": "#0"},
				"down": {"uv": [4, 6.75, 3.5, 8.75], "texture": "#0"}
			}
		},
		{
			"from": [4, 27.175, 12],
			"to": [12, 27.675, 14],
			"rotation": {"angle": 0, "axis": "y", "origin": [0, 21.675, 0]},
			"faces": {
				"north": {"uv": [9.25, 7.75, 11.25, 7.875], "texture": "#0"},
				"east": {"uv": [1.5, 10.5, 2, 10.625], "texture": "#0"},
				"south": {"uv": [9.25, 8, 11.25, 8.125], "texture": "#0"},
				"west": {"uv": [10.5, 1.75, 11, 1.875], "texture": "#0"},
				"up": {"uv": [6, 7.25, 4, 6.75], "texture": "#0"},
				"down": {"uv": [8.75, 4.75, 6.75, 5.25], "texture": "#0"}
			}
		},
		{
			"from": [4, 27.175, 2],
			"to": [12, 27.675, 4],
			"rotation": {"angle": 0, "axis": "y", "origin": [0, 21.675, 0]},
			"faces": {
				"north": {"uv": [0, 9.5, 2, 9.625], "texture": "#0"},
				"east": {"uv": [2, 10.5, 2.5, 10.625], "texture": "#0"},
				"south": {"uv": [9.5, 0, 11.5, 0.125], "texture": "#0"},
				"west": {"uv": [10.5, 2, 11, 2.125], "texture": "#0"},
				"up": {"uv": [8.75, 5.75, 6.75, 5.25], "texture": "#0"},
				"down": {"uv": [8, 6.75, 6, 7.25], "texture": "#0"}
			}
		},
		{
			"from": [3, 27.175, 12],
			"to": [4, 27.675, 13],
			"rotation": {"angle": 0, "axis": "y", "origin": [0, 21.675, 0]},
			"faces": {
				"north": {"uv": [0, 10.75, 0.25, 10.875], "texture": "#0"},
				"east": {"uv": [0.25, 10.75, 0.5, 10.875], "texture": "#0"},
				"south": {"uv": [0.5, 10.75, 0.75, 10.875], "texture": "#0"},
				"west": {"uv": [0.75, 10.75, 1, 10.875], "texture": "#0"},
				"up": {"uv": [10.75, 2.5, 10.5, 2.25], "texture": "#0"},
				"down": {"uv": [2.75, 10.5, 2.5, 10.75], "texture": "#0"}
			}
		},
		{
			"from": [12, 27.175, 12],
			"to": [13, 27.675, 13],
			"rotation": {"angle": 0, "axis": "y", "origin": [0, 21.675, 0]},
			"faces": {
				"north": {"uv": [1.75, 10.75, 2, 10.875], "texture": "#0"},
				"east": {"uv": [2, 10.75, 2.25, 10.875], "texture": "#0"},
				"south": {"uv": [2.25, 10.75, 2.5, 10.875], "texture": "#0"},
				"west": {"uv": [10.75, 2.25, 11, 2.375], "texture": "#0"},
				"up": {"uv": [10.75, 4, 10.5, 3.75], "texture": "#0"},
				"down": {"uv": [4.25, 10.5, 4, 10.75], "texture": "#0"}
			}
		},
		{
			"from": [12, 27.175, 3],
			"to": [13, 27.675, 4],
			"rotation": {"angle": 0, "axis": "y", "origin": [0, 21.675, 0]},
			"faces": {
				"north": {"uv": [2.5, 10.75, 2.75, 10.875], "texture": "#0"},
				"east": {"uv": [10.75, 2.5, 11, 2.625], "texture": "#0"},
				"south": {"uv": [10.75, 2.75, 11, 2.875], "texture": "#0"},
				"west": {"uv": [3.5, 10.75, 3.75, 10.875], "texture": "#0"},
				"up": {"uv": [10.75, 4.25, 10.5, 4], "texture": "#0"},
				"down": {"uv": [4.5, 10.5, 4.25, 10.75], "texture": "#0"}
			}
		},
		{
			"from": [3, 27.175, 3],
			"to": [4, 27.675, 4],
			"rotation": {"angle": 0, "axis": "y", "origin": [0, 21.675, 0]},
			"faces": {
				"north": {"uv": [1, 10.75, 1.25, 10.875], "texture": "#0"},
				"east": {"uv": [1.25, 10.75, 1.5, 10.875], "texture": "#0"},
				"south": {"uv": [10.75, 1.25, 11, 1.375], "texture": "#0"},
				"west": {"uv": [1.5, 10.75, 1.75, 10.875], "texture": "#0"},
				"up": {"uv": [10.75, 2.75, 10.5, 2.5], "texture": "#0"},
				"down": {"uv": [10.75, 2.75, 10.5, 3], "texture": "#0"}
			}
		},
		{
			"from": [4, 24.175, 12],
			"to": [12, 25.175, 13],
			"rotation": {"angle": 0, "axis": "y", "origin": [0, 21.675, 0]},
			"faces": {
				"north": {"uv": [7, 3, 9, 3.25], "texture": "#0"},
				"east": {"uv": [5.75, 9.75, 6, 10], "texture": "#0"},
				"south": {"uv": [7, 3.25, 9, 3.5], "texture": "#0"},
				"west": {"uv": [10, 1.75, 10.25, 2], "texture": "#0"},
				"up": {"uv": [9, 3.75, 7, 3.5], "texture": "#0"},
				"down": {"uv": [2, 7.25, 0, 7.5], "texture": "#0"}
			}
		},
		{
			"from": [4, 24.175, 3],
			"to": [12, 25.175, 4],
			"rotation": {"angle": 0, "axis": "y", "origin": [0, 21.675, 0]},
			"faces": {
				"north": {"uv": [4, 7.25, 6, 7.5], "texture": "#0"},
				"east": {"uv": [10, 2, 10.25, 2.25], "texture": "#0"},
				"south": {"uv": [7.25, 5.75, 9.25, 6], "texture": "#0"},
				"west": {"uv": [10, 2.25, 10.25, 2.5], "texture": "#0"},
				"up": {"uv": [8, 7.5, 6, 7.25], "texture": "#0"},
				"down": {"uv": [9.25, 6, 7.25, 6.25], "texture": "#0"}
			}
		},
		{
			"from": [4, 25.175, 2],
			"to": [12, 27.175, 3],
			"rotation": {"angle": 0, "axis": "y", "origin": [0, 21.675, 0]},
			"faces": {
				"north": {"uv": [1.25, 6.25, 3.25, 6.75], "texture": "#0"},
				"east": {"uv": [6.5, 9.5, 6.75, 10], "texture": "#0"},
				"south": {"uv": [3.25, 6.25, 5.25, 6.75], "texture": "#0"},
				"west": {"uv": [9.5, 7.25, 9.75, 7.75], "texture": "#0"},
				"up": {"uv": [6, 7.75, 4, 7.5], "texture": "#0"},
				"down": {"uv": [8, 7.5, 6, 7.75], "texture": "#0"}
			}
		},
		{
			"from": [4, 25.175, 13],
			"to": [12, 27.175, 14],
			"rotation": {"angle": 0, "axis": "y", "origin": [0, 21.675, 0]},
			"faces": {
				"north": {"uv": [6.25, 3.75, 8.25, 4.25], "texture": "#0"},
				"east": {"uv": [7.5, 9.5, 7.75, 10], "texture": "#0"},
				"south": {"uv": [6.25, 4.25, 8.25, 4.75], "texture": "#0"},
				"west": {"uv": [7.75, 9.5, 8, 10], "texture": "#0"},
				"up": {"uv": [6, 8, 4, 7.75], "texture": "#0"},
				"down": {"uv": [8, 7.75, 6, 8], "texture": "#0"}
			}
		},
		{
			"from": [4, 27.175, 14],
			"to": [12, 28.175, 15],
			"rotation": {"angle": 0, "axis": "y", "origin": [0, 21.675, 0]},
			"faces": {
				"north": {"uv": [8, 1.5, 10, 1.75], "texture": "#0"},
				"east": {"uv": [8.5, 10, 8.75, 10.25], "texture": "#0"},
				"south": {"uv": [8, 1.75, 10, 2], "texture": "#0"},
				"west": {"uv": [8.75, 10, 9, 10.25], "texture": "#0"},
				"up": {"uv": [10, 2.25, 8, 2], "texture": "#0"},
				"down": {"uv": [10, 2.25, 8, 2.5], "texture": "#0"}
			}
		},
		{
			"from": [4, 28.175, 1],
			"to": [12, 28.675, 1.5],
			"rotation": {"angle": 0, "axis": "y", "origin": [0, 21.675, 0]},
			"faces": {
				"north": {"uv": [4.75, 9, 6.75, 9.125], "texture": "#0"},
				"east": {"uv": [4.25, 10.75, 4.375, 10.875], "texture": "#0"},
				"south": {"uv": [8.25, 9, 10.25, 9.125], "texture": "#0"},
				"west": {"uv": [4.5, 10.75, 4.625, 10.875], "texture": "#0"},
				"up": {"uv": [11, 8.375, 9, 8.25], "texture": "#0"},
				"down": {"uv": [11, 8.5, 9, 8.625], "texture": "#0"}
			}
		},
		{
			"from": [3, 28.175, 2],
			"to": [4, 28.675, 2.5],
			"rotation": {"angle": 0, "axis": "y", "origin": [0, 21.675, 0]},
			"faces": {
				"north": {"uv": [7.75, 10.5, 8, 10.625], "texture": "#0"},
				"east": {"uv": [1.5, 11, 1.625, 11.125], "texture": "#0"},
				"south": {"uv": [8, 10.5, 8.25, 10.625], "texture": "#0"},
				"west": {"uv": [11, 1.5, 11.125, 1.625], "texture": "#0"},
				"up": {"uv": [8.5, 10.625, 8.25, 10.5], "texture": "#0"},
				"down": {"uv": [8.75, 10.5, 8.5, 10.625], "texture": "#0"}
			}
		},
		{
			"from": [2, 28.175, 3],
			"to": [3, 28.675, 3.5],
			"rotation": {"angle": 0, "axis": "y", "origin": [0, 21.675, 0]},
			"faces": {
				"north": {"uv": [8.75, 10.5, 9, 10.625], "texture": "#0"},
				"east": {"uv": [1.75, 11, 1.875, 11.125], "texture": "#0"},
				"south": {"uv": [10.5, 8.75, 10.75, 8.875], "texture": "#0"},
				"west": {"uv": [11, 1.75, 11.125, 1.875], "texture": "#0"},
				"up": {"uv": [9.25, 10.625, 9, 10.5], "texture": "#0"},
				"down": {"uv": [10.75, 9, 10.5, 9.125], "texture": "#0"}
			}
		},
		{
			"from": [13, 28.175, 3],
			"to": [14, 28.675, 3.5],
			"rotation": {"angle": 0, "axis": "y", "origin": [0, 21.675, 0]},
			"faces": {
				"north": {"uv": [9.25, 10.5, 9.5, 10.625], "texture": "#0"},
				"east": {"uv": [2, 11, 2.125, 11.125], "texture": "#0"},
				"south": {"uv": [9.5, 10.5, 9.75, 10.625], "texture": "#0"},
				"west": {"uv": [11, 2, 11.125, 2.125], "texture": "#0"},
				"up": {"uv": [10, 10.625, 9.75, 10.5], "texture": "#0"},
				"down": {"uv": [10.75, 9.75, 10.5, 9.875], "texture": "#0"}
			}
		},
		{
			"from": [12, 28.175, 2],
			"to": [13, 28.675, 2.5],
			"rotation": {"angle": 0, "axis": "y", "origin": [0, 21.675, 0]},
			"faces": {
				"north": {"uv": [10, 10.5, 10.25, 10.625], "texture": "#0"},
				"east": {"uv": [2.25, 11, 2.375, 11.125], "texture": "#0"},
				"south": {"uv": [10.5, 10, 10.75, 10.125], "texture": "#0"},
				"west": {"uv": [11, 2.25, 11.125, 2.375], "texture": "#0"},
				"up": {"uv": [10.5, 10.625, 10.25, 10.5], "texture": "#0"},
				"down": {"uv": [10.75, 10.5, 10.5, 10.625], "texture": "#0"}
			}
		},
		{
			"from": [2, 28.175, 12],
			"to": [2.5, 28.675, 12.5],
			"rotation": {"angle": 0, "axis": "y", "origin": [0, 21.675, 0]},
			"faces": {
				"north": {"uv": [2.5, 11, 2.625, 11.125], "texture": "#0"},
				"east": {"uv": [11, 2.5, 11.125, 2.625], "texture": "#0"},
				"south": {"uv": [11, 2.75, 11.125, 2.875], "texture": "#0"},
				"west": {"uv": [11, 3, 11.125, 3.125], "texture": "#0"},
				"up": {"uv": [11.125, 3.375, 11, 3.25], "texture": "#0"},
				"down": {"uv": [3.625, 11, 3.5, 11.125], "texture": "#0"}
			}
		},
		{
			"from": [3, 28.175, 13],
			"to": [3.5, 28.675, 13.5],
			"rotation": {"angle": 0, "axis": "y", "origin": [0, 21.675, 0]},
			"faces": {
				"north": {"uv": [11, 3.5, 11.125, 3.625], "texture": "#0"},
				"east": {"uv": [3.75, 11, 3.875, 11.125], "texture": "#0"},
				"south": {"uv": [11, 3.75, 11.125, 3.875], "texture": "#0"},
				"west": {"uv": [4, 11, 4.125, 11.125], "texture": "#0"},
				"up": {"uv": [11.125, 4.125, 11, 4], "texture": "#0"},
				"down": {"uv": [4.375, 11, 4.25, 11.125], "texture": "#0"}
			}
		},
		{
			"from": [4, 28.175, 14],
			"to": [4.5, 28.675, 14.5],
			"rotation": {"angle": 0, "axis": "y", "origin": [0, 21.675, 0]},
			"faces": {
				"north": {"uv": [4.5, 11, 4.625, 11.125], "texture": "#0"},
				"east": {"uv": [4.75, 11, 4.875, 11.125], "texture": "#0"},
				"south": {"uv": [11, 4.75, 11.125, 4.875], "texture": "#0"},
				"west": {"uv": [5, 11, 5.125, 11.125], "texture": "#0"},
				"up": {"uv": [11.125, 5.125, 11, 5], "texture": "#0"},
				"down": {"uv": [5.375, 11, 5.25, 11.125], "texture": "#0"}
			}
		},
		{
			"from": [14, 28.175, 4],
			"to": [14.5, 28.675, 4.5],
			"rotation": {"angle": 0, "axis": "y", "origin": [0, 21.675, 0]},
			"faces": {
				"north": {"uv": [11, 5.25, 11.125, 5.375], "texture": "#0"},
				"east": {"uv": [5.5, 11, 5.625, 11.125], "texture": "#0"},
				"south": {"uv": [11, 5.5, 11.125, 5.625], "texture": "#0"},
				"west": {"uv": [5.75, 11, 5.875, 11.125], "texture": "#0"},
				"up": {"uv": [6.125, 11.125, 6, 11], "texture": "#0"},
				"down": {"uv": [6.375, 11, 6.25, 11.125], "texture": "#0"}
			}
		},
		{
			"from": [13.5, 28.175, 12],
			"to": [14, 28.675, 12.5],
			"rotation": {"angle": 0, "axis": "y", "origin": [0, 21.675, 0]},
			"faces": {
				"north": {"uv": [6.5, 11, 6.625, 11.125], "texture": "#0"},
				"east": {"uv": [6.75, 11, 6.875, 11.125], "texture": "#0"},
				"south": {"uv": [11, 6.75, 11.125, 6.875], "texture": "#0"},
				"west": {"uv": [7, 11, 7.125, 11.125], "texture": "#0"},
				"up": {"uv": [11.125, 7.125, 11, 7], "texture": "#0"},
				"down": {"uv": [7.375, 11, 7.25, 11.125], "texture": "#0"}
			}
		},
		{
			"from": [12.5, 28.175, 13],
			"to": [13, 28.675, 13.5],
			"rotation": {"angle": 0, "axis": "y", "origin": [0, 21.675, 0]},
			"faces": {
				"north": {"uv": [11, 7.25, 11.125, 7.375], "texture": "#0"},
				"east": {"uv": [7.5, 11, 7.625, 11.125], "texture": "#0"},
				"south": {"uv": [11, 7.5, 11.125, 7.625], "texture": "#0"},
				"west": {"uv": [7.75, 11, 7.875, 11.125], "texture": "#0"},
				"up": {"uv": [8.125, 11.125, 8, 11], "texture": "#0"},
				"down": {"uv": [8.375, 11, 8.25, 11.125], "texture": "#0"}
			}
		},
		{
			"from": [11.5, 28.175, 14],
			"to": [12, 28.675, 14.5],
			"rotation": {"angle": 0, "axis": "y", "origin": [0, 21.675, 0]},
			"faces": {
				"north": {"uv": [11, 9, 11.125, 9.125], "texture": "#0"},
				"east": {"uv": [9.25, 11, 9.375, 11.125], "texture": "#0"},
				"south": {"uv": [11, 9.25, 11.125, 9.375], "texture": "#0"},
				"west": {"uv": [9.5, 11, 9.625, 11.125], "texture": "#0"},
				"up": {"uv": [11.125, 9.625, 11, 9.5], "texture": "#0"},
				"down": {"uv": [9.875, 11, 9.75, 11.125], "texture": "#0"}
			}
		},
		{
			"from": [1.5, 28.175, 4],
			"to": [2, 28.675, 4.5],
			"rotation": {"angle": 0, "axis": "y", "origin": [0, 21.675, 0]},
			"faces": {
				"north": {"uv": [11, 8.25, 11.125, 8.375], "texture": "#0"},
				"east": {"uv": [8.5, 11, 8.625, 11.125], "texture": "#0"},
				"south": {"uv": [11, 8.5, 11.125, 8.625], "texture": "#0"},
				"west": {"uv": [8.75, 11, 8.875, 11.125], "texture": "#0"},
				"up": {"uv": [11.125, 8.875, 11, 8.75], "texture": "#0"},
				"down": {"uv": [9.125, 11, 9, 11.125], "texture": "#0"}
			}
		},
		{
			"from": [4, 28.175, 14.5],
			"to": [12, 28.675, 15],
			"rotation": {"angle": 0, "axis": "y", "origin": [0, 21.675, 0]},
			"faces": {
				"north": {"uv": [9.25, 4.25, 11.25, 4.375], "texture": "#0"},
				"east": {"uv": [4.75, 10.75, 4.875, 10.875], "texture": "#0"},
				"south": {"uv": [9.25, 4.5, 11.25, 4.625], "texture": "#0"},
				"west": {"uv": [10.75, 4.75, 10.875, 4.875], "texture": "#0"},
				"up": {"uv": [6.75, 9.375, 4.75, 9.25], "texture": "#0"},
				"down": {"uv": [11.25, 5.75, 9.25, 5.875], "texture": "#0"}
			}
		},
		{
			"from": [3, 28.175, 13.5],
			"to": [4, 28.675, 14],
			"rotation": {"angle": 0, "axis": "y", "origin": [0, 21.675, 0]},
			"faces": {
				"north": {"uv": [4.5, 10.5, 4.75, 10.625], "texture": "#0"},
				"east": {"uv": [5, 10.75, 5.125, 10.875], "texture": "#0"},
				"south": {"uv": [4.75, 10.5, 5, 10.625], "texture": "#0"},
				"west": {"uv": [10.75, 5, 10.875, 5.125], "texture": "#0"},
				"up": {"uv": [10.75, 4.875, 10.5, 4.75], "texture": "#0"},
				"down": {"uv": [5.25, 10.5, 5, 10.625], "texture": "#0"}
			}
		},
		{
			"from": [2, 28.175, 12.5],
			"to": [3, 28.675, 13],
			"rotation": {"angle": 0, "axis": "y", "origin": [0, 21.675, 0]},
			"faces": {
				"north": {"uv": [10.5, 5, 10.75, 5.125], "texture": "#0"},
				"east": {"uv": [5.25, 10.75, 5.375, 10.875], "texture": "#0"},
				"south": {"uv": [5.25, 10.5, 5.5, 10.625], "texture": "#0"},
				"west": {"uv": [10.75, 5.25, 10.875, 5.375], "texture": "#0"},
				"up": {"uv": [10.75, 5.375, 10.5, 5.25], "texture": "#0"},
				"down": {"uv": [5.75, 10.5, 5.5, 10.625], "texture": "#0"}
			}
		},
		{
			"from": [13, 28.175, 12.5],
			"to": [14, 28.675, 13],
			"rotation": {"angle": 0, "axis": "y", "origin": [0, 21.675, 0]},
			"faces": {
				"north": {"uv": [10.5, 5.5, 10.75, 5.625], "texture": "#0"},
				"east": {"uv": [5.5, 10.75, 5.625, 10.875], "texture": "#0"},
				"south": {"uv": [5.75, 10.5, 6, 10.625], "texture": "#0"},
				"west": {"uv": [10.75, 5.5, 10.875, 5.625], "texture": "#0"},
				"up": {"uv": [6.25, 10.625, 6, 10.5], "texture": "#0"},
				"down": {"uv": [6.5, 10.5, 6.25, 10.625], "texture": "#0"}
			}
		},
		{
			"from": [12, 28.175, 13.5],
			"to": [13, 28.675, 14],
			"rotation": {"angle": 0, "axis": "y", "origin": [0, 21.675, 0]},
			"faces": {
				"north": {"uv": [6.5, 10.5, 6.75, 10.625], "texture": "#0"},
				"east": {"uv": [5.75, 10.75, 5.875, 10.875], "texture": "#0"},
				"south": {"uv": [10.5, 6.75, 10.75, 6.875], "texture": "#0"},
				"west": {"uv": [6, 10.75, 6.125, 10.875], "texture": "#0"},
				"up": {"uv": [10.75, 7.125, 10.5, 7], "texture": "#0"},
				"down": {"uv": [7.75, 10.5, 7.5, 10.625], "texture": "#0"}
			}
		},
		{
			"from": [14, 28.175, 11.5],
			"to": [14.5, 28.675, 12],
			"rotation": {"angle": 0, "axis": "y", "origin": [0, 21.675, 0]},
			"faces": {
				"north": {"uv": [6.25, 10.75, 6.375, 10.875], "texture": "#0"},
				"east": {"uv": [6.5, 10.75, 6.625, 10.875], "texture": "#0"},
				"south": {"uv": [6.75, 10.75, 6.875, 10.875], "texture": "#0"},
				"west": {"uv": [10.75, 6.75, 10.875, 6.875], "texture": "#0"},
				"up": {"uv": [7.125, 10.875, 7, 10.75], "texture": "#0"},
				"down": {"uv": [10.875, 7, 10.75, 7.125], "texture": "#0"}
			}
		},
		{
			"from": [2, 28.175, 3.5],
			"to": [2.5, 28.675, 4],
			"rotation": {"angle": 0, "axis": "y", "origin": [0, 21.675, 0]},
			"faces": {
				"north": {"uv": [7.25, 10.75, 7.375, 10.875], "texture": "#0"},
				"east": {"uv": [10.75, 7.25, 10.875, 7.375], "texture": "#0"},
				"south": {"uv": [7.5, 10.75, 7.625, 10.875], "texture": "#0"},
				"west": {"uv": [10.75, 7.5, 10.875, 7.625], "texture": "#0"},
				"up": {"uv": [7.875, 10.875, 7.75, 10.75], "texture": "#0"},
				"down": {"uv": [8.125, 10.75, 8, 10.875], "texture": "#0"}
			}
		},
		{
			"from": [3, 28.175, 2.5],
			"to": [3.5, 28.675, 3],
			"rotation": {"angle": 0, "axis": "y", "origin": [0, 21.675, 0]},
			"faces": {
				"north": {"uv": [8.25, 10.75, 8.375, 10.875], "texture": "#0"},
				"east": {"uv": [8.5, 10.75, 8.625, 10.875], "texture": "#0"},
				"south": {"uv": [8.75, 10.75, 8.875, 10.875], "texture": "#0"},
				"west": {"uv": [10.75, 8.75, 10.875, 8.875], "texture": "#0"},
				"up": {"uv": [9.125, 10.875, 9, 10.75], "texture": "#0"},
				"down": {"uv": [10.875, 9, 10.75, 9.125], "texture": "#0"}
			}
		},
		{
			"from": [4, 28.175, 1.5],
			"to": [4.5, 28.675, 2],
			"rotation": {"angle": 0, "axis": "y", "origin": [0, 21.675, 0]},
			"faces": {
				"north": {"uv": [9.25, 10.75, 9.375, 10.875], "texture": "#0"},
				"east": {"uv": [10.75, 9.25, 10.875, 9.375], "texture": "#0"},
				"south": {"uv": [9.5, 10.75, 9.625, 10.875], "texture": "#0"},
				"west": {"uv": [10.75, 9.5, 10.875, 9.625], "texture": "#0"},
				"up": {"uv": [9.875, 10.875, 9.75, 10.75], "texture": "#0"},
				"down": {"uv": [10.875, 9.75, 10.75, 9.875], "texture": "#0"}
			}
		},
		{
			"from": [12.5, 28.175, 2.5],
			"to": [13, 28.675, 3],
			"rotation": {"angle": 0, "axis": "y", "origin": [0, 21.675, 0]},
			"faces": {
				"north": {"uv": [10, 10.75, 10.125, 10.875], "texture": "#0"},
				"east": {"uv": [10.75, 10, 10.875, 10.125], "texture": "#0"},
				"south": {"uv": [10.25, 10.75, 10.375, 10.875], "texture": "#0"},
				"west": {"uv": [10.75, 10.25, 10.875, 10.375], "texture": "#0"},
				"up": {"uv": [10.625, 10.875, 10.5, 10.75], "texture": "#0"},
				"down": {"uv": [10.875, 10.5, 10.75, 10.625], "texture": "#0"}
			}
		},
		{
			"from": [11.5, 28.175, 1.5],
			"to": [12, 28.675, 2],
			"rotation": {"angle": 0, "axis": "y", "origin": [0, 21.675, 0]},
			"faces": {
				"north": {"uv": [11, 9.75, 11.125, 9.875], "texture": "#0"},
				"east": {"uv": [10, 11, 10.125, 11.125], "texture": "#0"},
				"south": {"uv": [11, 10, 11.125, 10.125], "texture": "#0"},
				"west": {"uv": [10.25, 11, 10.375, 11.125], "texture": "#0"},
				"up": {"uv": [11.125, 10.375, 11, 10.25], "texture": "#0"},
				"down": {"uv": [10.625, 11, 10.5, 11.125], "texture": "#0"}
			}
		},
		{
			"from": [13.5, 28.175, 3.5],
			"to": [14, 28.675, 4],
			"rotation": {"angle": 0, "axis": "y", "origin": [0, 21.675, 0]},
			"faces": {
				"north": {"uv": [10.75, 10.75, 10.875, 10.875], "texture": "#0"},
				"east": {"uv": [0, 11, 0.125, 11.125], "texture": "#0"},
				"south": {"uv": [0.25, 11, 0.375, 11.125], "texture": "#0"},
				"west": {"uv": [11, 0.25, 11.125, 0.375], "texture": "#0"},
				"up": {"uv": [0.625, 11.125, 0.5, 11], "texture": "#0"},
				"down": {"uv": [11.125, 0.5, 11, 0.625], "texture": "#0"}
			}
		},
		{
			"from": [1.5, 28.175, 11.5],
			"to": [2, 28.675, 12],
			"rotation": {"angle": 0, "axis": "y", "origin": [0, 21.675, 0]},
			"faces": {
				"north": {"uv": [0.75, 11, 0.875, 11.125], "texture": "#0"},
				"east": {"uv": [11, 0.75, 11.125, 0.875], "texture": "#0"},
				"south": {"uv": [1, 11, 1.125, 11.125], "texture": "#0"},
				"west": {"uv": [11, 1, 11.125, 1.125], "texture": "#0"},
				"up": {"uv": [1.375, 11.125, 1.25, 11], "texture": "#0"},
				"down": {"uv": [11.125, 1.25, 11, 1.375], "texture": "#0"}
			}
		},
		{
			"from": [4, 27.175, 1],
			"to": [12, 28.175, 2],
			"rotation": {"angle": 0, "axis": "y", "origin": [0, 21.675, 0]},
			"faces": {
				"north": {"uv": [8, 2.5, 10, 2.75], "texture": "#0"},
				"east": {"uv": [9, 10, 9.25, 10.25], "texture": "#0"},
				"south": {"uv": [8, 2.75, 10, 3], "texture": "#0"},
				"west": {"uv": [9.25, 10, 9.5, 10.25], "texture": "#0"},
				"up": {"uv": [6, 8.25, 4, 8], "texture": "#0"},
				"down": {"uv": [8, 8, 6, 8.25], "texture": "#0"}
			}
		},
		{
			"from": [1, 27.175, 4],
			"to": [2, 28.175, 12],
			"rotation": {"angle": 0, "axis": "y", "origin": [0, 21.675, 0]},
			"faces": {
				"north": {"uv": [9.5, 10, 9.75, 10.25], "texture": "#0"},
				"east": {"uv": [8, 6.75, 10, 7], "texture": "#0"},
				"south": {"uv": [9.75, 10, 10, 10.25], "texture": "#0"},
				"west": {"uv": [8, 7, 10, 7.25], "texture": "#0"},
				"up": {"uv": [8.25, 9.25, 8, 7.25], "texture": "#0"},
				"down": {"uv": [4.25, 8.25, 4, 10.25], "texture": "#0"}
			}
		},
		{
			"from": [14, 27.175, 4],
			"to": [15, 28.175, 12],
			"rotation": {"angle": 0, "axis": "y", "origin": [0, 21.675, 0]},
			"faces": {
				"north": {"uv": [10, 10, 10.25, 10.25], "texture": "#0"},
				"east": {"uv": [8.25, 3.75, 10.25, 4], "texture": "#0"},
				"south": {"uv": [0, 10.25, 0.25, 10.5], "texture": "#0"},
				"west": {"uv": [8.25, 4, 10.25, 4.25], "texture": "#0"},
				"up": {"uv": [4.5, 10.25, 4.25, 8.25], "texture": "#0"},
				"down": {"uv": [4.75, 8.25, 4.5, 10.25], "texture": "#0"}
			}
		},
		{
			"from": [14.5, 28.175, 4],
			"to": [15, 28.675, 12],
			"rotation": {"angle": 0, "axis": "y", "origin": [0, 21.675, 0]},
			"faces": {
				"north": {"uv": [3.75, 10.75, 3.875, 10.875], "texture": "#0"},
				"east": {"uv": [8.25, 8.75, 10.25, 8.875], "texture": "#0"},
				"south": {"uv": [10.75, 3.75, 10.875, 3.875], "texture": "#0"},
				"west": {"uv": [9, 3, 11, 3.125], "texture": "#0"},
				"up": {"uv": [3.875, 10.75, 3.75, 8.75], "texture": "#0"},
				"down": {"uv": [6.875, 8.75, 6.75, 10.75], "texture": "#0"}
			}
		},
		{
			"from": [1, 28.175, 4],
			"to": [1.5, 28.675, 12],
			"rotation": {"angle": 0, "axis": "y", "origin": [0, 21.675, 0]},
			"faces": {
				"north": {"uv": [4, 10.75, 4.125, 10.875], "texture": "#0"},
				"east": {"uv": [9, 3.25, 11, 3.375], "texture": "#0"},
				"south": {"uv": [10.75, 4, 10.875, 4.125], "texture": "#0"},
				"west": {"uv": [9, 3.5, 11, 3.625], "texture": "#0"},
				"up": {"uv": [7.125, 10.75, 7, 8.75], "texture": "#0"},
				"down": {"uv": [7.375, 8.75, 7.25, 10.75], "texture": "#0"}
			}
		},
		{
			"from": [2, 25.175, 4],
			"to": [3, 27.175, 12],
			"rotation": {"angle": 0, "axis": "y", "origin": [16, 21.675, 16]},
			"faces": {
				"north": {"uv": [8, 9.5, 8.25, 10], "texture": "#0"},
				"east": {"uv": [5.25, 6.25, 7.25, 6.75], "texture": "#0"},
				"south": {"uv": [8.25, 9.5, 8.5, 10], "texture": "#0"},
				"west": {"uv": [0, 6.75, 2, 7.25], "texture": "#0"},
				"up": {"uv": [1.25, 9.5, 1, 7.5], "texture": "#0"},
				"down": {"uv": [1.5, 7.5, 1.25, 9.5], "texture": "#0"}
			}
		},
		{
			"from": [13, 25.175, 4],
			"to": [14, 27.175, 12],
			"rotation": {"angle": 0, "axis": "y", "origin": [16, 21.675, 16]},
			"faces": {
				"north": {"uv": [8.5, 9.5, 8.75, 10], "texture": "#0"},
				"east": {"uv": [6.75, 0, 8.75, 0.5], "texture": "#0"},
				"south": {"uv": [8.75, 9.5, 9, 10], "texture": "#0"},
				"west": {"uv": [6.75, 0.5, 8.75, 1], "texture": "#0"},
				"up": {"uv": [1.75, 9.5, 1.5, 7.5], "texture": "#0"},
				"down": {"uv": [2, 7.5, 1.75, 9.5], "texture": "#0"}
			}
		},
		{
			"from": [12, 25.175, 12],
			"to": [13, 27.175, 13],
			"rotation": {"angle": 0, "axis": "y", "origin": [16, 21.675, 16]},
			"faces": {
				"north": {"uv": [9, 9.5, 9.25, 10], "texture": "#0"},
				"east": {"uv": [9.25, 9.5, 9.5, 10], "texture": "#0"},
				"south": {"uv": [9.5, 9.25, 9.75, 9.75], "texture": "#0"},
				"west": {"uv": [0, 9.75, 0.25, 10.25], "texture": "#0"},
				"up": {"uv": [10.25, 5.25, 10, 5], "texture": "#0"},
				"down": {"uv": [5.5, 10, 5.25, 10.25], "texture": "#0"}
			}
		},
		{
			"from": [12, 25.175, 3],
			"to": [13, 27.175, 4],
			"rotation": {"angle": 0, "axis": "y", "origin": [16, 21.675, 16]},
			"faces": {
				"north": {"uv": [0.25, 9.75, 0.5, 10.25], "texture": "#0"},
				"east": {"uv": [0.5, 9.75, 0.75, 10.25], "texture": "#0"},
				"south": {"uv": [0.75, 9.75, 1, 10.25], "texture": "#0"},
				"west": {"uv": [1, 9.75, 1.25, 10.25], "texture": "#0"},
				"up": {"uv": [10.25, 5.5, 10, 5.25], "texture": "#0"},
				"down": {"uv": [10.25, 5.5, 10, 5.75], "texture": "#0"}
			}
		},
		{
			"from": [3, 25.175, 3],
			"to": [4, 27.175, 4],
			"rotation": {"angle": 0, "axis": "y", "origin": [16, 21.675, 16]},
			"faces": {
				"north": {"uv": [1.25, 9.75, 1.5, 10.25], "texture": "#0"},
				"east": {"uv": [1.5, 9.75, 1.75, 10.25], "texture": "#0"},
				"south": {"uv": [1.75, 9.75, 2, 10.25], "texture": "#0"},
				"west": {"uv": [2, 9.75, 2.25, 10.25], "texture": "#0"},
				"up": {"uv": [6, 10.25, 5.75, 10], "texture": "#0"},
				"down": {"uv": [6.25, 10, 6, 10.25], "texture": "#0"}
			}
		},
		{
			"from": [3, 25.175, 12],
			"to": [4, 27.175, 13],
			"rotation": {"angle": 0, "axis": "y", "origin": [16, 21.675, 16]},
			"faces": {
				"north": {"uv": [2.25, 9.75, 2.5, 10.25], "texture": "#0"},
				"east": {"uv": [2.5, 9.75, 2.75, 10.25], "texture": "#0"},
				"south": {"uv": [4.75, 9.75, 5, 10.25], "texture": "#0"},
				"west": {"uv": [9.75, 4.75, 10, 5.25], "texture": "#0"},
				"up": {"uv": [6.5, 10.25, 6.25, 10], "texture": "#0"},
				"down": {"uv": [6.75, 10, 6.5, 10.25], "texture": "#0"}
			}
		},
		{
			"from": [3, 24.175, 4],
			"to": [4, 25.175, 12],
			"rotation": {"angle": 0, "axis": "y", "origin": [0, 21.675, 0]},
			"faces": {
				"north": {"uv": [10, 2.5, 10.25, 2.75], "texture": "#0"},
				"east": {"uv": [7.25, 6.25, 9.25, 6.5], "texture": "#0"},
				"south": {"uv": [10, 2.75, 10.25, 3], "texture": "#0"},
				"west": {"uv": [7.25, 6.5, 9.25, 6.75], "texture": "#0"},
				"up": {"uv": [0.25, 9.5, 0, 7.5], "texture": "#0"},
				"down": {"uv": [0.5, 7.5, 0.25, 9.5], "texture": "#0"}
			}
		},
		{
			"from": [12, 24.175, 4],
			"to": [13, 25.175, 12],
			"rotation": {"angle": 0, "axis": "y", "origin": [0, 21.675, 0]},
			"faces": {
				"north": {"uv": [10, 4.75, 10.25, 5], "texture": "#0"},
				"east": {"uv": [7.5, 1, 9.5, 1.25], "texture": "#0"},
				"south": {"uv": [5, 10, 5.25, 10.25], "texture": "#0"},
				"west": {"uv": [7.5, 1.25, 9.5, 1.5], "texture": "#0"},
				"up": {"uv": [0.75, 9.5, 0.5, 7.5], "texture": "#0"},
				"down": {"uv": [1, 7.5, 0.75, 9.5], "texture": "#0"}
			}
		},
		{
			"from": [12, 27.175, 2],
			"to": [13, 28.175, 3],
			"rotation": {"angle": 0, "axis": "y", "origin": [0, 21.675, 0]},
			"faces": {
				"north": {"uv": [0.25, 10.25, 0.5, 10.5], "texture": "#0"},
				"east": {"uv": [0.5, 10.25, 0.75, 10.5], "texture": "#0"},
				"south": {"uv": [0.75, 10.25, 1, 10.5], "texture": "#0"},
				"west": {"uv": [1, 10.25, 1.25, 10.5], "texture": "#0"},
				"up": {"uv": [1.5, 10.5, 1.25, 10.25], "texture": "#0"},
				"down": {"uv": [1.75, 10.25, 1.5, 10.5], "texture": "#0"}
			}
		},
		{
			"from": [13, 27.175, 3],
			"to": [14, 28.175, 4],
			"rotation": {"angle": 0, "axis": "y", "origin": [0, 21.675, 0]},
			"faces": {
				"north": {"uv": [1.75, 10.25, 2, 10.5], "texture": "#0"},
				"east": {"uv": [10.25, 1.75, 10.5, 2], "texture": "#0"},
				"south": {"uv": [2, 10.25, 2.25, 10.5], "texture": "#0"},
				"west": {"uv": [10.25, 2, 10.5, 2.25], "texture": "#0"},
				"up": {"uv": [2.5, 10.5, 2.25, 10.25], "texture": "#0"},
				"down": {"uv": [10.5, 2.25, 10.25, 2.5], "texture": "#0"}
			}
		},
		{
			"from": [13, 27.175, 12],
			"to": [14, 28.175, 13],
			"rotation": {"angle": 0, "axis": "y", "origin": [0, 21.675, 0]},
			"faces": {
				"north": {"uv": [2.5, 10.25, 2.75, 10.5], "texture": "#0"},
				"east": {"uv": [10.25, 2.5, 10.5, 2.75], "texture": "#0"},
				"south": {"uv": [10.25, 2.75, 10.5, 3], "texture": "#0"},
				"west": {"uv": [10.25, 3.75, 10.5, 4], "texture": "#0"},
				"up": {"uv": [4.25, 10.5, 4, 10.25], "texture": "#0"},
				"down": {"uv": [10.5, 4, 10.25, 4.25], "texture": "#0"}
			}
		},
		{
			"from": [12, 27.175, 13],
			"to": [13, 28.175, 14],
			"rotation": {"angle": 0, "axis": "y", "origin": [0, 21.675, 0]},
			"faces": {
				"north": {"uv": [4.25, 10.25, 4.5, 10.5], "texture": "#0"},
				"east": {"uv": [4.5, 10.25, 4.75, 10.5], "texture": "#0"},
				"south": {"uv": [4.75, 10.25, 5, 10.5], "texture": "#0"},
				"west": {"uv": [10.25, 4.75, 10.5, 5], "texture": "#0"},
				"up": {"uv": [5.25, 10.5, 5, 10.25], "texture": "#0"},
				"down": {"uv": [10.5, 5, 10.25, 5.25], "texture": "#0"}
			}
		},
		{
			"from": [3, 27.175, 13],
			"to": [4, 28.175, 14],
			"rotation": {"angle": 0, "axis": "y", "origin": [0, 21.675, 0]},
			"faces": {
				"north": {"uv": [5.25, 10.25, 5.5, 10.5], "texture": "#0"},
				"east": {"uv": [10.25, 5.25, 10.5, 5.5], "texture": "#0"},
				"south": {"uv": [5.5, 10.25, 5.75, 10.5], "texture": "#0"},
				"west": {"uv": [10.25, 5.5, 10.5, 5.75], "texture": "#0"},
				"up": {"uv": [6, 10.5, 5.75, 10.25], "texture": "#0"},
				"down": {"uv": [6.25, 10.25, 6, 10.5], "texture": "#0"}
			}
		},
		{
			"from": [2, 27.175, 12],
			"to": [3, 28.175, 13],
			"rotation": {"angle": 0, "axis": "y", "origin": [0, 21.675, 0]},
			"faces": {
				"north": {"uv": [6.25, 10.25, 6.5, 10.5], "texture": "#0"},
				"east": {"uv": [6.5, 10.25, 6.75, 10.5], "texture": "#0"},
				"south": {"uv": [10.25, 6.75, 10.5, 7], "texture": "#0"},
				"west": {"uv": [10.25, 7, 10.5, 7.25], "texture": "#0"},
				"up": {"uv": [7.75, 10.5, 7.5, 10.25], "texture": "#0"},
				"down": {"uv": [8, 10.25, 7.75, 10.5], "texture": "#0"}
			}
		},
		{
			"from": [2, 27.175, 3],
			"to": [3, 28.175, 4],
			"rotation": {"angle": 0, "axis": "y", "origin": [0, 21.675, 0]},
			"faces": {
				"north": {"uv": [8, 10.25, 8.25, 10.5], "texture": "#0"},
				"east": {"uv": [8.25, 10.25, 8.5, 10.5], "texture": "#0"},
				"south": {"uv": [8.5, 10.25, 8.75, 10.5], "texture": "#0"},
				"west": {"uv": [8.75, 10.25, 9, 10.5], "texture": "#0"},
				"up": {"uv": [10.5, 9, 10.25, 8.75], "texture": "#0"},
				"down": {"uv": [9.25, 10.25, 9, 10.5], "texture": "#0"}
			}
		},
		{
			"from": [3, 27.175, 2],
			"to": [4, 28.175, 3],
			"rotation": {"angle": 0, "axis": "y", "origin": [0, 21.675, 0]},
			"faces": {
				"north": {"uv": [10.25, 9, 10.5, 9.25], "texture": "#0"},
				"east": {"uv": [9.25, 10.25, 9.5, 10.5], "texture": "#0"},
				"south": {"uv": [9.5, 10.25, 9.75, 10.5], "texture": "#0"},
				"west": {"uv": [9.75, 10.25, 10, 10.5], "texture": "#0"},
				"up": {"uv": [10.25, 10.5, 10, 10.25], "texture": "#0"},
				"down": {"uv": [10.5, 10, 10.25, 10.25], "texture": "#0"}
			}
		},
		{
			"from": [3, 26.675, 6],
			"to": [5.5, 28.175, 8],
			"rotation": {"angle": 0, "axis": "y", "origin": [0, 21.675, 0]},
			"faces": {
				"north": {"uv": [2.75, 9, 3.375, 9.375], "texture": "#0"},
				"east": {"uv": [3.5, 4, 4, 4.375], "texture": "#0"},
				"south": {"uv": [2, 9.25, 2.625, 9.625], "texture": "#0"},
				"west": {"uv": [3.5, 4.5, 4, 4.875], "texture": "#0"},
				"up": {"uv": [9.375, 1, 8.75, 0.5], "texture": "#0"},
				"down": {"uv": [2.625, 8.75, 2, 9.25], "texture": "#0"}
			}
		},
		{
			"from": [3.5, 26.675, 8],
			"to": [5, 28.175, 8.5],
			"rotation": {"angle": 0, "axis": "y", "origin": [0, 21.675, 0]},
			"faces": {
				"north": {"uv": [2.75, 9, 3.375, 9.375], "texture": "#0"},
				"east": {"uv": [3.5, 4, 4, 4.375], "texture": "#0"},
				"south": {"uv": [2, 9.25, 2.625, 9.625], "texture": "#0"},
				"west": {"uv": [3.5, 4.5, 4, 4.875], "texture": "#0"},
				"up": {"uv": [14.25, 1.625, 13.625, 1], "texture": "#0"},
				"down": {"uv": [2.625, 8.75, 2, 9.25], "texture": "#0"}
			}
		},
		{
			"from": [3.5, 26.675, 5.5],
			"to": [5, 28.175, 6],
			"rotation": {"angle": 0, "axis": "y", "origin": [0, 21.675, 0]},
			"faces": {
				"north": {"uv": [2.75, 9, 3.375, 9.375], "texture": "#0"},
				"east": {"uv": [3.5, 4, 4, 4.375], "texture": "#0"},
				"south": {"uv": [2, 9.25, 2.625, 9.625], "texture": "#0"},
				"west": {"uv": [3.5, 4.5, 4, 4.875], "texture": "#0"},
				"up": {"uv": [14.25, 1.625, 13.625, 1], "texture": "#0"},
				"down": {"uv": [2.625, 8.75, 2, 9.25], "texture": "#0"}
			}
		},
		{
			"from": [2.5, 26.675, 6.5],
			"to": [3, 28.175, 7.5],
			"rotation": {"angle": 0, "axis": "y", "origin": [0, 21.675, 0]},
			"faces": {
				"north": {"uv": [2.75, 9, 3.375, 9.375], "texture": "#0"},
				"east": {"uv": [3.5, 4, 4, 4.375], "texture": "#0"},
				"south": {"uv": [2, 9.25, 2.625, 9.625], "texture": "#0"},
				"west": {"uv": [3.5, 4.5, 4, 4.875], "texture": "#0"},
				"up": {"uv": [14.25, 1.625, 13.625, 1], "texture": "#0"},
				"down": {"uv": [2.625, 8.75, 2, 9.25], "texture": "#0"}
			}
		},
		{
			"from": [5.5, 26.675, 6.5],
			"to": [6, 28.175, 7.5],
			"rotation": {"angle": 0, "axis": "y", "origin": [0, 21.675, 0]},
			"faces": {
				"north": {"uv": [2.75, 9, 3.375, 9.375], "texture": "#0"},
				"east": {"uv": [3.5, 4, 4, 4.375], "texture": "#0"},
				"south": {"uv": [2, 9.25, 2.625, 9.625], "texture": "#0"},
				"west": {"uv": [3.5, 4.5, 4, 4.875], "texture": "#0"},
				"up": {"uv": [14.25, 1.625, 13.625, 1], "texture": "#0"},
				"down": {"uv": [2.625, 8.75, 2, 9.25], "texture": "#0"}
			}
		},
		{
			"from": [6, 26.675, 7],
			"to": [9.5, 28.675, 10],
			"rotation": {"angle": 0, "axis": "y", "origin": [0, 21.675, 0]},
			"faces": {
				"north": {"uv": [8.25, 4.25, 9.125, 4.75], "texture": "#0"},
				"east": {"uv": [8.25, 8.25, 9, 8.75], "texture": "#0"},
				"south": {"uv": [4.75, 8.25, 5.625, 8.75], "texture": "#0"},
				"west": {"uv": [8.75, 0, 9.5, 0.5], "texture": "#0"},
				"up": {"uv": [7.875, 2.25, 7, 1.5], "texture": "#0"},
				"down": {"uv": [7.875, 2.25, 7, 3], "texture": "#0"}
			}
		},
		{
			"from": [4.5, 27.675, 9.5],
			"to": [9, 28.175, 13.5],
			"rotation": {"angle": 0, "axis": "y", "origin": [0, 21.675, 0]},
			"faces": {
				"north": {"uv": [9.5, 1.25, 10.625, 1.375], "texture": "#0"},
				"east": {"uv": [9.75, 7.25, 10.75, 7.375], "texture": "#0"},
				"south": {"uv": [4.75, 9.5, 5.875, 9.625], "texture": "#0"},
				"west": {"uv": [9.75, 7.5, 10.75, 7.625], "texture": "#0"},
				"up": {"uv": [6.625, 1, 5.5, 0], "texture": "#0"},
				"down": {"uv": [6.625, 4.75, 5.5, 5.75], "texture": "#0"}
			}
		},
		{
			"from": [9, 27.675, 8],
			"to": [13.5, 28.175, 12],
			"rotation": {"angle": 0, "axis": "y", "origin": [0, 21.675, 0]},
			"faces": {
				"north": {"uv": [9.5, 1.25, 10.625, 1.375], "texture": "#0"},
				"east": {"uv": [9.75, 7.25, 10.75, 7.375], "texture": "#0"},
				"south": {"uv": [4.75, 9.5, 5.875, 9.625], "texture": "#0"},
				"west": {"uv": [9.75, 7.5, 10.75, 7.625], "texture": "#0"},
				"up": {"uv": [6.625, 1, 5.5, 0], "texture": "#0"},
				"down": {"uv": [6.625, 4.75, 5.5, 5.75], "texture": "#0"}
			}
		}
	],
	"display": {
		"thirdperson_righthand": {
			"rotation": [40, 0, 0],
			"translation": [0, 6, 4],
			"scale": [0.3, 0.3, 0.3]
		},
		"thirdperson_lefthand": {
			"rotation": [28, 180, 0],
			"translation": [0, 2, 2],
			"scale": [0.3, 0.3, 0.3]
		},
		"firstperson_righthand": {
			"rotation": [-14, 145, 0],
			"translation": [0.75, 1.75, 0],
			"scale": [0.3, 0.3, 0.3]
		},
		"firstperson_lefthand": {
			"rotation": [0, 125, 0],
			"translation": [0, 2.25, 0],
			"scale": [0.35, 0.35, 0.35]
		},
		"ground": {
			"translation": [0, 7.5, 0],
			"scale": [0.3, 0.3, 0.3]
		},
		"gui": {
			"rotation": [25, -145, 2],
			"translation": [0, 1, 0],
			"scale": [0.3, 0.3, 0.3]
		},
		"head": {
			"translation": [0, 14.96, 0],
			"scale": [0.4, 0.4, 0.4]
		},
		"fixed": {
			"rotation": [-90, 0, 0],
			"translation": [0, 0, -24]
		}
	},
	"groups": [
		{
			"name": "player",
			"origin": [8, 8, 8],
			"color": 0,
			"children": [0, 1, 2, 3, 4, 5, 6, 7, 8]
		},
		9,
		{
			"name": "tofu_ramen",
			"origin": [8, 8, 8],
			"color": 0,
			"children": [
				10,
				11,
				12,
				13,
				14,
				15,
				16,
				17,
				18,
				19,
				20,
				21,
				22,
				23,
				24,
				25,
				26,
				27,
				28,
				29,
				30,
				31,
				32,
				33,
				34,
				35,
				36,
				37,
				38,
				39,
				40,
				41,
				42,
				43,
				44,
				45,
				46,
				47,
				48,
				49,
				50,
				51,
				52,
				53,
				54,
				55,
				56,
				57,
				58,
				59,
				60,
				61,
				62,
				63,
				64,
				65,
				66,
				67,
				68,
				69,
				70,
				71,
				72,
				73,
				74,
				75,
				76,
				77,
				78,
				79,
				80,
				81,
				82,
				83,
				84
			]
		}
	]
}