{
	"credit": "Made with Blockbench",
	"texture_size": [32, 32],
	"textures": {
		"1": "item/vip/admin_models/admin_figure",
		"2": "item/vip/admin_models/yang"
	},
	"elements": [
		{
			"name": "head",
			"from": [0.5, 14, -1.975],
			"to": [15.5, 29, 13.025],
			"rotation": {"angle": 0, "axis": "x", "origin": [7.5, 15.5, 5.025]},
			"faces": {
				"north": {"uv": [2, 2, 4, 4], "texture": "#2"},
				"east": {"uv": [0, 2, 2, 4], "texture": "#2"},
				"south": {"uv": [6, 2, 8, 4], "texture": "#2"},
				"west": {"uv": [4, 2, 6, 4], "texture": "#2"},
				"up": {"uv": [4, 2, 2, 0], "texture": "#2"},
				"down": {"uv": [6, 0, 4, 2], "texture": "#2"}
			}
		},
		{
			"name": "body",
			"from": [4, 2.25, 1.325],
			"to": [12, 14.25, 7.325],
			"rotation": {"angle": -22.5, "axis": "x", "origin": [8, 12.75, 4.325]},
			"faces": {
				"north": {"uv": [5, 5, 7, 8], "texture": "#2"},
				"east": {"uv": [4, 5, 5, 8], "texture": "#2"},
				"south": {"uv": [8, 5, 10, 8], "texture": "#2"},
				"west": {"uv": [7, 5, 8, 8], "texture": "#2"},
				"up": {"uv": [7, 5, 5, 4], "texture": "#2"},
				"down": {"uv": [9, 4, 7, 5], "texture": "#2"}
			}
		},
		{
			"name": "right_arm",
			"from": [12.3912, 9.22422, 3],
			"to": [24.3912, 13.22422, 7],
			"rotation": {"angle": 22.5, "axis": "z", "origin": [11.575, 10.825, 5]},
			"faces": {
				"north": {"uv": [11, 5, 12, 8], "rotation": 90, "texture": "#2"},
				"east": {"uv": [13, 4, 12, 5], "rotation": 270, "texture": "#2"},
				"south": {"uv": [13, 5, 14, 8], "rotation": 270, "texture": "#2"},
				"west": {"uv": [12, 5, 11, 4], "rotation": 270, "texture": "#2"},
				"up": {"uv": [10, 5, 11, 8], "rotation": 270, "texture": "#2"},
				"down": {"uv": [12, 5, 13, 8], "rotation": 270, "texture": "#2"}
			}
		},
		{
			"name": "left_arm_2nd_layer",
			"from": [-0.25112, 1.66732, 1.45],
			"to": [4.29888, 14.16732, 5.925],
			"rotation": {"angle": -22.5, "axis": "x", "origin": [2.05, 14.55, 3.675]},
			"faces": {
				"north": {"uv": [13, 13, 14, 16], "texture": "#2"},
				"east": {"uv": [12, 13, 13, 16], "texture": "#2"},
				"south": {"uv": [15, 13, 16, 16], "texture": "#2"},
				"west": {"uv": [14, 13, 15, 16], "texture": "#2"},
				"up": {"uv": [14, 13, 13, 12], "texture": "#2"},
				"down": {"uv": [15, 12, 14, 13], "texture": "#2"}
			}
		},
		{
			"name": "left_arm",
			"from": [0.02388, 2.11732, 1.475],
			"to": [4.02388, 14.11732, 5.475],
			"rotation": {"angle": -22.5, "axis": "x", "origin": [2.05, 14.85, 3.475]},
			"faces": {
				"north": {"uv": [9, 13, 10, 16], "texture": "#2"},
				"east": {"uv": [8, 13, 9, 16], "texture": "#2"},
				"south": {"uv": [11, 13, 12, 16], "texture": "#2"},
				"west": {"uv": [10, 13, 11, 16], "texture": "#2"},
				"up": {"uv": [10, 13, 9, 12], "texture": "#2"},
				"down": {"uv": [11, 12, 10, 13], "texture": "#2"}
			}
		},
		{
			"name": "right_arm_2nd_layer",
			"from": [12.0412, 8.99922, 2.775],
			"to": [24.5412, 13.54922, 7.25],
			"rotation": {"angle": 22.5, "axis": "z", "origin": [11.575, 10.825, 5]},
			"faces": {
				"north": {"uv": [11, 9, 12, 12], "rotation": 90, "texture": "#2"},
				"east": {"uv": [13, 8, 12, 9], "rotation": 270, "texture": "#2"},
				"south": {"uv": [13, 9, 14, 12], "rotation": 270, "texture": "#2"},
				"west": {"uv": [12, 9, 11, 8], "rotation": 270, "texture": "#2"},
				"up": {"uv": [10, 9, 11, 12], "rotation": 270, "texture": "#2"},
				"down": {"uv": [12, 9, 13, 12], "rotation": 270, "texture": "#2"}
			}
		},
		{
			"name": "right_leg",
			"from": [4, -6.025, 6],
			"to": [8, 2.975, 10],
			"rotation": {"angle": 0, "axis": "x", "origin": [8, 3.5, 8]},
			"faces": {
				"north": {"uv": [1, 13, 2, 16], "texture": "#2"},
				"east": {"uv": [0, 13, 1, 16], "texture": "#2"},
				"south": {"uv": [3, 13, 4, 16], "texture": "#2"},
				"west": {"uv": [2, 13, 3, 16], "texture": "#2"},
				"up": {"uv": [2, 13, 1, 12], "texture": "#2"},
				"down": {"uv": [3, 12, 2, 13], "texture": "#2"}
			}
		},
		{
			"name": "left_leg",
			"from": [8, -6.025, 6],
			"to": [11.95, 2.975, 10],
			"rotation": {"angle": 0, "axis": "x", "origin": [8, 3.475, 8]},
			"faces": {
				"north": {"uv": [1, 9, 2, 12], "texture": "#2"},
				"east": {"uv": [0, 9, 1, 12], "texture": "#2"},
				"south": {"uv": [3, 9, 4, 12], "texture": "#2"},
				"west": {"uv": [2, 9, 3, 12], "texture": "#2"},
				"up": {"uv": [2, 9, 1, 8], "texture": "#2"},
				"down": {"uv": [3, 8, 2, 9], "texture": "#2"}
			}
		},
		{
			"name": "right_leg",
			"from": [4.15, -6.025, 6.1],
			"to": [8.025, 2.975, 9.9],
			"rotation": {"angle": 0, "axis": "x", "origin": [8, 3.5, 8]},
			"faces": {
				"north": {"uv": [5, 13, 6, 16], "texture": "#2"},
				"east": {"uv": [4, 13, 5, 16], "texture": "#2"},
				"south": {"uv": [7, 13, 8, 16], "texture": "#2"},
				"west": {"uv": [6, 13, 7, 16], "texture": "#2"},
				"up": {"uv": [6, 13, 5, 12], "texture": "#2"},
				"down": {"uv": [7, 12, 6, 13], "texture": "#2"}
			}
		},
		{
			"name": "left_leg",
			"from": [8.05, -6.025, 6.1],
			"to": [11.875, 2.975, 9.9],
			"rotation": {"angle": 0, "axis": "x", "origin": [8, 3.475, 8]},
			"faces": {
				"north": {"uv": [1, 5, 2, 8], "texture": "#2"},
				"east": {"uv": [0, 5, 1, 8], "texture": "#2"},
				"south": {"uv": [3, 5, 4, 8], "texture": "#2"},
				"west": {"uv": [2, 5, 3, 8], "texture": "#2"},
				"up": {"uv": [2, 5, 1, 4], "texture": "#2"},
				"down": {"uv": [7, 8, 6, 9], "texture": "#2"}
			}
		},
		{
			"name": "head_2nd_layer",
			"from": [0, 13.5, -2.475],
			"to": [16, 29.5, 13.525],
			"rotation": {"angle": 0, "axis": "x", "origin": [7.5, 15.5, 5.025]},
			"faces": {
				"north": {"uv": [10, 2, 12, 4], "texture": "#2"},
				"east": {"uv": [8, 2, 10, 4], "texture": "#2"},
				"south": {"uv": [14, 2, 16, 4], "texture": "#2"},
				"west": {"uv": [12, 2, 14, 4], "texture": "#2"},
				"up": {"uv": [12, 2, 10, 0], "texture": "#2"},
				"down": {"uv": [14, 0, 12, 2], "texture": "#2"}
			}
		},
		{
			"name": "plate",
			"from": [0, -8, 2],
			"to": [16, -6, 14],
			"rotation": {"angle": 0, "axis": "x", "origin": [0, -8, 7]},
			"faces": {
				"north": {"uv": [8, 0, 16, 1], "texture": "#1"},
				"east": {"uv": [8, 2, 14, 3], "texture": "#1"},
				"south": {"uv": [8, 1, 16, 2], "texture": "#1"},
				"west": {"uv": [8, 3, 14, 4], "texture": "#1"},
				"up": {"uv": [8, 6, 0, 0], "texture": "#1"},
				"down": {"uv": [8, 6, 0, 12], "texture": "#1"}
			}
		}
	],
	"display": {
		"thirdperson_righthand": {
			"rotation": [40, 0, 0],
			"translation": [0, 4.25, 2.5],
			"scale": [0.3, 0.3, 0.3]
		},
		"thirdperson_lefthand": {
			"rotation": [28, 180, 0],
			"translation": [0, 0.75, 1.5],
			"scale": [0.3, 0.3, 0.3]
		},
		"firstperson_righthand": {
			"rotation": [-14, 145, 0],
			"translation": [0.75, 0, 0],
			"scale": [0.3, 0.3, 0.3]
		},
		"firstperson_lefthand": {
			"rotation": [0, 125, 0],
			"translation": [0, -0.25, 0],
			"scale": [0.35, 0.35, 0.35]
		},
		"ground": {
			"translation": [0, 4.25, 0],
			"scale": [0.3, 0.3, 0.3]
		},
		"gui": {
			"rotation": [25, -145, 2],
			"translation": [0, -1.25, 0],
			"scale": [0.3, 0.3, 0.3]
		},
		"head": {
			"translation": [0, 11.96, 0],
			"scale": [0.4, 0.4, 0.4]
		},
		"fixed": {
			"rotation": [-90, 0, 0],
			"translation": [0, 0, -16]
		}
	},
	"groups": [
		{
			"name": "player",
			"origin": [8, 8, 8],
			"color": 0,
			"children": [0, 1, 2, 3, 4, 5, 6, 7, 8, 9, 10]
		},
		11
	]
}