{
	"format_version": "1.21.6",
	"credit": "Made with Blockbench",
	"texture_size": [32, 32],
	"textures": {
		"0": "item/hammer/default/handle",
		"1": "item/hammer/default/hammer",
		"2": "item/hammer/default/slide",
		"particle": "item/hammer/default/handle"
	},
	"elements": [
		{
			"from": [7, 0, 7],
			"to": [9, 5, 9],
			"rotation": {"angle": 0, "axis": "y", "origin": [7, 3, 7]},
			"faces": {
				"north": {"uv": [0, 0, 2, 5], "texture": "#0"},
				"east": {"uv": [2, 0, 4, 5], "texture": "#0"},
				"south": {"uv": [4, 0, 6, 5], "texture": "#0"},
				"west": {"uv": [0, 5, 2, 10], "texture": "#0"},
				"up": {"uv": [8, 2, 6, 0], "texture": "#0"},
				"down": {"uv": [8, 2, 6, 4], "texture": "#0"}
			}
		},
		{
			"from": [7, 12, 7],
			"to": [9, 12.5, 9],
			"rotation": {"angle": 0, "axis": "y", "origin": [7, 12, 7]},
			"faces": {
				"north": {"uv": [6, 4, 8, 5], "texture": "#0"},
				"east": {"uv": [6, 5, 8, 6], "texture": "#0"},
				"south": {"uv": [6, 6, 8, 7], "texture": "#0"},
				"west": {"uv": [2, 7, 4, 8], "texture": "#0"},
				"up": {"uv": [4, 7, 2, 5], "texture": "#0"},
				"down": {"uv": [6, 5, 4, 7], "texture": "#0"}
			}
		},
		{
			"from": [2, 5, 5],
			"to": [14, 12, 11],
			"rotation": {"angle": 0, "axis": "y", "origin": [7, 5, 7]},
			"faces": {
				"north": {"uv": [0, 0, 6, 3.5], "texture": "#1"},
				"east": {"uv": [6, 6, 9, 9.5], "texture": "#1"},
				"south": {"uv": [0, 3.5, 6, 7], "texture": "#1"},
				"west": {"uv": [0, 7, 3, 10.5], "texture": "#1"},
				"up": {"uv": [12, 3, 6, 0], "texture": "#1"},
				"down": {"uv": [12, 3, 6, 6], "texture": "#1"}
			}
		},
		{
			"from": [2, 5, 5],
			"to": [14, 12, 11],
			"rotation": {"angle": 0, "axis": "y", "origin": [7, 5, 7]},
			"faces": {
				"north": {"uv": [0, 0, 6, 3.5], "texture": "#1"},
				"east": {"uv": [6, 6, 9, 9.5], "texture": "#1"},
				"south": {"uv": [0, 3.5, 6, 7], "texture": "#1"},
				"west": {"uv": [0, 7, 3, 10.5], "texture": "#1"},
				"up": {"uv": [12, 3, 6, 0], "texture": "#1"},
				"down": {"uv": [12, 3, 6, 6], "texture": "#1"}
			}
		},
		{
			"from": [3, 6, 4.5],
			"to": [13, 11, 5],
			"rotation": {"angle": 0, "axis": "y", "origin": [3, 9, 3]},
			"faces": {
				"north": {"uv": [0, 5, 5, 7.5], "texture": "#2"},
				"east": {"uv": [3, 8.5, 3.5, 11], "texture": "#2"},
				"south": {"uv": [5, 0, 10, 2.5], "texture": "#2"},
				"west": {"uv": [3.5, 8.5, 4, 11], "texture": "#2"},
				"up": {"uv": [5, 8.5, 0, 8], "texture": "#2"},
				"down": {"uv": [10, 8, 5, 8.5], "texture": "#2"}
			}
		},
		{
			"from": [3, 6, 11],
			"to": [13, 11, 11.5],
			"rotation": {"angle": 0, "axis": "y", "origin": [3, 9, 9.5]},
			"faces": {
				"north": {"uv": [0, 0, 5, 2.5], "texture": "#2"},
				"east": {"uv": [2, 8.5, 2.5, 11], "texture": "#2"},
				"south": {"uv": [0, 2.5, 5, 5], "texture": "#2"},
				"west": {"uv": [2.5, 8.5, 3, 11], "texture": "#2"},
				"up": {"uv": [5, 8, 0, 7.5], "texture": "#2"},
				"down": {"uv": [10, 7.5, 5, 8], "texture": "#2"}
			}
		},
		{
			"from": [1.5, 6, 6],
			"to": [2, 11, 10],
			"rotation": {"angle": 0, "axis": "y", "origin": [-8, 9, 9.5]},
			"faces": {
				"north": {"uv": [1, 8.5, 1.5, 11], "texture": "#2"},
				"east": {"uv": [7, 2.5, 9, 5], "texture": "#2"},
				"south": {"uv": [1.5, 8.5, 2, 11], "texture": "#2"},
				"west": {"uv": [7, 5, 9, 7.5], "texture": "#2"},
				"up": {"uv": [5.5, 10.5, 5, 8.5], "texture": "#2"},
				"down": {"uv": [6, 8.5, 5.5, 10.5], "texture": "#2"}
			}
		},
		{
			"from": [14, 6, 6],
			"to": [14.5, 11, 10],
			"rotation": {"angle": 0, "axis": "y", "origin": [4.5, 9, 9.5]},
			"faces": {
				"north": {"uv": [0, 8.5, 0.5, 11], "texture": "#2"},
				"east": {"uv": [5, 2.5, 7, 5], "texture": "#2"},
				"south": {"uv": [0.5, 8.5, 1, 11], "texture": "#2"},
				"west": {"uv": [5, 5, 7, 7.5], "texture": "#2"},
				"up": {"uv": [4.5, 10.5, 4, 8.5], "texture": "#2"},
				"down": {"uv": [5, 8.5, 4.5, 10.5], "texture": "#2"}
			}
		}
	],
	"display": {
		"thirdperson_righthand": {
			"rotation": [0, 90, 0],
			"translation": [0, 6, 1.75]
		},
		"thirdperson_lefthand": {
			"translation": [0, 5.25, 1.25]
		},
		"firstperson_righthand": {
			"rotation": [0, -53, 0],
			"translation": [1.5, 5.5, -2]
		},
		"firstperson_lefthand": {
			"rotation": [0, -22, 0],
			"translation": [1.25, 4.75, -1.25],
			"scale": [0.8, 0.8, 0.8]
		},
		"ground": {
			"rotation": [40, 20, 0],
			"translation": [0, 3.25, 0],
			"scale": [0.7, 0.7, 0.7]
		},
		"gui": {
			"rotation": [-20, 15, 40],
			"scale": [0.8, 0.8, 0.8]
		},
		"head": {
			"translation": [0, 9.75, 0]
		},
		"fixed": {
			"rotation": [90, 0, 0],
			"translation": [0, 0, -4.75],
			"scale": [1.2, 1.2, 1.2]
		}
	}
}