{
	"format_version": "1.21.6",
	"credit": "Made with Blockbench",
	"textures": {
		"0": "item/hammer/default/stone",
		"1": "item/hammer/default/hammer",
		"2": "item/hammer/default/slide",
		"3": "item/hammer/default/chain",
		"particle": "item/hammer/default/stone"
	},
	"elements": [
		{
			"from": [6.8, 0, 6.8],
			"to": [9.2, 5, 9.2],
			"rotation": {"angle": 0, "axis": "y", "origin": [7, 3, 7]},
			"faces": {
				"north": {"uv": [9, 7, 11, 11], "texture": "#0"},
				"east": {"uv": [11, 7, 13, 11], "texture": "#0"},
				"south": {"uv": [14, 7, 16, 11], "texture": "#0"},
				"west": {"uv": [11, 8, 13, 12], "texture": "#0"},
				"up": {"uv": [16, 9, 13, 6], "texture": "#0"},
				"down": {"uv": [13, 6, 10, 9], "texture": "#0"}
			}
		},
		{
			"from": [7, 5, 7],
			"to": [9, 10, 9],
			"rotation": {"angle": 0, "axis": "y", "origin": [7, 8, 7]},
			"faces": {
				"north": {"uv": [0, 0, 2, 5], "texture": "#0"},
				"east": {"uv": [2, 0, 4, 5], "texture": "#0"},
				"south": {"uv": [4, 0, 6, 5], "texture": "#0"},
				"west": {"uv": [0, 5, 2, 10], "texture": "#0"},
				"up": {"uv": [8, 2, 6, 0], "texture": "#0"},
				"down": {"uv": [8, 2, 6, 4], "texture": "#0"}
			}
		},
		{
			"from": [7, 17, 7],
			"to": [9, 17.5, 9],
			"rotation": {"angle": 0, "axis": "y", "origin": [7, 17, 7]},
			"faces": {
				"north": {"uv": [6, 4, 8, 5], "texture": "#0"},
				"east": {"uv": [6, 5, 8, 6], "texture": "#0"},
				"south": {"uv": [6, 6, 8, 7], "texture": "#0"},
				"west": {"uv": [2, 7, 4, 8], "texture": "#0"},
				"up": {"uv": [4, 7, 2, 5], "texture": "#0"},
				"down": {"uv": [6, 5, 4, 7], "texture": "#0"}
			}
		},
		{
			"from": [2, 10, 5],
			"to": [14, 17, 11],
			"rotation": {"angle": 0, "axis": "y", "origin": [7, 10, 7]},
			"faces": {
				"north": {"uv": [0, 0, 6, 3.5], "texture": "#1"},
				"east": {"uv": [6, 6, 9, 9.5], "texture": "#1"},
				"south": {"uv": [0, 3.5, 6, 7], "texture": "#1"},
				"west": {"uv": [0, 7, 3, 10.5], "texture": "#1"},
				"up": {"uv": [12, 3, 6, 0], "texture": "#1"},
				"down": {"uv": [12, 3, 6, 6], "texture": "#1"}
			}
		},
		{
			"from": [2, 10, 5],
			"to": [14, 17, 11],
			"rotation": {"angle": 0, "axis": "y", "origin": [7, 10, 7]},
			"faces": {
				"north": {"uv": [0, 0, 6, 3.5], "texture": "#1"},
				"east": {"uv": [6, 6, 9, 9.5], "texture": "#1"},
				"south": {"uv": [0, 3.5, 6, 7], "texture": "#1"},
				"west": {"uv": [0, 7, 3, 10.5], "texture": "#1"},
				"up": {"uv": [12, 3, 6, 0], "texture": "#1"},
				"down": {"uv": [12, 3, 6, 6], "texture": "#1"}
			}
		},
		{
			"from": [3, 11, 4.5],
			"to": [13, 16, 5],
			"rotation": {"angle": 0, "axis": "y", "origin": [3, 14, 3]},
			"faces": {
				"north": {"uv": [0, 5, 5, 7.5], "texture": "#2"},
				"east": {"uv": [3, 8.5, 3.5, 11], "texture": "#2"},
				"south": {"uv": [5, 0, 10, 2.5], "texture": "#2"},
				"west": {"uv": [3.5, 8.5, 4, 11], "texture": "#2"},
				"up": {"uv": [5, 8.5, 0, 8], "texture": "#2"},
				"down": {"uv": [10, 8, 5, 8.5], "texture": "#2"}
			}
		},
		{
			"from": [3, 11, 11],
			"to": [13, 14, 11.5],
			"rotation": {"angle": 0, "axis": "y", "origin": [3, 14, 9.5]},
			"faces": {
				"north": {"uv": [0, 1, 5, 2.5], "texture": "#2"},
				"east": {"uv": [2, 9.5, 2.5, 11], "texture": "#2"},
				"south": {"uv": [0, 3.5, 5, 5], "texture": "#2"},
				"west": {"uv": [2.5, 9.5, 3, 11], "texture": "#2"},
				"up": {"uv": [5, 8, 0, 7.5], "texture": "#2"},
				"down": {"uv": [10, 7.5, 5, 8], "texture": "#2"}
			}
		},
		{
			"from": [3, 14, 11],
			"to": [13, 16, 11.5],
			"rotation": {"angle": 0, "axis": "y", "origin": [3, 14, 9.5]},
			"faces": {
				"north": {"uv": [0, 0, 5, 1], "texture": "#2"},
				"east": {"uv": [2, 8.5, 2.5, 9.5], "texture": "#2"},
				"south": {"uv": [0, 2.5, 5, 3.5], "texture": "#2"},
				"west": {"uv": [2.5, 8.5, 3, 9.5], "texture": "#2"},
				"up": {"uv": [5, 8, 0, 7.5], "texture": "#2"},
				"down": {"uv": [10, 7.5, 5, 8], "texture": "#2"}
			}
		},
		{
			"from": [1.5, 11, 6],
			"to": [2, 16, 10],
			"rotation": {"angle": 0, "axis": "y", "origin": [-8, 14, 9.5]},
			"faces": {
				"north": {"uv": [1, 8.5, 1.5, 11], "texture": "#2"},
				"east": {"uv": [7, 2.5, 9, 5], "texture": "#2"},
				"south": {"uv": [1.5, 8.5, 2, 11], "texture": "#2"},
				"west": {"uv": [7, 5, 9, 7.5], "texture": "#2"},
				"up": {"uv": [5.5, 10.5, 5, 8.5], "texture": "#2"},
				"down": {"uv": [6, 8.5, 5.5, 10.5], "texture": "#2"}
			}
		},
		{
			"from": [14, 11, 6],
			"to": [14.5, 16, 10],
			"rotation": {"angle": 0, "axis": "y", "origin": [4.5, 14, 9.5]},
			"faces": {
				"north": {"uv": [0, 8.5, 0.5, 11], "texture": "#2"},
				"east": {"uv": [5, 2.5, 7, 5], "texture": "#2"},
				"south": {"uv": [0.5, 8.5, 1, 11], "texture": "#2"},
				"west": {"uv": [5, 5, 7, 7.5], "texture": "#2"},
				"up": {"uv": [4.5, 10.5, 4, 8.5], "texture": "#2"},
				"down": {"uv": [5, 8.5, 4.5, 10.5], "texture": "#2"}
			}
		},
		{
			"from": [6.45, -1.6, 7.725],
			"to": [6.7, -0.2, 8.275],
			"rotation": {"angle": -35, "axis": "z", "origin": [7.1, 0.4, 8]},
			"faces": {
				"north": {"uv": [8, 2, 9, 3], "texture": "#3"},
				"east": {"uv": [0, 0, 2, 1], "texture": "#3"},
				"south": {"uv": [3, 8, 4, 9], "texture": "#3"},
				"west": {"uv": [0, 1, 2, 2], "texture": "#3"},
				"up": {"uv": [1, 4, 0, 2], "texture": "#3"},
				"down": {"uv": [3, 0, 2, 2], "texture": "#3"}
			}
		},
		{
			"from": [6.95, -3.6, 7.725],
			"to": [7.4, -3.4, 8.275],
			"rotation": {"angle": -35, "axis": "z", "origin": [7.1, 0.4, 8]},
			"faces": {
				"north": {"uv": [8, 7, 9, 8], "texture": "#3"},
				"east": {"uv": [6, 1, 8, 2], "texture": "#3"},
				"south": {"uv": [8, 8, 9, 9], "texture": "#3"},
				"west": {"uv": [6, 2, 8, 3], "texture": "#3"},
				"up": {"uv": [1, 8, 0, 6], "texture": "#3"},
				"down": {"uv": [3, 6, 2, 8], "texture": "#3"}
			}
		},
		{
			"from": [6.95, -4.45, 7.725],
			"to": [7.4, -4.25, 8.275],
			"rotation": {"angle": -35, "axis": "z", "origin": [7.1, 0.4, 8]},
			"faces": {
				"north": {"uv": [8, 6, 9, 7], "texture": "#3"},
				"east": {"uv": [4, 3, 6, 4], "texture": "#3"},
				"south": {"uv": [7, 8, 8, 9], "texture": "#3"},
				"west": {"uv": [5, 0, 7, 1], "texture": "#3"},
				"up": {"uv": [5, 7, 4, 5], "texture": "#3"},
				"down": {"uv": [6, 4, 5, 6], "texture": "#3"}
			}
		},
		{
			"from": [6.7, -4.25, 7.725],
			"to": [6.95, -3.6, 8.275],
			"rotation": {"angle": -35, "axis": "z", "origin": [7.1, 0.4, 8]},
			"faces": {
				"north": {"uv": [8, 5, 9, 6], "texture": "#3"},
				"east": {"uv": [4, 2, 6, 3], "texture": "#3"},
				"south": {"uv": [6, 8, 7, 9], "texture": "#3"},
				"west": {"uv": [3, 4, 5, 5], "texture": "#3"},
				"up": {"uv": [2, 7, 1, 5], "texture": "#3"},
				"down": {"uv": [4, 5, 3, 7], "texture": "#3"}
			}
		},
		{
			"from": [7.4, -4.25, 7.725],
			"to": [7.65, -3.6, 8.275],
			"rotation": {"angle": -35, "axis": "z", "origin": [7.1, 0.4, 8]},
			"faces": {
				"north": {"uv": [8, 4, 9, 5], "texture": "#3"},
				"east": {"uv": [2, 3, 4, 4], "texture": "#3"},
				"south": {"uv": [5, 8, 6, 9], "texture": "#3"},
				"west": {"uv": [4, 1, 6, 2], "texture": "#3"},
				"up": {"uv": [1, 6, 0, 4], "texture": "#3"},
				"down": {"uv": [3, 4, 2, 6], "texture": "#3"}
			}
		},
		{
			"from": [7.65, -3.6, 7.725],
			"to": [7.9, -2.2, 8.275],
			"rotation": {"angle": -35, "axis": "z", "origin": [7.1, 0.4, 8]},
			"faces": {
				"north": {"uv": [8, 3, 9, 4], "texture": "#3"},
				"east": {"uv": [1, 2, 3, 3], "texture": "#3"},
				"south": {"uv": [4, 8, 5, 9], "texture": "#3"},
				"west": {"uv": [3, 0, 5, 1], "texture": "#3"},
				"up": {"uv": [2, 5, 1, 3], "texture": "#3"},
				"down": {"uv": [4, 1, 3, 3], "texture": "#3"}
			}
		},
		{
			"from": [6.45, -3.6, 7.725],
			"to": [6.7, -2.2, 8.275],
			"rotation": {"angle": -35, "axis": "z", "origin": [7.1, 0.4, 8]},
			"faces": {
				"north": {"uv": [8, 2, 9, 3], "texture": "#3"},
				"east": {"uv": [0, 0, 2, 1], "texture": "#3"},
				"south": {"uv": [3, 8, 4, 9], "texture": "#3"},
				"west": {"uv": [0, 1, 2, 2], "texture": "#3"},
				"up": {"uv": [1, 4, 0, 2], "texture": "#3"},
				"down": {"uv": [3, 0, 2, 2], "texture": "#3"}
			}
		},
		{
			"from": [6.95, -5.6, 7.725],
			"to": [7.4, -5.4, 8.275],
			"rotation": {"angle": -35, "axis": "z", "origin": [7.1, 0.4, 8]},
			"faces": {
				"north": {"uv": [8, 7, 9, 8], "texture": "#3"},
				"east": {"uv": [6, 1, 8, 2], "texture": "#3"},
				"south": {"uv": [8, 8, 9, 9], "texture": "#3"},
				"west": {"uv": [6, 2, 8, 3], "texture": "#3"},
				"up": {"uv": [1, 8, 0, 6], "texture": "#3"},
				"down": {"uv": [3, 6, 2, 8], "texture": "#3"}
			}
		},
		{
			"from": [6.95, -6.45, 7.725],
			"to": [7.4, -6.25, 8.275],
			"rotation": {"angle": -35, "axis": "z", "origin": [7.1, 0.4, 8]},
			"faces": {
				"north": {"uv": [8, 6, 9, 7], "texture": "#3"},
				"east": {"uv": [4, 3, 6, 4], "texture": "#3"},
				"south": {"uv": [7, 8, 8, 9], "texture": "#3"},
				"west": {"uv": [5, 0, 7, 1], "texture": "#3"},
				"up": {"uv": [5, 7, 4, 5], "texture": "#3"},
				"down": {"uv": [6, 4, 5, 6], "texture": "#3"}
			}
		},
		{
			"from": [6.7, -6.25, 7.725],
			"to": [6.95, -5.6, 8.275],
			"rotation": {"angle": -35, "axis": "z", "origin": [7.1, 0.4, 8]},
			"faces": {
				"north": {"uv": [8, 5, 9, 6], "texture": "#3"},
				"east": {"uv": [4, 2, 6, 3], "texture": "#3"},
				"south": {"uv": [6, 8, 7, 9], "texture": "#3"},
				"west": {"uv": [3, 4, 5, 5], "texture": "#3"},
				"up": {"uv": [2, 7, 1, 5], "texture": "#3"},
				"down": {"uv": [4, 5, 3, 7], "texture": "#3"}
			}
		},
		{
			"from": [7.4, -6.25, 7.725],
			"to": [7.65, -5.6, 8.275],
			"rotation": {"angle": -35, "axis": "z", "origin": [7.1, 0.4, 8]},
			"faces": {
				"north": {"uv": [8, 4, 9, 5], "texture": "#3"},
				"east": {"uv": [2, 3, 4, 4], "texture": "#3"},
				"south": {"uv": [5, 8, 6, 9], "texture": "#3"},
				"west": {"uv": [4, 1, 6, 2], "texture": "#3"},
				"up": {"uv": [1, 6, 0, 4], "texture": "#3"},
				"down": {"uv": [3, 4, 2, 6], "texture": "#3"}
			}
		},
		{
			"from": [7.65, -5.6, 7.725],
			"to": [7.9, -4.2, 8.275],
			"rotation": {"angle": -35, "axis": "z", "origin": [7.1, 0.4, 8]},
			"faces": {
				"north": {"uv": [8, 3, 9, 4], "texture": "#3"},
				"east": {"uv": [1, 2, 3, 3], "texture": "#3"},
				"south": {"uv": [4, 8, 5, 9], "texture": "#3"},
				"west": {"uv": [3, 0, 5, 1], "texture": "#3"},
				"up": {"uv": [2, 5, 1, 3], "texture": "#3"},
				"down": {"uv": [4, 1, 3, 3], "texture": "#3"}
			}
		},
		{
			"from": [6.45, -5.6, 7.725],
			"to": [6.7, -4.2, 8.275],
			"rotation": {"angle": -35, "axis": "z", "origin": [7.1, 0.4, 8]},
			"faces": {
				"north": {"uv": [8, 2, 9, 3], "texture": "#3"},
				"east": {"uv": [0, 0, 2, 1], "texture": "#3"},
				"south": {"uv": [3, 8, 4, 9], "texture": "#3"},
				"west": {"uv": [0, 1, 2, 2], "texture": "#3"},
				"up": {"uv": [1, 4, 0, 2], "texture": "#3"},
				"down": {"uv": [3, 0, 2, 2], "texture": "#3"}
			}
		},
		{
			"from": [7.65, -1.6, 7.725],
			"to": [7.9, -0.2, 8.275],
			"rotation": {"angle": -35, "axis": "z", "origin": [7.1, 0.4, 8]},
			"faces": {
				"north": {"uv": [8, 3, 9, 4], "texture": "#3"},
				"east": {"uv": [1, 2, 3, 3], "texture": "#3"},
				"south": {"uv": [4, 8, 5, 9], "texture": "#3"},
				"west": {"uv": [3, 0, 5, 1], "texture": "#3"},
				"up": {"uv": [2, 5, 1, 3], "texture": "#3"},
				"down": {"uv": [4, 1, 3, 3], "texture": "#3"}
			}
		},
		{
			"from": [7.4, -2.25, 7.725],
			"to": [7.65, -1.6, 8.275],
			"rotation": {"angle": -35, "axis": "z", "origin": [7.1, 0.4, 8]},
			"faces": {
				"north": {"uv": [8, 4, 9, 5], "texture": "#3"},
				"east": {"uv": [2, 3, 4, 4], "texture": "#3"},
				"south": {"uv": [5, 8, 6, 9], "texture": "#3"},
				"west": {"uv": [4, 1, 6, 2], "texture": "#3"},
				"up": {"uv": [1, 6, 0, 4], "texture": "#3"},
				"down": {"uv": [3, 4, 2, 6], "texture": "#3"}
			}
		},
		{
			"from": [6.95, -0.45, 7.725],
			"to": [7.4, -0.25, 8.275],
			"rotation": {"angle": -35, "axis": "z", "origin": [7.1, 0.4, 8]},
			"faces": {
				"north": {"uv": [9, 3, 10, 4], "texture": "#3"},
				"east": {"uv": [6, 7, 8, 8], "texture": "#3"},
				"south": {"uv": [4, 9, 5, 10], "texture": "#3"},
				"west": {"uv": [8, 1, 10, 2], "texture": "#3"},
				"up": {"uv": [1, 10, 0, 8], "texture": "#3"},
				"down": {"uv": [3, 8, 2, 10], "texture": "#3"}
			}
		},
		{
			"from": [6.7, -0.25, 7.725],
			"to": [6.95, 0.4, 8.275],
			"rotation": {"angle": -35, "axis": "z", "origin": [7.1, 0.4, 8]},
			"faces": {
				"north": {"uv": [9, 2, 10, 3], "texture": "#3"},
				"east": {"uv": [7, 0, 9, 1], "texture": "#3"},
				"south": {"uv": [3, 9, 4, 10], "texture": "#3"},
				"west": {"uv": [3, 7, 5, 8], "texture": "#3"},
				"up": {"uv": [2, 9, 1, 7], "texture": "#3"},
				"down": {"uv": [8, 5, 7, 7], "texture": "#3"}
			}
		},
		{
			"from": [7.4, -0.25, 7.725],
			"to": [7.65, 0.4, 8.275],
			"rotation": {"angle": -35, "axis": "z", "origin": [7.1, 0.4, 8]},
			"faces": {
				"north": {"uv": [9, 0, 10, 1], "texture": "#3"},
				"east": {"uv": [6, 3, 8, 4], "texture": "#3"},
				"south": {"uv": [1, 9, 2, 10], "texture": "#3"},
				"west": {"uv": [6, 4, 8, 5], "texture": "#3"},
				"up": {"uv": [6, 8, 5, 6], "texture": "#3"},
				"down": {"uv": [7, 5, 6, 7], "texture": "#3"}
			}
		},
		{
			"from": [6.7, -2.25, 7.725],
			"to": [6.95, -1.6, 8.275],
			"rotation": {"angle": -35, "axis": "z", "origin": [7.1, 0.4, 8]},
			"faces": {
				"north": {"uv": [8, 5, 9, 6], "texture": "#3"},
				"east": {"uv": [4, 2, 6, 3], "texture": "#3"},
				"south": {"uv": [6, 8, 7, 9], "texture": "#3"},
				"west": {"uv": [3, 4, 5, 5], "texture": "#3"},
				"up": {"uv": [2, 7, 1, 5], "texture": "#3"},
				"down": {"uv": [4, 5, 3, 7], "texture": "#3"}
			}
		},
		{
			"from": [6.95, -2.45, 7.725],
			"to": [7.4, -2.25, 8.275],
			"rotation": {"angle": -35, "axis": "z", "origin": [7.1, 0.4, 8]},
			"faces": {
				"north": {"uv": [8, 6, 9, 7], "texture": "#3"},
				"east": {"uv": [4, 3, 6, 4], "texture": "#3"},
				"south": {"uv": [7, 8, 8, 9], "texture": "#3"},
				"west": {"uv": [5, 0, 7, 1], "texture": "#3"},
				"up": {"uv": [5, 7, 4, 5], "texture": "#3"},
				"down": {"uv": [6, 4, 5, 6], "texture": "#3"}
			}
		},
		{
			"from": [6.95, -1.6, 7.725],
			"to": [7.4, -1.4, 8.275],
			"rotation": {"angle": -35, "axis": "z", "origin": [7.1, 0.4, 8]},
			"faces": {
				"north": {"uv": [8, 7, 9, 8], "texture": "#3"},
				"east": {"uv": [6, 1, 8, 2], "texture": "#3"},
				"south": {"uv": [8, 8, 9, 9], "texture": "#3"},
				"west": {"uv": [6, 2, 8, 3], "texture": "#3"},
				"up": {"uv": [1, 8, 0, 6], "texture": "#3"},
				"down": {"uv": [3, 6, 2, 8], "texture": "#3"}
			}
		},
		{
			"from": [6, 9, 6.5],
			"to": [10, 10, 9.5],
			"rotation": {"angle": 0, "axis": "y", "origin": [7, 8, 7]},
			"faces": {
				"north": {"uv": [10.5, 11, 14.5, 12], "texture": "#1"},
				"east": {"uv": [10.5, 11, 13.5, 12], "texture": "#1"},
				"south": {"uv": [10.5, 11, 14.5, 12], "texture": "#1"},
				"west": {"uv": [10.5, 11, 13.5, 12], "texture": "#1"},
				"up": {"uv": [10.5, 11, 14.5, 14], "texture": "#1"},
				"down": {"uv": [10.5, 11, 14.5, 14], "texture": "#1"}
			}
		}
	],
	"display": {
		"thirdperson_righthand": {
			"rotation": [0, -90, 0],
			"translation": [0, 0.75, 1.75]
		},
		"thirdperson_lefthand": {
			"translation": [0, 1.75, 1.25]
		},
		"firstperson_righthand": {
			"rotation": [-44, -77, 0],
			"translation": [4.75, 0.5, -2]
		},
		"firstperson_lefthand": {
			"rotation": [0, -22, 0],
			"translation": [1.25, 0.75, -1.25],
			"scale": [0.8, 0.8, 0.8]
		},
		"ground": {
			"rotation": [62, 55, 0],
			"translation": [0, 5, 0],
			"scale": [0.7, 0.7, 0.7]
		},
		"gui": {
			"rotation": [-5, 18, 44],
			"translation": [0.5, 0, 0],
			"scale": [0.7, 0.7, 0.7]
		},
		"head": {
			"rotation": [0, -180, 0],
			"translation": [0, 5.25, 0]
		},
		"fixed": {
			"rotation": [90, 0, 0],
			"translation": [0, 0, -10.75],
			"scale": [1.2, 1.2, 1.2]
		}
	}
}