{
	"format_version": "1.21.6",
	"credit": "Made with Blockbench",
	"textures": {
		"0": "item/hammer/wood/handle",
		"1": "item/hammer/wood/log",
		"2": "item/hammer/wood/leaf",
		"particle": "item/hammer/wood/handle"
	},
	"elements": [
		{
			"from": [7.5, 5, 7.5],
			"to": [8.5, 10, 8.5],
			"rotation": {"angle": 0, "axis": "y", "origin": [7, 8, 7]},
			"faces": {
				"north": {"uv": [0, 0, 2, 5], "texture": "#0"},
				"east": {"uv": [2, 0, 4, 5], "texture": "#0"},
				"south": {"uv": [4, 0, 6, 5], "texture": "#0"},
				"west": {"uv": [0, 5, 2, 10], "texture": "#0"},
				"up": {"uv": [8, 2, 6, 0], "texture": "#0"},
				"down": {"uv": [8, 2, 6, 4], "texture": "#0"}
			}
		},
		{
			"from": [7.5, 0, 7.5],
			"to": [8.5, 5, 8.5],
			"rotation": {"angle": 0, "axis": "y", "origin": [7, 3, 7]},
			"faces": {
				"north": {"uv": [0, 0, 2, 5], "texture": "#0"},
				"east": {"uv": [2, 0, 4, 5], "texture": "#0"},
				"south": {"uv": [4, 0, 6, 5], "texture": "#0"},
				"west": {"uv": [0, 5, 2, 10], "texture": "#0"},
				"up": {"uv": [8, 2, 6, 0], "texture": "#0"},
				"down": {"uv": [8, 2, 6, 4], "texture": "#0"}
			}
		},
		{
			"from": [7.5, 14, 7.5],
			"to": [8.5, 14.5, 8.5],
			"rotation": {"angle": 0, "axis": "y", "origin": [7, 14, 7]},
			"faces": {
				"north": {"uv": [6, 4, 8, 5], "texture": "#0"},
				"east": {"uv": [6, 5, 8, 6], "texture": "#0"},
				"south": {"uv": [6, 6, 8, 7], "texture": "#0"},
				"west": {"uv": [2, 7, 4, 8], "texture": "#0"},
				"up": {"uv": [4, 7, 2, 5], "texture": "#0"},
				"down": {"uv": [6, 5, 4, 7], "texture": "#0"}
			}
		},
		{
			"from": [4, 10, 6],
			"to": [12, 14, 10],
			"rotation": {"angle": 0, "axis": "y", "origin": [7, 7, 7]},
			"faces": {
				"north": {"uv": [0, 0, 6, 3.5], "texture": "#1"},
				"east": {"uv": [6, 6, 9, 9.5], "texture": "#1"},
				"south": {"uv": [0, 3.5, 6, 7], "texture": "#1"},
				"west": {"uv": [0, 7, 3, 10.5], "texture": "#1"},
				"up": {"uv": [12, 3, 6, 0], "texture": "#1"},
				"down": {"uv": [12, 3, 6, 6], "texture": "#1"}
			}
		},
		{
			"from": [12.1, 14, 6.3],
			"to": [12.775, 14.575, 6.8],
			"rotation": {"angle": 15, "axis": "y", "origin": [9.225, 14.175, 6.8]},
			"faces": {
				"north": {"uv": [1, 3, 2, 4], "rotation": 270, "texture": "#2"},
				"east": {"uv": [4, 2, 3, 1], "rotation": 180, "texture": "#2"},
				"south": {"uv": [2, 2, 3, 3], "rotation": 90, "texture": "#2"},
				"west": {"uv": [3, 3, 2, 4], "texture": "#2"},
				"up": {"uv": [3, 0, 4, 1], "rotation": 90, "texture": "#2"},
				"down": {"uv": [1, 2, 2, 3], "rotation": 90, "texture": "#2"}
			}
		}
	],
	"display": {
		"thirdperson_righthand": {
			"rotation": [0, -90, 0],
			"translation": [0, 2.25, 0.75]
		},
		"thirdperson_lefthand": {
			"translation": [0, 2.25, 1.25]
		},
		"firstperson_righthand": {
			"rotation": [0, -93, 0],
			"translation": [1.5, 0.5, -2]
		},
		"firstperson_lefthand": {
			"rotation": [0, -22, 0],
			"translation": [0.5, 0.75, 0.5],
			"scale": [0.8, 0.8, 0.8]
		},
		"ground": {
			"rotation": [40, 20, 0],
			"translation": [0, 3.5, 0]
		},
		"gui": {
			"rotation": [162, -31, 138],
			"translation": [0.5, -0.25, 0]
		},
		"head": {
			"translation": [0.25, 3.5, 0.5],
			"scale": [1.5, 1.5, 1.5]
		},
		"fixed": {
			"rotation": [-90, 0, 0],
			"translation": [0, 0, 6],
			"scale": [3, 3, 3]
		}
	}
}