{
	"credit": "Made with Blockbench",
	"texture_size": [32, 32],
	"textures": {
		"0": "item/special_event/christmas_2023/72/pink72",
		"1": "item/special_event/christmas_2023/72/pink",
		"particle": "item/special_event/christmas_2023/72/pink72"
	},
	"elements": [
		{
			"from": [7, 0, 5],
			"to": [13, 10, 11],
			"faces": {
				"north": {"uv": [0, 0, 3, 5], "texture": "#1"},
				"east": {"uv": [3, 0, 6, 5], "texture": "#1"},
				"south": {"uv": [0, 5, 3, 10], "texture": "#1"},
				"west": {"uv": [3, 5, 6, 10], "texture": "#1"},
				"up": {"uv": [9, 3, 6, 0], "texture": "#1"},
				"down": {"uv": [9, 3, 6, 6], "texture": "#1"}
			}
		},
		{
			"from": [7, 0, 11],
			"to": [9, 1, 13],
			"faces": {
				"north": {"uv": [2, 0, 4, 1], "texture": "#0"},
				"east": {"uv": [2, 1, 4, 2], "texture": "#0"},
				"south": {"uv": [2, 2, 4, 3], "texture": "#0"},
				"west": {"uv": [2, 3, 4, 4], "texture": "#0"},
				"up": {"uv": [2, 2, 0, 0], "texture": "#0"},
				"down": {"uv": [2, 2, 0, 4], "texture": "#0"}
			}
		},
		{
			"from": [11, 0, 11],
			"to": [13, 1, 13],
			"faces": {
				"north": {"uv": [0, 0, 2, 1], "texture": "#0"},
				"east": {"uv": [0, 0, 2, 1], "texture": "#0"},
				"south": {"uv": [0, 0, 2, 1], "texture": "#0"},
				"west": {"uv": [0, 0, 2, 1], "texture": "#0"},
				"up": {"uv": [0, 0, 2, 2], "texture": "#0"},
				"down": {"uv": [0, 0, 2, 2], "texture": "#0"}
			}
		},
		{
			"from": [9, 6, 11],
			"to": [11, 7, 13],
			"faces": {
				"north": {"uv": [0, 0, 2, 1], "texture": "#0"},
				"east": {"uv": [0, 0, 2, 1], "texture": "#0"},
				"south": {"uv": [0, 0, 2, 1], "texture": "#0"},
				"west": {"uv": [0, 0, 2, 1], "texture": "#0"},
				"up": {"uv": [0, 0, 2, 2], "texture": "#0"},
				"down": {"uv": [0, 0, 2, 2], "texture": "#0"}
			}
		},
		{
			"from": [5.7, 1, 7],
			"to": [6.7, 6, 10],
			"rotation": {"angle": -22.5, "axis": "z", "origin": [6.5, 3.5, 8.5]},
			"faces": {
				"north": {"uv": [5, 0, 6, 5], "texture": "#0"},
				"east": {"uv": [5, 0, 8, 5], "texture": "#0"},
				"south": {"uv": [5, 0, 6, 5], "texture": "#0"},
				"west": {"uv": [5, 0, 8, 5], "texture": "#0"},
				"up": {"uv": [5, 0, 6, 3], "texture": "#0"},
				"down": {"uv": [5, 0, 6, 3], "texture": "#0"}
			}
		},
		{
			"from": [13.3, 1, 7],
			"to": [14.3, 6, 10],
			"rotation": {"angle": 22.5, "axis": "z", "origin": [13.5, 3.5, 8.5]},
			"faces": {
				"north": {"uv": [5, 0, 6, 5], "texture": "#0"},
				"east": {"uv": [5, 0, 8, 5], "texture": "#0"},
				"south": {"uv": [5, 0, 6, 5], "texture": "#0"},
				"west": {"uv": [5, 0, 8, 5], "texture": "#0"},
				"up": {"uv": [5, 0, 6, 3], "texture": "#0"},
				"down": {"uv": [5, 0, 6, 3], "texture": "#0"}
			}
		}
	],
	"gui_light": "front",
	"display": {
		"thirdperson_righthand": {
			"rotation": [50, 180, 0],
			"translation": [2, 4, 3.75]
		},
		"thirdperson_lefthand": {
			"rotation": [50, 180, 0],
			"translation": [-2, 4, 3.75]
		},
		"firstperson_righthand": {
			"rotation": [-20, -60, 0],
			"translation": [0, 6.25, 0]
		},
		"firstperson_lefthand": {
			"rotation": [-20, -60, 0],
			"translation": [3.5, 5.75, 0]
		},
		"ground": {
			"translation": [-2.75, 7, 0],
			"scale": [1.2, 1.2, 1.2]
		},
		"gui": {
			"rotation": [23, -31, 0],
			"translation": [-2, 4.25, 0],
			"scale": [1.4, 1.4, 1.4]
		},
		"head": {
			"rotation": [0, 180, 0],
			"translation": [6, 16.25, 15],
			"scale": [3, 3, 3]
		},
		"fixed": {
			"rotation": [-90, 0, 0],
			"translation": [-6, -2, -24],
			"scale": [3, 3, 3]
		}
	}
}