{
	"credit": "Made with Blockbench",
	"texture_size": [32, 32],
	"textures": {
		"0": "item/special_event/christmas_2023/72/pink72",
		"1": "item/special_event/christmas_2023/72/pink",
		"2": "item/special_event/christmas_2023/72/minecart",
		"particle": "item/special_event/christmas_2023/72/pink72"
	},
	"elements": [
		{
			"from": [5, 0, 5],
			"to": [11, 10, 11],
			"rotation": {"angle": 0, "axis": "y", "origin": [-2, 0, 0]},
			"faces": {
				"north": {"uv": [0, 0, 3, 5], "texture": "#1"},
				"east": {"uv": [3, 0, 6, 5], "texture": "#1"},
				"south": {"uv": [0, 5, 3, 10], "texture": "#1"},
				"west": {"uv": [3, 5, 6, 10], "texture": "#1"},
				"up": {"uv": [9, 3, 6, 0], "texture": "#1"},
				"down": {"uv": [9, 3, 6, 6], "texture": "#1"}
			}
		},
		{
			"from": [5, 0, 11],
			"to": [7, 1, 13],
			"rotation": {"angle": 0, "axis": "y", "origin": [-2, 0, 0]},
			"faces": {
				"north": {"uv": [2, 0, 4, 1], "texture": "#0"},
				"east": {"uv": [2, 1, 4, 2], "texture": "#0"},
				"south": {"uv": [2, 2, 4, 3], "texture": "#0"},
				"west": {"uv": [2, 3, 4, 4], "texture": "#0"},
				"up": {"uv": [2, 2, 0, 0], "texture": "#0"},
				"down": {"uv": [2, 2, 0, 4], "texture": "#0"}
			}
		},
		{
			"from": [9, 0, 11],
			"to": [11, 1, 13],
			"rotation": {"angle": 0, "axis": "y", "origin": [-2, 0, 0]},
			"faces": {
				"north": {"uv": [0, 0, 2, 1], "texture": "#0"},
				"east": {"uv": [0, 0, 2, 1], "texture": "#0"},
				"south": {"uv": [0, 0, 2, 1], "texture": "#0"},
				"west": {"uv": [0, 0, 2, 1], "texture": "#0"},
				"up": {"uv": [0, 0, 2, 2], "texture": "#0"},
				"down": {"uv": [0, 0, 2, 2], "texture": "#0"}
			}
		},
		{
			"from": [7, 6, 11],
			"to": [9, 7, 13],
			"rotation": {"angle": 0, "axis": "y", "origin": [-2, 0, 0]},
			"faces": {
				"north": {"uv": [0, 0, 2, 1], "texture": "#0"},
				"east": {"uv": [0, 0, 2, 1], "texture": "#0"},
				"south": {"uv": [0, 0, 2, 1], "texture": "#0"},
				"west": {"uv": [0, 0, 2, 1], "texture": "#0"},
				"up": {"uv": [0, 0, 2, 2], "texture": "#0"},
				"down": {"uv": [0, 0, 2, 2], "texture": "#0"}
			}
		},
		{
			"from": [3.7, 1, 7],
			"to": [4.7, 6, 10],
			"rotation": {"angle": -22.5, "axis": "z", "origin": [4.5, 3.5, 8.5]},
			"faces": {
				"north": {"uv": [5, 0, 6, 5], "texture": "#0"},
				"east": {"uv": [5, 0, 8, 5], "texture": "#0"},
				"south": {"uv": [5, 0, 6, 5], "texture": "#0"},
				"west": {"uv": [5, 0, 8, 5], "texture": "#0"},
				"up": {"uv": [5, 0, 6, 3], "texture": "#0"},
				"down": {"uv": [5, 0, 6, 3], "texture": "#0"}
			}
		},
		{
			"from": [11.3, 1, 7],
			"to": [12.3, 6, 10],
			"rotation": {"angle": 22.5, "axis": "z", "origin": [11.5, 3.5, 8.5]},
			"faces": {
				"north": {"uv": [5, 0, 6, 5], "texture": "#0"},
				"east": {"uv": [5, 0, 8, 5], "texture": "#0"},
				"south": {"uv": [5, 0, 6, 5], "texture": "#0"},
				"west": {"uv": [5, 0, 8, 5], "texture": "#0"},
				"up": {"uv": [5, 0, 6, 3], "texture": "#0"},
				"down": {"uv": [5, 0, 6, 3], "texture": "#0"}
			}
		},
		{
			"from": [4, -0.325, 3.425],
			"to": [4.7, 3.175, 14.225],
			"faces": {
				"north": {"uv": [10, 2, 10.5, 4], "texture": "#2"},
				"east": {"uv": [0, 5, 5.5, 7], "texture": "#2"},
				"south": {"uv": [6.5, 10, 7, 12], "texture": "#2"},
				"west": {"uv": [5.5, 5, 11, 7], "texture": "#2"},
				"up": {"uv": [5, 14.5, 4.5, 9], "texture": "#2"},
				"down": {"uv": [5.5, 9, 5, 14.5], "texture": "#2"}
			}
		},
		{
			"from": [11.3, -0.325, 3.425],
			"to": [12, 3.175, 14.225],
			"rotation": {"angle": 0, "axis": "y", "origin": [16, 0, 0]},
			"faces": {
				"north": {"uv": [7.5, 10, 8, 12], "texture": "#2"},
				"east": {"uv": [0, 7, 5.5, 9], "texture": "#2"},
				"south": {"uv": [8, 10, 8.5, 12], "texture": "#2"},
				"west": {"uv": [7, 0, 12.5, 2], "texture": "#2"},
				"up": {"uv": [6, 14.5, 5.5, 9], "texture": "#2"},
				"down": {"uv": [6.5, 9, 6, 14.5], "texture": "#2"}
			}
		},
		{
			"from": [4.7, -0.325, 3.425],
			"to": [8, 3.175, 3.875],
			"faces": {
				"north": {"uv": [7, 2, 8.5, 4], "texture": "#2"},
				"east": {"uv": [7, 10, 7.5, 12], "texture": "#2"},
				"south": {"uv": [5.5, 7, 7, 9], "texture": "#2"},
				"west": {"uv": [10, 7, 10.5, 9], "texture": "#2"},
				"up": {"uv": [12, 9.5, 10.5, 9], "texture": "#2"},
				"down": {"uv": [12, 9.5, 10.5, 10], "texture": "#2"}
			}
		},
		{
			"from": [8, -0.325, 13.775],
			"to": [11.3, 3.175, 14.225],
			"rotation": {"angle": 0, "axis": "y", "origin": [16, 0, 0]},
			"faces": {
				"north": {"uv": [7, 7, 8.5, 9], "texture": "#2"},
				"east": {"uv": [8.5, 10, 9, 12], "texture": "#2"},
				"south": {"uv": [8.5, 2, 10, 4], "texture": "#2"},
				"west": {"uv": [9, 10, 9.5, 12], "texture": "#2"},
				"up": {"uv": [12, 10.5, 10.5, 10], "texture": "#2"},
				"down": {"uv": [12, 10.5, 10.5, 11], "texture": "#2"}
			}
		},
		{
			"from": [4.7, -0.325, 13.775],
			"to": [8, 3.175, 14.225],
			"faces": {
				"north": {"uv": [8.5, 7, 10, 9], "texture": "#2"},
				"east": {"uv": [10, 9, 10.5, 11], "texture": "#2"},
				"south": {"uv": [0, 9, 1.5, 11], "texture": "#2"},
				"west": {"uv": [9.5, 10, 10, 12], "texture": "#2"},
				"up": {"uv": [1.5, 11.5, 0, 11], "texture": "#2"},
				"down": {"uv": [3, 11, 1.5, 11.5], "texture": "#2"}
			}
		},
		{
			"from": [8, -0.325, 3.425],
			"to": [11.3, 3.175, 3.875],
			"rotation": {"angle": 0, "axis": "y", "origin": [16, 0, 0]},
			"faces": {
				"north": {"uv": [1.5, 9, 3, 11], "texture": "#2"},
				"east": {"uv": [10.5, 2, 11, 4], "texture": "#2"},
				"south": {"uv": [3, 9, 4.5, 11], "texture": "#2"},
				"west": {"uv": [10.5, 7, 11, 9], "texture": "#2"},
				"up": {"uv": [12.5, 2.5, 11, 2], "texture": "#2"},
				"down": {"uv": [12.5, 2.5, 11, 3], "texture": "#2"}
			}
		},
		{
			"from": [4.725, -0.325, 3.875],
			"to": [11.3, 0, 13.775],
			"faces": {
				"north": {"uv": [6.5, 9, 10, 9.5], "texture": "#2"},
				"east": {"uv": [7, 4, 12, 4.5], "texture": "#2"},
				"south": {"uv": [6.5, 9.5, 10, 10], "texture": "#2"},
				"west": {"uv": [7, 4.5, 12, 5], "texture": "#2"},
				"up": {"uv": [3.5, 5, 0, 0], "texture": "#2"},
				"down": {"uv": [7, 0, 3.5, 5], "texture": "#2"}
			}
		}
	],
	"display": {
		"thirdperson_righthand": {
			"rotation": [50, 180, 0],
			"translation": [1, 1.5, 1.25],
			"scale": [0.51, 0.51, 0.51]
		},
		"thirdperson_lefthand": {
			"rotation": [50, 180, 0],
			"translation": [-1, 1.5, 1.25],
			"scale": [0.51, 0.51, 0.51]
		},
		"firstperson_righthand": {
			"rotation": [-20, -60, 0],
			"translation": [0, 6.25, 0],
			"scale": [0.7, 0.7, 0.7]
		},
		"firstperson_lefthand": {
			"rotation": [-20, -60, 0],
			"translation": [0, 6.25, 0],
			"scale": [0.7, 0.7, 0.7]
		},
		"ground": {
			"translation": [0, 4, 0],
			"scale": [0.6, 0.6, 0.6]
		},
		"gui": {
			"rotation": [23, -31, 0],
			"translation": [0.75, 3.5, 0]
		},
		"head": {
			"rotation": [0, 180, 0],
			"translation": [0, 14.75, 0.75]
		},
		"fixed": {
			"rotation": [-90, 0, 0],
			"translation": [0, -0.75, -13.25],
			"scale": [1.6, 1.6, 1.6]
		}
	},
	"groups": [
		{
			"name": "pengu",
			"origin": [11.5, 3.5, 8.5],
			"color": 0,
			"children": [0, 1, 2, 3, 4, 5]
		},
		{
			"name": "minecart",
			"origin": [0, 0, 0],
			"color": 0,
			"children": [6, 7, 8, 9, 10, 11, 12]
		}
	]
}