{
	"credit": "Made with Blockbench",
	"texture_size": [32, 32],
	"textures": {
		"0": "item/special_event/christmas_2023/72/72",
		"2": "item/special_event/christmas_2023/santa_hat/texture1",
		"3": "item/special_event/christmas_2023/santa_hat/texture",
		"4": "item/special_event/christmas_2023/72/pink",
		"5": "item/special_event/christmas_2023/72/pink72",
		"particle": "item/special_event/christmas_2023/72/72"
	},
	"elements": [
		{
			"from": [7, 0, 5],
			"to": [13, 10, 11],
			"faces": {
				"north": {"uv": [0, 0, 3, 5], "texture": "#4"},
				"east": {"uv": [3, 0, 6, 5], "texture": "#4"},
				"south": {"uv": [0, 5, 3, 10], "texture": "#4"},
				"west": {"uv": [3, 5, 6, 10], "texture": "#4"},
				"up": {"uv": [9, 3, 6, 0], "texture": "#4"},
				"down": {"uv": [9, 3, 6, 6], "texture": "#4"}
			}
		},
		{
			"from": [7, 0, 11],
			"to": [9, 1, 13],
			"faces": {
				"north": {"uv": [2, 0, 4, 1], "texture": "#0"},
				"east": {"uv": [2, 1, 4, 2], "texture": "#0"},
				"south": {"uv": [2, 2, 4, 3], "texture": "#0"},
				"west": {"uv": [2, 3, 4, 4], "texture": "#0"},
				"up": {"uv": [2, 2, 0, 0], "texture": "#0"},
				"down": {"uv": [2, 2, 0, 4], "texture": "#0"}
			}
		},
		{
			"from": [11, 0, 11],
			"to": [13, 1, 13],
			"faces": {
				"north": {"uv": [0, 0, 2, 1], "texture": "#0"},
				"east": {"uv": [0, 0, 2, 1], "texture": "#0"},
				"south": {"uv": [0, 0, 2, 1], "texture": "#0"},
				"west": {"uv": [0, 0, 2, 1], "texture": "#0"},
				"up": {"uv": [0, 0, 2, 2], "texture": "#0"},
				"down": {"uv": [0, 0, 2, 2], "texture": "#0"}
			}
		},
		{
			"from": [9, 6, 11],
			"to": [11, 7, 13],
			"faces": {
				"north": {"uv": [0, 0, 2, 1], "texture": "#0"},
				"east": {"uv": [0, 0, 2, 1], "texture": "#0"},
				"south": {"uv": [0, 0, 2, 1], "texture": "#0"},
				"west": {"uv": [0, 0, 2, 1], "texture": "#0"},
				"up": {"uv": [0, 0, 2, 2], "texture": "#0"},
				"down": {"uv": [0, 0, 2, 2], "texture": "#0"}
			}
		},
		{
			"from": [5.7, 1, 7],
			"to": [6.7, 6, 10],
			"rotation": {"angle": -22.5, "axis": "z", "origin": [6.5, 3.5, 8.5]},
			"faces": {
				"north": {"uv": [5, 0, 6, 5], "texture": "#5"},
				"east": {"uv": [5, 0, 8, 5], "texture": "#5"},
				"south": {"uv": [5, 0, 6, 5], "texture": "#5"},
				"west": {"uv": [5, 0, 8, 5], "texture": "#5"},
				"up": {"uv": [5, 0, 6, 3], "texture": "#5"},
				"down": {"uv": [5, 0, 6, 3], "texture": "#5"}
			}
		},
		{
			"from": [13.3, 1, 7],
			"to": [14.3, 6, 10],
			"rotation": {"angle": 22.5, "axis": "z", "origin": [13.5, 3.5, 8.5]},
			"faces": {
				"north": {"uv": [5, 0, 6, 5], "texture": "#5"},
				"east": {"uv": [5, 0, 8, 5], "texture": "#5"},
				"south": {"uv": [5, 0, 6, 5], "texture": "#5"},
				"west": {"uv": [5, 0, 8, 5], "texture": "#5"},
				"up": {"uv": [5, 0, 6, 3], "texture": "#5"},
				"down": {"uv": [5, 0, 6, 3], "texture": "#5"}
			}
		},
		{
			"from": [6.8, 9, 4.8],
			"to": [13.2, 11, 11.1],
			"faces": {
				"north": {"uv": [0, 0, 3.2, 1], "texture": "#3"},
				"east": {"uv": [0, 0, 3.15, 1], "texture": "#3"},
				"south": {"uv": [0, 0, 3.2, 1], "texture": "#3"},
				"west": {"uv": [0, 0, 3.15, 1], "texture": "#3"},
				"up": {"uv": [0, 0, 3.2, 3.15], "texture": "#3"},
				"down": {"uv": [0, 0, 3.2, 3.15], "texture": "#3"}
			}
		},
		{
			"from": [9, 11.9, 2.2],
			"to": [11, 13.8, 4.5],
			"faces": {
				"north": {"uv": [0, 0, 1, 0.95], "texture": "#3"},
				"east": {"uv": [0, 0, 1.15, 0.95], "texture": "#3"},
				"south": {"uv": [0, 0, 1, 0.95], "texture": "#3"},
				"west": {"uv": [0, 0, 1.15, 0.95], "texture": "#3"},
				"up": {"uv": [0, 0, 1, 1.15], "texture": "#3"},
				"down": {"uv": [0, 0, 1, 1.15], "texture": "#3"}
			}
		},
		{
			"from": [7.3, 11, 5.3],
			"to": [12.7, 13, 10.7],
			"faces": {
				"north": {"uv": [0, 0, 2.7, 1], "texture": "#2"},
				"east": {"uv": [0, 0, 2.7, 1], "texture": "#2"},
				"south": {"uv": [0, 0, 2.7, 1], "texture": "#2"},
				"west": {"uv": [0, 0, 2.7, 1], "texture": "#2"},
				"up": {"uv": [0, 0, 2.7, 2.7], "texture": "#2"},
				"down": {"uv": [0, 0, 2.7, 2.7], "texture": "#2"}
			}
		},
		{
			"from": [7.8, 11.8, 4.2],
			"to": [12.2, 14.8, 9.1],
			"rotation": {"angle": -22.5, "axis": "x", "origin": [10, 14.5, 7.95]},
			"faces": {
				"north": {"uv": [0, 0, 2.2, 1.5], "texture": "#2"},
				"east": {"uv": [0, 0, 2.45, 1.5], "texture": "#2"},
				"south": {"uv": [0, 0, 2.2, 1.5], "texture": "#2"},
				"west": {"uv": [0, 0, 2.45, 1.5], "texture": "#2"},
				"up": {"uv": [0, 0, 2.2, 2.45], "texture": "#2"},
				"down": {"uv": [0, 0, 2.2, 2.45], "texture": "#2"}
			}
		},
		{
			"from": [8.8, 12.45781, 4.1248],
			"to": [11.2, 15.15781, 8.0248],
			"rotation": {"angle": -45, "axis": "x", "origin": [10, 13.80781, 5.8748]},
			"faces": {
				"north": {"uv": [0, 0, 1.2, 1.35], "texture": "#2"},
				"east": {"uv": [0, 0, 1.95, 1.35], "texture": "#2"},
				"south": {"uv": [0, 0, 1.2, 1.35], "texture": "#2"},
				"west": {"uv": [0, 0, 1.95, 1.35], "texture": "#2"},
				"up": {"uv": [0, 0, 1.2, 1.95], "texture": "#2"},
				"down": {"uv": [0, 0, 1.2, 1.95], "texture": "#2"}
			}
		}
	],
	"gui_light": "front",
	"display": {
		"thirdperson_righthand": {
			"rotation": [50, 180, 0],
			"translation": [1, 1.5, 1.25],
			"scale": [0.51, 0.51, 0.51]
		},
		"thirdperson_lefthand": {
			"rotation": [50, 180, 0],
			"translation": [-1, 1.5, 1.25],
			"scale": [0.51, 0.51, 0.51]
		},
		"firstperson_righthand": {
			"rotation": [-20, -60, 0],
			"translation": [0, 6.25, 0],
			"scale": [0.7, 0.7, 0.7]
		},
		"firstperson_lefthand": {
			"rotation": [-20, -60, 0],
			"translation": [3.5, 5.75, 0],
			"scale": [0.7, 0.7, 0.7]
		},
		"ground": {
			"translation": [0, 4, 0],
			"scale": [0.6, 0.6, 0.6]
		},
		"gui": {
			"rotation": [23, -31, 0],
			"translation": [-1.5, 4.25, 0],
			"scale": [1.2, 1.2, 1.2]
		},
		"head": {
			"rotation": [0, 180, 0],
			"translation": [2, 15.25, 1]
		},
		"fixed": {
			"rotation": [-90, 0, 0],
			"translation": [-3.5, -0.25, -11.75],
			"scale": [1.6, 1.6, 1.6]
		}
	},
	"groups": [
		{
			"name": "group",
			"origin": [13.5, 3.5, 8.5],
			"color": 0,
			"children": [0, 1, 2, 3, 4, 5]
		},
		6,
		7,
		8,
		9,
		10
	]
}