{
	"credit": "Made with Blockbench",
	"texture_size": [32, 32],
	"textures": {
		"1": "item/special_event/how_anniversary_2024/word",
		"2": "item/special_event/how_anniversary_2024/texture",
		"3": "item/special_event/how_anniversary_2024/sniffer",
		"4": "item/special_event/how_anniversary_2024/camel",
		"particle": "item/special_event/how_anniversary_2024/texture"
	},
	"elements": [
		{
			"from": [1, 0, 5],
			"to": [15, 5.2, 11],
			"faces": {
				"north": {"uv": [0, 6, 7, 8.625], "texture": "#2"},
				"east": {"uv": [7, 3, 10, 5.625], "texture": "#2"},
				"south": {"uv": [7, 0, 14, 2.625], "texture": "#2"},
				"west": {"uv": [7, 6, 10, 8.625], "texture": "#2"},
				"up": {"uv": [7, 3, 0, 0], "texture": "#2"},
				"down": {"uv": [7, 3, 0, 6], "texture": "#2"}
			}
		},
		{
			"from": [12, 5.15, 8.9],
			"to": [12.75, 5.625, 9.5],
			"faces": {
				"north": {"uv": [13, 9, 13.75, 9.5], "texture": "#3"},
				"east": {"uv": [15, 3, 15.5, 3.5], "texture": "#3"},
				"south": {"uv": [3, 14, 3.75, 14.5], "texture": "#3"},
				"west": {"uv": [4, 15, 4.5, 15.5], "texture": "#3"},
				"up": {"uv": [4.75, 14.5, 4, 14], "texture": "#3"},
				"down": {"uv": [14.75, 4, 14, 4.5], "texture": "#3"}
			}
		},
		{
			"from": [8, 5.15, 8.9],
			"to": [8.75, 5.625, 9.5],
			"faces": {
				"north": {"uv": [5, 14, 5.75, 14.5], "texture": "#3"},
				"east": {"uv": [15, 4, 15.5, 4.5], "texture": "#3"},
				"south": {"uv": [14, 5, 14.75, 5.5], "texture": "#3"},
				"west": {"uv": [5, 15, 5.5, 15.5], "texture": "#3"},
				"up": {"uv": [6.75, 14.5, 6, 14], "texture": "#3"},
				"down": {"uv": [14.75, 6, 14, 6.5], "texture": "#3"}
			}
		},
		{
			"from": [7.5, 5.625, 6],
			"to": [13.3, 9.4, 10.05],
			"faces": {
				"north": {"uv": [6, 0, 11.75, 3.75], "texture": "#3"},
				"east": {"uv": [0, 8, 4, 11.75], "texture": "#3"},
				"south": {"uv": [6, 4, 11.75, 7.75], "texture": "#3"},
				"west": {"uv": [4, 8, 8, 11.75], "texture": "#3"},
				"up": {"uv": [5.75, 4, 0, 0], "texture": "#3"},
				"down": {"uv": [5.75, 4, 0, 8], "texture": "#3"}
			}
		},
		{
			"from": [13.3, 5.7, 6.875],
			"to": [14.275, 7.625, 7.05],
			"faces": {
				"north": {"uv": [8, 12, 9, 14], "texture": "#3"},
				"east": {"uv": [11, 13, 11.25, 15], "texture": "#3"},
				"south": {"uv": [12, 8, 13, 10], "texture": "#3"},
				"west": {"uv": [12, 13, 12.25, 15], "texture": "#3"},
				"up": {"uv": [16, 5.25, 15, 5], "texture": "#3"},
				"down": {"uv": [7, 15, 6, 15.25], "texture": "#3"}
			}
		},
		{
			"from": [14.275, 5.9, 7.1],
			"to": [15.775, 7.4, 9.025],
			"faces": {
				"north": {"uv": [4, 12, 5.5, 13.5], "texture": "#3"},
				"east": {"uv": [10, 8, 12, 9.5], "texture": "#3"},
				"south": {"uv": [12, 4, 13.5, 5.5], "texture": "#3"},
				"west": {"uv": [10, 10, 12, 11.5], "texture": "#3"},
				"up": {"uv": [1.5, 14, 0, 12], "texture": "#3"},
				"down": {"uv": [13.5, 0, 12, 2], "texture": "#3"}
			}
		},
		{
			"from": [9.9, 5.15, 8.9],
			"to": [10.65, 5.625, 9.5],
			"faces": {
				"north": {"uv": [7, 14, 7.75, 14.5], "texture": "#3"},
				"east": {"uv": [15, 6, 15.5, 6.5], "texture": "#3"},
				"south": {"uv": [14, 7, 14.75, 7.5], "texture": "#3"},
				"west": {"uv": [7, 15, 7.5, 15.5], "texture": "#3"},
				"up": {"uv": [8.75, 14.5, 8, 14], "texture": "#3"},
				"down": {"uv": [9.75, 14, 9, 14.5], "texture": "#3"}
			}
		},
		{
			"from": [8, 5.15, 6.45],
			"to": [8.75, 5.625, 7.05],
			"faces": {
				"north": {"uv": [14, 9, 14.75, 9.5], "texture": "#3"},
				"east": {"uv": [15, 7, 15.5, 7.5], "texture": "#3"},
				"south": {"uv": [10, 14, 10.75, 14.5], "texture": "#3"},
				"west": {"uv": [8, 15, 8.5, 15.5], "texture": "#3"},
				"up": {"uv": [14.75, 10.5, 14, 10], "texture": "#3"},
				"down": {"uv": [14.75, 11, 14, 11.5], "texture": "#3"}
			}
		},
		{
			"from": [12, 5.15, 6.45],
			"to": [12.75, 5.625, 7.05],
			"faces": {
				"north": {"uv": [14, 12, 14.75, 12.5], "texture": "#3"},
				"east": {"uv": [15, 8, 15.5, 8.5], "texture": "#3"},
				"south": {"uv": [13, 14, 13.75, 14.5], "texture": "#3"},
				"west": {"uv": [9, 15, 9.5, 15.5], "texture": "#3"},
				"up": {"uv": [14.75, 13.5, 14, 13], "texture": "#3"},
				"down": {"uv": [14.75, 14, 14, 14.5], "texture": "#3"}
			}
		},
		{
			"from": [9.9, 5.15, 6.45],
			"to": [10.65, 5.625, 7.05],
			"faces": {
				"north": {"uv": [15, 0, 15.75, 0.5], "texture": "#3"},
				"east": {"uv": [15, 9, 15.5, 9.5], "texture": "#3"},
				"south": {"uv": [15, 1, 15.75, 1.5], "texture": "#3"},
				"west": {"uv": [10, 15, 10.5, 15.5], "texture": "#3"},
				"up": {"uv": [15.75, 2.5, 15, 2], "texture": "#3"},
				"down": {"uv": [3.75, 15, 3, 15.5], "texture": "#3"}
			}
		},
		{
			"from": [13.275, 5.825, 7.05],
			"to": [14.6, 7.625, 9.075],
			"faces": {
				"north": {"uv": [6, 11.75, 7.25, 13.75], "texture": "#3"},
				"east": {"uv": [8, 8, 10, 9.75], "texture": "#3"},
				"south": {"uv": [12, 5.75, 13.25, 7.75], "texture": "#3"},
				"west": {"uv": [8, 10, 10, 11.75], "texture": "#3"},
				"up": {"uv": [3.25, 14, 2, 12], "texture": "#3"},
				"down": {"uv": [13.25, 2, 12, 4], "texture": "#3"}
			}
		},
		{
			"from": [13.3, 5.7, 9.075],
			"to": [14.275, 7.625, 9.25],
			"faces": {
				"north": {"uv": [9, 12, 10, 14], "texture": "#3"},
				"east": {"uv": [13, 12, 13.25, 14], "texture": "#3"},
				"south": {"uv": [10, 12, 11, 14], "texture": "#3"},
				"west": {"uv": [0, 14, 0.25, 16], "texture": "#3"},
				"up": {"uv": [16, 10.25, 15, 10], "texture": "#3"},
				"down": {"uv": [12, 15, 11, 15.25], "texture": "#3"}
			}
		},
		{
			"from": [14.6, 6.8, 7.05],
			"to": [14.85, 7.625, 9.075],
			"faces": {
				"north": {"uv": [15, 11, 15.25, 11.75], "texture": "#3"},
				"east": {"uv": [12, 10, 14, 10.75], "texture": "#3"},
				"south": {"uv": [12, 15, 12.25, 15.75], "texture": "#3"},
				"west": {"uv": [11, 12, 13, 12.75], "texture": "#3"},
				"up": {"uv": [14.25, 2, 14, 0], "texture": "#3"},
				"down": {"uv": [1.25, 14, 1, 16], "texture": "#3"}
			}
		},
		{
			"from": [14.85, 6.975, 7.05],
			"to": [15.1, 7.625, 9.075],
			"faces": {
				"north": {"uv": [15, 12, 15.25, 12.75], "texture": "#3"},
				"east": {"uv": [12, 11, 14, 11.75], "texture": "#3"},
				"south": {"uv": [13, 15, 13.25, 15.75], "texture": "#3"},
				"west": {"uv": [13, 8, 15, 8.75], "texture": "#3"},
				"up": {"uv": [2.25, 16, 2, 14], "texture": "#3"},
				"down": {"uv": [14.25, 2, 14, 4], "texture": "#3"}
			}
		},
		{
			"from": [6.2, 5.15, 8.425],
			"to": [6.95, 8.3, 9.025],
			"faces": {
				"north": {"uv": [6.5, 0, 6.875, 1.625], "texture": "#4"},
				"east": {"uv": [5.5, 7, 5.75, 8.625], "texture": "#4"},
				"south": {"uv": [6.5, 5.5, 6.875, 7.125], "texture": "#4"},
				"west": {"uv": [13.5, 8, 14.125, 9.625], "texture": "#4"},
				"up": {"uv": [6.375, 5.75, 6, 5.5], "texture": "#4"},
				"down": {"uv": [10.375, 3, 10, 3.25], "texture": "#4"}
			}
		},
		{
			"from": [3.05, 5.15, 8.425],
			"to": [3.8, 8.325, 9.025],
			"faces": {
				"north": {"uv": [0, 7, 0.375, 8.625], "texture": "#4"},
				"east": {"uv": [6, 7, 6.25, 8.625], "texture": "#4"},
				"south": {"uv": [7, 0, 7.375, 1.625], "texture": "#4"},
				"west": {"uv": [13.5, 8, 14.125, 9.625], "texture": "#4"},
				"up": {"uv": [10.375, 3.75, 10, 3.5], "texture": "#4"},
				"down": {"uv": [10.375, 4, 10, 4.25], "texture": "#4"}
			}
		},
		{
			"from": [3.025, 8.15, 6.775],
			"to": [6.975, 10.4, 9.25],
			"faces": {
				"north": {"uv": [2, 0, 4, 1.125], "texture": "#4"},
				"east": {"uv": [1.5, 4, 2.75, 5.125], "texture": "#4"},
				"south": {"uv": [2, 1.5, 4, 2.625], "texture": "#4"},
				"west": {"uv": [4, 1.5, 5.25, 2.625], "texture": "#4"},
				"up": {"uv": [2, 1.25, 0, 0], "texture": "#4"},
				"down": {"uv": [2, 1.5, 0, 2.75], "texture": "#4"}
			}
		},
		{
			"from": [6.975, 7.95, 7.925],
			"to": [7.075, 10.225, 8.125],
			"faces": {
				"north": {"uv": [9.5, 6, 9.625, 7.125], "texture": "#4"},
				"east": {"uv": [6.5, 9.5, 6.625, 10.625], "texture": "#4"},
				"south": {"uv": [7, 9.5, 7.125, 10.625], "texture": "#4"},
				"west": {"uv": [7.5, 9.5, 7.625, 10.625], "texture": "#4"},
				"up": {"uv": [11.625, 1.125, 11.5, 1], "texture": "#4"},
				"down": {"uv": [1.625, 11.5, 1.5, 11.625], "texture": "#4"}
			}
		},
		{
			"from": [2.975, 10, 6.975],
			"to": [7.025, 10.6, 9.025],
			"faces": {
				"north": {"uv": [7, 3, 9, 3.25], "texture": "#4"},
				"east": {"uv": [9, 0, 10, 0.25], "texture": "#4"},
				"south": {"uv": [3.5, 7, 5.5, 7.25], "texture": "#4"},
				"west": {"uv": [9, 0.5, 10, 0.75], "texture": "#4"},
				"up": {"uv": [2, 4, 0, 3], "texture": "#4"},
				"down": {"uv": [4, 3, 2, 4], "texture": "#4"}
			}
		},
		{
			"from": [4.175, 10.6, 7],
			"to": [6, 11.1, 9.025],
			"faces": {
				"north": {"uv": [9, 4, 9.875, 4.25], "texture": "#4"},
				"east": {"uv": [1, 9, 2, 9.25], "texture": "#4"},
				"south": {"uv": [9, 4.5, 9.875, 4.75], "texture": "#4"},
				"west": {"uv": [9, 1, 10, 1.25], "texture": "#4"},
				"up": {"uv": [6.375, 1, 5.5, 0], "texture": "#4"},
				"down": {"uv": [6.375, 1, 5.5, 2], "texture": "#4"}
			}
		},
		{
			"from": [5.7, 11.125, 7],
			"to": [5.975, 11.625, 9.025],
			"faces": {
				"north": {"uv": [3.5, 11, 3.625, 11.25], "texture": "#4"},
				"east": {"uv": [9, 1.5, 10, 1.75], "texture": "#4"},
				"south": {"uv": [11, 3.5, 11.125, 3.75], "texture": "#4"},
				"west": {"uv": [2, 9, 3, 9.25], "texture": "#4"},
				"up": {"uv": [9.625, 10.5, 9.5, 9.5], "texture": "#4"},
				"down": {"uv": [0.125, 10, 0, 11], "texture": "#4"}
			}
		},
		{
			"from": [4.2, 11.125, 7],
			"to": [4.475, 11.625, 9.025],
			"faces": {
				"north": {"uv": [4, 11, 4.125, 11.25], "texture": "#4"},
				"east": {"uv": [9, 2, 10, 2.25], "texture": "#4"},
				"south": {"uv": [11, 4, 11.125, 4.25], "texture": "#4"},
				"west": {"uv": [9, 2.5, 10, 2.75], "texture": "#4"},
				"up": {"uv": [10.125, 1, 10, 0], "texture": "#4"},
				"down": {"uv": [0.625, 10, 0.5, 11], "texture": "#4"}
			}
		},
		{
			"from": [1.725, 8.4, 7.45],
			"to": [3.05, 10.175, 8.625],
			"faces": {
				"north": {"uv": [6, 3.5, 6.625, 4.5], "texture": "#4"},
				"east": {"uv": [4.5, 6, 5.125, 7], "texture": "#4"},
				"south": {"uv": [6, 4.5, 6.625, 5.5], "texture": "#4"},
				"west": {"uv": [5.5, 6, 6.125, 7], "texture": "#4"},
				"up": {"uv": [8.125, 6.125, 7.5, 5.5], "texture": "#4"},
				"down": {"uv": [7.125, 7.5, 6.5, 8.125], "texture": "#4"}
			}
		},
		{
			"from": [1.475, 8.625, 7.45],
			"to": [1.725, 10.175, 8.625],
			"faces": {
				"north": {"uv": [10, 2, 10.125, 2.875], "texture": "#4"},
				"east": {"uv": [7, 2, 7.625, 2.875], "texture": "#4"},
				"south": {"uv": [2.5, 10, 2.625, 10.875], "texture": "#4"},
				"west": {"uv": [2.5, 7, 3.125, 7.875], "texture": "#4"},
				"up": {"uv": [10.125, 7.625, 10, 7], "texture": "#4"},
				"down": {"uv": [10.125, 8, 10, 8.625], "texture": "#4"}
			}
		},
		{
			"from": [1.45, 10.175, 7.45],
			"to": [2.775, 12.625, 8.625],
			"faces": {
				"north": {"uv": [1.5, 5.5, 2.125, 6.75], "texture": "#4"},
				"east": {"uv": [2.5, 5.5, 3.125, 6.75], "texture": "#4"},
				"south": {"uv": [3.5, 5.5, 4.125, 6.75], "texture": "#4"},
				"west": {"uv": [6, 2, 6.625, 3.25], "texture": "#4"},
				"up": {"uv": [8.125, 7.125, 7.5, 6.5], "texture": "#4"},
				"down": {"uv": [8.125, 7.5, 7.5, 8.125], "texture": "#4"}
			}
		},
		{
			"from": [0.125, 11.4, 7.45],
			"to": [1.45, 12.625, 8.625],
			"faces": {
				"north": {"uv": [8, 0, 8.625, 0.625], "texture": "#4"},
				"east": {"uv": [8, 1, 8.625, 1.625], "texture": "#4"},
				"south": {"uv": [8, 2, 8.625, 2.625], "texture": "#4"},
				"west": {"uv": [2.5, 8, 3.125, 8.625], "texture": "#4"},
				"up": {"uv": [8.625, 4.125, 8, 3.5], "texture": "#4"},
				"down": {"uv": [8.625, 4.5, 8, 5.125], "texture": "#4"}
			}
		},
		{
			"from": [0.975, 10.9, 7.45],
			"to": [1.25, 11.4, 8.625],
			"faces": {
				"north": {"uv": [4.5, 11, 4.625, 11.25], "texture": "#4"},
				"east": {"uv": [5.5, 9, 6.125, 9.25], "texture": "#4"},
				"south": {"uv": [11, 4.5, 11.125, 4.75], "texture": "#4"},
				"west": {"uv": [0, 9.5, 0.625, 9.75], "texture": "#4"},
				"up": {"uv": [10.125, 9.625, 10, 9], "texture": "#4"},
				"down": {"uv": [10.125, 10, 10, 10.625], "texture": "#4"}
			}
		},
		{
			"from": [1.225, 10.4, 7.425],
			"to": [1.45, 10.9, 8.65],
			"faces": {
				"north": {"uv": [5, 11, 5.125, 11.25], "texture": "#4"},
				"east": {"uv": [1, 9.5, 1.625, 9.75], "texture": "#4"},
				"south": {"uv": [5.5, 11, 5.625, 11.25], "texture": "#4"},
				"west": {"uv": [2, 9.5, 2.625, 9.75], "texture": "#4"},
				"up": {"uv": [10.625, 0.625, 10.5, 0], "texture": "#4"},
				"down": {"uv": [10.625, 1, 10.5, 1.625], "texture": "#4"}
			}
		},
		{
			"from": [2.275, 13.475, 4.325],
			"to": [2.75, 14.275, 4.55],
			"rotation": {"angle": 45, "axis": "x", "origin": [8, 8, 5]},
			"faces": {
				"north": {"uv": [11, 5.5, 11.25, 5.625], "texture": "#4"},
				"east": {"uv": [11.5, 1.5, 11.625, 1.625], "texture": "#4"},
				"south": {"uv": [11, 6, 11.25, 6.125], "texture": "#4"},
				"west": {"uv": [2, 11.5, 2.125, 11.625], "texture": "#4"},
				"up": {"uv": [6.75, 11.125, 6.5, 11], "texture": "#4"},
				"down": {"uv": [11.25, 6.5, 11, 6.625], "texture": "#4"}
			}
		},
		{
			"from": [6.2, 5.15, 7.025],
			"to": [6.95, 8.3, 7.625],
			"faces": {
				"north": {"uv": [0.5, 7, 0.875, 8.625], "texture": "#4"},
				"east": {"uv": [3.5, 7.5, 3.75, 9.125], "texture": "#4"},
				"south": {"uv": [1, 7, 1.375, 8.625], "texture": "#4"},
				"west": {"uv": [13.5, 8, 14.125, 9.625], "texture": "#4"},
				"up": {"uv": [10.375, 4.75, 10, 4.5], "texture": "#4"},
				"down": {"uv": [5.375, 10, 5, 10.25], "texture": "#4"}
			}
		},
		{
			"from": [3.05, 5.15, 7.025],
			"to": [3.8, 8.325, 7.625],
			"faces": {
				"north": {"uv": [1.5, 7, 1.875, 8.625], "texture": "#4"},
				"east": {"uv": [4.5, 7.5, 4.75, 9.125], "texture": "#4"},
				"south": {"uv": [2, 7, 2.375, 8.625], "texture": "#4"},
				"west": {"uv": [13.5, 8, 14.125, 9.625], "texture": "#4"},
				"up": {"uv": [5.875, 10.25, 5.5, 10], "texture": "#4"},
				"down": {"uv": [6.375, 10, 6, 10.25], "texture": "#4"}
			}
		},
		{
			"from": [2.275, 3.325, 13.95],
			"to": [2.75, 4.125, 14.175],
			"rotation": {"angle": -45, "axis": "x", "origin": [0, 0, 0]},
			"faces": {
				"north": {"uv": [10, 11, 10.25, 11.125], "texture": "#4"},
				"east": {"uv": [11.5, 2, 11.625, 2.125], "texture": "#4"},
				"south": {"uv": [10.5, 11, 10.75, 11.125], "texture": "#4"},
				"west": {"uv": [2.5, 11.5, 2.625, 11.625], "texture": "#4"},
				"up": {"uv": [11.25, 11.125, 11, 11], "texture": "#4"},
				"down": {"uv": [0.25, 11.5, 0, 11.625], "texture": "#4"}
			}
		},
		{
			"from": [4.2, 10.375, 6.95],
			"to": [4.475, 11.125, 9.075],
			"faces": {
				"north": {"uv": [11, 1.5, 11.125, 1.875], "texture": "#4"},
				"east": {"uv": [8.5, 7.5, 9.5, 7.875], "texture": "#4"},
				"south": {"uv": [2, 11, 2.125, 11.375], "texture": "#4"},
				"west": {"uv": [8.5, 8, 9.5, 8.375], "texture": "#4"},
				"up": {"uv": [1.125, 11, 1, 10], "texture": "#4"},
				"down": {"uv": [10.125, 1, 10, 2], "texture": "#4"}
			}
		},
		{
			"from": [5.7, 10.375, 6.95],
			"to": [5.975, 11.125, 9.075],
			"faces": {
				"north": {"uv": [11, 2, 11.125, 2.375], "texture": "#4"},
				"east": {"uv": [8.5, 8.5, 9.5, 8.875], "texture": "#4"},
				"south": {"uv": [2.5, 11, 2.625, 11.375], "texture": "#4"},
				"west": {"uv": [0, 9, 1, 9.375], "texture": "#4"},
				"up": {"uv": [1.625, 11, 1.5, 10], "texture": "#4"},
				"down": {"uv": [2.125, 10, 2, 11], "texture": "#4"}
			}
		},
		{
			"from": [5.7, 8.1, 6.75],
			"to": [5.975, 10.425, 9.275],
			"faces": {
				"north": {"uv": [8.75, 9.5, 8.5, 10.625], "texture": "#4"},
				"east": {"uv": [3, 4, 4.25, 5.125], "texture": "#4"},
				"south": {"uv": [8.5, 9.5, 8.75, 10.625], "texture": "#4"},
				"west": {"uv": [4.5, 3, 5.75, 4.125], "texture": "#4"},
				"up": {"uv": [3.125, 10.25, 3, 9], "texture": "#4"},
				"down": {"uv": [3.625, 9.5, 3.5, 10.75], "texture": "#4"}
			}
		},
		{
			"from": [4.2, 8.1, 6.75],
			"to": [4.475, 10.425, 9.275],
			"faces": {
				"north": {"uv": [8.75, 9.5, 8.5, 10.625], "texture": "#4"},
				"east": {"uv": [4.5, 4.5, 5.75, 5.625], "texture": "#4"},
				"south": {"uv": [8.5, 9.5, 8.75, 10.625], "texture": "#4"},
				"west": {"uv": [0, 5.5, 1.25, 6.625], "texture": "#4"},
				"up": {"uv": [4.125, 10.75, 4, 9.5], "texture": "#4"},
				"down": {"uv": [4.625, 9.5, 4.5, 10.75], "texture": "#4"}
			}
		},
		{
			"from": [2.975, 9.25, 6.725],
			"to": [5.7, 9.5, 9.3],
			"faces": {
				"north": {"uv": [9, 5, 10.375, 5.125], "texture": "#4"},
				"east": {"uv": [5, 9.5, 6.25, 9.625], "texture": "#4"},
				"south": {"uv": [8.5, 9, 9.875, 9.125], "texture": "#4"},
				"west": {"uv": [9.5, 5.5, 10.75, 5.625], "texture": "#4"},
				"up": {"uv": [1.375, 5.25, 0, 4], "texture": "#4"},
				"down": {"uv": [5.375, 0, 4, 1.25], "texture": "#4"}
			}
		},
		{
			"from": [0.975, 11.4, 7.4],
			"to": [1.25, 12.65, 8.675],
			"faces": {
				"north": {"uv": [10.5, 2, 10.625, 2.625], "texture": "#4"},
				"east": {"uv": [8.5, 5.5, 9.125, 6.125], "texture": "#4"},
				"south": {"uv": [3, 10.5, 3.125, 11.125], "texture": "#4"},
				"west": {"uv": [6.5, 8.5, 7.125, 9.125], "texture": "#4"},
				"up": {"uv": [10.625, 3.625, 10.5, 3], "texture": "#4"},
				"down": {"uv": [10.625, 4, 10.5, 4.625], "texture": "#4"}
			}
		},
		{
			"from": [0.95, 11.65, 7.25],
			"to": [1.25, 11.9, 8.825],
			"faces": {
				"north": {"uv": [11, 0.5, 11.5, 0.625], "texture": "#4"},
				"east": {"uv": [5, 10.5, 5.625, 10.625], "texture": "#4"},
				"south": {"uv": [1, 11, 1.5, 11.125], "texture": "#4"},
				"west": {"uv": [10.5, 5, 11.125, 5.125], "texture": "#4"},
				"up": {"uv": [4.5, 3.625, 4, 3], "texture": "#4"},
				"down": {"uv": [6, 2, 5.5, 2.625], "texture": "#4"}
			}
		},
		{
			"from": [1.25, 11.65, 7.4],
			"to": [2.8, 11.9, 8.675],
			"faces": {
				"north": {"uv": [10, 6, 10.75, 6.125], "texture": "#4"},
				"east": {"uv": [10.5, 7, 11.125, 7.125], "texture": "#4"},
				"south": {"uv": [10, 6.5, 10.75, 6.625], "texture": "#4"},
				"west": {"uv": [10.5, 7.5, 11.125, 7.625], "texture": "#4"},
				"up": {"uv": [7.75, 4.125, 7, 3.5], "texture": "#4"},
				"down": {"uv": [7.75, 4.5, 7, 5.125], "texture": "#4"}
			}
		},
		{
			"from": [1.975, 11.9, 7.4],
			"to": [2.25, 12.65, 8.675],
			"faces": {
				"north": {"uv": [11, 2.5, 11.125, 2.875], "texture": "#4"},
				"east": {"uv": [9, 3, 9.625, 3.375], "texture": "#4"},
				"south": {"uv": [11, 3, 11.125, 3.375], "texture": "#4"},
				"west": {"uv": [9, 3.5, 9.625, 3.875], "texture": "#4"},
				"up": {"uv": [6.125, 11.125, 6, 10.5], "texture": "#4"},
				"down": {"uv": [10.625, 8, 10.5, 8.625], "texture": "#4"}
			}
		},
		{
			"from": [1.45, 10.4, 7.4],
			"to": [2.8, 10.65, 8.675],
			"faces": {
				"north": {"uv": [10.5, 9, 11.125, 9.125], "texture": "#4"},
				"east": {"uv": [10.5, 9.5, 11.125, 9.625], "texture": "#4"},
				"south": {"uv": [10.5, 10, 11.125, 10.125], "texture": "#4"},
				"west": {"uv": [10.5, 10.5, 11.125, 10.625], "texture": "#4"},
				"up": {"uv": [9.125, 7.125, 8.5, 6.5], "texture": "#4"},
				"down": {"uv": [8.125, 8.5, 7.5, 9.125], "texture": "#4"}
			}
		},
		{
			"from": [6.975, 7.55, 7.725],
			"to": [7.075, 7.95, 8.325],
			"faces": {
				"north": {"uv": [11.5, 0, 11.625, 0.25], "texture": "#4"},
				"east": {"uv": [11, 1, 11.25, 1.25], "texture": "#4"},
				"south": {"uv": [0.5, 11.5, 0.625, 11.75], "texture": "#4"},
				"west": {"uv": [1.5, 11, 1.75, 11.25], "texture": "#4"},
				"up": {"uv": [11.625, 0.75, 11.5, 0.5], "texture": "#4"},
				"down": {"uv": [1.125, 11.5, 1, 11.75], "texture": "#4"}
			}
		},
		{
			"from": [1.8, 0.625, 11],
			"to": [3, 4.375, 11.6],
			"faces": {
				"north": {"uv": [0, 0, 0.5, 2], "texture": "#1"},
				"east": {"uv": [0.5, 0, 1, 2], "texture": "#1"},
				"south": {"uv": [1, 0, 1.5, 2], "texture": "#1"},
				"west": {"uv": [1.5, 0, 2, 2], "texture": "#1"},
				"up": {"uv": [8, 6, 7.5, 5.5], "texture": "#1"},
				"down": {"uv": [6.5, 7.5, 6, 8], "texture": "#1"}
			}
		},
		{
			"from": [3, 1.925, 11],
			"to": [3.8, 3.125, 11.6],
			"faces": {
				"north": {"uv": [7.5, 6, 8, 6.5], "texture": "#1"},
				"east": {"uv": [6.5, 7.5, 7, 8], "texture": "#1"},
				"south": {"uv": [7.5, 6.5, 8, 7], "texture": "#1"},
				"west": {"uv": [7, 7.5, 7.5, 8], "texture": "#1"},
				"up": {"uv": [8, 7.5, 7.5, 7], "texture": "#1"},
				"down": {"uv": [8, 7.5, 7.5, 8], "texture": "#1"}
			}
		},
		{
			"from": [3.8, 0.625, 11],
			"to": [4.975, 4.375, 11.6],
			"faces": {
				"north": {"uv": [0, 2, 0.5, 4], "texture": "#1"},
				"east": {"uv": [2, 0, 2.5, 2], "texture": "#1"},
				"south": {"uv": [0.5, 2, 1, 4], "texture": "#1"},
				"west": {"uv": [1, 2, 1.5, 4], "texture": "#1"},
				"up": {"uv": [0.5, 8.5, 0, 8], "texture": "#1"},
				"down": {"uv": [8.5, 0, 8, 0.5], "texture": "#1"}
			}
		},
		{
			"from": [6.3, 0.625, 11],
			"to": [8.225, 1.875, 11.6],
			"faces": {
				"north": {"uv": [2.5, 3.5, 3.5, 4], "texture": "#1"},
				"east": {"uv": [5.5, 3.5, 6, 4], "texture": "#1"},
				"south": {"uv": [3.5, 2.5, 4.5, 3], "texture": "#1"},
				"west": {"uv": [4, 5.5, 4.5, 6], "texture": "#1"},
				"up": {"uv": [4.5, 3.5, 3.5, 3], "texture": "#1"},
				"down": {"uv": [4.5, 3.5, 3.5, 4], "texture": "#1"}
			}
		},
		{
			"from": [6.3, 3.2, 11],
			"to": [8.225, 4.375, 11.6],
			"faces": {
				"north": {"uv": [0, 4, 1, 4.5], "texture": "#1"},
				"east": {"uv": [5.5, 4, 6, 4.5], "texture": "#1"},
				"south": {"uv": [1, 4, 2, 4.5], "texture": "#1"},
				"west": {"uv": [4.5, 5.5, 5, 6], "texture": "#1"},
				"up": {"uv": [3, 4.5, 2, 4], "texture": "#1"},
				"down": {"uv": [4, 4, 3, 4.5], "texture": "#1"}
			}
		},
		{
			"from": [5.4, 1.875, 11],
			"to": [6.45, 3.225, 11.6],
			"faces": {
				"north": {"uv": [5.5, 4.5, 6, 5], "texture": "#1"},
				"east": {"uv": [5, 5.5, 5.5, 6], "texture": "#1"},
				"south": {"uv": [5.5, 5, 6, 5.5], "texture": "#1"},
				"west": {"uv": [5.5, 5.5, 6, 6], "texture": "#1"},
				"up": {"uv": [0.5, 6.5, 0, 6], "texture": "#1"},
				"down": {"uv": [6.5, 0, 6, 0.5], "texture": "#1"}
			}
		},
		{
			"from": [8.15, 1.875, 11],
			"to": [9.175, 3.225, 11.6],
			"faces": {
				"north": {"uv": [0.5, 6, 1, 6.5], "texture": "#1"},
				"east": {"uv": [6, 0.5, 6.5, 1], "texture": "#1"},
				"south": {"uv": [1, 6, 1.5, 6.5], "texture": "#1"},
				"west": {"uv": [6, 1, 6.5, 1.5], "texture": "#1"},
				"up": {"uv": [2, 6.5, 1.5, 6], "texture": "#1"},
				"down": {"uv": [6.5, 1.5, 6, 2], "texture": "#1"}
			}
		},
		{
			"from": [6.45, 1.875, 11],
			"to": [6.725, 2.175, 11.6],
			"faces": {
				"north": {"uv": [2, 6, 2.5, 6.5], "texture": "#1"},
				"east": {"uv": [6, 2, 6.5, 2.5], "texture": "#1"},
				"south": {"uv": [2.5, 6, 3, 6.5], "texture": "#1"},
				"west": {"uv": [6, 2.5, 6.5, 3], "texture": "#1"},
				"up": {"uv": [3.5, 6.5, 3, 6], "texture": "#1"},
				"down": {"uv": [6.5, 3, 6, 3.5], "texture": "#1"}
			}
		},
		{
			"from": [7.875, 1.875, 11],
			"to": [8.15, 2.175, 11.6],
			"faces": {
				"north": {"uv": [3.5, 6, 4, 6.5], "texture": "#1"},
				"east": {"uv": [6, 3.5, 6.5, 4], "texture": "#1"},
				"south": {"uv": [4, 6, 4.5, 6.5], "texture": "#1"},
				"west": {"uv": [6, 4, 6.5, 4.5], "texture": "#1"},
				"up": {"uv": [5, 6.5, 4.5, 6], "texture": "#1"},
				"down": {"uv": [6.5, 4.5, 6, 5], "texture": "#1"}
			}
		},
		{
			"from": [7.875, 2.925, 11],
			"to": [8.15, 3.225, 11.6],
			"faces": {
				"north": {"uv": [5, 6, 5.5, 6.5], "texture": "#1"},
				"east": {"uv": [6, 5, 6.5, 5.5], "texture": "#1"},
				"south": {"uv": [5.5, 6, 6, 6.5], "texture": "#1"},
				"west": {"uv": [6, 5.5, 6.5, 6], "texture": "#1"},
				"up": {"uv": [6.5, 6.5, 6, 6], "texture": "#1"},
				"down": {"uv": [0.5, 6.5, 0, 7], "texture": "#1"}
			}
		},
		{
			"from": [6.425, 2.925, 11],
			"to": [6.7, 3.225, 11.6],
			"faces": {
				"north": {"uv": [6.5, 0, 7, 0.5], "texture": "#1"},
				"east": {"uv": [0.5, 6.5, 1, 7], "texture": "#1"},
				"south": {"uv": [6.5, 0.5, 7, 1], "texture": "#1"},
				"west": {"uv": [1, 6.5, 1.5, 7], "texture": "#1"},
				"up": {"uv": [7, 1.5, 6.5, 1], "texture": "#1"},
				"down": {"uv": [2, 6.5, 1.5, 7], "texture": "#1"}
			}
		},
		{
			"from": [5.525, 1.4, 11],
			"to": [6.3, 1.875, 11.6],
			"faces": {
				"north": {"uv": [6.5, 1.5, 7, 2], "texture": "#1"},
				"east": {"uv": [2, 6.5, 2.5, 7], "texture": "#1"},
				"south": {"uv": [6.5, 2, 7, 2.5], "texture": "#1"},
				"west": {"uv": [2.5, 6.5, 3, 7], "texture": "#1"},
				"up": {"uv": [7, 3, 6.5, 2.5], "texture": "#1"},
				"down": {"uv": [3.5, 6.5, 3, 7], "texture": "#1"}
			}
		},
		{
			"from": [8.225, 1.4, 11],
			"to": [9, 1.875, 11.6],
			"faces": {
				"north": {"uv": [6.5, 3, 7, 3.5], "texture": "#1"},
				"east": {"uv": [3.5, 6.5, 4, 7], "texture": "#1"},
				"south": {"uv": [6.5, 3.5, 7, 4], "texture": "#1"},
				"west": {"uv": [4, 6.5, 4.5, 7], "texture": "#1"},
				"up": {"uv": [7, 4.5, 6.5, 4], "texture": "#1"},
				"down": {"uv": [5, 6.5, 4.5, 7], "texture": "#1"}
			}
		},
		{
			"from": [8.225, 3.2, 11],
			"to": [9, 3.675, 11.6],
			"faces": {
				"north": {"uv": [6.5, 4.5, 7, 5], "texture": "#1"},
				"east": {"uv": [5, 6.5, 5.5, 7], "texture": "#1"},
				"south": {"uv": [6.5, 5, 7, 5.5], "texture": "#1"},
				"west": {"uv": [5.5, 6.5, 6, 7], "texture": "#1"},
				"up": {"uv": [7, 6, 6.5, 5.5], "texture": "#1"},
				"down": {"uv": [6.5, 6.5, 6, 7], "texture": "#1"}
			}
		},
		{
			"from": [5.525, 3.2, 11],
			"to": [6.3, 3.675, 11.6],
			"faces": {
				"north": {"uv": [6.5, 6, 7, 6.5], "texture": "#1"},
				"east": {"uv": [6.5, 6.5, 7, 7], "texture": "#1"},
				"south": {"uv": [0, 7, 0.5, 7.5], "texture": "#1"},
				"west": {"uv": [7, 0, 7.5, 0.5], "texture": "#1"},
				"up": {"uv": [1, 7.5, 0.5, 7], "texture": "#1"},
				"down": {"uv": [7.5, 0.5, 7, 1], "texture": "#1"}
			}
		},
		{
			"from": [8.225, 1.15, 11],
			"to": [8.825, 1.4, 11.6],
			"faces": {
				"north": {"uv": [1, 7, 1.5, 7.5], "texture": "#1"},
				"east": {"uv": [7, 1, 7.5, 1.5], "texture": "#1"},
				"south": {"uv": [1.5, 7, 2, 7.5], "texture": "#1"},
				"west": {"uv": [7, 1.5, 7.5, 2], "texture": "#1"},
				"up": {"uv": [2.5, 7.5, 2, 7], "texture": "#1"},
				"down": {"uv": [7.5, 2, 7, 2.5], "texture": "#1"}
			}
		},
		{
			"from": [5.725, 1.15, 11],
			"to": [6.325, 1.4, 11.6],
			"faces": {
				"north": {"uv": [2.5, 7, 3, 7.5], "texture": "#1"},
				"east": {"uv": [7, 2.5, 7.5, 3], "texture": "#1"},
				"south": {"uv": [3, 7, 3.5, 7.5], "texture": "#1"},
				"west": {"uv": [7, 3, 7.5, 3.5], "texture": "#1"},
				"up": {"uv": [4, 7.5, 3.5, 7], "texture": "#1"},
				"down": {"uv": [7.5, 3.5, 7, 4], "texture": "#1"}
			}
		},
		{
			"from": [5.725, 3.675, 11],
			"to": [6.325, 3.925, 11.6],
			"faces": {
				"north": {"uv": [4, 7, 4.5, 7.5], "texture": "#1"},
				"east": {"uv": [7, 4, 7.5, 4.5], "texture": "#1"},
				"south": {"uv": [4.5, 7, 5, 7.5], "texture": "#1"},
				"west": {"uv": [7, 4.5, 7.5, 5], "texture": "#1"},
				"up": {"uv": [5.5, 7.5, 5, 7], "texture": "#1"},
				"down": {"uv": [7.5, 5, 7, 5.5], "texture": "#1"}
			}
		},
		{
			"from": [8.225, 3.675, 11],
			"to": [8.825, 3.925, 11.6],
			"faces": {
				"north": {"uv": [5.5, 7, 6, 7.5], "texture": "#1"},
				"east": {"uv": [7, 5.5, 7.5, 6], "texture": "#1"},
				"south": {"uv": [6, 7, 6.5, 7.5], "texture": "#1"},
				"west": {"uv": [7, 6, 7.5, 6.5], "texture": "#1"},
				"up": {"uv": [7, 7.5, 6.5, 7], "texture": "#1"},
				"down": {"uv": [7.5, 6.5, 7, 7], "texture": "#1"}
			}
		},
		{
			"from": [8.225, 3.925, 11],
			"to": [8.675, 4.175, 11.6],
			"faces": {
				"north": {"uv": [7, 7, 7.5, 7.5], "texture": "#1"},
				"east": {"uv": [0, 7.5, 0.5, 8], "texture": "#1"},
				"south": {"uv": [7.5, 0, 8, 0.5], "texture": "#1"},
				"west": {"uv": [0.5, 7.5, 1, 8], "texture": "#1"},
				"up": {"uv": [8, 1, 7.5, 0.5], "texture": "#1"},
				"down": {"uv": [1.5, 7.5, 1, 8], "texture": "#1"}
			}
		},
		{
			"from": [5.85, 3.925, 11],
			"to": [6.3, 4.175, 11.6],
			"faces": {
				"north": {"uv": [7.5, 1, 8, 1.5], "texture": "#1"},
				"east": {"uv": [1.5, 7.5, 2, 8], "texture": "#1"},
				"south": {"uv": [7.5, 1.5, 8, 2], "texture": "#1"},
				"west": {"uv": [2, 7.5, 2.5, 8], "texture": "#1"},
				"up": {"uv": [8, 2.5, 7.5, 2], "texture": "#1"},
				"down": {"uv": [3, 7.5, 2.5, 8], "texture": "#1"}
			}
		},
		{
			"from": [5.85, 0.925, 11],
			"to": [6.3, 1.175, 11.6],
			"faces": {
				"north": {"uv": [7.5, 2.5, 8, 3], "texture": "#1"},
				"east": {"uv": [3, 7.5, 3.5, 8], "texture": "#1"},
				"south": {"uv": [7.5, 3, 8, 3.5], "texture": "#1"},
				"west": {"uv": [3.5, 7.5, 4, 8], "texture": "#1"},
				"up": {"uv": [8, 4, 7.5, 3.5], "texture": "#1"},
				"down": {"uv": [4.5, 7.5, 4, 8], "texture": "#1"}
			}
		},
		{
			"from": [8.225, 0.925, 11],
			"to": [8.675, 1.175, 11.6],
			"faces": {
				"north": {"uv": [7.5, 4, 8, 4.5], "texture": "#1"},
				"east": {"uv": [4.5, 7.5, 5, 8], "texture": "#1"},
				"south": {"uv": [7.5, 4.5, 8, 5], "texture": "#1"},
				"west": {"uv": [5, 7.5, 5.5, 8], "texture": "#1"},
				"up": {"uv": [8, 5.5, 7.5, 5], "texture": "#1"},
				"down": {"uv": [6, 7.5, 5.5, 8], "texture": "#1"}
			}
		},
		{
			"from": [11.75, 1.875, 11],
			"to": [14.025, 2.875, 11.6],
			"faces": {
				"north": {"uv": [1.5, 2, 2.5, 2.5], "texture": "#1"},
				"east": {"uv": [4, 4, 4.5, 4.5], "texture": "#1"},
				"south": {"uv": [2.5, 0, 3.5, 0.5], "texture": "#1"},
				"west": {"uv": [0, 4.5, 0.5, 5], "texture": "#1"},
				"up": {"uv": [3.5, 1, 2.5, 0.5], "texture": "#1"},
				"down": {"uv": [3.5, 1, 2.5, 1.5], "texture": "#1"}
			}
		},
		{
			"from": [12.25, 0.9, 11],
			"to": [13.75, 1.875, 11.6],
			"faces": {
				"north": {"uv": [1.5, 2.5, 2.5, 3], "texture": "#1"},
				"east": {"uv": [4.5, 0, 5, 0.5], "texture": "#1"},
				"south": {"uv": [2.5, 1.5, 3.5, 2], "texture": "#1"},
				"west": {"uv": [0.5, 4.5, 1, 5], "texture": "#1"},
				"up": {"uv": [3.5, 2.5, 2.5, 2], "texture": "#1"},
				"down": {"uv": [3.5, 2.5, 2.5, 3], "texture": "#1"}
			}
		},
		{
			"from": [10.25, 0.9, 11],
			"to": [11.75, 1.875, 11.6],
			"faces": {
				"north": {"uv": [1.5, 3, 2.5, 3.5], "texture": "#1"},
				"east": {"uv": [4.5, 0.5, 5, 1], "texture": "#1"},
				"south": {"uv": [2.5, 3, 3.5, 3.5], "texture": "#1"},
				"west": {"uv": [1, 4.5, 1.5, 5], "texture": "#1"},
				"up": {"uv": [4.5, 0.5, 3.5, 0], "texture": "#1"},
				"down": {"uv": [4.5, 0.5, 3.5, 1], "texture": "#1"}
			}
		},
		{
			"from": [9.95, 1.875, 11],
			"to": [11.75, 2.875, 11.6],
			"faces": {
				"north": {"uv": [3.5, 1, 4.5, 1.5], "texture": "#1"},
				"east": {"uv": [4.5, 1, 5, 1.5], "texture": "#1"},
				"south": {"uv": [1.5, 3.5, 2.5, 4], "texture": "#1"},
				"west": {"uv": [1.5, 4.5, 2, 5], "texture": "#1"},
				"up": {"uv": [4.5, 2, 3.5, 1.5], "texture": "#1"},
				"down": {"uv": [4.5, 2, 3.5, 2.5], "texture": "#1"}
			}
		},
		{
			"from": [9.725, 2.875, 11],
			"to": [10.95, 3.875, 11.6],
			"faces": {
				"north": {"uv": [4.5, 1.5, 5, 2], "texture": "#1"},
				"east": {"uv": [2, 4.5, 2.5, 5], "texture": "#1"},
				"south": {"uv": [4.5, 2, 5, 2.5], "texture": "#1"},
				"west": {"uv": [2.5, 4.5, 3, 5], "texture": "#1"},
				"up": {"uv": [5, 3, 4.5, 2.5], "texture": "#1"},
				"down": {"uv": [3.5, 4.5, 3, 5], "texture": "#1"}
			}
		},
		{
			"from": [13, 2.875, 11],
			"to": [14.225, 3.875, 11.6],
			"faces": {
				"north": {"uv": [4.5, 3, 5, 3.5], "texture": "#1"},
				"east": {"uv": [3.5, 4.5, 4, 5], "texture": "#1"},
				"south": {"uv": [4.5, 3.5, 5, 4], "texture": "#1"},
				"west": {"uv": [4, 4.5, 4.5, 5], "texture": "#1"},
				"up": {"uv": [5, 4.5, 4.5, 4], "texture": "#1"},
				"down": {"uv": [5, 4.5, 4.5, 5], "texture": "#1"}
			}
		},
		{
			"from": [13.175, 3.85, 11],
			"to": [14.4, 4.4, 11.6],
			"faces": {
				"north": {"uv": [0, 5, 0.5, 5.5], "texture": "#1"},
				"east": {"uv": [5, 0, 5.5, 0.5], "texture": "#1"},
				"south": {"uv": [0.5, 5, 1, 5.5], "texture": "#1"},
				"west": {"uv": [5, 0.5, 5.5, 1], "texture": "#1"},
				"up": {"uv": [1.5, 5.5, 1, 5], "texture": "#1"},
				"down": {"uv": [5.5, 1, 5, 1.5], "texture": "#1"}
			}
		},
		{
			"from": [9.525, 3.85, 11],
			"to": [10.75, 4.4, 11.6],
			"faces": {
				"north": {"uv": [1.5, 5, 2, 5.5], "texture": "#1"},
				"east": {"uv": [5, 1.5, 5.5, 2], "texture": "#1"},
				"south": {"uv": [2, 5, 2.5, 5.5], "texture": "#1"},
				"west": {"uv": [5, 2, 5.5, 2.5], "texture": "#1"},
				"up": {"uv": [3, 5.5, 2.5, 5], "texture": "#1"},
				"down": {"uv": [5.5, 2.5, 5, 3], "texture": "#1"}
			}
		},
		{
			"from": [10.475, 0.65, 11],
			"to": [11.525, 0.9, 11.6],
			"faces": {
				"north": {"uv": [3, 5, 3.5, 5.5], "texture": "#1"},
				"east": {"uv": [5, 3, 5.5, 3.5], "texture": "#1"},
				"south": {"uv": [3.5, 5, 4, 5.5], "texture": "#1"},
				"west": {"uv": [5, 3.5, 5.5, 4], "texture": "#1"},
				"up": {"uv": [4.5, 5.5, 4, 5], "texture": "#1"},
				"down": {"uv": [5.5, 4, 5, 4.5], "texture": "#1"}
			}
		},
		{
			"from": [12.45, 0.65, 11],
			"to": [13.5, 0.9, 11.6],
			"faces": {
				"north": {"uv": [4.5, 5, 5, 5.5], "texture": "#1"},
				"east": {"uv": [5, 4.5, 5.5, 5], "texture": "#1"},
				"south": {"uv": [5, 5, 5.5, 5.5], "texture": "#1"},
				"west": {"uv": [0, 5.5, 0.5, 6], "texture": "#1"},
				"up": {"uv": [6, 0.5, 5.5, 0], "texture": "#1"},
				"down": {"uv": [1, 5.5, 0.5, 6], "texture": "#1"}
			}
		},
		{
			"from": [11.35, 2.875, 11],
			"to": [12.575, 3.875, 11.6],
			"faces": {
				"north": {"uv": [5.5, 0.5, 6, 1], "texture": "#1"},
				"east": {"uv": [1, 5.5, 1.5, 6], "texture": "#1"},
				"south": {"uv": [5.5, 1, 6, 1.5], "texture": "#1"},
				"west": {"uv": [1.5, 5.5, 2, 6], "texture": "#1"},
				"up": {"uv": [6, 2, 5.5, 1.5], "texture": "#1"},
				"down": {"uv": [2.5, 5.5, 2, 6], "texture": "#1"}
			}
		},
		{
			"from": [11.475, 3.85, 11],
			"to": [12.425, 4.4, 11.6],
			"faces": {
				"north": {"uv": [5.5, 2, 6, 2.5], "texture": "#1"},
				"east": {"uv": [2.5, 5.5, 3, 6], "texture": "#1"},
				"south": {"uv": [5.5, 2.5, 6, 3], "texture": "#1"},
				"west": {"uv": [3, 5.5, 3.5, 6], "texture": "#1"},
				"up": {"uv": [6, 3.5, 5.5, 3], "texture": "#1"},
				"down": {"uv": [4, 5.5, 3.5, 6], "texture": "#1"}
			}
		},
		{
			"from": [8.8, 0.65, 4.375],
			"to": [10.575, 0.975, 4.975],
			"faces": {
				"north": {"uv": [0, 0, 0.8875, 0.1625], "texture": "#1"},
				"east": {"uv": [0, 0, 0.3, 0.1625], "texture": "#1"},
				"south": {"uv": [0, 0, 0.8875, 0.1625], "texture": "#1"},
				"west": {"uv": [0, 0, 0.3, 0.1625], "texture": "#1"},
				"up": {"uv": [0, 0, 0.8875, 0.3], "texture": "#1"},
				"down": {"uv": [0, 0, 0.8875, 0.3], "texture": "#1"}
			}
		},
		{
			"from": [5.125, 0.65, 4.375],
			"to": [7.75, 1.125, 4.975],
			"faces": {
				"north": {"uv": [0, 0, 1.3125, 0.2375], "texture": "#1"},
				"east": {"uv": [0, 0, 0.3, 0.2375], "texture": "#1"},
				"south": {"uv": [0, 0, 1.3125, 0.2375], "texture": "#1"},
				"west": {"uv": [0, 0, 0.3, 0.2375], "texture": "#1"},
				"up": {"uv": [0, 0, 1.3125, 0.3], "texture": "#1"},
				"down": {"uv": [0, 0, 1.3125, 0.3], "texture": "#1"}
			}
		},
		{
			"from": [6.675, 1.725, 4.375],
			"to": [7.2, 2.225, 4.975],
			"faces": {
				"north": {"uv": [0, 0, 0.2625, 0.25], "texture": "#1"},
				"east": {"uv": [0, 0, 0.3, 0.25], "texture": "#1"},
				"south": {"uv": [0, 0, 0.2625, 0.25], "texture": "#1"},
				"west": {"uv": [0, 0, 0.3, 0.25], "texture": "#1"},
				"up": {"uv": [0, 0, 0.2625, 0.3], "texture": "#1"},
				"down": {"uv": [0, 0, 0.2625, 0.3], "texture": "#1"}
			}
		},
		{
			"from": [5.95, 2.025, 4.375],
			"to": [6.675, 2.225, 4.975],
			"faces": {
				"north": {"uv": [0, 0, 0.3625, 0.1], "texture": "#1"},
				"east": {"uv": [0, 0, 0.3, 0.1], "texture": "#1"},
				"south": {"uv": [0, 0, 0.3625, 0.1], "texture": "#1"},
				"west": {"uv": [0, 0, 0.3, 0.1], "texture": "#1"},
				"up": {"uv": [0, 0, 0.3625, 0.3], "texture": "#1"},
				"down": {"uv": [0, 0, 0.3625, 0.3], "texture": "#1"}
			}
		},
		{
			"from": [5.65, 2.225, 4.375],
			"to": [6.95, 2.425, 4.975],
			"faces": {
				"north": {"uv": [0, 0, 0.65, 0.1], "texture": "#1"},
				"east": {"uv": [0, 0, 0.3, 0.1], "texture": "#1"},
				"south": {"uv": [0, 0, 0.65, 0.1], "texture": "#1"},
				"west": {"uv": [0, 0, 0.3, 0.1], "texture": "#1"},
				"up": {"uv": [0, 0, 0.65, 0.3], "texture": "#1"},
				"down": {"uv": [0, 0, 0.65, 0.3], "texture": "#1"}
			}
		},
		{
			"from": [5.325, 2.4, 4.375],
			"to": [5.65, 2.6, 4.975],
			"faces": {
				"north": {"uv": [0, 0, 0.1625, 0.1], "texture": "#1"},
				"east": {"uv": [0, 0, 0.3, 0.1], "texture": "#1"},
				"south": {"uv": [0, 0, 0.1625, 0.1], "texture": "#1"},
				"west": {"uv": [0, 0, 0.3, 0.1], "texture": "#1"},
				"up": {"uv": [0, 0, 0.1625, 0.3], "texture": "#1"},
				"down": {"uv": [0, 0, 0.1625, 0.3], "texture": "#1"}
			}
		},
		{
			"from": [5.125, 2.6, 4.375],
			"to": [5.8, 3.825, 4.975],
			"faces": {
				"north": {"uv": [0, 0, 0.3375, 0.6125], "texture": "#1"},
				"east": {"uv": [0, 0, 0.3, 0.6125], "texture": "#1"},
				"south": {"uv": [0, 0, 0.3375, 0.6125], "texture": "#1"},
				"west": {"uv": [0, 0, 0.3, 0.6125], "texture": "#1"},
				"up": {"uv": [0, 0, 0.3375, 0.3], "texture": "#1"},
				"down": {"uv": [0, 0, 0.3375, 0.3], "texture": "#1"}
			}
		},
		{
			"from": [5.8, 2.6, 4.375],
			"to": [6.325, 2.85, 4.975],
			"faces": {
				"north": {"uv": [0, 0, 0.2625, 0.125], "texture": "#1"},
				"east": {"uv": [0, 0, 0.3, 0.125], "texture": "#1"},
				"south": {"uv": [0, 0, 0.2625, 0.125], "texture": "#1"},
				"west": {"uv": [0, 0, 0.3, 0.125], "texture": "#1"},
				"up": {"uv": [0, 0, 0.2625, 0.3], "texture": "#1"},
				"down": {"uv": [0, 0, 0.2625, 0.3], "texture": "#1"}
			}
		},
		{
			"from": [5.8, 3.625, 4.375],
			"to": [6.375, 3.825, 4.975],
			"faces": {
				"north": {"uv": [0, 0, 0.2875, 0.1], "texture": "#1"},
				"east": {"uv": [0, 0, 0.3, 0.1], "texture": "#1"},
				"south": {"uv": [0, 0, 0.2875, 0.1], "texture": "#1"},
				"west": {"uv": [0, 0, 0.3, 0.1], "texture": "#1"},
				"up": {"uv": [0, 0, 0.2875, 0.3], "texture": "#1"},
				"down": {"uv": [0, 0, 0.2875, 0.3], "texture": "#1"}
			}
		},
		{
			"from": [5.35, 3.825, 4.375],
			"to": [7.025, 4.375, 4.975],
			"faces": {
				"north": {"uv": [0, 0, 0.8375, 0.275], "texture": "#1"},
				"east": {"uv": [0, 0, 0.3, 0.275], "texture": "#1"},
				"south": {"uv": [0, 0, 0.8375, 0.275], "texture": "#1"},
				"west": {"uv": [0, 0, 0.3, 0.275], "texture": "#1"},
				"up": {"uv": [0, 0, 0.8375, 0.3], "texture": "#1"},
				"down": {"uv": [0, 0, 0.8375, 0.3], "texture": "#1"}
			}
		},
		{
			"from": [7.025, 3.6, 4.375],
			"to": [7.325, 4.1, 4.975],
			"faces": {
				"north": {"uv": [0, 0, 0.15, 0.25], "texture": "#1"},
				"east": {"uv": [0, 0, 0.3, 0.25], "texture": "#1"},
				"south": {"uv": [0, 0, 0.15, 0.25], "texture": "#1"},
				"west": {"uv": [0, 0, 0.3, 0.25], "texture": "#1"},
				"up": {"uv": [0, 0, 0.15, 0.3], "texture": "#1"},
				"down": {"uv": [0, 0, 0.15, 0.3], "texture": "#1"}
			}
		},
		{
			"from": [7.325, 3.425, 4.375],
			"to": [7.625, 3.95, 4.975],
			"faces": {
				"north": {"uv": [0, 0, 0.15, 0.2625], "texture": "#1"},
				"east": {"uv": [0, 0, 0.3, 0.2625], "texture": "#1"},
				"south": {"uv": [0, 0, 0.15, 0.2625], "texture": "#1"},
				"west": {"uv": [0, 0, 0.3, 0.2625], "texture": "#1"},
				"up": {"uv": [0, 0, 0.15, 0.3], "texture": "#1"},
				"down": {"uv": [0, 0, 0.15, 0.3], "texture": "#1"}
			}
		},
		{
			"from": [8.8, 4.075, 4.375],
			"to": [10.575, 4.4, 4.975],
			"faces": {
				"north": {"uv": [0, 0, 0.8875, 0.1625], "texture": "#1"},
				"east": {"uv": [0, 0, 0.3, 0.1625], "texture": "#1"},
				"south": {"uv": [0, 0, 0.8875, 0.1625], "texture": "#1"},
				"west": {"uv": [0, 0, 0.3, 0.1625], "texture": "#1"},
				"up": {"uv": [0, 0, 0.8875, 0.3], "texture": "#1"},
				"down": {"uv": [0, 0, 0.8875, 0.3], "texture": "#1"}
			}
		},
		{
			"from": [9.875, 3.75, 4.375],
			"to": [10.9, 4.1, 4.975],
			"faces": {
				"north": {"uv": [0, 0, 0.5125, 0.175], "texture": "#1"},
				"east": {"uv": [0, 0, 0.3, 0.175], "texture": "#1"},
				"south": {"uv": [0, 0, 0.5125, 0.175], "texture": "#1"},
				"west": {"uv": [0, 0, 0.3, 0.175], "texture": "#1"},
				"up": {"uv": [0, 0, 0.5125, 0.3], "texture": "#1"},
				"down": {"uv": [0, 0, 0.5125, 0.3], "texture": "#1"}
			}
		},
		{
			"from": [8.55, 3.725, 4.375],
			"to": [9.575, 4.075, 4.975],
			"faces": {
				"north": {"uv": [0, 0, 0.5125, 0.175], "texture": "#1"},
				"east": {"uv": [0, 0, 0.3, 0.175], "texture": "#1"},
				"south": {"uv": [0, 0, 0.5125, 0.175], "texture": "#1"},
				"west": {"uv": [0, 0, 0.3, 0.175], "texture": "#1"},
				"up": {"uv": [0, 0, 0.5125, 0.3], "texture": "#1"},
				"down": {"uv": [0, 0, 0.5125, 0.3], "texture": "#1"}
			}
		},
		{
			"from": [9.875, 0.975, 4.375],
			"to": [10.9, 1.325, 4.975],
			"faces": {
				"north": {"uv": [0, 0, 0.5125, 0.175], "texture": "#1"},
				"east": {"uv": [0, 0, 0.3, 0.175], "texture": "#1"},
				"south": {"uv": [0, 0, 0.5125, 0.175], "texture": "#1"},
				"west": {"uv": [0, 0, 0.3, 0.175], "texture": "#1"},
				"up": {"uv": [0, 0, 0.5125, 0.3], "texture": "#1"},
				"down": {"uv": [0, 0, 0.5125, 0.3], "texture": "#1"}
			}
		},
		{
			"from": [8.55, 0.975, 4.375],
			"to": [9.575, 1.325, 4.975],
			"faces": {
				"north": {"uv": [0, 0, 0.5125, 0.175], "texture": "#1"},
				"east": {"uv": [0, 0, 0.3, 0.175], "texture": "#1"},
				"south": {"uv": [0, 0, 0.5125, 0.175], "texture": "#1"},
				"west": {"uv": [0, 0, 0.3, 0.175], "texture": "#1"},
				"up": {"uv": [0, 0, 0.5125, 0.3], "texture": "#1"},
				"down": {"uv": [0, 0, 0.5125, 0.3], "texture": "#1"}
			}
		},
		{
			"from": [8.55, 3.4, 4.375],
			"to": [9.2, 3.725, 4.975],
			"faces": {
				"north": {"uv": [0, 0, 0.325, 0.1625], "texture": "#1"},
				"east": {"uv": [0, 0, 0.3, 0.1625], "texture": "#1"},
				"south": {"uv": [0, 0, 0.325, 0.1625], "texture": "#1"},
				"west": {"uv": [0, 0, 0.3, 0.1625], "texture": "#1"},
				"up": {"uv": [0, 0, 0.325, 0.3], "texture": "#1"},
				"down": {"uv": [0, 0, 0.325, 0.3], "texture": "#1"}
			}
		},
		{
			"from": [10.2, 3.425, 4.375],
			"to": [10.9, 3.75, 4.975],
			"faces": {
				"north": {"uv": [0, 0, 0.35, 0.1625], "texture": "#1"},
				"east": {"uv": [0, 0, 0.3, 0.1625], "texture": "#1"},
				"south": {"uv": [0, 0, 0.35, 0.1625], "texture": "#1"},
				"west": {"uv": [0, 0, 0.3, 0.1625], "texture": "#1"},
				"up": {"uv": [0, 0, 0.35, 0.3], "texture": "#1"},
				"down": {"uv": [0, 0, 0.35, 0.3], "texture": "#1"}
			}
		},
		{
			"from": [10.475, 1.65, 4.375],
			"to": [11.05, 3.425, 4.975],
			"faces": {
				"north": {"uv": [0, 0, 0.2875, 0.8875], "texture": "#1"},
				"east": {"uv": [0, 0, 0.3, 0.8875], "texture": "#1"},
				"south": {"uv": [0, 0, 0.2875, 0.8875], "texture": "#1"},
				"west": {"uv": [0, 0, 0.3, 0.8875], "texture": "#1"},
				"up": {"uv": [0, 0, 0.2875, 0.3], "texture": "#1"},
				"down": {"uv": [0, 0, 0.2875, 0.3], "texture": "#1"}
			}
		},
		{
			"from": [8.35, 1.65, 4.375],
			"to": [8.925, 3.4, 4.975],
			"faces": {
				"north": {"uv": [0, 0, 0.2875, 0.875], "texture": "#1"},
				"east": {"uv": [0, 0, 0.3, 0.875], "texture": "#1"},
				"south": {"uv": [0, 0, 0.2875, 0.875], "texture": "#1"},
				"west": {"uv": [0, 0, 0.3, 0.875], "texture": "#1"},
				"up": {"uv": [0, 0, 0.2875, 0.3], "texture": "#1"},
				"down": {"uv": [0, 0, 0.2875, 0.3], "texture": "#1"}
			}
		},
		{
			"from": [10.2, 1.325, 4.375],
			"to": [10.9, 1.65, 4.975],
			"faces": {
				"north": {"uv": [0, 0, 0.35, 0.1625], "texture": "#1"},
				"east": {"uv": [0, 0, 0.3, 0.1625], "texture": "#1"},
				"south": {"uv": [0, 0, 0.35, 0.1625], "texture": "#1"},
				"west": {"uv": [0, 0, 0.3, 0.1625], "texture": "#1"},
				"up": {"uv": [0, 0, 0.35, 0.3], "texture": "#1"},
				"down": {"uv": [0, 0, 0.35, 0.3], "texture": "#1"}
			}
		},
		{
			"from": [8.55, 1.325, 4.375],
			"to": [9.25, 1.65, 4.975],
			"faces": {
				"north": {"uv": [0, 0, 0.35, 0.1625], "texture": "#1"},
				"east": {"uv": [0, 0, 0.3, 0.1625], "texture": "#1"},
				"south": {"uv": [0, 0, 0.35, 0.1625], "texture": "#1"},
				"west": {"uv": [0, 0, 0.3, 0.1625], "texture": "#1"},
				"up": {"uv": [0, 0, 0.35, 0.3], "texture": "#1"},
				"down": {"uv": [0, 0, 0.35, 0.3], "texture": "#1"}
			}
		},
		{
			"from": [2.15, 0.65, 4.375],
			"to": [4.075, 1.2, 4.975],
			"faces": {
				"north": {"uv": [0, 0, 0.9625, 0.275], "texture": "#1"},
				"east": {"uv": [0, 0, 0.3, 0.275], "texture": "#1"},
				"south": {"uv": [0, 0, 0.9625, 0.275], "texture": "#1"},
				"west": {"uv": [0, 0, 0.3, 0.275], "texture": "#1"},
				"up": {"uv": [0, 0, 0.9625, 0.3], "texture": "#1"},
				"down": {"uv": [0, 0, 0.9625, 0.3], "texture": "#1"}
			}
		},
		{
			"from": [1.875, 1.2, 4.375],
			"to": [2.65, 2.225, 4.975],
			"faces": {
				"north": {"uv": [0, 0, 0.3875, 0.5125], "texture": "#1"},
				"east": {"uv": [0, 0, 0.3, 0.5125], "texture": "#1"},
				"south": {"uv": [0, 0, 0.3875, 0.5125], "texture": "#1"},
				"west": {"uv": [0, 0, 0.3, 0.5125], "texture": "#1"},
				"up": {"uv": [0, 0, 0.3875, 0.3], "texture": "#1"},
				"down": {"uv": [0, 0, 0.3875, 0.3], "texture": "#1"}
			}
		},
		{
			"from": [2.65, 1.2, 4.375],
			"to": [3.375, 1.4, 4.975],
			"faces": {
				"north": {"uv": [0, 0, 0.3625, 0.1], "texture": "#1"},
				"east": {"uv": [0, 0, 0.3, 0.1], "texture": "#1"},
				"south": {"uv": [0, 0, 0.3625, 0.1], "texture": "#1"},
				"west": {"uv": [0, 0, 0.3, 0.1], "texture": "#1"},
				"up": {"uv": [0, 0, 0.3625, 0.3], "texture": "#1"},
				"down": {"uv": [0, 0, 0.3625, 0.3], "texture": "#1"}
			}
		},
		{
			"from": [2.65, 2.025, 4.375],
			"to": [3.375, 2.225, 4.975],
			"faces": {
				"north": {"uv": [0, 0, 0.3625, 0.1], "texture": "#1"},
				"east": {"uv": [0, 0, 0.3, 0.1], "texture": "#1"},
				"south": {"uv": [0, 0, 0.3625, 0.1], "texture": "#1"},
				"west": {"uv": [0, 0, 0.3, 0.1], "texture": "#1"},
				"up": {"uv": [0, 0, 0.3625, 0.3], "texture": "#1"},
				"down": {"uv": [0, 0, 0.3625, 0.3], "texture": "#1"}
			}
		},
		{
			"from": [2.375, 2.225, 4.375],
			"to": [4.075, 2.675, 4.975],
			"faces": {
				"north": {"uv": [0, 0, 0.85, 0.225], "texture": "#1"},
				"east": {"uv": [0, 0, 0.3, 0.225], "texture": "#1"},
				"south": {"uv": [0, 0, 0.85, 0.225], "texture": "#1"},
				"west": {"uv": [0, 0, 0.3, 0.225], "texture": "#1"},
				"up": {"uv": [0, 0, 0.85, 0.3], "texture": "#1"},
				"down": {"uv": [0, 0, 0.85, 0.3], "texture": "#1"}
			}
		},
		{
			"from": [2.05, 2.4, 4.375],
			"to": [2.4, 2.675, 4.975],
			"faces": {
				"north": {"uv": [0, 0, 0.175, 0.1375], "texture": "#1"},
				"east": {"uv": [0, 0, 0.3, 0.1375], "texture": "#1"},
				"south": {"uv": [0, 0, 0.175, 0.1375], "texture": "#1"},
				"west": {"uv": [0, 0, 0.3, 0.1375], "texture": "#1"},
				"up": {"uv": [0, 0, 0.175, 0.3], "texture": "#1"},
				"down": {"uv": [0, 0, 0.175, 0.3], "texture": "#1"}
			}
		},
		{
			"from": [1.85, 2.675, 4.375],
			"to": [2.525, 3.825, 4.975],
			"faces": {
				"north": {"uv": [0, 0, 0.3375, 0.575], "texture": "#1"},
				"east": {"uv": [0, 0, 0.3, 0.575], "texture": "#1"},
				"south": {"uv": [0, 0, 0.3375, 0.575], "texture": "#1"},
				"west": {"uv": [0, 0, 0.3, 0.575], "texture": "#1"},
				"up": {"uv": [0, 0, 0.3375, 0.3], "texture": "#1"},
				"down": {"uv": [0, 0, 0.3375, 0.3], "texture": "#1"}
			}
		},
		{
			"from": [2.525, 2.675, 4.375],
			"to": [3.35, 2.925, 4.975],
			"faces": {
				"north": {"uv": [0, 0, 0.4125, 0.125], "texture": "#1"},
				"east": {"uv": [0, 0, 0.3, 0.125], "texture": "#1"},
				"south": {"uv": [0, 0, 0.4125, 0.125], "texture": "#1"},
				"west": {"uv": [0, 0, 0.3, 0.125], "texture": "#1"},
				"up": {"uv": [0, 0, 0.4125, 0.3], "texture": "#1"},
				"down": {"uv": [0, 0, 0.4125, 0.3], "texture": "#1"}
			}
		},
		{
			"from": [2.075, 3.825, 4.375],
			"to": [3.75, 4.375, 4.975],
			"faces": {
				"north": {"uv": [0, 0, 0.8375, 0.275], "texture": "#1"},
				"east": {"uv": [0, 0, 0.3, 0.275], "texture": "#1"},
				"south": {"uv": [0, 0, 0.8375, 0.275], "texture": "#1"},
				"west": {"uv": [0, 0, 0.3, 0.275], "texture": "#1"},
				"up": {"uv": [0, 0, 0.8375, 0.3], "texture": "#1"},
				"down": {"uv": [0, 0, 0.8375, 0.3], "texture": "#1"}
			}
		},
		{
			"from": [2.525, 3.625, 4.375],
			"to": [3.1, 3.825, 4.975],
			"faces": {
				"north": {"uv": [0, 0, 0.2875, 0.1], "texture": "#1"},
				"east": {"uv": [0, 0, 0.3, 0.1], "texture": "#1"},
				"south": {"uv": [0, 0, 0.2875, 0.1], "texture": "#1"},
				"west": {"uv": [0, 0, 0.3, 0.1], "texture": "#1"},
				"up": {"uv": [0, 0, 0.2875, 0.3], "texture": "#1"},
				"down": {"uv": [0, 0, 0.2875, 0.3], "texture": "#1"}
			}
		},
		{
			"from": [3.75, 3.6, 4.375],
			"to": [4.05, 4.1, 4.975],
			"faces": {
				"north": {"uv": [0, 0, 0.15, 0.25], "texture": "#1"},
				"east": {"uv": [0, 0, 0.3, 0.25], "texture": "#1"},
				"south": {"uv": [0, 0, 0.15, 0.25], "texture": "#1"},
				"west": {"uv": [0, 0, 0.3, 0.25], "texture": "#1"},
				"up": {"uv": [0, 0, 0.15, 0.3], "texture": "#1"},
				"down": {"uv": [0, 0, 0.15, 0.3], "texture": "#1"}
			}
		},
		{
			"from": [4.05, 3.425, 4.375],
			"to": [4.35, 3.95, 4.975],
			"faces": {
				"north": {"uv": [0, 0, 0.15, 0.2625], "texture": "#1"},
				"east": {"uv": [0, 0, 0.3, 0.2625], "texture": "#1"},
				"south": {"uv": [0, 0, 0.15, 0.2625], "texture": "#1"},
				"west": {"uv": [0, 0, 0.3, 0.2625], "texture": "#1"},
				"up": {"uv": [0, 0, 0.15, 0.3], "texture": "#1"},
				"down": {"uv": [0, 0, 0.15, 0.3], "texture": "#1"}
			}
		},
		{
			"from": [4.075, 0.85, 4.375],
			"to": [4.375, 1.4, 4.975],
			"faces": {
				"north": {"uv": [0, 0, 0.15, 0.275], "texture": "#1"},
				"east": {"uv": [0, 0, 0.3, 0.275], "texture": "#1"},
				"south": {"uv": [0, 0, 0.15, 0.275], "texture": "#1"},
				"west": {"uv": [0, 0, 0.3, 0.275], "texture": "#1"},
				"up": {"uv": [0, 0, 0.15, 0.3], "texture": "#1"},
				"down": {"uv": [0, 0, 0.15, 0.3], "texture": "#1"}
			}
		},
		{
			"from": [6.925, 1.475, 4.375],
			"to": [7.575, 1.725, 4.975],
			"faces": {
				"north": {"uv": [0, 0, 0.325, 0.125], "texture": "#1"},
				"east": {"uv": [0, 0, 0.3, 0.125], "texture": "#1"},
				"south": {"uv": [0, 0, 0.325, 0.125], "texture": "#1"},
				"west": {"uv": [0, 0, 0.3, 0.125], "texture": "#1"},
				"up": {"uv": [0, 0, 0.325, 0.3], "texture": "#1"},
				"down": {"uv": [0, 0, 0.325, 0.3], "texture": "#1"}
			}
		},
		{
			"from": [7.05, 1.275, 4.375],
			"to": [7.675, 1.475, 4.975],
			"faces": {
				"north": {"uv": [0, 0, 0.3125, 0.1], "texture": "#1"},
				"east": {"uv": [0, 0, 0.3, 0.1], "texture": "#1"},
				"south": {"uv": [0, 0, 0.3125, 0.1], "texture": "#1"},
				"west": {"uv": [0, 0, 0.3, 0.1], "texture": "#1"},
				"up": {"uv": [0, 0, 0.3125, 0.3], "texture": "#1"},
				"down": {"uv": [0, 0, 0.3125, 0.3], "texture": "#1"}
			}
		},
		{
			"from": [7.05, 1.125, 4.375],
			"to": [7.75, 1.275, 4.975],
			"faces": {
				"north": {"uv": [0, 0, 0.35, 0.075], "texture": "#1"},
				"east": {"uv": [0, 0, 0.3, 0.075], "texture": "#1"},
				"south": {"uv": [0, 0, 0.35, 0.075], "texture": "#1"},
				"west": {"uv": [0, 0, 0.3, 0.075], "texture": "#1"},
				"up": {"uv": [0, 0, 0.35, 0.3], "texture": "#1"},
				"down": {"uv": [0, 0, 0.35, 0.3], "texture": "#1"}
			}
		},
		{
			"from": [7.2, 1.725, 4.375],
			"to": [7.475, 2.05, 4.975],
			"faces": {
				"north": {"uv": [0, 0, 0.1375, 0.1625], "texture": "#1"},
				"east": {"uv": [0, 0, 0.3, 0.1625], "texture": "#1"},
				"south": {"uv": [0, 0, 0.1375, 0.1625], "texture": "#1"},
				"west": {"uv": [0, 0, 0.3, 0.1625], "texture": "#1"},
				"up": {"uv": [0, 0, 0.1375, 0.3], "texture": "#1"},
				"down": {"uv": [0, 0, 0.1375, 0.3], "texture": "#1"}
			}
		},
		{
			"from": [6.2, 1.85, 4.375],
			"to": [6.675, 2.025, 4.975],
			"faces": {
				"north": {"uv": [0, 0, 0.2375, 0.0875], "texture": "#1"},
				"east": {"uv": [0, 0, 0.3, 0.0875], "texture": "#1"},
				"south": {"uv": [0, 0, 0.2375, 0.0875], "texture": "#1"},
				"west": {"uv": [0, 0, 0.3, 0.0875], "texture": "#1"},
				"up": {"uv": [0, 0, 0.2375, 0.3], "texture": "#1"},
				"down": {"uv": [0, 0, 0.2375, 0.3], "texture": "#1"}
			}
		},
		{
			"from": [5.65, 2.425, 4.375],
			"to": [6.75, 2.6, 4.975],
			"faces": {
				"north": {"uv": [0, 0, 0.55, 0.0875], "texture": "#1"},
				"east": {"uv": [0, 0, 0.3, 0.0875], "texture": "#1"},
				"south": {"uv": [0, 0, 0.55, 0.0875], "texture": "#1"},
				"west": {"uv": [0, 0, 0.3, 0.0875], "texture": "#1"},
				"up": {"uv": [0, 0, 0.55, 0.3], "texture": "#1"},
				"down": {"uv": [0, 0, 0.55, 0.3], "texture": "#1"}
			}
		},
		{
			"from": [11.65, 0.65, 4.375],
			"to": [14.275, 1.125, 4.975],
			"faces": {
				"north": {"uv": [0, 0, 1.3125, 0.2375], "texture": "#1"},
				"east": {"uv": [0, 0, 0.3, 0.2375], "texture": "#1"},
				"south": {"uv": [0, 0, 1.3125, 0.2375], "texture": "#1"},
				"west": {"uv": [0, 0, 0.3, 0.2375], "texture": "#1"},
				"up": {"uv": [0, 0, 1.3125, 0.3], "texture": "#1"},
				"down": {"uv": [0, 0, 1.3125, 0.3], "texture": "#1"}
			}
		},
		{
			"from": [13.2, 1.725, 4.375],
			"to": [13.725, 2.225, 4.975],
			"faces": {
				"north": {"uv": [0, 0, 0.2625, 0.25], "texture": "#1"},
				"east": {"uv": [0, 0, 0.3, 0.25], "texture": "#1"},
				"south": {"uv": [0, 0, 0.2625, 0.25], "texture": "#1"},
				"west": {"uv": [0, 0, 0.3, 0.25], "texture": "#1"},
				"up": {"uv": [0, 0, 0.2625, 0.3], "texture": "#1"},
				"down": {"uv": [0, 0, 0.2625, 0.3], "texture": "#1"}
			}
		},
		{
			"from": [12.475, 2.025, 4.375],
			"to": [13.2, 2.225, 4.975],
			"faces": {
				"north": {"uv": [0, 0, 0.3625, 0.1], "texture": "#1"},
				"east": {"uv": [0, 0, 0.3, 0.1], "texture": "#1"},
				"south": {"uv": [0, 0, 0.3625, 0.1], "texture": "#1"},
				"west": {"uv": [0, 0, 0.3, 0.1], "texture": "#1"},
				"up": {"uv": [0, 0, 0.3625, 0.3], "texture": "#1"},
				"down": {"uv": [0, 0, 0.3625, 0.3], "texture": "#1"}
			}
		},
		{
			"from": [12.175, 2.225, 4.375],
			"to": [13.475, 2.425, 4.975],
			"faces": {
				"north": {"uv": [0, 0, 0.65, 0.1], "texture": "#1"},
				"east": {"uv": [0, 0, 0.3, 0.1], "texture": "#1"},
				"south": {"uv": [0, 0, 0.65, 0.1], "texture": "#1"},
				"west": {"uv": [0, 0, 0.3, 0.1], "texture": "#1"},
				"up": {"uv": [0, 0, 0.65, 0.3], "texture": "#1"},
				"down": {"uv": [0, 0, 0.65, 0.3], "texture": "#1"}
			}
		},
		{
			"from": [11.85, 2.4, 4.375],
			"to": [12.175, 2.6, 4.975],
			"faces": {
				"north": {"uv": [0, 0, 0.1625, 0.1], "texture": "#1"},
				"east": {"uv": [0, 0, 0.3, 0.1], "texture": "#1"},
				"south": {"uv": [0, 0, 0.1625, 0.1], "texture": "#1"},
				"west": {"uv": [0, 0, 0.3, 0.1], "texture": "#1"},
				"up": {"uv": [0, 0, 0.1625, 0.3], "texture": "#1"},
				"down": {"uv": [0, 0, 0.1625, 0.3], "texture": "#1"}
			}
		},
		{
			"from": [11.65, 2.6, 4.375],
			"to": [12.325, 3.825, 4.975],
			"faces": {
				"north": {"uv": [0, 0, 0.3375, 0.6125], "texture": "#1"},
				"east": {"uv": [0, 0, 0.3, 0.6125], "texture": "#1"},
				"south": {"uv": [0, 0, 0.3375, 0.6125], "texture": "#1"},
				"west": {"uv": [0, 0, 0.3, 0.6125], "texture": "#1"},
				"up": {"uv": [0, 0, 0.3375, 0.3], "texture": "#1"},
				"down": {"uv": [0, 0, 0.3375, 0.3], "texture": "#1"}
			}
		},
		{
			"from": [12.325, 2.6, 4.375],
			"to": [12.85, 2.85, 4.975],
			"faces": {
				"north": {"uv": [0, 0, 0.2625, 0.125], "texture": "#1"},
				"east": {"uv": [0, 0, 0.3, 0.125], "texture": "#1"},
				"south": {"uv": [0, 0, 0.2625, 0.125], "texture": "#1"},
				"west": {"uv": [0, 0, 0.3, 0.125], "texture": "#1"},
				"up": {"uv": [0, 0, 0.2625, 0.3], "texture": "#1"},
				"down": {"uv": [0, 0, 0.2625, 0.3], "texture": "#1"}
			}
		},
		{
			"from": [12.325, 3.625, 4.375],
			"to": [12.9, 3.825, 4.975],
			"faces": {
				"north": {"uv": [0, 0, 0.2875, 0.1], "texture": "#1"},
				"east": {"uv": [0, 0, 0.3, 0.1], "texture": "#1"},
				"south": {"uv": [0, 0, 0.2875, 0.1], "texture": "#1"},
				"west": {"uv": [0, 0, 0.3, 0.1], "texture": "#1"},
				"up": {"uv": [0, 0, 0.2875, 0.3], "texture": "#1"},
				"down": {"uv": [0, 0, 0.2875, 0.3], "texture": "#1"}
			}
		},
		{
			"from": [11.875, 3.825, 4.375],
			"to": [13.55, 4.375, 4.975],
			"faces": {
				"north": {"uv": [0, 0, 0.8375, 0.275], "texture": "#1"},
				"east": {"uv": [0, 0, 0.3, 0.275], "texture": "#1"},
				"south": {"uv": [0, 0, 0.8375, 0.275], "texture": "#1"},
				"west": {"uv": [0, 0, 0.3, 0.275], "texture": "#1"},
				"up": {"uv": [0, 0, 0.8375, 0.3], "texture": "#1"},
				"down": {"uv": [0, 0, 0.8375, 0.3], "texture": "#1"}
			}
		},
		{
			"from": [13.55, 3.6, 4.375],
			"to": [13.85, 4.1, 4.975],
			"faces": {
				"north": {"uv": [0, 0, 0.15, 0.25], "texture": "#1"},
				"east": {"uv": [0, 0, 0.3, 0.25], "texture": "#1"},
				"south": {"uv": [0, 0, 0.15, 0.25], "texture": "#1"},
				"west": {"uv": [0, 0, 0.3, 0.25], "texture": "#1"},
				"up": {"uv": [0, 0, 0.15, 0.3], "texture": "#1"},
				"down": {"uv": [0, 0, 0.15, 0.3], "texture": "#1"}
			}
		},
		{
			"from": [13.85, 3.425, 4.375],
			"to": [14.15, 3.95, 4.975],
			"faces": {
				"north": {"uv": [0, 0, 0.15, 0.2625], "texture": "#1"},
				"east": {"uv": [0, 0, 0.3, 0.2625], "texture": "#1"},
				"south": {"uv": [0, 0, 0.15, 0.2625], "texture": "#1"},
				"west": {"uv": [0, 0, 0.3, 0.2625], "texture": "#1"},
				"up": {"uv": [0, 0, 0.15, 0.3], "texture": "#1"},
				"down": {"uv": [0, 0, 0.15, 0.3], "texture": "#1"}
			}
		},
		{
			"from": [13.45, 1.475, 4.375],
			"to": [14.1, 1.725, 4.975],
			"faces": {
				"north": {"uv": [0, 0, 0.325, 0.125], "texture": "#1"},
				"east": {"uv": [0, 0, 0.3, 0.125], "texture": "#1"},
				"south": {"uv": [0, 0, 0.325, 0.125], "texture": "#1"},
				"west": {"uv": [0, 0, 0.3, 0.125], "texture": "#1"},
				"up": {"uv": [0, 0, 0.325, 0.3], "texture": "#1"},
				"down": {"uv": [0, 0, 0.325, 0.3], "texture": "#1"}
			}
		},
		{
			"from": [13.575, 1.275, 4.375],
			"to": [14.2, 1.475, 4.975],
			"faces": {
				"north": {"uv": [0, 0, 0.3125, 0.1], "texture": "#1"},
				"east": {"uv": [0, 0, 0.3, 0.1], "texture": "#1"},
				"south": {"uv": [0, 0, 0.3125, 0.1], "texture": "#1"},
				"west": {"uv": [0, 0, 0.3, 0.1], "texture": "#1"},
				"up": {"uv": [0, 0, 0.3125, 0.3], "texture": "#1"},
				"down": {"uv": [0, 0, 0.3125, 0.3], "texture": "#1"}
			}
		},
		{
			"from": [13.575, 1.125, 4.375],
			"to": [14.275, 1.275, 4.975],
			"faces": {
				"north": {"uv": [0, 0, 0.35, 0.075], "texture": "#1"},
				"east": {"uv": [0, 0, 0.3, 0.075], "texture": "#1"},
				"south": {"uv": [0, 0, 0.35, 0.075], "texture": "#1"},
				"west": {"uv": [0, 0, 0.3, 0.075], "texture": "#1"},
				"up": {"uv": [0, 0, 0.35, 0.3], "texture": "#1"},
				"down": {"uv": [0, 0, 0.35, 0.3], "texture": "#1"}
			}
		},
		{
			"from": [13.725, 1.725, 4.375],
			"to": [14, 2.05, 4.975],
			"faces": {
				"north": {"uv": [0, 0, 0.1375, 0.1625], "texture": "#1"},
				"east": {"uv": [0, 0, 0.3, 0.1625], "texture": "#1"},
				"south": {"uv": [0, 0, 0.1375, 0.1625], "texture": "#1"},
				"west": {"uv": [0, 0, 0.3, 0.1625], "texture": "#1"},
				"up": {"uv": [0, 0, 0.1375, 0.3], "texture": "#1"},
				"down": {"uv": [0, 0, 0.1375, 0.3], "texture": "#1"}
			}
		},
		{
			"from": [12.725, 1.85, 4.375],
			"to": [13.2, 2.025, 4.975],
			"faces": {
				"north": {"uv": [0, 0, 0.2375, 0.0875], "texture": "#1"},
				"east": {"uv": [0, 0, 0.3, 0.0875], "texture": "#1"},
				"south": {"uv": [0, 0, 0.2375, 0.0875], "texture": "#1"},
				"west": {"uv": [0, 0, 0.3, 0.0875], "texture": "#1"},
				"up": {"uv": [0, 0, 0.2375, 0.3], "texture": "#1"},
				"down": {"uv": [0, 0, 0.2375, 0.3], "texture": "#1"}
			}
		},
		{
			"from": [12.175, 2.425, 4.375],
			"to": [13.275, 2.6, 4.975],
			"faces": {
				"north": {"uv": [0, 0, 0.55, 0.0875], "texture": "#1"},
				"east": {"uv": [0, 0, 0.3, 0.0875], "texture": "#1"},
				"south": {"uv": [0, 0, 0.55, 0.0875], "texture": "#1"},
				"west": {"uv": [0, 0, 0.3, 0.0875], "texture": "#1"},
				"up": {"uv": [0, 0, 0.55, 0.3], "texture": "#1"},
				"down": {"uv": [0, 0, 0.55, 0.3], "texture": "#1"}
			}
		}
	],
	"display": {
		"thirdperson_righthand": {
			"translation": [0, 3.25, -0.75],
			"scale": [0.5, 0.5, 0.5]
		},
		"thirdperson_lefthand": {
			"translation": [0, 3.25, 0.75],
			"scale": [0.5, 0.5, 0.5]
		},
		"firstperson_righthand": {
			"translation": [4.5, 3.75, 0]
		},
		"firstperson_lefthand": {
			"translation": [2.5, 3.75, 0]
		},
		"ground": {
			"translation": [0, 1.25, 0],
			"scale": [0.6, 0.6, 0.6]
		},
		"gui": {
			"rotation": [23, 32, 0],
			"translation": [0, 2.25, 0],
			"scale": [0.9, 0.9, 0.9]
		},
		"head": {
			"translation": [0, 9.1, 0],
			"scale": [0.9, 1, 1]
		},
		"fixed": {
			"rotation": [-90, 0, 0],
			"translation": [0, 0, -8]
		}
	},
	"groups": [
		0,
		{
			"name": "sniffer",
			"origin": [0, 0, 0],
			"color": 0,
			"children": [1, 2, 3, 4, 5, 6, 7, 8, 9, 10, 11, 12, 13]
		},
		{
			"name": "camel",
			"origin": [0, 0, 0],
			"color": 0,
			"children": [14, 15, 16, 17, 18, 19, 20, 21, 22, 23, 24, 25, 26, 27, 28, 29, 30, 31, 32, 33, 34, 35, 36, 37, 38, 39, 40, 41, 42]
		},
		{
			"name": "H",
			"origin": [0, 0, 0],
			"color": 0,
			"children": [43, 44, 45]
		},
		{
			"name": "O",
			"origin": [0, 0, 0],
			"color": 0,
			"children": [46, 47, 48, 49, 50, 51, 52, 53, 54, 55, 56, 57, 58, 59, 60, 61, 62, 63, 64, 65]
		},
		{
			"name": "W",
			"origin": [0, 0, 0],
			"color": 0,
			"children": [66, 67, 68, 69, 70, 71, 72, 73, 74, 75, 76, 77]
		},
		{
			"name": "number",
			"origin": [0, 0, 0],
			"color": 0,
			"children": [
				78,
				79,
				80,
				81,
				82,
				83,
				84,
				85,
				86,
				87,
				88,
				89,
				90,
				91,
				92,
				93,
				94,
				95,
				96,
				97,
				98,
				99,
				100,
				101,
				102,
				103,
				104,
				105,
				106,
				107,
				108,
				109,
				110,
				111,
				112,
				113,
				114,
				115,
				116,
				117,
				118,
				119,
				120,
				121,
				122,
				123,
				124,
				125,
				126,
				127,
				128,
				129,
				130,
				131,
				132,
				133,
				134,
				135,
				136
			]
		}
	]
}