{
	"credit": "Made with Blockbench",
	"texture_size": [32, 32],
	"textures": {
		"1": "item/special_event/how_anniversary_2025/word",
		"2": "item/special_event/how_anniversary_2025/texture",
		"3": "item/special_event/how_anniversary_2025/breeze",
		"4": "item/special_event/how_anniversary_2025/breeze_mob",
		"6": "item/special_event/how_anniversary_2025/wind",
		"particle": "item/special_event/how_anniversary_2025/texture"
	},
	"elements": [
		{
			"from": [1, 0, 5],
			"to": [15, 5.2, 11],
			"rotation": {"angle": 0, "axis": "z", "origin": [8, 5, 0]},
			"faces": {
				"north": {"uv": [0, 6, 7, 8.625], "rotation": 180, "texture": "#2"},
				"east": {"uv": [7, 6, 10, 8.625], "rotation": 180, "texture": "#2"},
				"south": {"uv": [7, 0, 14, 2.625], "rotation": 180, "texture": "#2"},
				"west": {"uv": [7, 3, 10, 5.625], "rotation": 180, "texture": "#2"},
				"up": {"uv": [7, 3, 0, 6], "rotation": 180, "texture": "#2"},
				"down": {"uv": [7, 3, 0, 0], "rotation": 180, "texture": "#2"}
			}
		},
		{
			"from": [1.8, 0.625, 11],
			"to": [3, 4.375, 11.6],
			"faces": {
				"north": {"uv": [0, 0, 0.5, 2], "texture": "#1"},
				"east": {"uv": [0.5, 0, 1, 2], "texture": "#1"},
				"south": {"uv": [1, 0, 1.5, 2], "texture": "#1"},
				"west": {"uv": [1.5, 0, 2, 2], "texture": "#1"},
				"up": {"uv": [8, 6, 7.5, 5.5], "texture": "#1"},
				"down": {"uv": [6.5, 7.5, 6, 8], "texture": "#1"}
			}
		},
		{
			"from": [3, 1.925, 11],
			"to": [3.8, 3.125, 11.6],
			"faces": {
				"north": {"uv": [7.5, 6, 8, 6.5], "texture": "#1"},
				"east": {"uv": [6.5, 7.5, 7, 8], "texture": "#1"},
				"south": {"uv": [7.5, 6.5, 8, 7], "texture": "#1"},
				"west": {"uv": [7, 7.5, 7.5, 8], "texture": "#1"},
				"up": {"uv": [8, 7.5, 7.5, 7], "texture": "#1"},
				"down": {"uv": [8, 7.5, 7.5, 8], "texture": "#1"}
			}
		},
		{
			"from": [3.8, 0.625, 11],
			"to": [4.975, 4.375, 11.6],
			"faces": {
				"north": {"uv": [0, 2, 0.5, 4], "texture": "#1"},
				"east": {"uv": [2, 0, 2.5, 2], "texture": "#1"},
				"south": {"uv": [0.5, 2, 1, 4], "texture": "#1"},
				"west": {"uv": [1, 2, 1.5, 4], "texture": "#1"},
				"up": {"uv": [0.5, 8.5, 0, 8], "texture": "#1"},
				"down": {"uv": [8.5, 0, 8, 0.5], "texture": "#1"}
			}
		},
		{
			"from": [6.3, 0.625, 11],
			"to": [8.225, 1.875, 11.6],
			"faces": {
				"north": {"uv": [2.5, 3.5, 3.5, 4], "texture": "#1"},
				"east": {"uv": [5.5, 3.5, 6, 4], "texture": "#1"},
				"south": {"uv": [3.5, 2.5, 4.5, 3], "texture": "#1"},
				"west": {"uv": [4, 5.5, 4.5, 6], "texture": "#1"},
				"up": {"uv": [4.5, 3.5, 3.5, 3], "texture": "#1"},
				"down": {"uv": [4.5, 3.5, 3.5, 4], "texture": "#1"}
			}
		},
		{
			"from": [6.3, 3.2, 11],
			"to": [8.225, 4.375, 11.6],
			"faces": {
				"north": {"uv": [0, 4, 1, 4.5], "texture": "#1"},
				"east": {"uv": [5.5, 4, 6, 4.5], "texture": "#1"},
				"south": {"uv": [1, 4, 2, 4.5], "texture": "#1"},
				"west": {"uv": [4.5, 5.5, 5, 6], "texture": "#1"},
				"up": {"uv": [3, 4.5, 2, 4], "texture": "#1"},
				"down": {"uv": [4, 4, 3, 4.5], "texture": "#1"}
			}
		},
		{
			"from": [5.4, 1.875, 11],
			"to": [6.45, 3.225, 11.6],
			"faces": {
				"north": {"uv": [5.5, 4.5, 6, 5], "texture": "#1"},
				"east": {"uv": [5, 5.5, 5.5, 6], "texture": "#1"},
				"south": {"uv": [5.5, 5, 6, 5.5], "texture": "#1"},
				"west": {"uv": [5.5, 5.5, 6, 6], "texture": "#1"},
				"up": {"uv": [0.5, 6.5, 0, 6], "texture": "#1"},
				"down": {"uv": [6.5, 0, 6, 0.5], "texture": "#1"}
			}
		},
		{
			"from": [8.15, 1.875, 11],
			"to": [9.175, 3.225, 11.6],
			"faces": {
				"north": {"uv": [0.5, 6, 1, 6.5], "texture": "#1"},
				"east": {"uv": [6, 0.5, 6.5, 1], "texture": "#1"},
				"south": {"uv": [1, 6, 1.5, 6.5], "texture": "#1"},
				"west": {"uv": [6, 1, 6.5, 1.5], "texture": "#1"},
				"up": {"uv": [2, 6.5, 1.5, 6], "texture": "#1"},
				"down": {"uv": [6.5, 1.5, 6, 2], "texture": "#1"}
			}
		},
		{
			"from": [6.45, 1.875, 11],
			"to": [6.725, 2.175, 11.6],
			"faces": {
				"north": {"uv": [2, 6, 2.5, 6.5], "texture": "#1"},
				"east": {"uv": [6, 2, 6.5, 2.5], "texture": "#1"},
				"south": {"uv": [2.5, 6, 3, 6.5], "texture": "#1"},
				"west": {"uv": [6, 2.5, 6.5, 3], "texture": "#1"},
				"up": {"uv": [3.5, 6.5, 3, 6], "texture": "#1"},
				"down": {"uv": [6.5, 3, 6, 3.5], "texture": "#1"}
			}
		},
		{
			"from": [7.875, 1.875, 11],
			"to": [8.15, 2.175, 11.6],
			"faces": {
				"north": {"uv": [3.5, 6, 4, 6.5], "texture": "#1"},
				"east": {"uv": [6, 3.5, 6.5, 4], "texture": "#1"},
				"south": {"uv": [4, 6, 4.5, 6.5], "texture": "#1"},
				"west": {"uv": [6, 4, 6.5, 4.5], "texture": "#1"},
				"up": {"uv": [5, 6.5, 4.5, 6], "texture": "#1"},
				"down": {"uv": [6.5, 4.5, 6, 5], "texture": "#1"}
			}
		},
		{
			"from": [7.875, 2.925, 11],
			"to": [8.15, 3.225, 11.6],
			"faces": {
				"north": {"uv": [5, 6, 5.5, 6.5], "texture": "#1"},
				"east": {"uv": [6, 5, 6.5, 5.5], "texture": "#1"},
				"south": {"uv": [5.5, 6, 6, 6.5], "texture": "#1"},
				"west": {"uv": [6, 5.5, 6.5, 6], "texture": "#1"},
				"up": {"uv": [6.5, 6.5, 6, 6], "texture": "#1"},
				"down": {"uv": [0.5, 6.5, 0, 7], "texture": "#1"}
			}
		},
		{
			"from": [6.425, 2.925, 11],
			"to": [6.7, 3.225, 11.6],
			"faces": {
				"north": {"uv": [6.5, 0, 7, 0.5], "texture": "#1"},
				"east": {"uv": [0.5, 6.5, 1, 7], "texture": "#1"},
				"south": {"uv": [6.5, 0.5, 7, 1], "texture": "#1"},
				"west": {"uv": [1, 6.5, 1.5, 7], "texture": "#1"},
				"up": {"uv": [7, 1.5, 6.5, 1], "texture": "#1"},
				"down": {"uv": [2, 6.5, 1.5, 7], "texture": "#1"}
			}
		},
		{
			"from": [5.525, 1.4, 11],
			"to": [6.3, 1.875, 11.6],
			"faces": {
				"north": {"uv": [6.5, 1.5, 7, 2], "texture": "#1"},
				"east": {"uv": [2, 6.5, 2.5, 7], "texture": "#1"},
				"south": {"uv": [6.5, 2, 7, 2.5], "texture": "#1"},
				"west": {"uv": [2.5, 6.5, 3, 7], "texture": "#1"},
				"up": {"uv": [7, 3, 6.5, 2.5], "texture": "#1"},
				"down": {"uv": [3.5, 6.5, 3, 7], "texture": "#1"}
			}
		},
		{
			"from": [8.225, 1.4, 11],
			"to": [9, 1.875, 11.6],
			"faces": {
				"north": {"uv": [6.5, 3, 7, 3.5], "texture": "#1"},
				"east": {"uv": [3.5, 6.5, 4, 7], "texture": "#1"},
				"south": {"uv": [6.5, 3.5, 7, 4], "texture": "#1"},
				"west": {"uv": [4, 6.5, 4.5, 7], "texture": "#1"},
				"up": {"uv": [7, 4.5, 6.5, 4], "texture": "#1"},
				"down": {"uv": [5, 6.5, 4.5, 7], "texture": "#1"}
			}
		},
		{
			"from": [8.225, 3.2, 11],
			"to": [9, 3.675, 11.6],
			"faces": {
				"north": {"uv": [6.5, 4.5, 7, 5], "texture": "#1"},
				"east": {"uv": [5, 6.5, 5.5, 7], "texture": "#1"},
				"south": {"uv": [6.5, 5, 7, 5.5], "texture": "#1"},
				"west": {"uv": [5.5, 6.5, 6, 7], "texture": "#1"},
				"up": {"uv": [7, 6, 6.5, 5.5], "texture": "#1"},
				"down": {"uv": [6.5, 6.5, 6, 7], "texture": "#1"}
			}
		},
		{
			"from": [5.525, 3.2, 11],
			"to": [6.3, 3.675, 11.6],
			"faces": {
				"north": {"uv": [6.5, 6, 7, 6.5], "texture": "#1"},
				"east": {"uv": [6.5, 6.5, 7, 7], "texture": "#1"},
				"south": {"uv": [0, 7, 0.5, 7.5], "texture": "#1"},
				"west": {"uv": [7, 0, 7.5, 0.5], "texture": "#1"},
				"up": {"uv": [1, 7.5, 0.5, 7], "texture": "#1"},
				"down": {"uv": [7.5, 0.5, 7, 1], "texture": "#1"}
			}
		},
		{
			"from": [8.225, 1.15, 11],
			"to": [8.825, 1.4, 11.6],
			"faces": {
				"north": {"uv": [1, 7, 1.5, 7.5], "texture": "#1"},
				"east": {"uv": [7, 1, 7.5, 1.5], "texture": "#1"},
				"south": {"uv": [1.5, 7, 2, 7.5], "texture": "#1"},
				"west": {"uv": [7, 1.5, 7.5, 2], "texture": "#1"},
				"up": {"uv": [2.5, 7.5, 2, 7], "texture": "#1"},
				"down": {"uv": [7.5, 2, 7, 2.5], "texture": "#1"}
			}
		},
		{
			"from": [5.725, 1.15, 11],
			"to": [6.325, 1.4, 11.6],
			"faces": {
				"north": {"uv": [2.5, 7, 3, 7.5], "texture": "#1"},
				"east": {"uv": [7, 2.5, 7.5, 3], "texture": "#1"},
				"south": {"uv": [3, 7, 3.5, 7.5], "texture": "#1"},
				"west": {"uv": [7, 3, 7.5, 3.5], "texture": "#1"},
				"up": {"uv": [4, 7.5, 3.5, 7], "texture": "#1"},
				"down": {"uv": [7.5, 3.5, 7, 4], "texture": "#1"}
			}
		},
		{
			"from": [5.725, 3.675, 11],
			"to": [6.325, 3.925, 11.6],
			"faces": {
				"north": {"uv": [4, 7, 4.5, 7.5], "texture": "#1"},
				"east": {"uv": [7, 4, 7.5, 4.5], "texture": "#1"},
				"south": {"uv": [4.5, 7, 5, 7.5], "texture": "#1"},
				"west": {"uv": [7, 4.5, 7.5, 5], "texture": "#1"},
				"up": {"uv": [5.5, 7.5, 5, 7], "texture": "#1"},
				"down": {"uv": [7.5, 5, 7, 5.5], "texture": "#1"}
			}
		},
		{
			"from": [8.225, 3.675, 11],
			"to": [8.825, 3.925, 11.6],
			"faces": {
				"north": {"uv": [5.5, 7, 6, 7.5], "texture": "#1"},
				"east": {"uv": [7, 5.5, 7.5, 6], "texture": "#1"},
				"south": {"uv": [6, 7, 6.5, 7.5], "texture": "#1"},
				"west": {"uv": [7, 6, 7.5, 6.5], "texture": "#1"},
				"up": {"uv": [7, 7.5, 6.5, 7], "texture": "#1"},
				"down": {"uv": [7.5, 6.5, 7, 7], "texture": "#1"}
			}
		},
		{
			"from": [8.225, 3.925, 11],
			"to": [8.675, 4.175, 11.6],
			"faces": {
				"north": {"uv": [7, 7, 7.5, 7.5], "texture": "#1"},
				"east": {"uv": [0, 7.5, 0.5, 8], "texture": "#1"},
				"south": {"uv": [7.5, 0, 8, 0.5], "texture": "#1"},
				"west": {"uv": [0.5, 7.5, 1, 8], "texture": "#1"},
				"up": {"uv": [8, 1, 7.5, 0.5], "texture": "#1"},
				"down": {"uv": [1.5, 7.5, 1, 8], "texture": "#1"}
			}
		},
		{
			"from": [5.85, 3.925, 11],
			"to": [6.3, 4.175, 11.6],
			"faces": {
				"north": {"uv": [7.5, 1, 8, 1.5], "texture": "#1"},
				"east": {"uv": [1.5, 7.5, 2, 8], "texture": "#1"},
				"south": {"uv": [7.5, 1.5, 8, 2], "texture": "#1"},
				"west": {"uv": [2, 7.5, 2.5, 8], "texture": "#1"},
				"up": {"uv": [8, 2.5, 7.5, 2], "texture": "#1"},
				"down": {"uv": [3, 7.5, 2.5, 8], "texture": "#1"}
			}
		},
		{
			"from": [5.85, 0.925, 11],
			"to": [6.3, 1.175, 11.6],
			"faces": {
				"north": {"uv": [7.5, 2.5, 8, 3], "texture": "#1"},
				"east": {"uv": [3, 7.5, 3.5, 8], "texture": "#1"},
				"south": {"uv": [7.5, 3, 8, 3.5], "texture": "#1"},
				"west": {"uv": [3.5, 7.5, 4, 8], "texture": "#1"},
				"up": {"uv": [8, 4, 7.5, 3.5], "texture": "#1"},
				"down": {"uv": [4.5, 7.5, 4, 8], "texture": "#1"}
			}
		},
		{
			"from": [8.225, 0.925, 11],
			"to": [8.675, 1.175, 11.6],
			"faces": {
				"north": {"uv": [7.5, 4, 8, 4.5], "texture": "#1"},
				"east": {"uv": [4.5, 7.5, 5, 8], "texture": "#1"},
				"south": {"uv": [7.5, 4.5, 8, 5], "texture": "#1"},
				"west": {"uv": [5, 7.5, 5.5, 8], "texture": "#1"},
				"up": {"uv": [8, 5.5, 7.5, 5], "texture": "#1"},
				"down": {"uv": [6, 7.5, 5.5, 8], "texture": "#1"}
			}
		},
		{
			"from": [11.75, 1.875, 11],
			"to": [14.025, 2.875, 11.6],
			"faces": {
				"north": {"uv": [1.5, 2, 2.5, 2.5], "texture": "#1"},
				"east": {"uv": [4, 4, 4.5, 4.5], "texture": "#1"},
				"south": {"uv": [2.5, 0, 3.5, 0.5], "texture": "#1"},
				"west": {"uv": [0, 4.5, 0.5, 5], "texture": "#1"},
				"up": {"uv": [3.5, 1, 2.5, 0.5], "texture": "#1"},
				"down": {"uv": [3.5, 1, 2.5, 1.5], "texture": "#1"}
			}
		},
		{
			"from": [12.25, 0.9, 11],
			"to": [13.75, 1.875, 11.6],
			"faces": {
				"north": {"uv": [1.5, 2.5, 2.5, 3], "texture": "#1"},
				"east": {"uv": [4.5, 0, 5, 0.5], "texture": "#1"},
				"south": {"uv": [2.5, 1.5, 3.5, 2], "texture": "#1"},
				"west": {"uv": [0.5, 4.5, 1, 5], "texture": "#1"},
				"up": {"uv": [3.5, 2.5, 2.5, 2], "texture": "#1"},
				"down": {"uv": [3.5, 2.5, 2.5, 3], "texture": "#1"}
			}
		},
		{
			"from": [10.25, 0.9, 11],
			"to": [11.75, 1.875, 11.6],
			"faces": {
				"north": {"uv": [1.5, 3, 2.5, 3.5], "texture": "#1"},
				"east": {"uv": [4.5, 0.5, 5, 1], "texture": "#1"},
				"south": {"uv": [2.5, 3, 3.5, 3.5], "texture": "#1"},
				"west": {"uv": [1, 4.5, 1.5, 5], "texture": "#1"},
				"up": {"uv": [4.5, 0.5, 3.5, 0], "texture": "#1"},
				"down": {"uv": [4.5, 0.5, 3.5, 1], "texture": "#1"}
			}
		},
		{
			"from": [9.95, 1.875, 11],
			"to": [11.75, 2.875, 11.6],
			"faces": {
				"north": {"uv": [3.5, 1, 4.5, 1.5], "texture": "#1"},
				"east": {"uv": [4.5, 1, 5, 1.5], "texture": "#1"},
				"south": {"uv": [1.5, 3.5, 2.5, 4], "texture": "#1"},
				"west": {"uv": [1.5, 4.5, 2, 5], "texture": "#1"},
				"up": {"uv": [4.5, 2, 3.5, 1.5], "texture": "#1"},
				"down": {"uv": [4.5, 2, 3.5, 2.5], "texture": "#1"}
			}
		},
		{
			"from": [9.725, 2.875, 11],
			"to": [10.95, 3.875, 11.6],
			"faces": {
				"north": {"uv": [4.5, 1.5, 5, 2], "texture": "#1"},
				"east": {"uv": [2, 4.5, 2.5, 5], "texture": "#1"},
				"south": {"uv": [4.5, 2, 5, 2.5], "texture": "#1"},
				"west": {"uv": [2.5, 4.5, 3, 5], "texture": "#1"},
				"up": {"uv": [5, 3, 4.5, 2.5], "texture": "#1"},
				"down": {"uv": [3.5, 4.5, 3, 5], "texture": "#1"}
			}
		},
		{
			"from": [13, 2.875, 11],
			"to": [14.225, 3.875, 11.6],
			"faces": {
				"north": {"uv": [4.5, 3, 5, 3.5], "texture": "#1"},
				"east": {"uv": [3.5, 4.5, 4, 5], "texture": "#1"},
				"south": {"uv": [4.5, 3.5, 5, 4], "texture": "#1"},
				"west": {"uv": [4, 4.5, 4.5, 5], "texture": "#1"},
				"up": {"uv": [5, 4.5, 4.5, 4], "texture": "#1"},
				"down": {"uv": [5, 4.5, 4.5, 5], "texture": "#1"}
			}
		},
		{
			"from": [13.175, 3.85, 11],
			"to": [14.4, 4.4, 11.6],
			"faces": {
				"north": {"uv": [0, 5, 0.5, 5.5], "texture": "#1"},
				"east": {"uv": [5, 0, 5.5, 0.5], "texture": "#1"},
				"south": {"uv": [0.5, 5, 1, 5.5], "texture": "#1"},
				"west": {"uv": [5, 0.5, 5.5, 1], "texture": "#1"},
				"up": {"uv": [1.5, 5.5, 1, 5], "texture": "#1"},
				"down": {"uv": [5.5, 1, 5, 1.5], "texture": "#1"}
			}
		},
		{
			"from": [9.525, 3.85, 11],
			"to": [10.75, 4.4, 11.6],
			"faces": {
				"north": {"uv": [1.5, 5, 2, 5.5], "texture": "#1"},
				"east": {"uv": [5, 1.5, 5.5, 2], "texture": "#1"},
				"south": {"uv": [2, 5, 2.5, 5.5], "texture": "#1"},
				"west": {"uv": [5, 2, 5.5, 2.5], "texture": "#1"},
				"up": {"uv": [3, 5.5, 2.5, 5], "texture": "#1"},
				"down": {"uv": [5.5, 2.5, 5, 3], "texture": "#1"}
			}
		},
		{
			"from": [10.475, 0.65, 11],
			"to": [11.525, 0.9, 11.6],
			"faces": {
				"north": {"uv": [3, 5, 3.5, 5.5], "texture": "#1"},
				"east": {"uv": [5, 3, 5.5, 3.5], "texture": "#1"},
				"south": {"uv": [3.5, 5, 4, 5.5], "texture": "#1"},
				"west": {"uv": [5, 3.5, 5.5, 4], "texture": "#1"},
				"up": {"uv": [4.5, 5.5, 4, 5], "texture": "#1"},
				"down": {"uv": [5.5, 4, 5, 4.5], "texture": "#1"}
			}
		},
		{
			"from": [12.45, 0.65, 11],
			"to": [13.5, 0.9, 11.6],
			"faces": {
				"north": {"uv": [4.5, 5, 5, 5.5], "texture": "#1"},
				"east": {"uv": [5, 4.5, 5.5, 5], "texture": "#1"},
				"south": {"uv": [5, 5, 5.5, 5.5], "texture": "#1"},
				"west": {"uv": [0, 5.5, 0.5, 6], "texture": "#1"},
				"up": {"uv": [6, 0.5, 5.5, 0], "texture": "#1"},
				"down": {"uv": [1, 5.5, 0.5, 6], "texture": "#1"}
			}
		},
		{
			"from": [11.35, 2.875, 11],
			"to": [12.575, 3.875, 11.6],
			"faces": {
				"north": {"uv": [5.5, 0.5, 6, 1], "texture": "#1"},
				"east": {"uv": [1, 5.5, 1.5, 6], "texture": "#1"},
				"south": {"uv": [5.5, 1, 6, 1.5], "texture": "#1"},
				"west": {"uv": [1.5, 5.5, 2, 6], "texture": "#1"},
				"up": {"uv": [6, 2, 5.5, 1.5], "texture": "#1"},
				"down": {"uv": [2.5, 5.5, 2, 6], "texture": "#1"}
			}
		},
		{
			"from": [11.475, 3.85, 11],
			"to": [12.425, 4.4, 11.6],
			"faces": {
				"north": {"uv": [5.5, 2, 6, 2.5], "texture": "#1"},
				"east": {"uv": [2.5, 5.5, 3, 6], "texture": "#1"},
				"south": {"uv": [5.5, 2.5, 6, 3], "texture": "#1"},
				"west": {"uv": [3, 5.5, 3.5, 6], "texture": "#1"},
				"up": {"uv": [6, 3.5, 5.5, 3], "texture": "#1"},
				"down": {"uv": [4, 5.5, 3.5, 6], "texture": "#1"}
			}
		},
		{
			"from": [8.8, 0.65, 4.375],
			"to": [10.575, 0.975, 4.975],
			"faces": {
				"north": {"uv": [0, 0, 0.8875, 0.1625], "texture": "#1"},
				"east": {"uv": [0, 0, 0.3, 0.1625], "texture": "#1"},
				"south": {"uv": [0, 0, 0.8875, 0.1625], "texture": "#1"},
				"west": {"uv": [0, 0, 0.3, 0.1625], "texture": "#1"},
				"up": {"uv": [0, 0, 0.8875, 0.3], "texture": "#1"},
				"down": {"uv": [0, 0, 0.8875, 0.3], "texture": "#1"}
			}
		},
		{
			"from": [5.125, 0.65, 4.375],
			"to": [7.75, 1.125, 4.975],
			"faces": {
				"north": {"uv": [0, 0, 1.3125, 0.2375], "texture": "#1"},
				"east": {"uv": [0, 0, 0.3, 0.2375], "texture": "#1"},
				"south": {"uv": [0, 0, 1.3125, 0.2375], "texture": "#1"},
				"west": {"uv": [0, 0, 0.3, 0.2375], "texture": "#1"},
				"up": {"uv": [0, 0, 1.3125, 0.3], "texture": "#1"},
				"down": {"uv": [0, 0, 1.3125, 0.3], "texture": "#1"}
			}
		},
		{
			"from": [6.675, 1.725, 4.375],
			"to": [7.2, 2.225, 4.975],
			"faces": {
				"north": {"uv": [0, 0, 0.2625, 0.25], "texture": "#1"},
				"east": {"uv": [0, 0, 0.3, 0.25], "texture": "#1"},
				"south": {"uv": [0, 0, 0.2625, 0.25], "texture": "#1"},
				"west": {"uv": [0, 0, 0.3, 0.25], "texture": "#1"},
				"up": {"uv": [0, 0, 0.2625, 0.3], "texture": "#1"},
				"down": {"uv": [0, 0, 0.2625, 0.3], "texture": "#1"}
			}
		},
		{
			"from": [5.95, 2.025, 4.375],
			"to": [6.675, 2.225, 4.975],
			"faces": {
				"north": {"uv": [0, 0, 0.3625, 0.1], "texture": "#1"},
				"east": {"uv": [0, 0, 0.3, 0.1], "texture": "#1"},
				"south": {"uv": [0, 0, 0.3625, 0.1], "texture": "#1"},
				"west": {"uv": [0, 0, 0.3, 0.1], "texture": "#1"},
				"up": {"uv": [0, 0, 0.3625, 0.3], "texture": "#1"},
				"down": {"uv": [0, 0, 0.3625, 0.3], "texture": "#1"}
			}
		},
		{
			"from": [5.65, 2.225, 4.375],
			"to": [6.95, 2.425, 4.975],
			"faces": {
				"north": {"uv": [0, 0, 0.65, 0.1], "texture": "#1"},
				"east": {"uv": [0, 0, 0.3, 0.1], "texture": "#1"},
				"south": {"uv": [0, 0, 0.65, 0.1], "texture": "#1"},
				"west": {"uv": [0, 0, 0.3, 0.1], "texture": "#1"},
				"up": {"uv": [0, 0, 0.65, 0.3], "texture": "#1"},
				"down": {"uv": [0, 0, 0.65, 0.3], "texture": "#1"}
			}
		},
		{
			"from": [5.325, 2.4, 4.375],
			"to": [5.65, 2.6, 4.975],
			"faces": {
				"north": {"uv": [0, 0, 0.1625, 0.1], "texture": "#1"},
				"east": {"uv": [0, 0, 0.3, 0.1], "texture": "#1"},
				"south": {"uv": [0, 0, 0.1625, 0.1], "texture": "#1"},
				"west": {"uv": [0, 0, 0.3, 0.1], "texture": "#1"},
				"up": {"uv": [0, 0, 0.1625, 0.3], "texture": "#1"},
				"down": {"uv": [0, 0, 0.1625, 0.3], "texture": "#1"}
			}
		},
		{
			"from": [5.125, 2.6, 4.375],
			"to": [5.8, 3.825, 4.975],
			"faces": {
				"north": {"uv": [0, 0, 0.3375, 0.6125], "texture": "#1"},
				"east": {"uv": [0, 0, 0.3, 0.6125], "texture": "#1"},
				"south": {"uv": [0, 0, 0.3375, 0.6125], "texture": "#1"},
				"west": {"uv": [0, 0, 0.3, 0.6125], "texture": "#1"},
				"up": {"uv": [0, 0, 0.3375, 0.3], "texture": "#1"},
				"down": {"uv": [0, 0, 0.3375, 0.3], "texture": "#1"}
			}
		},
		{
			"from": [5.8, 2.6, 4.375],
			"to": [6.325, 2.85, 4.975],
			"faces": {
				"north": {"uv": [0, 0, 0.2625, 0.125], "texture": "#1"},
				"east": {"uv": [0, 0, 0.3, 0.125], "texture": "#1"},
				"south": {"uv": [0, 0, 0.2625, 0.125], "texture": "#1"},
				"west": {"uv": [0, 0, 0.3, 0.125], "texture": "#1"},
				"up": {"uv": [0, 0, 0.2625, 0.3], "texture": "#1"},
				"down": {"uv": [0, 0, 0.2625, 0.3], "texture": "#1"}
			}
		},
		{
			"from": [5.8, 3.625, 4.375],
			"to": [6.375, 3.825, 4.975],
			"faces": {
				"north": {"uv": [0, 0, 0.2875, 0.1], "texture": "#1"},
				"east": {"uv": [0, 0, 0.3, 0.1], "texture": "#1"},
				"south": {"uv": [0, 0, 0.2875, 0.1], "texture": "#1"},
				"west": {"uv": [0, 0, 0.3, 0.1], "texture": "#1"},
				"up": {"uv": [0, 0, 0.2875, 0.3], "texture": "#1"},
				"down": {"uv": [0, 0, 0.2875, 0.3], "texture": "#1"}
			}
		},
		{
			"from": [5.35, 3.825, 4.375],
			"to": [7.025, 4.375, 4.975],
			"faces": {
				"north": {"uv": [0, 0, 0.8375, 0.275], "texture": "#1"},
				"east": {"uv": [0, 0, 0.3, 0.275], "texture": "#1"},
				"south": {"uv": [0, 0, 0.8375, 0.275], "texture": "#1"},
				"west": {"uv": [0, 0, 0.3, 0.275], "texture": "#1"},
				"up": {"uv": [0, 0, 0.8375, 0.3], "texture": "#1"},
				"down": {"uv": [0, 0, 0.8375, 0.3], "texture": "#1"}
			}
		},
		{
			"from": [7.025, 3.6, 4.375],
			"to": [7.325, 4.1, 4.975],
			"faces": {
				"north": {"uv": [0, 0, 0.15, 0.25], "texture": "#1"},
				"east": {"uv": [0, 0, 0.3, 0.25], "texture": "#1"},
				"south": {"uv": [0, 0, 0.15, 0.25], "texture": "#1"},
				"west": {"uv": [0, 0, 0.3, 0.25], "texture": "#1"},
				"up": {"uv": [0, 0, 0.15, 0.3], "texture": "#1"},
				"down": {"uv": [0, 0, 0.15, 0.3], "texture": "#1"}
			}
		},
		{
			"from": [7.325, 3.425, 4.375],
			"to": [7.625, 3.95, 4.975],
			"faces": {
				"north": {"uv": [0, 0, 0.15, 0.2625], "texture": "#1"},
				"east": {"uv": [0, 0, 0.3, 0.2625], "texture": "#1"},
				"south": {"uv": [0, 0, 0.15, 0.2625], "texture": "#1"},
				"west": {"uv": [0, 0, 0.3, 0.2625], "texture": "#1"},
				"up": {"uv": [0, 0, 0.15, 0.3], "texture": "#1"},
				"down": {"uv": [0, 0, 0.15, 0.3], "texture": "#1"}
			}
		},
		{
			"from": [8.8, 4.075, 4.375],
			"to": [10.575, 4.4, 4.975],
			"faces": {
				"north": {"uv": [0, 0, 0.8875, 0.1625], "texture": "#1"},
				"east": {"uv": [0, 0, 0.3, 0.1625], "texture": "#1"},
				"south": {"uv": [0, 0, 0.8875, 0.1625], "texture": "#1"},
				"west": {"uv": [0, 0, 0.3, 0.1625], "texture": "#1"},
				"up": {"uv": [0, 0, 0.8875, 0.3], "texture": "#1"},
				"down": {"uv": [0, 0, 0.8875, 0.3], "texture": "#1"}
			}
		},
		{
			"from": [9.875, 3.75, 4.375],
			"to": [10.9, 4.1, 4.975],
			"faces": {
				"north": {"uv": [0, 0, 0.5125, 0.175], "texture": "#1"},
				"east": {"uv": [0, 0, 0.3, 0.175], "texture": "#1"},
				"south": {"uv": [0, 0, 0.5125, 0.175], "texture": "#1"},
				"west": {"uv": [0, 0, 0.3, 0.175], "texture": "#1"},
				"up": {"uv": [0, 0, 0.5125, 0.3], "texture": "#1"},
				"down": {"uv": [0, 0, 0.5125, 0.3], "texture": "#1"}
			}
		},
		{
			"from": [8.55, 3.725, 4.375],
			"to": [9.575, 4.075, 4.975],
			"faces": {
				"north": {"uv": [0, 0, 0.5125, 0.175], "texture": "#1"},
				"east": {"uv": [0, 0, 0.3, 0.175], "texture": "#1"},
				"south": {"uv": [0, 0, 0.5125, 0.175], "texture": "#1"},
				"west": {"uv": [0, 0, 0.3, 0.175], "texture": "#1"},
				"up": {"uv": [0, 0, 0.5125, 0.3], "texture": "#1"},
				"down": {"uv": [0, 0, 0.5125, 0.3], "texture": "#1"}
			}
		},
		{
			"from": [9.875, 0.975, 4.375],
			"to": [10.9, 1.325, 4.975],
			"faces": {
				"north": {"uv": [0, 0, 0.5125, 0.175], "texture": "#1"},
				"east": {"uv": [0, 0, 0.3, 0.175], "texture": "#1"},
				"south": {"uv": [0, 0, 0.5125, 0.175], "texture": "#1"},
				"west": {"uv": [0, 0, 0.3, 0.175], "texture": "#1"},
				"up": {"uv": [0, 0, 0.5125, 0.3], "texture": "#1"},
				"down": {"uv": [0, 0, 0.5125, 0.3], "texture": "#1"}
			}
		},
		{
			"from": [8.55, 0.975, 4.375],
			"to": [9.575, 1.325, 4.975],
			"faces": {
				"north": {"uv": [0, 0, 0.5125, 0.175], "texture": "#1"},
				"east": {"uv": [0, 0, 0.3, 0.175], "texture": "#1"},
				"south": {"uv": [0, 0, 0.5125, 0.175], "texture": "#1"},
				"west": {"uv": [0, 0, 0.3, 0.175], "texture": "#1"},
				"up": {"uv": [0, 0, 0.5125, 0.3], "texture": "#1"},
				"down": {"uv": [0, 0, 0.5125, 0.3], "texture": "#1"}
			}
		},
		{
			"from": [8.55, 3.4, 4.375],
			"to": [9.2, 3.725, 4.975],
			"faces": {
				"north": {"uv": [0, 0, 0.325, 0.1625], "texture": "#1"},
				"east": {"uv": [0, 0, 0.3, 0.1625], "texture": "#1"},
				"south": {"uv": [0, 0, 0.325, 0.1625], "texture": "#1"},
				"west": {"uv": [0, 0, 0.3, 0.1625], "texture": "#1"},
				"up": {"uv": [0, 0, 0.325, 0.3], "texture": "#1"},
				"down": {"uv": [0, 0, 0.325, 0.3], "texture": "#1"}
			}
		},
		{
			"from": [10.2, 3.425, 4.375],
			"to": [10.9, 3.75, 4.975],
			"faces": {
				"north": {"uv": [0, 0, 0.35, 0.1625], "texture": "#1"},
				"east": {"uv": [0, 0, 0.3, 0.1625], "texture": "#1"},
				"south": {"uv": [0, 0, 0.35, 0.1625], "texture": "#1"},
				"west": {"uv": [0, 0, 0.3, 0.1625], "texture": "#1"},
				"up": {"uv": [0, 0, 0.35, 0.3], "texture": "#1"},
				"down": {"uv": [0, 0, 0.35, 0.3], "texture": "#1"}
			}
		},
		{
			"from": [10.475, 1.65, 4.375],
			"to": [11.05, 3.425, 4.975],
			"faces": {
				"north": {"uv": [0, 0, 0.2875, 0.8875], "texture": "#1"},
				"east": {"uv": [0, 0, 0.3, 0.8875], "texture": "#1"},
				"south": {"uv": [0, 0, 0.2875, 0.8875], "texture": "#1"},
				"west": {"uv": [0, 0, 0.3, 0.8875], "texture": "#1"},
				"up": {"uv": [0, 0, 0.2875, 0.3], "texture": "#1"},
				"down": {"uv": [0, 0, 0.2875, 0.3], "texture": "#1"}
			}
		},
		{
			"from": [8.35, 1.65, 4.375],
			"to": [8.925, 3.4, 4.975],
			"faces": {
				"north": {"uv": [0, 0, 0.2875, 0.875], "texture": "#1"},
				"east": {"uv": [0, 0, 0.3, 0.875], "texture": "#1"},
				"south": {"uv": [0, 0, 0.2875, 0.875], "texture": "#1"},
				"west": {"uv": [0, 0, 0.3, 0.875], "texture": "#1"},
				"up": {"uv": [0, 0, 0.2875, 0.3], "texture": "#1"},
				"down": {"uv": [0, 0, 0.2875, 0.3], "texture": "#1"}
			}
		},
		{
			"from": [10.2, 1.325, 4.375],
			"to": [10.9, 1.65, 4.975],
			"faces": {
				"north": {"uv": [0, 0, 0.35, 0.1625], "texture": "#1"},
				"east": {"uv": [0, 0, 0.3, 0.1625], "texture": "#1"},
				"south": {"uv": [0, 0, 0.35, 0.1625], "texture": "#1"},
				"west": {"uv": [0, 0, 0.3, 0.1625], "texture": "#1"},
				"up": {"uv": [0, 0, 0.35, 0.3], "texture": "#1"},
				"down": {"uv": [0, 0, 0.35, 0.3], "texture": "#1"}
			}
		},
		{
			"from": [8.55, 1.325, 4.375],
			"to": [9.25, 1.65, 4.975],
			"faces": {
				"north": {"uv": [0, 0, 0.35, 0.1625], "texture": "#1"},
				"east": {"uv": [0, 0, 0.3, 0.1625], "texture": "#1"},
				"south": {"uv": [0, 0, 0.35, 0.1625], "texture": "#1"},
				"west": {"uv": [0, 0, 0.3, 0.1625], "texture": "#1"},
				"up": {"uv": [0, 0, 0.35, 0.3], "texture": "#1"},
				"down": {"uv": [0, 0, 0.35, 0.3], "texture": "#1"}
			}
		},
		{
			"from": [1.85, 2.025, 4.375],
			"to": [4.325, 2.525, 4.975],
			"faces": {
				"north": {"uv": [0, 0, 0.85, 0.225], "texture": "#1"},
				"east": {"uv": [0, 0, 0.3, 0.225], "texture": "#1"},
				"south": {"uv": [0, 0, 0.85, 0.225], "texture": "#1"},
				"west": {"uv": [0, 0, 0.3, 0.225], "texture": "#1"},
				"up": {"uv": [0, 0, 0.85, 0.3], "texture": "#1"},
				"down": {"uv": [0, 0, 0.85, 0.3], "texture": "#1"}
			}
		},
		{
			"from": [3.775, 2.525, 4.375],
			"to": [4.325, 4.375, 4.975],
			"rotation": {"angle": 0, "axis": "y", "origin": [0, 0.45, 0]},
			"faces": {
				"north": {"uv": [0, 0, 0.85, 0.225], "texture": "#1"},
				"east": {"uv": [0, 0, 0.3, 0.225], "texture": "#1"},
				"south": {"uv": [0, 0, 0.85, 0.225], "texture": "#1"},
				"west": {"uv": [0, 0, 0.3, 0.225], "texture": "#1"},
				"up": {"uv": [0, 0, 0.85, 0.3], "texture": "#1"},
				"down": {"uv": [0, 0, 0.85, 0.3], "texture": "#1"}
			}
		},
		{
			"from": [2.45, 2.525, 4.375],
			"to": [2.95, 4.375, 4.975],
			"rotation": {"angle": 0, "axis": "y", "origin": [-1.55, 0.45, 0]},
			"faces": {
				"north": {"uv": [0, 0, 0.85, 0.225], "texture": "#1"},
				"east": {"uv": [0, 0, 0.3, 0.225], "texture": "#1"},
				"south": {"uv": [0, 0, 0.85, 0.225], "texture": "#1"},
				"west": {"uv": [0, 0, 0.3, 0.225], "texture": "#1"},
				"up": {"uv": [0, 0, 0.85, 0.3], "texture": "#1"},
				"down": {"uv": [0, 0, 0.85, 0.3], "texture": "#1"}
			}
		},
		{
			"from": [2.45, 0.65, 4.375],
			"to": [2.95, 2.025, 4.975],
			"rotation": {"angle": 0, "axis": "y", "origin": [-1.55, -1.7, 0]},
			"faces": {
				"north": {"uv": [0, 0, 0.85, 0.225], "texture": "#1"},
				"east": {"uv": [0, 0, 0.3, 0.225], "texture": "#1"},
				"south": {"uv": [0, 0, 0.85, 0.225], "texture": "#1"},
				"west": {"uv": [0, 0, 0.3, 0.225], "texture": "#1"},
				"up": {"uv": [0, 0, 0.85, 0.3], "texture": "#1"},
				"down": {"uv": [0, 0, 0.85, 0.3], "texture": "#1"}
			}
		},
		{
			"from": [6.925, 1.475, 4.375],
			"to": [7.575, 1.725, 4.975],
			"faces": {
				"north": {"uv": [0, 0, 0.325, 0.125], "texture": "#1"},
				"east": {"uv": [0, 0, 0.3, 0.125], "texture": "#1"},
				"south": {"uv": [0, 0, 0.325, 0.125], "texture": "#1"},
				"west": {"uv": [0, 0, 0.3, 0.125], "texture": "#1"},
				"up": {"uv": [0, 0, 0.325, 0.3], "texture": "#1"},
				"down": {"uv": [0, 0, 0.325, 0.3], "texture": "#1"}
			}
		},
		{
			"from": [7.05, 1.275, 4.375],
			"to": [7.675, 1.475, 4.975],
			"faces": {
				"north": {"uv": [0, 0, 0.3125, 0.1], "texture": "#1"},
				"east": {"uv": [0, 0, 0.3, 0.1], "texture": "#1"},
				"south": {"uv": [0, 0, 0.3125, 0.1], "texture": "#1"},
				"west": {"uv": [0, 0, 0.3, 0.1], "texture": "#1"},
				"up": {"uv": [0, 0, 0.3125, 0.3], "texture": "#1"},
				"down": {"uv": [0, 0, 0.3125, 0.3], "texture": "#1"}
			}
		},
		{
			"from": [7.05, 1.125, 4.375],
			"to": [7.75, 1.275, 4.975],
			"faces": {
				"north": {"uv": [0, 0, 0.35, 0.075], "texture": "#1"},
				"east": {"uv": [0, 0, 0.3, 0.075], "texture": "#1"},
				"south": {"uv": [0, 0, 0.35, 0.075], "texture": "#1"},
				"west": {"uv": [0, 0, 0.3, 0.075], "texture": "#1"},
				"up": {"uv": [0, 0, 0.35, 0.3], "texture": "#1"},
				"down": {"uv": [0, 0, 0.35, 0.3], "texture": "#1"}
			}
		},
		{
			"from": [7.2, 1.725, 4.375],
			"to": [7.475, 2.05, 4.975],
			"faces": {
				"north": {"uv": [0, 0, 0.1375, 0.1625], "texture": "#1"},
				"east": {"uv": [0, 0, 0.3, 0.1625], "texture": "#1"},
				"south": {"uv": [0, 0, 0.1375, 0.1625], "texture": "#1"},
				"west": {"uv": [0, 0, 0.3, 0.1625], "texture": "#1"},
				"up": {"uv": [0, 0, 0.1375, 0.3], "texture": "#1"},
				"down": {"uv": [0, 0, 0.1375, 0.3], "texture": "#1"}
			}
		},
		{
			"from": [6.2, 1.85, 4.375],
			"to": [6.675, 2.025, 4.975],
			"faces": {
				"north": {"uv": [0, 0, 0.2375, 0.0875], "texture": "#1"},
				"east": {"uv": [0, 0, 0.3, 0.0875], "texture": "#1"},
				"south": {"uv": [0, 0, 0.2375, 0.0875], "texture": "#1"},
				"west": {"uv": [0, 0, 0.3, 0.0875], "texture": "#1"},
				"up": {"uv": [0, 0, 0.2375, 0.3], "texture": "#1"},
				"down": {"uv": [0, 0, 0.2375, 0.3], "texture": "#1"}
			}
		},
		{
			"from": [5.65, 2.425, 4.375],
			"to": [6.75, 2.6, 4.975],
			"faces": {
				"north": {"uv": [0, 0, 0.55, 0.0875], "texture": "#1"},
				"east": {"uv": [0, 0, 0.3, 0.0875], "texture": "#1"},
				"south": {"uv": [0, 0, 0.55, 0.0875], "texture": "#1"},
				"west": {"uv": [0, 0, 0.3, 0.0875], "texture": "#1"},
				"up": {"uv": [0, 0, 0.55, 0.3], "texture": "#1"},
				"down": {"uv": [0, 0, 0.55, 0.3], "texture": "#1"}
			}
		},
		{
			"from": [11.65, 0.65, 4.375],
			"to": [14.275, 1.125, 4.975],
			"faces": {
				"north": {"uv": [0, 0, 1.3125, 0.2375], "texture": "#1"},
				"east": {"uv": [0, 0, 0.3, 0.2375], "texture": "#1"},
				"south": {"uv": [0, 0, 1.3125, 0.2375], "texture": "#1"},
				"west": {"uv": [0, 0, 0.3, 0.2375], "texture": "#1"},
				"up": {"uv": [0, 0, 1.3125, 0.3], "texture": "#1"},
				"down": {"uv": [0, 0, 1.3125, 0.3], "texture": "#1"}
			}
		},
		{
			"from": [13.2, 1.725, 4.375],
			"to": [13.725, 2.225, 4.975],
			"faces": {
				"north": {"uv": [0, 0, 0.2625, 0.25], "texture": "#1"},
				"east": {"uv": [0, 0, 0.3, 0.25], "texture": "#1"},
				"south": {"uv": [0, 0, 0.2625, 0.25], "texture": "#1"},
				"west": {"uv": [0, 0, 0.3, 0.25], "texture": "#1"},
				"up": {"uv": [0, 0, 0.2625, 0.3], "texture": "#1"},
				"down": {"uv": [0, 0, 0.2625, 0.3], "texture": "#1"}
			}
		},
		{
			"from": [12.475, 2.025, 4.375],
			"to": [13.2, 2.225, 4.975],
			"faces": {
				"north": {"uv": [0, 0, 0.3625, 0.1], "texture": "#1"},
				"east": {"uv": [0, 0, 0.3, 0.1], "texture": "#1"},
				"south": {"uv": [0, 0, 0.3625, 0.1], "texture": "#1"},
				"west": {"uv": [0, 0, 0.3, 0.1], "texture": "#1"},
				"up": {"uv": [0, 0, 0.3625, 0.3], "texture": "#1"},
				"down": {"uv": [0, 0, 0.3625, 0.3], "texture": "#1"}
			}
		},
		{
			"from": [12.175, 2.225, 4.375],
			"to": [13.475, 2.425, 4.975],
			"faces": {
				"north": {"uv": [0, 0, 0.65, 0.1], "texture": "#1"},
				"east": {"uv": [0, 0, 0.3, 0.1], "texture": "#1"},
				"south": {"uv": [0, 0, 0.65, 0.1], "texture": "#1"},
				"west": {"uv": [0, 0, 0.3, 0.1], "texture": "#1"},
				"up": {"uv": [0, 0, 0.65, 0.3], "texture": "#1"},
				"down": {"uv": [0, 0, 0.65, 0.3], "texture": "#1"}
			}
		},
		{
			"from": [11.85, 2.4, 4.375],
			"to": [12.175, 2.6, 4.975],
			"faces": {
				"north": {"uv": [0, 0, 0.1625, 0.1], "texture": "#1"},
				"east": {"uv": [0, 0, 0.3, 0.1], "texture": "#1"},
				"south": {"uv": [0, 0, 0.1625, 0.1], "texture": "#1"},
				"west": {"uv": [0, 0, 0.3, 0.1], "texture": "#1"},
				"up": {"uv": [0, 0, 0.1625, 0.3], "texture": "#1"},
				"down": {"uv": [0, 0, 0.1625, 0.3], "texture": "#1"}
			}
		},
		{
			"from": [11.65, 2.6, 4.375],
			"to": [12.325, 3.825, 4.975],
			"faces": {
				"north": {"uv": [0, 0, 0.3375, 0.6125], "texture": "#1"},
				"east": {"uv": [0, 0, 0.3, 0.6125], "texture": "#1"},
				"south": {"uv": [0, 0, 0.3375, 0.6125], "texture": "#1"},
				"west": {"uv": [0, 0, 0.3, 0.6125], "texture": "#1"},
				"up": {"uv": [0, 0, 0.3375, 0.3], "texture": "#1"},
				"down": {"uv": [0, 0, 0.3375, 0.3], "texture": "#1"}
			}
		},
		{
			"from": [12.325, 2.6, 4.375],
			"to": [12.85, 2.85, 4.975],
			"faces": {
				"north": {"uv": [0, 0, 0.2625, 0.125], "texture": "#1"},
				"east": {"uv": [0, 0, 0.3, 0.125], "texture": "#1"},
				"south": {"uv": [0, 0, 0.2625, 0.125], "texture": "#1"},
				"west": {"uv": [0, 0, 0.3, 0.125], "texture": "#1"},
				"up": {"uv": [0, 0, 0.2625, 0.3], "texture": "#1"},
				"down": {"uv": [0, 0, 0.2625, 0.3], "texture": "#1"}
			}
		},
		{
			"from": [12.325, 3.625, 4.375],
			"to": [12.9, 3.825, 4.975],
			"faces": {
				"north": {"uv": [0, 0, 0.2875, 0.1], "texture": "#1"},
				"east": {"uv": [0, 0, 0.3, 0.1], "texture": "#1"},
				"south": {"uv": [0, 0, 0.2875, 0.1], "texture": "#1"},
				"west": {"uv": [0, 0, 0.3, 0.1], "texture": "#1"},
				"up": {"uv": [0, 0, 0.2875, 0.3], "texture": "#1"},
				"down": {"uv": [0, 0, 0.2875, 0.3], "texture": "#1"}
			}
		},
		{
			"from": [11.875, 3.825, 4.375],
			"to": [13.55, 4.375, 4.975],
			"faces": {
				"north": {"uv": [0, 0, 0.8375, 0.275], "texture": "#1"},
				"east": {"uv": [0, 0, 0.3, 0.275], "texture": "#1"},
				"south": {"uv": [0, 0, 0.8375, 0.275], "texture": "#1"},
				"west": {"uv": [0, 0, 0.3, 0.275], "texture": "#1"},
				"up": {"uv": [0, 0, 0.8375, 0.3], "texture": "#1"},
				"down": {"uv": [0, 0, 0.8375, 0.3], "texture": "#1"}
			}
		},
		{
			"from": [13.55, 3.6, 4.375],
			"to": [13.85, 4.1, 4.975],
			"faces": {
				"north": {"uv": [0, 0, 0.15, 0.25], "texture": "#1"},
				"east": {"uv": [0, 0, 0.3, 0.25], "texture": "#1"},
				"south": {"uv": [0, 0, 0.15, 0.25], "texture": "#1"},
				"west": {"uv": [0, 0, 0.3, 0.25], "texture": "#1"},
				"up": {"uv": [0, 0, 0.15, 0.3], "texture": "#1"},
				"down": {"uv": [0, 0, 0.15, 0.3], "texture": "#1"}
			}
		},
		{
			"from": [13.85, 3.425, 4.375],
			"to": [14.15, 3.95, 4.975],
			"faces": {
				"north": {"uv": [0, 0, 0.15, 0.2625], "texture": "#1"},
				"east": {"uv": [0, 0, 0.3, 0.2625], "texture": "#1"},
				"south": {"uv": [0, 0, 0.15, 0.2625], "texture": "#1"},
				"west": {"uv": [0, 0, 0.3, 0.2625], "texture": "#1"},
				"up": {"uv": [0, 0, 0.15, 0.3], "texture": "#1"},
				"down": {"uv": [0, 0, 0.15, 0.3], "texture": "#1"}
			}
		},
		{
			"from": [13.45, 1.475, 4.375],
			"to": [14.1, 1.725, 4.975],
			"faces": {
				"north": {"uv": [0, 0, 0.325, 0.125], "texture": "#1"},
				"east": {"uv": [0, 0, 0.3, 0.125], "texture": "#1"},
				"south": {"uv": [0, 0, 0.325, 0.125], "texture": "#1"},
				"west": {"uv": [0, 0, 0.3, 0.125], "texture": "#1"},
				"up": {"uv": [0, 0, 0.325, 0.3], "texture": "#1"},
				"down": {"uv": [0, 0, 0.325, 0.3], "texture": "#1"}
			}
		},
		{
			"from": [13.575, 1.275, 4.375],
			"to": [14.2, 1.475, 4.975],
			"faces": {
				"north": {"uv": [0, 0, 0.3125, 0.1], "texture": "#1"},
				"east": {"uv": [0, 0, 0.3, 0.1], "texture": "#1"},
				"south": {"uv": [0, 0, 0.3125, 0.1], "texture": "#1"},
				"west": {"uv": [0, 0, 0.3, 0.1], "texture": "#1"},
				"up": {"uv": [0, 0, 0.3125, 0.3], "texture": "#1"},
				"down": {"uv": [0, 0, 0.3125, 0.3], "texture": "#1"}
			}
		},
		{
			"from": [13.575, 1.125, 4.375],
			"to": [14.275, 1.275, 4.975],
			"faces": {
				"north": {"uv": [0, 0, 0.35, 0.075], "texture": "#1"},
				"east": {"uv": [0, 0, 0.3, 0.075], "texture": "#1"},
				"south": {"uv": [0, 0, 0.35, 0.075], "texture": "#1"},
				"west": {"uv": [0, 0, 0.3, 0.075], "texture": "#1"},
				"up": {"uv": [0, 0, 0.35, 0.3], "texture": "#1"},
				"down": {"uv": [0, 0, 0.35, 0.3], "texture": "#1"}
			}
		},
		{
			"from": [13.725, 1.725, 4.375],
			"to": [14, 2.05, 4.975],
			"faces": {
				"north": {"uv": [0, 0, 0.1375, 0.1625], "texture": "#1"},
				"east": {"uv": [0, 0, 0.3, 0.1625], "texture": "#1"},
				"south": {"uv": [0, 0, 0.1375, 0.1625], "texture": "#1"},
				"west": {"uv": [0, 0, 0.3, 0.1625], "texture": "#1"},
				"up": {"uv": [0, 0, 0.1375, 0.3], "texture": "#1"},
				"down": {"uv": [0, 0, 0.1375, 0.3], "texture": "#1"}
			}
		},
		{
			"from": [12.725, 1.85, 4.375],
			"to": [13.2, 2.025, 4.975],
			"faces": {
				"north": {"uv": [0, 0, 0.2375, 0.0875], "texture": "#1"},
				"east": {"uv": [0, 0, 0.3, 0.0875], "texture": "#1"},
				"south": {"uv": [0, 0, 0.2375, 0.0875], "texture": "#1"},
				"west": {"uv": [0, 0, 0.3, 0.0875], "texture": "#1"},
				"up": {"uv": [0, 0, 0.2375, 0.3], "texture": "#1"},
				"down": {"uv": [0, 0, 0.2375, 0.3], "texture": "#1"}
			}
		},
		{
			"from": [12.175, 2.425, 4.375],
			"to": [13.275, 2.6, 4.975],
			"faces": {
				"north": {"uv": [0, 0, 0.55, 0.0875], "texture": "#1"},
				"east": {"uv": [0, 0, 0.3, 0.0875], "texture": "#1"},
				"south": {"uv": [0, 0, 0.55, 0.0875], "texture": "#1"},
				"west": {"uv": [0, 0, 0.3, 0.0875], "texture": "#1"},
				"up": {"uv": [0, 0, 0.55, 0.3], "texture": "#1"},
				"down": {"uv": [0, 0, 0.55, 0.3], "texture": "#1"}
			}
		},
		{
			"from": [4.8, 8.75, 5],
			"to": [10.8, 14.75, 11],
			"rotation": {"angle": 0, "axis": "y", "origin": [7.45, 11.7, 8]},
			"faces": {
				"north": {"uv": [12, 4, 16, 8], "texture": "#4"},
				"east": {"uv": [8, 4, 12, 8], "texture": "#4"},
				"south": {"uv": [4, 4, 8, 8], "texture": "#4"},
				"west": {"uv": [0, 4, 4, 8], "texture": "#4"},
				"up": {"uv": [8, 4, 4, 0], "rotation": 180, "texture": "#4"},
				"down": {"uv": [12, 0, 8, 4], "rotation": 180, "texture": "#4"}
			}
		},
		{
			"from": [9.275, 11, 11],
			"to": [11.4, 11.75, 11.125],
			"rotation": {"angle": 0, "axis": "y", "origin": [7.45, 11.7, 8]},
			"faces": {
				"north": {"uv": [7.5, 3.5, 8.625, 3.875], "texture": "#3"},
				"east": {"uv": [9, 1.5, 9.125, 1.875], "texture": "#3"},
				"south": {"uv": [7.5, 3, 8.53438, 3.375], "texture": "#3"},
				"west": {"uv": [1.5, 9, 1.625, 9.375], "texture": "#3"},
				"up": {"uv": [9.625, 7.125, 8.5, 7], "rotation": 180, "texture": "#3"},
				"down": {"uv": [8.625, 8.5, 7.5, 8.625], "rotation": 180, "texture": "#3"}
			}
		},
		{
			"from": [11.4, 11.75, 8.125],
			"to": [11.525, 12.5, 10.375],
			"rotation": {"angle": 0, "axis": "y", "origin": [7.45, 11.7, 8]},
			"faces": {
				"north": {"uv": [9, 1.5, 9.125, 1.875], "texture": "#3"},
				"east": {"uv": [7.5, 3, 8.625, 3.375], "texture": "#3"},
				"south": {"uv": [1.5, 9, 1.625, 9.375], "texture": "#3"},
				"west": {"uv": [7.5, 3.5, 8.625, 3.875], "texture": "#3"},
				"up": {"uv": [9.625, 7.125, 8.5, 7], "rotation": 90, "texture": "#3"},
				"down": {"uv": [8.625, 8.5, 7.5, 8.625], "rotation": 270, "texture": "#3"}
			}
		},
		{
			"from": [4.025, 11.75, 8.125],
			"to": [4.15, 12.5, 10.375],
			"rotation": {"angle": 0, "axis": "y", "origin": [7.45, 11.7, 8]},
			"faces": {
				"north": {"uv": [9, 1.5, 9.125, 1.875], "texture": "#3"},
				"east": {"uv": [7.5, 3, 8.625, 3.375], "texture": "#3"},
				"south": {"uv": [1.5, 9, 1.625, 9.375], "texture": "#3"},
				"west": {"uv": [7.5, 3.5, 8.625, 3.875], "texture": "#3"},
				"up": {"uv": [9.625, 7.125, 8.5, 7], "rotation": 90, "texture": "#3"},
				"down": {"uv": [8.625, 8.5, 7.5, 8.625], "rotation": 270, "texture": "#3"}
			}
		},
		{
			"from": [4.025, 11, 9.65],
			"to": [4.15, 11.75, 11.125],
			"rotation": {"angle": 0, "axis": "y", "origin": [7.45, 11.7, 8]},
			"faces": {
				"north": {"uv": [9, 1.5, 9.125, 1.875], "texture": "#3"},
				"east": {"uv": [7.8875, 3, 8.625, 3.375], "texture": "#3"},
				"south": {"uv": [1.5, 9, 1.625, 9.375], "texture": "#3"},
				"west": {"uv": [7.5, 3.5, 8.2375, 3.875], "texture": "#3"},
				"up": {"uv": [9.625, 7.125, 8.8875, 7], "rotation": 90, "texture": "#3"},
				"down": {"uv": [8.625, 8.5, 7.8875, 8.625], "rotation": 270, "texture": "#3"}
			}
		},
		{
			"from": [11.4, 11, 9.65],
			"to": [11.525, 11.75, 11.125],
			"rotation": {"angle": 0, "axis": "y", "origin": [7.45, 11.7, 8]},
			"faces": {
				"north": {"uv": [9, 1.5, 9.125, 1.875], "texture": "#3"},
				"east": {"uv": [7.8875, 3, 8.625, 3.375], "texture": "#3"},
				"south": {"uv": [1.5, 9, 1.625, 9.375], "texture": "#3"},
				"west": {"uv": [7.5, 3.5, 8.2375, 3.875], "texture": "#3"},
				"up": {"uv": [9.625, 7.125, 8.8875, 7], "rotation": 90, "texture": "#3"},
				"down": {"uv": [8.625, 8.5, 7.8875, 8.625], "rotation": 270, "texture": "#3"}
			}
		},
		{
			"from": [8.55, 10.25, 11],
			"to": [10.8, 11, 11.125],
			"rotation": {"angle": 0, "axis": "y", "origin": [7.45, 11.7, 8]},
			"faces": {
				"north": {"uv": [7.5, 4.5, 8.625, 4.875], "texture": "#3"},
				"east": {"uv": [9, 2, 9.125, 2.375], "texture": "#3"},
				"south": {"uv": [7.5, 4, 8.625, 4.375], "texture": "#3"},
				"west": {"uv": [2, 9, 2.125, 9.375], "texture": "#3"},
				"up": {"uv": [9.625, 7.625, 8.5, 7.5], "rotation": 180, "texture": "#3"},
				"down": {"uv": [9.625, 8, 8.5, 8.125], "rotation": 180, "texture": "#3"}
			}
		},
		{
			"from": [4.1, 11, 11],
			"to": [6.3, 11.75, 11.125],
			"rotation": {"angle": 0, "axis": "y", "origin": [7.45, 11.7, 8]},
			"faces": {
				"north": {"uv": [7.5, 5.5, 8.625, 5.875], "texture": "#3"},
				"east": {"uv": [9, 2.5, 9.125, 2.875], "texture": "#3"},
				"south": {"uv": [7.5, 5, 8.625, 5.375], "texture": "#3"},
				"west": {"uv": [2.5, 9, 2.625, 9.375], "texture": "#3"},
				"up": {"uv": [1.125, 9.125, 0, 9], "rotation": 180, "texture": "#3"},
				"down": {"uv": [10.125, 0, 9, 0.125], "rotation": 180, "texture": "#3"}
			}
		},
		{
			"from": [4.8, 10.25, 11],
			"to": [7.05, 11, 11.125],
			"rotation": {"angle": 0, "axis": "y", "origin": [7.45, 11.7, 8]},
			"faces": {
				"north": {"uv": [7.5, 6.5, 8.625, 6.875], "texture": "#3"},
				"east": {"uv": [9, 3, 9.125, 3.375], "texture": "#3"},
				"south": {"uv": [7.5, 6, 8.625, 6.375], "texture": "#3"},
				"west": {"uv": [3, 9, 3.125, 9.375], "texture": "#3"},
				"up": {"uv": [10.125, 0.625, 9, 0.5], "rotation": 180, "texture": "#3"},
				"down": {"uv": [10.125, 1, 9, 1.125], "rotation": 180, "texture": "#3"}
			}
		},
		{
			"from": [7.7, 2.275, 7.05],
			"to": [8.7, 8.275, 8.05],
			"rotation": {"angle": 22.5, "axis": "z", "origin": [7.7, 2.275, 9.05]},
			"faces": {
				"north": {"uv": [0, 9.5, 1, 13.5], "texture": "#4"},
				"east": {"uv": [3, 9.5, 4, 13.5], "texture": "#4"},
				"south": {"uv": [2, 9.5, 3, 13.5], "texture": "#4"},
				"west": {"uv": [1, 9.5, 2, 13.5], "texture": "#4"},
				"up": {"uv": [2, 9.5, 1, 8.5], "texture": "#4"},
				"down": {"uv": [3, 8.5, 2, 9.5], "texture": "#4"}
			}
		},
		{
			"from": [7.5, 3.525, 7.925],
			"to": [8.5, 9.525, 8.925],
			"rotation": {"angle": -22.5, "axis": "x", "origin": [7.5, 3.525, 9.925]},
			"faces": {
				"north": {"uv": [0, 9.5, 1, 13.5], "texture": "#4"},
				"east": {"uv": [3, 9.5, 4, 13.5], "texture": "#4"},
				"south": {"uv": [2, 9.5, 3, 13.5], "texture": "#4"},
				"west": {"uv": [1, 9.5, 2, 13.5], "texture": "#4"},
				"up": {"uv": [2, 9.5, 1, 8.5], "texture": "#4"},
				"down": {"uv": [3, 8.5, 2, 9.5], "texture": "#4"}
			}
		},
		{
			"from": [7.925, 3.25, 7.45],
			"to": [8.925, 9.25, 8.45],
			"rotation": {"angle": -22.5, "axis": "z", "origin": [7.925, 3.25, 9.45]},
			"faces": {
				"north": {"uv": [0, 9.5, 1, 13.5], "texture": "#4"},
				"east": {"uv": [3, 9.5, 4, 13.5], "texture": "#4"},
				"south": {"uv": [2, 9.5, 3, 13.5], "texture": "#4"},
				"west": {"uv": [1, 9.5, 2, 13.5], "texture": "#4"},
				"up": {"uv": [2, 9.5, 1, 8.5], "texture": "#4"},
				"down": {"uv": [3, 8.5, 2, 9.5], "texture": "#4"}
			}
		},
		{
			"from": [4, 4.7, 4],
			"to": [12, 6.7, 12],
			"rotation": {"angle": 0, "axis": "y", "origin": [7, 4.7, 7]},
			"faces": {
				"north": {"uv": [4, 10.88, 7.93333, 11.88], "texture": "#6"},
				"east": {"uv": [0, 10.88, 3.93333, 11.88], "texture": "#6"},
				"south": {"uv": [12.06667, 10.88, 16, 11.88], "texture": "#6"},
				"west": {"uv": [8, 10.88, 11.93333, 11.88], "texture": "#6"},
				"up": {"uv": [0, 15.28, 5, 15.88], "texture": "#6"},
				"down": {"uv": [0, 10.88, 5, 15.88], "texture": "#6"}
			}
		},
		{
			"from": [6, 5.45, 6],
			"to": [10, 8.45, 10],
			"rotation": {"angle": 0, "axis": "y", "origin": [7, 6.45, 7]},
			"faces": {
				"north": {"uv": [4, 2.21333, 7.93333, 3.34667], "texture": "#6"},
				"east": {"uv": [0, 2.21333, 3.93333, 3.34667], "texture": "#6"},
				"south": {"uv": [12.06667, 2.21333, 16, 3.34667], "texture": "#6"},
				"west": {"uv": [8, 2.21333, 11.93333, 3.34667], "texture": "#6"},
				"up": {"uv": [0, 15.28, 5, 15.88], "texture": "#6"},
				"down": {"uv": [0, 10.88, 5, 15.88], "texture": "#6"}
			}
		},
		{
			"from": [6, 2.45, 6],
			"to": [10, 5.45, 10],
			"rotation": {"angle": 0, "axis": "y", "origin": [7, 3.45, 7]},
			"faces": {
				"north": {"uv": [4, 4.61333, 7.93333, 5.74667], "texture": "#6"},
				"east": {"uv": [0, 4.61333, 3.93333, 5.74667], "texture": "#6"},
				"south": {"uv": [12.06667, 4.61333, 16, 5.74667], "texture": "#6"},
				"west": {"uv": [8, 4.61333, 11.93333, 5.74667], "texture": "#6"},
				"up": {"uv": [0, 15.28, 5, 15.88], "texture": "#6"},
				"down": {"uv": [0, 10.88, 5, 15.88], "texture": "#6"}
			}
		},
		{
			"from": [3.5, 6.7, 3.5],
			"to": [12.5, 8.7, 12.5],
			"rotation": {"angle": 0, "axis": "y", "origin": [7, 6.7, 7]},
			"faces": {
				"north": {"uv": [4, 9.28, 7.9363, 10.28], "texture": "#6"},
				"east": {"uv": [0, 9.28, 3.93333, 10.28], "texture": "#6"},
				"south": {"uv": [12.0637, 9.28, 16, 10.28], "texture": "#6"},
				"west": {"uv": [8, 9.28, 11.93333, 10.28], "texture": "#6"},
				"up": {"uv": [0.55556, 15.28, 5, 15.88], "texture": "#6"},
				"down": {"uv": [0.55556, 10.88, 5, 15.88], "texture": "#6"}
			}
		}
	],
	"display": {
		"thirdperson_righthand": {
			"translation": [0, 7.5, -1]
		},
		"thirdperson_lefthand": {
			"translation": [0, 7.5, -1]
		},
		"firstperson_righthand": {
			"rotation": [-33, -67, 0],
			"translation": [4.5, -4.5, 0],
			"scale": [2, 2, 2]
		},
		"firstperson_lefthand": {
			"rotation": [-20, -39, 0],
			"translation": [2.5, -1.25, 0],
			"scale": [2, 2, 2]
		},
		"ground": {
			"translation": [0, 16.25, 0],
			"scale": [2.4, 2.4, 2.4]
		},
		"gui": {
			"rotation": [23, 32, 0],
			"translation": [0, 2.25, 0]
		},
		"head": {
			"rotation": [0, 180, 0],
			"translation": [0, 22.35, 0],
			"scale": [2, 2, 2]
		},
		"fixed": {
			"rotation": [-90, 0, 0],
			"translation": [0, 0, -32],
			"scale": [4, 4, 4]
		}
	},
	"groups": [
		0,
		{
			"name": "H",
			"origin": [0, 0, 0],
			"color": 0,
			"children": [1, 2, 3]
		},
		{
			"name": "O",
			"origin": [0, 0, 0],
			"color": 0,
			"children": [4, 5, 6, 7, 8, 9, 10, 11, 12, 13, 14, 15, 16, 17, 18, 19, 20, 21, 22, 23]
		},
		{
			"name": "W",
			"origin": [0, 0, 0],
			"color": 0,
			"children": [24, 25, 26, 27, 28, 29, 30, 31, 32, 33, 34, 35]
		},
		{
			"name": "number",
			"origin": [0, 0, 0],
			"color": 0,
			"children": [
				36,
				37,
				38,
				39,
				40,
				41,
				42,
				43,
				44,
				45,
				46,
				47,
				48,
				49,
				50,
				51,
				52,
				53,
				54,
				55,
				56,
				57,
				58,
				59,
				60,
				61,
				62,
				63,
				64,
				65,
				66,
				67,
				68,
				69,
				70,
				71,
				72,
				73,
				74,
				75,
				76,
				77,
				78,
				79,
				80,
				81,
				82,
				83,
				84,
				85
			]
		},
		{
			"name": "breeze",
			"origin": [8.625, 3.25, 7.925],
			"color": 0,
			"children": [86, 87, 88, 89, 90, 91, 92, 93, 94, 95, 96, 97]
		},
		98,
		99,
		100,
		101
	]
}