{
	"credit": "Made with Blockbench",
	"texture_size": [32, 32],
	"textures": {
		"1": "item/vip/admin_models/20000_figure",
		"2": "item/vip/admin_models/babu",
		"particle": "item/vip/admin_models/babu"
	},
	"elements": [
		{
			"name": "head",
			"from": [0.5, 9, 0.5],
			"to": [15.5, 24, 15.5],
			"rotation": {"angle": 0, "axis": "x", "origin": [7.5, 10.5, 7.5]},
			"faces": {
				"north": {"uv": [2, 2, 4, 4], "texture": "#2"},
				"east": {"uv": [0, 2, 2, 4], "texture": "#2"},
				"south": {"uv": [6, 2, 8, 4], "texture": "#2"},
				"west": {"uv": [4, 2, 6, 4], "texture": "#2"},
				"up": {"uv": [4, 2, 2, 0], "texture": "#2"},
				"down": {"uv": [6, 0, 4, 2], "texture": "#2"}
			}
		},
		{
			"name": "body",
			"from": [4, -3, 5],
			"to": [12, 9, 11],
			"rotation": {"angle": 0, "axis": "y", "origin": [0, -14.5, 0]},
			"faces": {
				"north": {"uv": [5, 5, 7, 8], "texture": "#2"},
				"east": {"uv": [4, 5, 5, 8], "texture": "#2"},
				"south": {"uv": [8, 5, 10, 8], "texture": "#2"},
				"west": {"uv": [7, 5, 8, 8], "texture": "#2"},
				"up": {"uv": [7, 5, 5, 4], "texture": "#2"},
				"down": {"uv": [9, 4, 7, 5], "texture": "#2"}
			}
		},
		{
			"name": "right_arm",
			"from": [11, -2, 6],
			"to": [15, 11, 10],
			"rotation": {"angle": 22.5, "axis": "z", "origin": [14, 8.5, 8]},
			"faces": {
				"north": {"uv": [11, 5, 11.75, 8], "texture": "#2"},
				"east": {"uv": [10, 5, 11, 8], "texture": "#2"},
				"south": {"uv": [12.75, 5, 13.5, 8], "texture": "#2"},
				"west": {"uv": [11.75, 5, 12.75, 8], "texture": "#2"},
				"up": {"uv": [11.75, 5, 11, 4], "texture": "#2"},
				"down": {"uv": [12.5, 4, 11.75, 5], "texture": "#2"}
			}
		},
		{
			"name": "right_arm",
			"from": [1, -3, 6],
			"to": [5, 10, 10],
			"rotation": {"angle": -22.5, "axis": "z", "origin": [3, 7.5, 8]},
			"faces": {
				"north": {"uv": [11, 5, 11.75, 8], "texture": "#2"},
				"east": {"uv": [10, 5, 11, 8], "texture": "#2"},
				"south": {"uv": [12.75, 5, 13.5, 8], "texture": "#2"},
				"west": {"uv": [11.75, 5, 12.75, 8], "texture": "#2"},
				"up": {"uv": [11.75, 5, 11, 4], "texture": "#2"},
				"down": {"uv": [12.5, 4, 11.75, 5], "texture": "#2"}
			}
		},
		{
			"name": "right_leg",
			"from": [4, -5.9, -1.5],
			"to": [8, -1.9, 9.5],
			"rotation": {"angle": 22.5, "axis": "y", "origin": [8, -4.9, 8]},
			"faces": {
				"north": {"uv": [7, 12, 6, 13], "rotation": 180, "texture": "#2"},
				"east": {"uv": [4, 13, 5, 16], "rotation": 270, "texture": "#2"},
				"south": {"uv": [6, 13, 5, 12], "texture": "#2"},
				"west": {"uv": [6, 13, 7, 16], "rotation": 90, "texture": "#2"},
				"up": {"uv": [5, 13, 6, 16], "rotation": 180, "texture": "#2"},
				"down": {"uv": [7, 13, 8, 16], "texture": "#2"}
			}
		},
		{
			"name": "left_leg",
			"from": [8, -5.9, -1.5],
			"to": [11.95, -1.9, 9.5],
			"rotation": {"angle": -22.5, "axis": "y", "origin": [8, -4.9, 8]},
			"faces": {
				"north": {"uv": [3, 4, 2, 5], "rotation": 180, "texture": "#2"},
				"east": {"uv": [0, 5, 1, 8], "rotation": 270, "texture": "#2"},
				"south": {"uv": [2, 5, 1, 4], "texture": "#2"},
				"west": {"uv": [2, 5, 3, 8], "rotation": 90, "texture": "#2"},
				"up": {"uv": [1, 5, 2, 8], "rotation": 180, "texture": "#2"},
				"down": {"uv": [3, 5, 4, 8], "texture": "#2"}
			}
		},
		{
			"name": "head_2nd_layer",
			"from": [0, 16.5, 0],
			"to": [16, 18.5, 16],
			"rotation": {"angle": 0, "axis": "x", "origin": [7.5, 10.5, 7.5]},
			"faces": {
				"north": {"uv": [10, 2.75, 12, 3], "texture": "#2"},
				"east": {"uv": [8, 2.75, 10, 3], "texture": "#2"},
				"south": {"uv": [14, 2.75, 16, 3], "texture": "#2"},
				"west": {"uv": [12, 2.75, 14, 3], "texture": "#2"},
				"up": {"uv": [12, 3, 10, 2.75], "texture": "#2"},
				"down": {"uv": [14, 2.75, 12, 3], "texture": "#2"}
			}
		},
		{
			"name": "plate",
			"from": [-1, -8, -4],
			"to": [17, -6, 14],
			"rotation": {"angle": 0, "axis": "x", "origin": [0, -8, 7]},
			"faces": {
				"north": {"uv": [8, 0, 16, 1], "texture": "#1"},
				"east": {"uv": [8, 2, 14, 3], "texture": "#1"},
				"south": {"uv": [8, 1, 16, 2], "texture": "#1"},
				"west": {"uv": [8, 3, 14, 4], "texture": "#1"},
				"up": {"uv": [8, 6, 0, 0], "texture": "#1"},
				"down": {"uv": [8, 6, 0, 12], "texture": "#1"}
			}
		}
	],
	"display": {
		"thirdperson_righthand": {
			"rotation": [40, 0, 0],
			"translation": [0, 4.25, 2.5],
			"scale": [0.3, 0.3, 0.3]
		},
		"thirdperson_lefthand": {
			"rotation": [28, 180, 0],
			"translation": [0, 0, 0.5],
			"scale": [0.3, 0.3, 0.3]
		},
		"firstperson_righthand": {
			"rotation": [-14, 145, 0],
			"translation": [1.25, 1.5, 0],
			"scale": [0.3, 0.3, 0.3]
		},
		"firstperson_lefthand": {
			"rotation": [0, 125, 0],
			"translation": [0, 1.75, 0],
			"scale": [0.35, 0.35, 0.35]
		},
		"ground": {
			"translation": [0, 4.75, 0],
			"scale": [0.3, 0.3, 0.3]
		},
		"gui": {
			"rotation": [25, -145, 2],
			"translation": [0, -0.5, 0],
			"scale": [0.3, 0.3, 0.3]
		},
		"head": {
			"translation": [0, 11.96, 1],
			"scale": [0.4, 0.4, 0.4]
		},
		"fixed": {
			"rotation": [-90, 0, 0],
			"translation": [0, 2.75, -16]
		}
	},
	"groups": [
		{
			"name": "player",
			"origin": [8, 8, 8],
			"color": 0,
			"children": [0, 1, 2, 3, 4, 5, 6]
		},
		7
	]
}