{
    "model": {
        "type": "range_dispatch",
        "property": "custom_model_data",
        "fallback": {
            "type": "model",
            "model": "item/diamond_sword"
        },
        "entries": [
            {
                "threshold": 1337001,
                "model": {
                    "type": "model",
                    "model": "custom/fish_diamond_sword"
                }
            },
            {
                "threshold": 1337002,
                "model": {
                    "type": "model",
                    "model": "japan/katana/test"
                }
            }
        ]
    }
}