{
    "model": {
        "type": "range_dispatch",
        "property": "custom_model_data",
        "fallback": {
            "type": "model",
            "model": "item/flint"
        },
        "entries": [
            {
                "threshold": 1337001,
                "model": {
                    "type": "model",
                    "model": "ccr/discard"
                }
            },
            {
                "threshold": 1337002,
                "model": {
                    "type": "model",
                    "model": "drink/empty"
                }
            },
            {
                "threshold": 1337003,
                "model": {
                    "type": "model",
                    "model": "special_event/april_fools_2024/weird"
                }
            },
            {
                "threshold": 1337004,
                "model": {
                    "type": "model",
                    "model": "special_event/april_fools_2025/rock"
                }
            }
        ]
    }
}