{
    "model": {
        "type": "range_dispatch",
        "property": "custom_model_data",
        "fallback": {
            "type": "model",
            "model": "item/mace"
        },
        "entries": [
            {
                "threshold": 1337001,
                "model": {
                    "type": "model",
                    "model": "mace/hammer_front"
                }
            },
            {
                "threshold": 1337002,
                "model": {
                    "type": "model",
                    "model": "mace/hammer_back"
                }
            },
            {
                "threshold": 1337003,
                "model": {
                    "type": "model",
                    "model": "vip/how_hammer"
                }
            },
            {
                "threshold": 1337004,
                "model": {
                    "type": "model",
                    "model": "hammer/default"
                }
            },
            {
                "threshold": 1337005,
                "model": {
                    "type": "model",
                    "model": "hammer/stone"
                }
            },
            {
                "threshold": 1337006,
                "model": {
                    "type": "model",
                    "model": "hammer/wood"
                }
            },
            {
                "threshold": 1337007,
                "model": {
                    "type": "model",
                    "model": "hammer/gold/stone"
                }
            },
            {
                "threshold": 1337008,
                "model": {
                    "type": "model",
                    "model": "hammer/gold/wood"
                }
            }
        ]
    }
}