{
    "model": {
        "type": "range_dispatch",
        "property": "custom_model_data",
        "fallback": {
            "type": "model",
            "model": "item/netherite_axe"
        },
        "entries": [
            {
                "threshold": 1337001,
                "model": {
                    "type": "model",
                    "model": "tools/amethyst_tools/amethyst_axe"
                }
            },
            {
                "threshold": 1337002,
                "model": {
                    "type": "model",
                    "model": "tools/emerald_tools/emerald_axe"
                }
            },
            {
                "threshold": 1337003,
                "model": {
                    "type": "model",
                    "model": "tools/copper_tools/copper_axe"
                }
            },
            {
                "threshold": 1337004,
                "model": {
                    "type": "model",
                    "model": "tools/lapis_lazuli_tools/lapis_lazuli_axe"
                }
            },
            {
                "threshold": 1337005,
                "model": {
                    "type": "model",
                    "model": "tools/sculk_tools/sculk_axe"
                }
            },
            {
                "threshold": 1337010,
                "model": {
                    "type": "model",
                    "model": "bbq/pig_blood_gao"
                }
            }
        ]
    }
}