{
    "model": {
        "type": "range_dispatch",
        "property": "custom_model_data",
        "fallback": {
            "type": "model",
            "model": "item/netherite_hoe"
        },
        "entries": [
            {
                "threshold": 1337001,
                "model": {
                    "type": "model",
                    "model": "tools/amethyst_tools/amethyst_hoe"
                }
            },
            {
                "threshold": 1337002,
                "model": {
                    "type": "model",
                    "model": "tools/emerald_tools/emerald_hoe"
                }
            },
            {
                "threshold": 1337003,
                "model": {
                    "type": "model",
                    "model": "tools/copper_tools/copper_hoe"
                }
            },
            {
                "threshold": 1337004,
                "model": {
                    "type": "model",
                    "model": "tools/lapis_lazuli_tools/lapis_lazuli_hoe"
                }
            },
            {
                "threshold": 1337005,
                "model": {
                    "type": "model",
                    "model": "tools/sculk_tools/sculk_hoe"
                }
            },
            {
                "threshold": 1337006,
                "model": {
                    "type": "model",
                    "model": "wand/water"
                }
            }
        ]
    }
}