{
	"credit": "Made with Blockbench",
	"texture_size": [32, 32],
	"textures": {
		"0": "item/howshop_gacha/rabbit/brown",
		"particle": "item/howshop_gacha/rabbit/bw"
	},
	"elements": [
		{
			"from": [6.8, 7, 14],
			"to": [10.2, 9.2, 15.5],
			"rotation": {"angle": 0, "axis": "y", "origin": [8.5, 7.25, 9.21765]},
			"faces": {
				"north": {"uv": [12.5, 2.5, 14, 3.5], "texture": "#0"},
				"east": {"uv": [11.5, 0, 12.5, 1], "texture": "#0"},
				"south": {"uv": [12.5, 10, 14, 11], "texture": "#0"},
				"west": {"uv": [11.5, 1, 12.5, 2], "texture": "#0"},
				"up": {"uv": [14, 12, 12.5, 11], "texture": "#0"},
				"down": {"uv": [13, 12.5, 11.5, 13.5], "texture": "#0"}
			}
		},
		{
			"from": [6, 7, 9],
			"to": [11, 12, 14],
			"rotation": {"angle": 0, "axis": "y", "origin": [8.5, 7.25, 9.21765]},
			"faces": {
				"north": {"uv": [0, 0, 2.5, 2.5], "texture": "#0"},
				"east": {"uv": [0, 2.5, 2.5, 5], "texture": "#0"},
				"south": {"uv": [2.5, 0, 5, 2.5], "texture": "#0"},
				"west": {"uv": [2.5, 2.5, 5, 5], "texture": "#0"},
				"up": {"uv": [2.5, 7.5, 0, 5], "texture": "#0"},
				"down": {"uv": [7.5, 0, 5, 2.5], "texture": "#0"}
			}
		},
		{
			"from": [9.2, 10.5, 10],
			"to": [11.2, 16.5, 11],
			"rotation": {"angle": 0, "axis": "y", "origin": [8.5, 7.25, 9.21765]},
			"faces": {
				"north": {"uv": [7, 9, 8, 12], "texture": "#0"},
				"east": {"uv": [4, 12, 4.5, 15], "texture": "#0"},
				"south": {"uv": [0, 10, 1, 13], "texture": "#0"},
				"west": {"uv": [0, 13, 0.5, 16], "texture": "#0"},
				"up": {"uv": [14.5, 2.5, 13.5, 2], "texture": "#0"},
				"down": {"uv": [14.5, 9.5, 13.5, 10], "texture": "#0"}
			}
		},
		{
			"from": [5.8, 10.5, 10],
			"to": [7.8, 16.5, 11],
			"rotation": {"angle": 0, "axis": "y", "origin": [8.5, 7.25, 9.21765]},
			"faces": {
				"north": {"uv": [1, 10, 2, 13], "texture": "#0"},
				"east": {"uv": [0.5, 13, 1, 16], "texture": "#0"},
				"south": {"uv": [2, 10, 3, 13], "texture": "#0"},
				"west": {"uv": [1, 13, 1.5, 16], "texture": "#0"},
				"up": {"uv": [2.5, 14.5, 1.5, 14], "texture": "#0"},
				"down": {"uv": [15, 2.5, 14, 3], "texture": "#0"}
			}
		},
		{
			"from": [5.9, 3.68176, 6.69828],
			"to": [11.1, 8.68176, 11.69828],
			"rotation": {"angle": -22.5, "axis": "x", "origin": [8.5, 7.25, 9.21765]},
			"faces": {
				"north": {"uv": [2.5, 5, 5, 7.5], "texture": "#0"},
				"east": {"uv": [5, 2.5, 7.5, 5], "texture": "#0"},
				"south": {"uv": [5, 5, 7.5, 7.5], "texture": "#0"},
				"west": {"uv": [0, 7.5, 2.5, 10], "texture": "#0"},
				"up": {"uv": [10, 2.5, 7.5, 0], "texture": "#0"},
				"down": {"uv": [5, 7.5, 2.5, 10], "texture": "#0"}
			}
		},
		{
			"from": [5.5, 3.02827, 2.8672],
			"to": [11.5, 7.52827, 5.8672],
			"rotation": {"angle": -22.5, "axis": "x", "origin": [8.5, 7.25, 9.21765]},
			"faces": {
				"north": {"uv": [7.5, 2.5, 10.5, 4.5], "texture": "#0"},
				"east": {"uv": [10, 0, 11.5, 2], "texture": "#0"},
				"south": {"uv": [7.5, 4.5, 10.5, 6.5], "texture": "#0"},
				"west": {"uv": [3, 10, 4.5, 12], "texture": "#0"},
				"up": {"uv": [8, 9, 5, 7.5], "texture": "#0"},
				"down": {"uv": [11, 6.5, 8, 8], "texture": "#0"}
			}
		},
		{
			"from": [6.5, 4.18176, 3.69828],
			"to": [10.5, 8.18176, 6.69828],
			"rotation": {"angle": -22.5, "axis": "x", "origin": [8.5, 7.25, 9.21765]},
			"faces": {
				"north": {"uv": [8, 8, 10, 10], "texture": "#0"},
				"east": {"uv": [8, 10, 9.5, 12], "texture": "#0"},
				"south": {"uv": [5, 9, 7, 11], "texture": "#0"},
				"west": {"uv": [10, 8, 11.5, 10], "texture": "#0"},
				"up": {"uv": [11.5, 11.5, 9.5, 10], "texture": "#0"},
				"down": {"uv": [12.5, 2, 10.5, 3.5], "texture": "#0"}
			}
		},
		{
			"from": [8, 6.91982, 2.50693],
			"to": [10, 8.91982, 4.50693],
			"rotation": {"angle": -22.5, "axis": "x", "origin": [8.5, 7.25, 9.21765]},
			"faces": {
				"north": {"uv": [1.5, 13, 2.5, 14], "texture": "#0"},
				"east": {"uv": [13, 3.5, 14, 4.5], "texture": "#0"},
				"south": {"uv": [13, 4.5, 14, 5.5], "texture": "#0"},
				"west": {"uv": [13, 5.5, 14, 6.5], "texture": "#0"},
				"up": {"uv": [14, 13, 13, 12], "texture": "#0"},
				"down": {"uv": [14, 13, 13, 14], "texture": "#0"}
			}
		},
		{
			"from": [5.6, 0, 5],
			"to": [7.6, 2, 10],
			"rotation": {"angle": 0, "axis": "y", "origin": [8.5, 7.25, 9.21765]},
			"faces": {
				"north": {"uv": [13.5, 0, 14.5, 1], "texture": "#0"},
				"east": {"uv": [10.5, 3.5, 13, 4.5], "texture": "#0"},
				"south": {"uv": [13.5, 1, 14.5, 2], "texture": "#0"},
				"west": {"uv": [10.5, 4.5, 13, 5.5], "texture": "#0"},
				"up": {"uv": [5.5, 13.5, 4.5, 11], "texture": "#0"},
				"down": {"uv": [6.5, 11, 5.5, 13.5], "texture": "#0"}
			}
		},
		{
			"from": [9.4, 0, 5],
			"to": [11.4, 2, 10],
			"rotation": {"angle": 0, "axis": "y", "origin": [8.5, 7.25, 9.21765]},
			"faces": {
				"north": {"uv": [4.5, 13.5, 5.5, 14.5], "texture": "#0"},
				"east": {"uv": [10.5, 5.5, 13, 6.5], "texture": "#0"},
				"south": {"uv": [5.5, 13.5, 6.5, 14.5], "texture": "#0"},
				"west": {"uv": [11, 6.5, 13.5, 7.5], "texture": "#0"},
				"up": {"uv": [12.5, 10, 11.5, 7.5], "texture": "#0"},
				"down": {"uv": [10.5, 11.5, 9.5, 14], "texture": "#0"}
			}
		},
		{
			"from": [5.6, -0.42602, 9.08527],
			"to": [7.6, 4.57398, 11.08527],
			"rotation": {"angle": -22.5, "axis": "x", "origin": [8.5, 7.25, 9.21765]},
			"faces": {
				"north": {"uv": [7.5, 12, 8.5, 14.5], "texture": "#0"},
				"east": {"uv": [8.5, 12, 9.5, 14.5], "texture": "#0"},
				"south": {"uv": [12.5, 0, 13.5, 2.5], "texture": "#0"},
				"west": {"uv": [12.5, 7.5, 13.5, 10], "texture": "#0"},
				"up": {"uv": [14.5, 9.5, 13.5, 8.5], "texture": "#0"},
				"down": {"uv": [12.5, 13.5, 11.5, 14.5], "texture": "#0"}
			}
		},
		{
			"from": [9.4, -0.42602, 9.08527],
			"to": [11.4, 4.57398, 11.08527],
			"rotation": {"angle": -22.5, "axis": "x", "origin": [8.5, 7.25, 9.21765]},
			"faces": {
				"north": {"uv": [11.5, 10, 12.5, 12.5], "texture": "#0"},
				"east": {"uv": [10.5, 11.5, 11.5, 14], "texture": "#0"},
				"south": {"uv": [3, 12, 4, 14.5], "texture": "#0"},
				"west": {"uv": [6.5, 12, 7.5, 14.5], "texture": "#0"},
				"up": {"uv": [14.5, 7.5, 13.5, 6.5], "texture": "#0"},
				"down": {"uv": [14.5, 7.5, 13.5, 8.5], "texture": "#0"}
			}
		}
	],
	"gui_light": "front",
	"display": {
		"thirdperson_righthand": {
			"rotation": [77, 180, 0],
			"translation": [0, -0.5, 1],
			"scale": [0.75, 0.75, 0.75]
		},
		"thirdperson_lefthand": {
			"rotation": [77, 180, 0],
			"translation": [-0.25, -0.5, 1],
			"scale": [0.75, 0.75, 0.75]
		},
		"firstperson_righthand": {
			"rotation": [0, -63, 24],
			"translation": [2.75, 3, 0],
			"scale": [0.5, 0.5, 0.5]
		},
		"firstperson_lefthand": {
			"rotation": [0, -66, 28],
			"translation": [3.5, 3, 0],
			"scale": [0.5, 0.5, 0.5]
		},
		"ground": {
			"translation": [0, 4.5, 0]
		},
		"gui": {
			"rotation": [46, -22, 34],
			"translation": [-0.25, 2, 0]
		},
		"head": {
			"rotation": [0, 180, 0],
			"translation": [0.5, 14.25, 1.25]
		},
		"fixed": {
			"rotation": [-90, 0, 0],
			"translation": [-1.25, -0.75, -15.25],
			"scale": [2, 2, 2]
		}
	},
	"groups": [
		{
			"name": "group",
			"origin": [7.8, 12.5, 8],
			"color": 0,
			"children": [0, 1, 2, 3]
		},
		{
			"name": "group",
			"origin": [9, 3, 1.3],
			"color": 0,
			"children": [4, 5, 6, 7, 8, 9, 10, 11]
		}
	]
}