{
	"credit": "Made with Blockbench",
	"texture_size": [64, 64],
	"textures": {
		"0": "item/howshop_gacha/rabbit/carrot",
		"particle": "item/howshop_gacha/rabbit/carrot"
	},
	"elements": [
		{
			"from": [6.1, 21, 7],
			"to": [9.1, 28, 8.5],
			"rotation": {"angle": 0, "axis": "y", "origin": [7.1, 21, 6]},
			"faces": {
				"north": {"uv": [2.5, 5.5, 3, 7], "texture": "#0"},
				"east": {"uv": [3, 5.5, 3.5, 7], "texture": "#0"},
				"south": {"uv": [6.25, 4, 6.75, 5.5], "texture": "#0"},
				"west": {"uv": [6.5, 0, 7, 1.5], "texture": "#0"},
				"up": {"uv": [7.25, 4.5, 6.75, 4], "texture": "#0"},
				"down": {"uv": [7.25, 4.5, 6.75, 5], "texture": "#0"}
			}
		},
		{
			"from": [6, 20, 8],
			"to": [9, 25, 9],
			"rotation": {"angle": 22.5, "axis": "x", "origin": [7.5, 22.25, 9]},
			"faces": {
				"north": {"uv": [6.75, 6.25, 7, 7.25], "texture": "#0"},
				"east": {"uv": [7, 0, 7.25, 1], "texture": "#0"},
				"south": {"uv": [7, 2.25, 7.25, 3.25], "texture": "#0"},
				"west": {"uv": [2.5, 7, 2.75, 8], "texture": "#0"},
				"up": {"uv": [6.5, 5.75, 6.25, 5.5], "texture": "#0"},
				"down": {"uv": [6.5, 5.75, 6.25, 6], "texture": "#0"}
			}
		},
		{
			"from": [6.1, 20, 9],
			"to": [9.1, 26, 10],
			"rotation": {"angle": 22.5, "axis": "x", "origin": [7.6, 22.25, 9]},
			"faces": {
				"north": {"uv": [0.75, 6.75, 1, 8], "texture": "#0"},
				"east": {"uv": [1, 6.75, 1.25, 8], "texture": "#0"},
				"south": {"uv": [1.25, 6.75, 1.5, 8], "texture": "#0"},
				"west": {"uv": [1.5, 6.75, 1.75, 8], "texture": "#0"},
				"up": {"uv": [6.75, 2.5, 6.5, 2.25], "texture": "#0"},
				"down": {"uv": [7, 5, 6.75, 5.25], "texture": "#0"}
			}
		},
		{
			"from": [6.1, 20, 5],
			"to": [9.1, 27, 6],
			"rotation": {"angle": -22.5, "axis": "x", "origin": [7.6, 22.25, 6]},
			"faces": {
				"north": {"uv": [6.5, 6.25, 6.75, 7.75], "texture": "#0"},
				"east": {"uv": [0, 6.75, 0.25, 8.25], "texture": "#0"},
				"south": {"uv": [0.25, 6.75, 0.5, 8.25], "texture": "#0"},
				"west": {"uv": [0.5, 6.75, 0.75, 8.25], "texture": "#0"},
				"up": {"uv": [7, 5.5, 6.75, 5.25], "texture": "#0"},
				"down": {"uv": [7.25, 1, 7, 1.25], "texture": "#0"}
			}
		},
		{
			"from": [6, 20, 6],
			"to": [9, 26, 7],
			"rotation": {"angle": -22.5, "axis": "x", "origin": [7.5, 22.25, 6]},
			"faces": {
				"north": {"uv": [1.75, 6.75, 2, 8], "texture": "#0"},
				"east": {"uv": [2, 6.75, 2.25, 8], "texture": "#0"},
				"south": {"uv": [2.25, 6.75, 2.5, 8], "texture": "#0"},
				"west": {"uv": [6.75, 2.25, 7, 3.5], "texture": "#0"},
				"up": {"uv": [7.25, 1.5, 7, 1.25], "texture": "#0"},
				"down": {"uv": [3, 7, 2.75, 7.25], "texture": "#0"}
			}
		},
		{
			"from": [6, 0, 6],
			"to": [9, 3, 9],
			"rotation": {"angle": 0, "axis": "y", "origin": [7, 0, 6]},
			"faces": {
				"north": {"uv": [6.5, 1.5, 7.25, 2.25], "texture": "#0"},
				"east": {"uv": [3.5, 6.5, 4.25, 7.25], "texture": "#0"},
				"south": {"uv": [4.25, 6.5, 5, 7.25], "texture": "#0"},
				"west": {"uv": [5, 6.5, 5.75, 7.25], "texture": "#0"},
				"up": {"uv": [7.25, 6.25, 6.5, 5.5], "texture": "#0"},
				"down": {"uv": [6.5, 6.5, 5.75, 7.25], "texture": "#0"}
			}
		},
		{
			"from": [5, 3, 5],
			"to": [10, 8, 10],
			"rotation": {"angle": 0, "axis": "y", "origin": [7, 3, 6]},
			"faces": {
				"north": {"uv": [5, 3.5, 6.25, 4.75], "texture": "#0"},
				"east": {"uv": [5, 4.75, 6.25, 6], "texture": "#0"},
				"south": {"uv": [5.25, 0, 6.5, 1.25], "texture": "#0"},
				"west": {"uv": [5.25, 1.25, 6.5, 2.5], "texture": "#0"},
				"up": {"uv": [1.25, 6.75, 0, 5.5], "texture": "#0"},
				"down": {"uv": [2.5, 5.5, 1.25, 6.75], "texture": "#0"}
			}
		},
		{
			"from": [4, 8, 4],
			"to": [11, 19, 11],
			"rotation": {"angle": 0, "axis": "y", "origin": [7, 8, 6]},
			"faces": {
				"north": {"uv": [0, 0, 1.75, 2.75], "texture": "#0"},
				"east": {"uv": [1.75, 0, 3.5, 2.75], "texture": "#0"},
				"south": {"uv": [0, 2.75, 1.75, 5.5], "texture": "#0"},
				"west": {"uv": [1.75, 2.75, 3.5, 5.5], "texture": "#0"},
				"up": {"uv": [5.25, 1.75, 3.5, 0], "texture": "#0"},
				"down": {"uv": [5.25, 1.75, 3.5, 3.5], "texture": "#0"}
			}
		},
		{
			"from": [4.5, 19, 4.5],
			"to": [10.5, 21, 10.5],
			"rotation": {"angle": 0, "axis": "y", "origin": [7.5, 19, 6.5]},
			"faces": {
				"north": {"uv": [5.25, 2.5, 6.75, 3], "texture": "#0"},
				"east": {"uv": [5.25, 3, 6.75, 3.5], "texture": "#0"},
				"south": {"uv": [5, 6, 6.5, 6.5], "texture": "#0"},
				"west": {"uv": [6.25, 3.5, 7.75, 4], "texture": "#0"},
				"up": {"uv": [5, 5, 3.5, 3.5], "texture": "#0"},
				"down": {"uv": [5, 5, 3.5, 6.5], "texture": "#0"}
			}
		}
	],
	"gui_light": "front",
	"display": {
		"thirdperson_righthand": {
			"rotation": [180, 0, 0],
			"translation": [0, 5.5, 0],
			"scale": [0.5, 0.5, 0.5]
		},
		"thirdperson_lefthand": {
			"rotation": [180, 0, 0],
			"translation": [0, 5.5, 0],
			"scale": [0.5, 0.5, 0.5]
		},
		"firstperson_righthand": {
			"rotation": [130, 0, 0],
			"translation": [0, 5.75, 0],
			"scale": [0.5, 0.5, 0.5]
		},
		"firstperson_lefthand": {
			"rotation": [130, 0, 0],
			"translation": [0, 5.75, 0],
			"scale": [0.5, 0.5, 0.5]
		},
		"ground": {
			"rotation": [-7, 0, 68],
			"scale": [0.75, 0.75, 0.75]
		},
		"gui": {
			"rotation": [42, 45, -65],
			"translation": [-2.25, -3.5, 0],
			"scale": [0.75, 0.75, 0.75]
		},
		"head": {
			"rotation": [0, 90, 0],
			"translation": [0.5, 0, -0.5]
		},
		"fixed": {
			"rotation": [-90, 0, 0],
			"translation": [1, 1.25, 10.25],
			"scale": [2.5, 2.5, 2.5]
		}
	},
	"groups": [
		{
			"name": "group",
			"origin": [7.5, 22.25, 6],
			"color": 0,
			"children": [0, 1, 2, 3, 4]
		},
		{
			"name": "group",
			"origin": [7.5, 19, 6.5],
			"color": 0,
			"children": [5, 6, 7, 8]
		}
	]
}