{
	"credit": "Made with Blockbench",
	"texture_size": [64, 64],
	"textures": {
		"0": "item/howshop_gacha/rabbit/white",
		"2": "item/howshop_gacha/rabbit/hat",
		"particle": "item/howshop_gacha/rabbit/bw"
	},
	"elements": [
		{
			"from": [6.8, 10, 11],
			"to": [10.2, 12.2, 12.5],
			"rotation": {"angle": 0, "axis": "y", "origin": [8.5, 10.25, 6.21765]},
			"faces": {
				"north": {"uv": [12.5, 2.5, 14, 3.5], "texture": "#0"},
				"east": {"uv": [11.5, 0, 12.5, 1], "texture": "#0"},
				"south": {"uv": [12.5, 10, 14, 11], "texture": "#0"},
				"west": {"uv": [11.5, 1, 12.5, 2], "texture": "#0"},
				"up": {"uv": [14, 12, 12.5, 11], "texture": "#0"},
				"down": {"uv": [13, 12.5, 11.5, 13.5], "texture": "#0"}
			}
		},
		{
			"from": [6, 10, 6],
			"to": [11, 15, 11],
			"rotation": {"angle": 0, "axis": "y", "origin": [8.5, 10.25, 6.21765]},
			"faces": {
				"north": {"uv": [0, 0, 2.5, 2.5], "texture": "#0"},
				"east": {"uv": [0, 2.5, 2.5, 5], "texture": "#0"},
				"south": {"uv": [2.5, 0, 5, 2.5], "texture": "#0"},
				"west": {"uv": [2.5, 2.5, 5, 5], "texture": "#0"},
				"up": {"uv": [2.5, 7.5, 0, 5], "texture": "#0"},
				"down": {"uv": [7.5, 0, 5, 2.5], "texture": "#0"}
			}
		},
		{
			"from": [9.2, 13.5, 7],
			"to": [11.2, 19.5, 8],
			"rotation": {"angle": 0, "axis": "y", "origin": [8.5, 10.25, 6.21765]},
			"faces": {
				"north": {"uv": [7, 9, 8, 12], "texture": "#0"},
				"east": {"uv": [4, 12, 4.5, 15], "texture": "#0"},
				"south": {"uv": [0, 10, 1, 13], "texture": "#0"},
				"west": {"uv": [0, 13, 0.5, 16], "texture": "#0"},
				"up": {"uv": [14.5, 2.5, 13.5, 2], "texture": "#0"},
				"down": {"uv": [14.5, 9.5, 13.5, 10], "texture": "#0"}
			}
		},
		{
			"from": [5.8, 13.5, 7],
			"to": [7.8, 19.5, 8],
			"rotation": {"angle": 0, "axis": "y", "origin": [8.5, 10.25, 6.21765]},
			"faces": {
				"north": {"uv": [1, 10, 2, 13], "texture": "#0"},
				"east": {"uv": [0.5, 13, 1, 16], "texture": "#0"},
				"south": {"uv": [2, 10, 3, 13], "texture": "#0"},
				"west": {"uv": [1, 13, 1.5, 16], "texture": "#0"},
				"up": {"uv": [2.5, 14.5, 1.5, 14], "texture": "#0"},
				"down": {"uv": [15, 2.5, 14, 3], "texture": "#0"}
			}
		},
		{
			"from": [5.9, 5.68176, 5.69828],
			"to": [11.1, 10.68176, 10.69828],
			"rotation": {"angle": 0, "axis": "z", "origin": [8.5, 9.25, 8.21765]},
			"faces": {
				"north": {"uv": [2.5, 5, 5, 7.5], "texture": "#0"},
				"east": {"uv": [5, 2.5, 7.5, 5], "texture": "#0"},
				"south": {"uv": [5, 5, 7.5, 7.5], "texture": "#0"},
				"west": {"uv": [0, 7.5, 2.5, 10], "texture": "#0"},
				"up": {"uv": [10, 2.5, 7.5, 0], "texture": "#0"},
				"down": {"uv": [5, 7.5, 2.5, 10], "texture": "#0"}
			}
		},
		{
			"from": [5.6, 8.51762, 8.89367],
			"to": [7.6, 10.51762, 13.89367],
			"rotation": {"angle": 0, "axis": "x", "origin": [8.5, 8.65, 6.21765]},
			"faces": {
				"north": {"uv": [14.5, 9.5, 13.5, 8.5], "rotation": 180, "texture": "#0"},
				"east": {"uv": [8.5, 12, 9.5, 14.5], "rotation": 90, "texture": "#0"},
				"south": {"uv": [12.5, 13.5, 11.5, 14.5], "texture": "#0"},
				"west": {"uv": [12.5, 7.5, 13.5, 10], "rotation": 270, "texture": "#0"},
				"up": {"uv": [12.5, 0, 13.5, 2.5], "texture": "#0"},
				"down": {"uv": [7.5, 12, 8.5, 14.5], "rotation": 180, "texture": "#0"}
			}
		},
		{
			"from": [9.4, 8.51762, 8.89367],
			"to": [11.4, 10.51762, 13.89367],
			"rotation": {"angle": 0, "axis": "x", "origin": [8.5, 8.65, 6.21765]},
			"faces": {
				"north": {"uv": [14.5, 7.5, 13.5, 6.5], "rotation": 180, "texture": "#0"},
				"east": {"uv": [10.5, 11.5, 11.5, 14], "rotation": 90, "texture": "#0"},
				"south": {"uv": [14.5, 7.5, 13.5, 8.5], "texture": "#0"},
				"west": {"uv": [6.5, 12, 7.5, 14.5], "rotation": 270, "texture": "#0"},
				"up": {"uv": [3, 12, 4, 14.5], "texture": "#0"},
				"down": {"uv": [11.5, 10, 12.5, 12.5], "rotation": 180, "texture": "#0"}
			}
		},
		{
			"from": [4, 0, 4],
			"to": [13, 9, 13],
			"rotation": {"angle": 0, "axis": "y", "origin": [0.5, -3, 0]},
			"faces": {
				"north": {"uv": [3.5, 0, 6, 2.5], "texture": "#2"},
				"east": {"uv": [3.5, 2.5, 6, 5], "texture": "#2"},
				"south": {"uv": [3.5, 5, 6, 7.5], "texture": "#2"},
				"west": {"uv": [6, 0, 8.5, 2.5], "texture": "#2"},
				"up": {"uv": [8.5, 5, 6, 2.5], "texture": "#2"},
				"down": {"uv": [8.5, 5, 6, 7.5], "texture": "#2"}
			}
		},
		{
			"from": [2, 8.1, 2],
			"to": [15, 9.1, 15],
			"rotation": {"angle": 0, "axis": "y", "origin": [11.5, 8.1, 11]},
			"faces": {
				"north": {"uv": [0, 7, 3.5, 7.25], "texture": "#2"},
				"east": {"uv": [0, 7.25, 3.5, 7.5], "texture": "#2"},
				"south": {"uv": [0, 7.5, 3.5, 7.75], "texture": "#2"},
				"west": {"uv": [3.5, 7.5, 7, 7.75], "texture": "#2"},
				"up": {"uv": [3.5, 3.5, 0, 0], "texture": "#2"},
				"down": {"uv": [3.5, 3.5, 0, 7], "texture": "#2"}
			}
		}
	],
	"gui_light": "front",
	"display": {
		"thirdperson_righthand": {
			"rotation": [60, 180, 0],
			"translation": [0, 3, 0],
			"scale": [0.75, 0.75, 0.75]
		},
		"thirdperson_lefthand": {
			"rotation": [60, 180, 0],
			"translation": [0, 3, 0],
			"scale": [0.75, 0.75, 0.75]
		},
		"firstperson_righthand": {
			"rotation": [0, -63, 24],
			"translation": [2.75, 3, 0],
			"scale": [0.5, 0.5, 0.5]
		},
		"firstperson_lefthand": {
			"rotation": [0, -66, 28],
			"translation": [3.5, 3, 0],
			"scale": [0.5, 0.5, 0.5]
		},
		"ground": {
			"translation": [0, 4.5, 0]
		},
		"gui": {
			"rotation": [28, -28, 9],
			"translation": [0, -0.25, 0],
			"scale": [0.75, 0.75, 0.75]
		},
		"head": {
			"rotation": [0, 180, 0],
			"translation": [0.5, 14.25, 1.25]
		},
		"fixed": {
			"rotation": [-90, 0, 0],
			"translation": [-1.25, -0.75, -15.25],
			"scale": [2, 2, 2]
		}
	},
	"groups": [
		{
			"name": "group",
			"origin": [7.8, 12.5, 8],
			"color": 0,
			"children": [0, 1, 2, 3]
		},
		{
			"name": "group",
			"origin": [9, 3, 1.3],
			"color": 0,
			"children": [4, 5, 6]
		},
		{
			"name": "group",
			"origin": [11.5, 11.1, 11],
			"color": 0,
			"children": [7, 8]
		}
	]
}