{
  "parent": "item/generated",
  "textures": {
    "layer0": "item/bundle"
  },
  "overrides": [
    {
      "predicate": {
        "custom_model_data": 1337001
      },
      "model": "special_event/chinese_new_year_2024/red_envelope/0"
    },
    {
      "predicate": {
        "custom_model_data": 1337001,
        "filled": 0.0000001
      },
      "model": "special_event/chinese_new_year_2024/red_envelope/1"
    },
    {
      "predicate": {
        "custom_model_data": 1337002
      },
      "model": "vip/how_case/3"
    },
    {
      "predicate": {
        "custom_model_data": 1337002,
        "filled": 0.0000001
      },
      "model": "vip/how_case/1"
    },
    {
      "predicate": {
        "custom_model_data": 1337003
      },
      "model": "special_event/chinese_valentines_2024/choco/1"
    },
    {
      "predicate": {
        "custom_model_data": 1337003,
        "filled": 0.0000001
      },
      "model": "special_event/chinese_valentines_2024/choco/2"
    }
  ]
}
