{
  "parent": "item/generated",
  "textures": {
    "layer0": "item/flower_banner_pattern"
  },
  "overrides": [
    {
      "predicate": {
        "custom_model_data": 1337001
      },
      "model": "japan/omamori/blue"
    },
    {
      "predicate": {
        "custom_model_data": 1337002
      },
      "model": "japan/omamori/purple"
    },
    {
      "predicate": {
        "custom_model_data": 1337003
      },
      "model": "special_event/mothers_day_2023/mothers_day_2023"
    },
    {
      "predicate": {
        "custom_model_data": 1337004
      },
      "model": "special_event/dragon_boat_festival_2023/dragon_boat"
    },
    {
      "predicate": {
        "custom_model_data": 1337005
      },
      "model": "special_event/dragon_boat_festival_2023/dragon_boat_copper"
    },
    {
      "predicate": {
        "custom_model_data": 1337006
      },
      "model": "special_event/dragon_boat_festival_2023/dragon_boat_silver"
    },
    {
      "predicate": {
        "custom_model_data": 1337007
      },
      "model": "special_event/dragon_boat_festival_2023/dragon_boat_gold"
    },
    {
      "predicate": {
        "custom_model_data": 1337008
      },
      "model": "japan/helmet/samurai_helmet"
    },
    {
      "predicate": {
        "custom_model_data": 1337009
      },
      "model": "ccr/small"
    },
    {
      "predicate": {
        "custom_model_data": 1337010
      },
      "model": "ccr/medium"
    },
    {
      "predicate": {
        "custom_model_data": 1337011
      },
      "model": "ccr/large"
    },
    {
      "predicate": {
        "custom_model_data": 1337012
      },
      "model": "ccr/ccr_map"
    },
    {
      "predicate": {
        "custom_model_data": 1337013
      },
      "model": "special_event/howie_birthday_2023/green_balloon"
    },
    {
      "predicate": {
        "custom_model_data": 1337014
      },
      "model": "special_event/howie_birthday_2023/red_balloon"
    },
    {
      "predicate": {
        "custom_model_data": 1337015
      },
      "model": "special_event/howie_birthday_2023/yellow_balloon"
    },
    {
      "predicate": {
        "custom_model_data": 1337016
      },
      "model": "special_event/howie_birthday_2023/balloons"
    },
    {
      "predicate": {
        "custom_model_data": 1337017
      },
      "model": "special_event/howie_birthday_2023/howie_balloon"
    },
    {
      "predicate": {
        "custom_model_data": 1337018
      },
      "model": "ccr/sold_tag"
    },
    {
      "predicate": {
        "custom_model_data": 1337019
      },
      "model": "special_event/howie_birthday_2023/party_hat"
    },
    {
      "predicate": {
        "custom_model_data": 1337020
      },
      "model": "special_event/howie_birthday_2023/cake"
    },
    {
      "predicate": {
        "custom_model_data": 1337021
      },
      "model": "special_event/chinese_valentines_2023/white_chocolate"
    },
    {
      "predicate": {
        "custom_model_data": 1337022
      },
      "model": "special_event/chinese_valentines_2023/box_1"
    },
    {
      "predicate": {
        "custom_model_data": 1337023
      },
      "model": "special_event/chinese_valentines_2023/brozen"
    },
    {
      "predicate": {
        "custom_model_data": 1337024
      },
      "model": "special_event/chinese_valentines_2023/silver"
    },
    {
      "predicate": {
        "custom_model_data": 1337025
      },
      "model": "special_event/chinese_valentines_2023/gold"
    },
    {
      "predicate": {
        "custom_model_data": 1337026
      },
      "model": "special_event/chinese_valentines_2023/bear_red"
    },
    {
      "predicate": {
        "custom_model_data": 1337027
      },
      "model": "special_event/chinese_valentines_2023/bear_pink"
    },
    {
      "predicate": {
        "custom_model_data": 1337028
      },
      "model": "special_event/chinese_valentines_2023/red_rose"
    },
    {
      "predicate": {
        "custom_model_data": 1337029
      },
      "model": "special_event/chinese_valentines_2023/ring_box"
    },
    {
      "predicate": {
        "custom_model_data": 1337030
      },
      "model": "special_event/christmas_2023/hat"
    },
    {
      "predicate": {
        "custom_model_data": 1337031
      },
      "model": "special_event/christmas_2023/santa_hat"
    },
    {
      "predicate": {
        "custom_model_data": 1337032
      },
      "model": "special_event/christmas_2023/reindeer"
    },
    {
      "predicate": {
        "custom_model_data": 1337033
      },
      "model": "special_event/christmas_2023/72"
    },
    {
      "predicate": {
        "custom_model_data": 1337034
      },
      "model": "special_event/christmas_2023/santa_hat_72"
    },
    {
      "predicate": {
        "custom_model_data": 1337035
      },
      "model": "special_event/christmas_2023/pink72"
    },
    {
      "predicate": {
        "custom_model_data": 1337036
      },
      "model": "special_event/christmas_2023/santa_hat_pink72"
    },
    {
      "predicate": {
        "custom_model_data": 1337037
      },
      "model": "special_event/chinese_new_year_2024/dragon_head"
    },
    {
      "predicate": {
        "custom_model_data": 1337038
      },
      "model": "special_event/how_anniversary_2024/how_icon_1_20"
    },
    {
      "predicate": {
        "custom_model_data": 1337039
      },
      "model": "special_event/how_anniversary_2024/how_icon_1_20_2d"
    },
    {
      "predicate": {
        "custom_model_data": 1337040
      },
      "model": "special_event/how_anniversary_2024/how_icon_1_20_big"
    },
    {
      "predicate": {
        "custom_model_data": 1337041
      },
      "model": "special_event/christmas_2023/pink72_minecart"
    },
    {
      "predicate": {
        "custom_model_data": 1337042
      },
      "model": "special_event/christmas_2023/pink72_on_minecart"
    },
    {
      "predicate": {
        "custom_model_data": 1337043
      },
      "model": "special_event/christmas_2023/72_minecart"
    },
    {
      "predicate": {
        "custom_model_data": 1337044
      },
      "model": "special_event/christmas_2023/72_on_minecart"
    },
    {
      "predicate": {
        "custom_model_data": 1337045
      },
      "model": "special_event/christmas_2023/big72"
    },
    {
      "predicate": {
        "custom_model_data": 1337046
      },
      "model": "special_event/christmas_2023/bigpink72"
    },
    {
      "predicate": {
        "custom_model_data": 1337047
      },
      "model": "special_event/chinese_new_year_2024/couplets/1"
    },
    {
      "predicate": {
        "custom_model_data": 1337048
      },
      "model": "special_event/chinese_new_year_2024/couplets/2"
    },
    {
      "predicate": {
        "custom_model_data": 1337049
      },
      "model": "special_event/chinese_new_year_2024/couplets/3"
    },
    {
      "predicate": {
        "custom_model_data": 1337050
      },
      "model": "special_event/chinese_new_year_2024/couplets/4"
    },
    {
      "predicate": {
        "custom_model_data": 1337051
      },
      "model": "special_event/chinese_new_year_2024/couplets/5"
    },
    {
      "predicate": {
        "custom_model_data": 1337052
      },
      "model": "special_event/chinese_new_year_2024/couplets/6"
    },
    {
      "predicate": {
        "custom_model_data": 1337053
      },
      "model": "special_event/chinese_new_year_2024/couplets/7"
    },
    {
      "predicate": {
        "custom_model_data": 1337054
      },
      "model": "special_event/chinese_new_year_2024/couplets/8"
    },
    {
      "predicate": {
        "custom_model_data": 1337055
      },
      "model": "special_event/chinese_new_year_2024/couplets/long"
    },
    {
      "predicate": {
        "custom_model_data": 1337056
      },
      "model": "ccr/trash"
    },
    {
      "predicate": {
        "custom_model_data": 1337057
      },
      "model": "ccr/recycle"
    },
    {
      "predicate": {
        "custom_model_data": 1337058
      },
      "model": "howshop_gacha/rabbit/bw"
    },
    {
      "predicate": {
        "custom_model_data": 1337059
      },
      "model": "howshop_gacha/rabbit/white"
    },
    {
      "predicate": {
        "custom_model_data": 1337060
      },
      "model": "howshop_gacha/rabbit/black"
    },
    {
      "predicate": {
        "custom_model_data": 1337061
      },
      "model": "howshop_gacha/rabbit/brown"
    },
    {
      "predicate": {
        "custom_model_data": 1337062
      },
      "model": "howshop_gacha/rabbit/magic"
    },
    {
      "predicate": {
        "custom_model_data": 1337063
      },
      "model": "howshop_gacha/rabbit/carrot"
    },
    {
      "predicate": {
        "custom_model_data": 1337064
      },
      "model": "special_event/moon_festival_2024/bbq_rabbit"
    },
    {
      "predicate": {
        "custom_model_data": 1337065
      },
      "model": "special_event/moon_festival_2024/moon_rabbit"
    },
    {
      "predicate": {
        "custom_model_data": 1337066
      },
      "model": "special_event/moon_festival_2024/medicine_rabbit"
    },
    {
      "predicate": {
        "custom_model_data": 1337067
      },
      "model": "vip/how_stick"
    }
  ]
}