{
  "parent": "item/handheld",
  "textures": {
    "layer0": "item/netherite_sword"
  },
  "overrides": [
    {
      "predicate": {
        "custom_model_data": 1337001
      },
      "model": "custom/fish_netherite_sword"
    },
    {
      "predicate": {
        "custom_model_data": 1337002
      },
      "model": "japan/katana/katana"
    },
    {
      "predicate": {
        "custom_model_data": 1337003
      },
      "model": "japan/katana/sakura_katana"
    },
    {
      "predicate": {
        "custom_model_data": 1337004
      },
      "model": "japan/katana/black_katana"
    },
    {
      "predicate": {
        "custom_model_data": 1337005
      },
      "model": "custom/blaze_netherite_sword"
    },
    {
      "predicate": {
        "custom_model_data": 1337006
      },
      "model": "japan/katana/wakizashi"
    },
    {
      "predicate": {
        "custom_model_data": 1337007
      },
      "model": "japan/katana/black_wakizashi"
    },
    {
      "predicate": {
        "custom_model_data": 1337008
      },
      "model": "japan/katana/mizu_katana"
    },
    {
      "predicate": {
        "custom_model_data": 1337009
      },
      "model": "tools/amethyst_tools/amethyst_sword"
    },
    {
      "predicate": {
        "custom_model_data": 1337010
      },
      "model": "tools/emerald_tools/emerald_sword"
    },
    {
      "predicate": {
        "custom_model_data": 1337011
      },
      "model": "tools/copper_tools/copper_sword"
    },
    {
      "predicate": {
        "custom_model_data": 1337012
      },
      "model": "tools/lapis_lazuli_tools/lapis_lazuli_sword"
    },
    {
      "predicate": {
        "custom_model_data": 1337013
      },
      "model": "tools/sculk_tools/sculk_sword"
    },
    {
      "predicate": {
        "custom_model_data": 1337014
      },
      "model": "vip/how_keyboard"
    },
    {
      "predicate": {
        "custom_model_data": 1337015
      },
      "model": "keyboard/white"
    },
    {
      "predicate": {
        "custom_model_data": 1337016
      },
      "model": "keyboard/purple"
    },
    {
      "predicate": {
        "custom_model_data": 1337017
      },
      "model": "keyboard/gold"
    },
    {
      "predicate": {
        "custom_model_data": 1337018
      },
      "model": "vip/how_tie"
    },
    {
      "predicate": {
        "custom_model_data": 1337019
      },
      "model": "keyboard/pink"
    }
  ]
}
