{
  "parent": "item/handheld",
  "textures": {
    "layer0": "item/netherite_pickaxe"
  },
  "overrides": [
    {
      "predicate": { "custom_model_data": 1337001 },
      "model": "custom/netherite_netherite_pickaxe"
    },{
      "predicate": { "custom_model_data": 1337002 },
      "model": "tools/amethyst_tools/amethyst_pickaxe"
    },{
      "predicate": { "custom_model_data": 1337003 },
      "model": "tools/emerald_tools/emerald_pickaxe"
    },{
      "predicate": { "custom_model_data": 1337004 },
      "model": "tools/copper_tools/copper_pickaxe"
    },{
      "predicate": { "custom_model_data": 1337005 },
      "model": "tools/lapis_lazuli_tools/lapis_lazuli_pickaxe"
    },{
      "predicate": { "custom_model_data": 1337006 },
      "model": "tools/sculk_tools/sculk_pickaxe"
    }
  ]
}
