{
	"credit": "Made with Blockbench",
	"textures": {
		"0": "item/special_event/chinese_new_year_2024/couplets/2",
		"particle": "item/special_event/chinese_new_year_2024/couplets/2"
	},
	"elements": [
		{
			"from": [0, 0, 0],
			"to": [16, 0.275, 16],
			"faces": {
				"north": {"uv": [0, 0, 16, 0.275], "texture": "#0"},
				"east": {"uv": [0, 0, 16, 0.275], "texture": "#0"},
				"south": {"uv": [0, 0, 16, 0.275], "texture": "#0"},
				"west": {"uv": [0, 0, 16, 0.275], "texture": "#0"},
				"up": {"uv": [0, 0, 16, 16], "texture": "#0"},
				"down": {"uv": [0, 0, 3.84375, 3.35156], "texture": "#0"}
			}
		}
	],
	"display": {
		"thirdperson_righthand": {
			"rotation": [175, -34, 175],
			"translation": [0.5, 2.75, -5],
			"scale": [0.5, 0.5, 0.5]
		},
		"thirdperson_lefthand": {
			"rotation": [175, 34, 175],
			"translation": [-0.75, 2.75, -5],
			"scale": [0.5, 0.5, 0.5]
		},
		"firstperson_righthand": {
			"rotation": [67, 16, 53],
			"translation": [-0.5, 2.5, 0],
			"scale": [0.7, 0.7, 0.7]
		},
		"firstperson_lefthand": {
			"rotation": [126, -30, 84],
			"translation": [-2, 4.5, 0],
			"scale": [0.7, 0.7, 0.7]
		},
		"ground": {
			"translation": [0, 5, 0]
		},
		"gui": {
			"rotation": [84, 68, -9],
			"translation": [0.5, 1, 0],
			"scale": [0.7, 0.7, 0.7]
		},
		"head": {
			"rotation": [-90, -135, 0],
			"translation": [0, 15, -11.75]
		},
		"fixed": {
			"rotation": [-90, -135, 0],
			"translation": [0, 0, -15.75],
			"scale": [2, 2, 2]
		}
	}
}