{
	"credit": "Made with Blockbench",
	"textures": {
		"1": "item/how_iron_shovel",
		"particle": "item/how_iron_pickaxe"
	},
	"elements": [
		{
			"name": "how_iron_shovel_0",
			"from": [11, 9, 8],
			"to": [14, 14, 9],
			"faces": {
				"north": {"uv": [14, 2, 11, 7], "texture": "#1"},
				"east": {"uv": [13, 2, 14, 7], "texture": "#1"},
				"south": {"uv": [11, 2, 14, 7], "texture": "#1"},
				"west": {"uv": [11, 2, 12, 7], "texture": "#1"},
				"up": {"uv": [11, 2, 14, 3], "texture": "#1"},
				"down": {"uv": [11, 6, 14, 7], "texture": "#1"}
			}
		},
		{
			"name": "how_iron_shovel_1",
			"from": [10, 8, 8],
			"to": [11, 13, 9],
			"faces": {
				"north": {"uv": [11, 3, 10, 8], "texture": "#1"},
				"east": {"uv": [10, 3, 11, 8], "texture": "#1"},
				"south": {"uv": [10, 3, 11, 8], "texture": "#1"},
				"west": {"uv": [10, 3, 11, 8], "texture": "#1"},
				"up": {"uv": [10, 3, 11, 4], "texture": "#1"},
				"down": {"uv": [10, 7, 11, 8], "texture": "#1"}
			}
		},
		{
			"name": "how_iron_shovel_2",
			"from": [14, 10, 8],
			"to": [15, 13, 9],
			"faces": {
				"north": {"uv": [15, 3, 14, 6], "texture": "#1"},
				"east": {"uv": [14, 3, 15, 6], "texture": "#1"},
				"south": {"uv": [14, 3, 15, 6], "texture": "#1"},
				"west": {"uv": [14, 3, 15, 6], "texture": "#1"},
				"up": {"uv": [14, 3, 15, 4], "texture": "#1"},
				"down": {"uv": [14, 5, 15, 6], "texture": "#1"}
			}
		},
		{
			"name": "how_iron_shovel_3",
			"from": [9, 7, 8],
			"to": [10, 12, 9],
			"faces": {
				"north": {"uv": [10, 4, 9, 9], "texture": "#1"},
				"east": {"uv": [9, 4, 10, 9], "texture": "#1"},
				"south": {"uv": [9, 4, 10, 9], "texture": "#1"},
				"west": {"uv": [9, 4, 10, 9], "texture": "#1"},
				"up": {"uv": [9, 4, 10, 5], "texture": "#1"},
				"down": {"uv": [9, 8, 10, 9], "texture": "#1"}
			}
		},
		{
			"name": "how_iron_shovel_4",
			"from": [8, 10, 8],
			"to": [9, 11, 9],
			"faces": {
				"north": {"uv": [9, 5, 8, 6], "texture": "#1"},
				"east": {"uv": [8, 5, 9, 6], "texture": "#1"},
				"south": {"uv": [8, 5, 9, 6], "texture": "#1"},
				"west": {"uv": [8, 5, 9, 6], "texture": "#1"},
				"up": {"uv": [8, 5, 9, 6], "texture": "#1"},
				"down": {"uv": [8, 5, 9, 6], "texture": "#1"}
			}
		},
		{
			"name": "how_iron_shovel_5",
			"from": [8, 6, 8],
			"to": [9, 9, 9],
			"faces": {
				"north": {"uv": [9, 7, 8, 10], "texture": "#1"},
				"east": {"uv": [8, 7, 9, 10], "texture": "#1"},
				"south": {"uv": [8, 7, 9, 10], "texture": "#1"},
				"west": {"uv": [8, 7, 9, 10], "texture": "#1"},
				"up": {"uv": [8, 7, 9, 8], "texture": "#1"},
				"down": {"uv": [8, 9, 9, 10], "texture": "#1"}
			}
		},
		{
			"name": "how_iron_shovel_6",
			"from": [11, 8, 8],
			"to": [13, 9, 9],
			"faces": {
				"north": {"uv": [13, 7, 11, 8], "texture": "#1"},
				"east": {"uv": [12, 7, 13, 8], "texture": "#1"},
				"south": {"uv": [11, 7, 13, 8], "texture": "#1"},
				"west": {"uv": [11, 7, 12, 8], "texture": "#1"},
				"up": {"uv": [11, 7, 13, 8], "texture": "#1"},
				"down": {"uv": [11, 7, 13, 8], "texture": "#1"}
			}
		},
		{
			"name": "how_iron_shovel_7",
			"from": [7, 5, 8],
			"to": [8, 8, 9],
			"faces": {
				"north": {"uv": [8, 8, 7, 11], "texture": "#1"},
				"east": {"uv": [7, 8, 8, 11], "texture": "#1"},
				"south": {"uv": [7, 8, 8, 11], "texture": "#1"},
				"west": {"uv": [7, 8, 8, 11], "texture": "#1"},
				"up": {"uv": [7, 8, 8, 9], "texture": "#1"},
				"down": {"uv": [7, 10, 8, 11], "texture": "#1"}
			}
		},
		{
			"name": "how_iron_shovel_8",
			"from": [11, 7, 8],
			"to": [12, 8, 9],
			"faces": {
				"north": {"uv": [12, 8, 11, 9], "texture": "#1"},
				"east": {"uv": [11, 8, 12, 9], "texture": "#1"},
				"south": {"uv": [11, 8, 12, 9], "texture": "#1"},
				"west": {"uv": [11, 8, 12, 9], "texture": "#1"},
				"up": {"uv": [11, 8, 12, 9], "texture": "#1"},
				"down": {"uv": [11, 8, 12, 9], "texture": "#1"}
			}
		},
		{
			"name": "how_iron_shovel_9",
			"from": [6, 4, 8],
			"to": [7, 7, 9],
			"faces": {
				"north": {"uv": [7, 9, 6, 12], "texture": "#1"},
				"east": {"uv": [6, 9, 7, 12], "texture": "#1"},
				"south": {"uv": [6, 9, 7, 12], "texture": "#1"},
				"west": {"uv": [6, 9, 7, 12], "texture": "#1"},
				"up": {"uv": [6, 9, 7, 10], "texture": "#1"},
				"down": {"uv": [6, 11, 7, 12], "texture": "#1"}
			}
		},
		{
			"name": "how_iron_shovel_10",
			"from": [5, 3, 8],
			"to": [6, 6, 9],
			"faces": {
				"north": {"uv": [6, 10, 5, 13], "texture": "#1"},
				"east": {"uv": [5, 10, 6, 13], "texture": "#1"},
				"south": {"uv": [5, 10, 6, 13], "texture": "#1"},
				"west": {"uv": [5, 10, 6, 13], "texture": "#1"},
				"up": {"uv": [5, 10, 6, 11], "texture": "#1"},
				"down": {"uv": [5, 12, 6, 13], "texture": "#1"}
			}
		},
		{
			"name": "how_iron_shovel_11",
			"from": [4, 1, 8],
			"to": [5, 5, 9],
			"faces": {
				"north": {"uv": [5, 11, 4, 15], "texture": "#1"},
				"east": {"uv": [4, 11, 5, 15], "texture": "#1"},
				"south": {"uv": [4, 11, 5, 15], "texture": "#1"},
				"west": {"uv": [4, 11, 5, 15], "texture": "#1"},
				"up": {"uv": [4, 11, 5, 12], "texture": "#1"},
				"down": {"uv": [4, 14, 5, 15], "texture": "#1"}
			}
		},
		{
			"name": "how_iron_shovel_12",
			"from": [2, 2, 8],
			"to": [4, 4, 9],
			"faces": {
				"north": {"uv": [4, 12, 2, 14], "texture": "#1"},
				"east": {"uv": [3, 12, 4, 14], "texture": "#1"},
				"south": {"uv": [2, 12, 4, 14], "texture": "#1"},
				"west": {"uv": [2, 12, 3, 14], "texture": "#1"},
				"up": {"uv": [2, 12, 4, 13], "texture": "#1"},
				"down": {"uv": [2, 13, 4, 14], "texture": "#1"}
			}
		},
		{
			"name": "how_iron_shovel_13",
			"from": [3, 1, 8],
			"to": [4, 2, 9],
			"faces": {
				"north": {"uv": [4, 14, 3, 15], "texture": "#1"},
				"east": {"uv": [3, 14, 4, 15], "texture": "#1"},
				"south": {"uv": [3, 14, 4, 15], "texture": "#1"},
				"west": {"uv": [3, 14, 4, 15], "texture": "#1"},
				"up": {"uv": [3, 14, 4, 15], "texture": "#1"},
				"down": {"uv": [3, 14, 4, 15], "texture": "#1"}
			}
		}
	],
	"gui_light": "front",
	"display": {
		"thirdperson_righthand": {
			"rotation": [14, -90, 55],
			"translation": [1.5, 12.75, 0.5],
			"scale": [2, 2, 2]
		},
		"thirdperson_lefthand": {
			"rotation": [14, 90, -55],
			"translation": [-0.5, 12.75, 0.5],
			"scale": [2, 2, 2]
		},
		"firstperson_righthand": {
			"rotation": [0, -90, 25],
			"translation": [1.13, 3.2, -0.87],
			"scale": [1.3, 1.3, 1.3]
		},
		"firstperson_lefthand": {
			"rotation": [0, 90, -25],
			"translation": [-0.13, 3.2, -0.87],
			"scale": [1.3, 1.3, 1.3]
		},
		"ground": {
			"translation": [0, 10.25, 0],
			"scale": [2, 2, 2]
		},
		"gui": {
			"rotation": [0, 0, 90],
			"translation": [-0.75, -0.5, 0],
			"scale": [1.25, 1.25, 1.25]
		},
		"head": {
			"rotation": [0, 0, -135],
			"translation": [3, 24.75, -1],
			"scale": [3, 3, 3]
		},
		"fixed": {
			"translation": [0, 0, -3.25],
			"scale": [3, 3, 3]
		}
	},
	"groups": [
		{
			"name": "how_iron_shovel",
			"origin": [8, 8, 8],
			"color": 0,
			"children": [0, 1, 2, 3, 4, 5, 6, 7, 8, 9, 10, 11, 12, 13]
		}
	]
}