{
	"credit": "Made with Blockbench",
	"textures": {
		"2": "item/how_iron_axe",
		"particle": "item/how_iron_pickaxe"
	},
	"elements": [
		{
			"name": "how_iron_axe_0",
			"from": [9, 8, 8],
			"to": [11, 15, 9],
			"faces": {
				"north": {"uv": [11, 1, 9, 8], "texture": "#2"},
				"east": {"uv": [10, 1, 11, 8], "texture": "#2"},
				"south": {"uv": [9, 1, 11, 8], "texture": "#2"},
				"west": {"uv": [9, 1, 10, 8], "texture": "#2"},
				"up": {"uv": [9, 1, 11, 2], "texture": "#2"},
				"down": {"uv": [9, 7, 11, 8], "texture": "#2"}
			}
		},
		{
			"name": "how_iron_axe_1",
			"from": [8, 6, 8],
			"to": [9, 14, 9],
			"faces": {
				"north": {"uv": [9, 2, 8, 10], "texture": "#2"},
				"east": {"uv": [8, 2, 9, 10], "texture": "#2"},
				"south": {"uv": [8, 2, 9, 10], "texture": "#2"},
				"west": {"uv": [8, 2, 9, 10], "texture": "#2"},
				"up": {"uv": [8, 2, 9, 3], "texture": "#2"},
				"down": {"uv": [8, 9, 9, 10], "texture": "#2"}
			}
		},
		{
			"name": "how_iron_axe_2",
			"from": [11, 7, 8],
			"to": [12, 14, 9],
			"faces": {
				"north": {"uv": [12, 2, 11, 9], "texture": "#2"},
				"east": {"uv": [11, 2, 12, 9], "texture": "#2"},
				"south": {"uv": [11, 2, 12, 9], "texture": "#2"},
				"west": {"uv": [11, 2, 12, 9], "texture": "#2"},
				"up": {"uv": [11, 2, 12, 3], "texture": "#2"},
				"down": {"uv": [11, 8, 12, 9], "texture": "#2"}
			}
		},
		{
			"name": "how_iron_axe_3",
			"from": [7, 9, 8],
			"to": [8, 13, 9],
			"faces": {
				"north": {"uv": [8, 3, 7, 7], "texture": "#2"},
				"east": {"uv": [7, 3, 8, 7], "texture": "#2"},
				"south": {"uv": [7, 3, 8, 7], "texture": "#2"},
				"west": {"uv": [7, 3, 8, 7], "texture": "#2"},
				"up": {"uv": [7, 3, 8, 4], "texture": "#2"},
				"down": {"uv": [7, 6, 8, 7], "texture": "#2"}
			}
		},
		{
			"name": "how_iron_axe_4",
			"from": [6, 10, 8],
			"to": [7, 12, 9],
			"faces": {
				"north": {"uv": [7, 4, 6, 6], "texture": "#2"},
				"east": {"uv": [6, 4, 7, 6], "texture": "#2"},
				"south": {"uv": [6, 4, 7, 6], "texture": "#2"},
				"west": {"uv": [6, 4, 7, 6], "texture": "#2"},
				"up": {"uv": [6, 4, 7, 5], "texture": "#2"},
				"down": {"uv": [6, 5, 7, 6], "texture": "#2"}
			}
		},
		{
			"name": "how_iron_axe_5",
			"from": [12, 7, 8],
			"to": [13, 12, 9],
			"faces": {
				"north": {"uv": [13, 4, 12, 9], "texture": "#2"},
				"east": {"uv": [12, 4, 13, 9], "texture": "#2"},
				"south": {"uv": [12, 4, 13, 9], "texture": "#2"},
				"west": {"uv": [12, 4, 13, 9], "texture": "#2"},
				"up": {"uv": [12, 4, 13, 5], "texture": "#2"},
				"down": {"uv": [12, 8, 13, 9], "texture": "#2"}
			}
		},
		{
			"name": "how_iron_axe_6",
			"from": [13, 8, 8],
			"to": [14, 10, 9],
			"faces": {
				"north": {"uv": [14, 6, 13, 8], "texture": "#2"},
				"east": {"uv": [13, 6, 14, 8], "texture": "#2"},
				"south": {"uv": [13, 6, 14, 8], "texture": "#2"},
				"west": {"uv": [13, 6, 14, 8], "texture": "#2"},
				"up": {"uv": [13, 6, 14, 7], "texture": "#2"},
				"down": {"uv": [13, 7, 14, 8], "texture": "#2"}
			}
		},
		{
			"name": "how_iron_axe_7",
			"from": [7, 5, 8],
			"to": [8, 8, 9],
			"faces": {
				"north": {"uv": [8, 8, 7, 11], "texture": "#2"},
				"east": {"uv": [7, 8, 8, 11], "texture": "#2"},
				"south": {"uv": [7, 8, 8, 11], "texture": "#2"},
				"west": {"uv": [7, 8, 8, 11], "texture": "#2"},
				"up": {"uv": [7, 8, 8, 9], "texture": "#2"},
				"down": {"uv": [7, 10, 8, 11], "texture": "#2"}
			}
		},
		{
			"name": "how_iron_axe_8",
			"from": [9, 7, 8],
			"to": [10, 8, 9],
			"faces": {
				"north": {"uv": [10, 8, 9, 9], "texture": "#2"},
				"east": {"uv": [9, 8, 10, 9], "texture": "#2"},
				"south": {"uv": [9, 8, 10, 9], "texture": "#2"},
				"west": {"uv": [9, 8, 10, 9], "texture": "#2"},
				"up": {"uv": [9, 8, 10, 9], "texture": "#2"},
				"down": {"uv": [9, 8, 10, 9], "texture": "#2"}
			}
		},
		{
			"name": "how_iron_axe_9",
			"from": [6, 4, 8],
			"to": [7, 7, 9],
			"faces": {
				"north": {"uv": [7, 9, 6, 12], "texture": "#2"},
				"east": {"uv": [6, 9, 7, 12], "texture": "#2"},
				"south": {"uv": [6, 9, 7, 12], "texture": "#2"},
				"west": {"uv": [6, 9, 7, 12], "texture": "#2"},
				"up": {"uv": [6, 9, 7, 10], "texture": "#2"},
				"down": {"uv": [6, 11, 7, 12], "texture": "#2"}
			}
		},
		{
			"name": "how_iron_axe_10",
			"from": [5, 3, 8],
			"to": [6, 6, 9],
			"faces": {
				"north": {"uv": [6, 10, 5, 13], "texture": "#2"},
				"east": {"uv": [5, 10, 6, 13], "texture": "#2"},
				"south": {"uv": [5, 10, 6, 13], "texture": "#2"},
				"west": {"uv": [5, 10, 6, 13], "texture": "#2"},
				"up": {"uv": [5, 10, 6, 11], "texture": "#2"},
				"down": {"uv": [5, 12, 6, 13], "texture": "#2"}
			}
		},
		{
			"name": "how_iron_axe_11",
			"from": [4, 2, 8],
			"to": [5, 5, 9],
			"faces": {
				"north": {"uv": [5, 11, 4, 14], "texture": "#2"},
				"east": {"uv": [4, 11, 5, 14], "texture": "#2"},
				"south": {"uv": [4, 11, 5, 14], "texture": "#2"},
				"west": {"uv": [4, 11, 5, 14], "texture": "#2"},
				"up": {"uv": [4, 11, 5, 12], "texture": "#2"},
				"down": {"uv": [4, 13, 5, 14], "texture": "#2"}
			}
		},
		{
			"name": "how_iron_axe_12",
			"from": [3, 1, 8],
			"to": [4, 4, 9],
			"faces": {
				"north": {"uv": [4, 12, 3, 15], "texture": "#2"},
				"east": {"uv": [3, 12, 4, 15], "texture": "#2"},
				"south": {"uv": [3, 12, 4, 15], "texture": "#2"},
				"west": {"uv": [3, 12, 4, 15], "texture": "#2"},
				"up": {"uv": [3, 12, 4, 13], "texture": "#2"},
				"down": {"uv": [3, 14, 4, 15], "texture": "#2"}
			}
		},
		{
			"name": "how_iron_axe_13",
			"from": [2, 1, 8],
			"to": [3, 3, 9],
			"faces": {
				"north": {"uv": [3, 13, 2, 15], "texture": "#2"},
				"east": {"uv": [2, 13, 3, 15], "texture": "#2"},
				"south": {"uv": [2, 13, 3, 15], "texture": "#2"},
				"west": {"uv": [2, 13, 3, 15], "texture": "#2"},
				"up": {"uv": [2, 13, 3, 14], "texture": "#2"},
				"down": {"uv": [2, 14, 3, 15], "texture": "#2"}
			}
		}
	],
	"gui_light": "front",
	"display": {
		"thirdperson_righthand": {
			"rotation": [14, -90, 55],
			"translation": [1.5, 12.75, 0.5],
			"scale": [2, 2, 2]
		},
		"thirdperson_lefthand": {
			"rotation": [14, 90, -55],
			"translation": [-0.5, 12.75, 0.5],
			"scale": [2, 2, 2]
		},
		"firstperson_righthand": {
			"rotation": [0, -90, 25],
			"translation": [1.13, 3.2, 1.13],
			"scale": [1.3, 1.3, 1.3]
		},
		"firstperson_lefthand": {
			"rotation": [0, 90, -25],
			"translation": [-0.13, 3.2, 1.13],
			"scale": [1.3, 1.3, 1.3]
		},
		"ground": {
			"translation": [0, 10.25, 0],
			"scale": [2, 2, 2]
		},
		"gui": {
			"rotation": [0, 0, 90],
			"translation": [-0.25, 0, 0],
			"scale": [1.25, 1.25, 1.25]
		},
		"head": {
			"rotation": [0, 0, 158],
			"translation": [2.5, 16.5, -1],
			"scale": [3, 3, 3]
		},
		"fixed": {
			"translation": [0, 0, -3.25],
			"scale": [3, 3, 3]
		}
	},
	"groups": [
		{
			"name": "how_iron_axe",
			"origin": [8, 8, 8],
			"color": 0,
			"children": [0, 1, 2, 3, 4, 5, 6, 7, 8, 9, 10, 11, 12, 13]
		}
	]
}