{
	"credit": "Made with Blockbench",
	"textures": {
		"2": "item/how_iron_sword",
		"particle": "item/how_iron_pickaxe"
	},
	"elements": [
		{
			"name": "how_iron_sword_0",
			"from": [13, 13, 8],
			"to": [16, 16, 9],
			"faces": {
				"north": {"uv": [16, 0, 13, 3], "texture": "#2"},
				"east": {"uv": [15, 0, 16, 3], "texture": "#2"},
				"south": {"uv": [13, 0, 16, 3], "texture": "#2"},
				"west": {"uv": [13, 0, 14, 3], "texture": "#2"},
				"up": {"uv": [13, 0, 16, 1], "texture": "#2"},
				"down": {"uv": [13, 2, 16, 3], "texture": "#2"}
			}
		},
		{
			"name": "how_iron_sword_1",
			"from": [12, 10, 8],
			"to": [13, 15, 9],
			"faces": {
				"north": {"uv": [13, 1, 12, 6], "texture": "#2"},
				"east": {"uv": [12, 1, 13, 6], "texture": "#2"},
				"south": {"uv": [12, 1, 13, 6], "texture": "#2"},
				"west": {"uv": [12, 1, 13, 6], "texture": "#2"},
				"up": {"uv": [12, 1, 13, 2], "texture": "#2"},
				"down": {"uv": [12, 5, 13, 6], "texture": "#2"}
			}
		},
		{
			"name": "how_iron_sword_2",
			"from": [11, 9, 8],
			"to": [12, 14, 9],
			"faces": {
				"north": {"uv": [12, 2, 11, 7], "texture": "#2"},
				"east": {"uv": [11, 2, 12, 7], "texture": "#2"},
				"south": {"uv": [11, 2, 12, 7], "texture": "#2"},
				"west": {"uv": [11, 2, 12, 7], "texture": "#2"},
				"up": {"uv": [11, 2, 12, 3], "texture": "#2"},
				"down": {"uv": [11, 6, 12, 7], "texture": "#2"}
			}
		},
		{
			"name": "how_iron_sword_3",
			"from": [10, 8, 8],
			"to": [11, 13, 9],
			"faces": {
				"north": {"uv": [11, 3, 10, 8], "texture": "#2"},
				"east": {"uv": [10, 3, 11, 8], "texture": "#2"},
				"south": {"uv": [10, 3, 11, 8], "texture": "#2"},
				"west": {"uv": [10, 3, 11, 8], "texture": "#2"},
				"up": {"uv": [10, 3, 11, 4], "texture": "#2"},
				"down": {"uv": [10, 7, 11, 8], "texture": "#2"}
			}
		},
		{
			"name": "how_iron_sword_4",
			"from": [13, 12, 8],
			"to": [15, 13, 9],
			"faces": {
				"north": {"uv": [15, 3, 13, 4], "texture": "#2"},
				"east": {"uv": [14, 3, 15, 4], "texture": "#2"},
				"south": {"uv": [13, 3, 15, 4], "texture": "#2"},
				"west": {"uv": [13, 3, 14, 4], "texture": "#2"},
				"up": {"uv": [13, 3, 15, 4], "texture": "#2"},
				"down": {"uv": [13, 3, 15, 4], "texture": "#2"}
			}
		},
		{
			"name": "how_iron_sword_5",
			"from": [9, 7, 8],
			"to": [10, 12, 9],
			"faces": {
				"north": {"uv": [10, 4, 9, 9], "texture": "#2"},
				"east": {"uv": [9, 4, 10, 9], "texture": "#2"},
				"south": {"uv": [9, 4, 10, 9], "texture": "#2"},
				"west": {"uv": [9, 4, 10, 9], "texture": "#2"},
				"up": {"uv": [9, 4, 10, 5], "texture": "#2"},
				"down": {"uv": [9, 8, 10, 9], "texture": "#2"}
			}
		},
		{
			"name": "how_iron_sword_6",
			"from": [13, 11, 8],
			"to": [14, 12, 9],
			"faces": {
				"north": {"uv": [14, 4, 13, 5], "texture": "#2"},
				"east": {"uv": [13, 4, 14, 5], "texture": "#2"},
				"south": {"uv": [13, 4, 14, 5], "texture": "#2"},
				"west": {"uv": [13, 4, 14, 5], "texture": "#2"},
				"up": {"uv": [13, 4, 14, 5], "texture": "#2"},
				"down": {"uv": [13, 4, 14, 5], "texture": "#2"}
			}
		},
		{
			"name": "how_iron_sword_7",
			"from": [8, 6, 8],
			"to": [9, 11, 9],
			"faces": {
				"north": {"uv": [9, 5, 8, 10], "texture": "#2"},
				"east": {"uv": [8, 5, 9, 10], "texture": "#2"},
				"south": {"uv": [8, 5, 9, 10], "texture": "#2"},
				"west": {"uv": [8, 5, 9, 10], "texture": "#2"},
				"up": {"uv": [8, 5, 9, 6], "texture": "#2"},
				"down": {"uv": [8, 9, 9, 10], "texture": "#2"}
			}
		},
		{
			"name": "how_iron_sword_8",
			"from": [2, 8, 8],
			"to": [4, 10, 9],
			"faces": {
				"north": {"uv": [4, 6, 2, 8], "texture": "#2"},
				"east": {"uv": [3, 6, 4, 8], "texture": "#2"},
				"south": {"uv": [2, 6, 4, 8], "texture": "#2"},
				"west": {"uv": [2, 6, 3, 8], "texture": "#2"},
				"up": {"uv": [2, 6, 4, 7], "texture": "#2"},
				"down": {"uv": [2, 7, 4, 8], "texture": "#2"}
			}
		},
		{
			"name": "how_iron_sword_9",
			"from": [7, 3, 8],
			"to": [8, 10, 9],
			"faces": {
				"north": {"uv": [8, 6, 7, 13], "texture": "#2"},
				"east": {"uv": [7, 6, 8, 13], "texture": "#2"},
				"south": {"uv": [7, 6, 8, 13], "texture": "#2"},
				"west": {"uv": [7, 6, 8, 13], "texture": "#2"},
				"up": {"uv": [7, 6, 8, 7], "texture": "#2"},
				"down": {"uv": [7, 12, 8, 13], "texture": "#2"}
			}
		},
		{
			"name": "how_iron_sword_10",
			"from": [4, 3, 8],
			"to": [5, 9, 9],
			"faces": {
				"north": {"uv": [5, 7, 4, 13], "texture": "#2"},
				"east": {"uv": [4, 7, 5, 13], "texture": "#2"},
				"south": {"uv": [4, 7, 5, 13], "texture": "#2"},
				"west": {"uv": [4, 7, 5, 13], "texture": "#2"},
				"up": {"uv": [4, 7, 5, 8], "texture": "#2"},
				"down": {"uv": [4, 12, 5, 13], "texture": "#2"}
			}
		},
		{
			"name": "how_iron_sword_11",
			"from": [6, 3, 8],
			"to": [7, 9, 9],
			"faces": {
				"north": {"uv": [7, 7, 6, 13], "texture": "#2"},
				"east": {"uv": [6, 7, 7, 13], "texture": "#2"},
				"south": {"uv": [6, 7, 7, 13], "texture": "#2"},
				"west": {"uv": [6, 7, 7, 13], "texture": "#2"},
				"up": {"uv": [6, 7, 7, 8], "texture": "#2"},
				"down": {"uv": [6, 12, 7, 13], "texture": "#2"}
			}
		},
		{
			"name": "how_iron_sword_12",
			"from": [3, 6, 8],
			"to": [4, 8, 9],
			"faces": {
				"north": {"uv": [4, 8, 3, 10], "texture": "#2"},
				"east": {"uv": [3, 8, 4, 10], "texture": "#2"},
				"south": {"uv": [3, 8, 4, 10], "texture": "#2"},
				"west": {"uv": [3, 8, 4, 10], "texture": "#2"},
				"up": {"uv": [3, 8, 4, 9], "texture": "#2"},
				"down": {"uv": [3, 9, 4, 10], "texture": "#2"}
			}
		},
		{
			"name": "how_iron_sword_13",
			"from": [5, 4, 8],
			"to": [6, 8, 9],
			"faces": {
				"north": {"uv": [6, 8, 5, 12], "texture": "#2"},
				"east": {"uv": [5, 8, 6, 12], "texture": "#2"},
				"south": {"uv": [5, 8, 6, 12], "texture": "#2"},
				"west": {"uv": [5, 8, 6, 12], "texture": "#2"},
				"up": {"uv": [5, 8, 6, 9], "texture": "#2"},
				"down": {"uv": [5, 11, 6, 12], "texture": "#2"}
			}
		},
		{
			"name": "how_iron_sword_14",
			"from": [3, 2, 8],
			"to": [4, 5, 9],
			"faces": {
				"north": {"uv": [4, 11, 3, 14], "texture": "#2"},
				"east": {"uv": [3, 11, 4, 14], "texture": "#2"},
				"south": {"uv": [3, 11, 4, 14], "texture": "#2"},
				"west": {"uv": [3, 11, 4, 14], "texture": "#2"},
				"up": {"uv": [3, 11, 4, 12], "texture": "#2"},
				"down": {"uv": [3, 13, 4, 14], "texture": "#2"}
			}
		},
		{
			"name": "how_iron_sword_15",
			"from": [8, 2, 8],
			"to": [9, 5, 9],
			"faces": {
				"north": {"uv": [9, 11, 8, 14], "texture": "#2"},
				"east": {"uv": [8, 11, 9, 14], "texture": "#2"},
				"south": {"uv": [8, 11, 9, 14], "texture": "#2"},
				"west": {"uv": [8, 11, 9, 14], "texture": "#2"},
				"up": {"uv": [8, 11, 9, 12], "texture": "#2"},
				"down": {"uv": [8, 13, 9, 14], "texture": "#2"}
			}
		},
		{
			"name": "how_iron_sword_16",
			"from": [2, 0, 8],
			"to": [3, 4, 9],
			"faces": {
				"north": {"uv": [3, 12, 2, 16], "texture": "#2"},
				"east": {"uv": [2, 12, 3, 16], "texture": "#2"},
				"south": {"uv": [2, 12, 3, 16], "texture": "#2"},
				"west": {"uv": [2, 12, 3, 16], "texture": "#2"},
				"up": {"uv": [2, 12, 3, 13], "texture": "#2"},
				"down": {"uv": [2, 15, 3, 16], "texture": "#2"}
			}
		},
		{
			"name": "how_iron_sword_17",
			"from": [9, 2, 8],
			"to": [10, 4, 9],
			"faces": {
				"north": {"uv": [10, 12, 9, 14], "texture": "#2"},
				"east": {"uv": [9, 12, 10, 14], "texture": "#2"},
				"south": {"uv": [9, 12, 10, 14], "texture": "#2"},
				"west": {"uv": [9, 12, 10, 14], "texture": "#2"},
				"up": {"uv": [9, 12, 10, 13], "texture": "#2"},
				"down": {"uv": [9, 13, 10, 14], "texture": "#2"}
			}
		},
		{
			"name": "how_iron_sword_18",
			"from": [0, 0, 8],
			"to": [2, 3, 9],
			"faces": {
				"north": {"uv": [2, 13, 0, 16], "texture": "#2"},
				"east": {"uv": [1, 13, 2, 16], "texture": "#2"},
				"south": {"uv": [0, 13, 2, 16], "texture": "#2"},
				"west": {"uv": [0, 13, 1, 16], "texture": "#2"},
				"up": {"uv": [0, 13, 2, 14], "texture": "#2"},
				"down": {"uv": [0, 15, 2, 16], "texture": "#2"}
			}
		}
	],
	"gui_light": "front",
	"display": {
		"thirdperson_righthand": {
			"rotation": [14, -90, 55],
			"translation": [1.5, 12.75, 3],
			"scale": [2, 2, 2]
		},
		"thirdperson_lefthand": {
			"rotation": [14, 90, -55],
			"translation": [-0.5, 12.75, 3],
			"scale": [2, 2, 2]
		},
		"firstperson_righthand": {
			"rotation": [0, -90, 25],
			"translation": [1.13, 5.2, 0.88],
			"scale": [1.3, 1.3, 1.3]
		},
		"firstperson_lefthand": {
			"rotation": [0, 90, -25],
			"translation": [-0.13, 5.2, 0.88],
			"scale": [1.3, 1.3, 1.3]
		},
		"ground": {
			"translation": [0, 10.25, 0],
			"scale": [2, 2, 2]
		},
		"gui": {
			"rotation": [0, 0, 90]
		},
		"head": {
			"rotation": [0, 0, -44],
			"translation": [-12.25, -0.25, -1],
			"scale": [3, 3, 3]
		},
		"fixed": {
			"translation": [0, 0, -3.25],
			"scale": [3, 3, 3]
		}
	},
	"groups": [
		{
			"name": "how_iron_sword",
			"origin": [8, 8, 8],
			"color": 0,
			"children": [0, 1, 2, 3, 4, 5, 6, 7, 8, 9, 10, 11, 12, 13, 14, 15, 16, 17, 18]
		}
	]
}