{
	"credit": "Made with Blockbench",
	"textures": {
		"0": "item/special_event/april_fools_2024/bread",
		"particle": "item/special_event/april_fools_2024/bread"
	},
	"elements": [
		{
			"name": "bread_0",
			"from": [17, 12, 0],
			"to": [21, 21, 1],
			"faces": {
				"north": {"uv": [13, 1, 9, 10], "texture": "#0"},
				"east": {"uv": [12, 1, 13, 10], "texture": "#0"},
				"south": {"uv": [9, 1, 13, 10], "texture": "#0"},
				"west": {"uv": [9, 1, 10, 10], "texture": "#0"},
				"up": {"uv": [9, 1, 13, 2], "texture": "#0"},
				"down": {"uv": [9, 9, 13, 10], "texture": "#0"}
			}
		},
		{
			"name": "bread_1",
			"from": [7, 2, 0],
			"to": [9, 14, 1],
			"faces": {
				"north": {"uv": [9, 2, 7, 14], "texture": "#0"},
				"east": {"uv": [8, 2, 9, 14], "texture": "#0"},
				"south": {"uv": [7, 2, 9, 14], "texture": "#0"},
				"west": {"uv": [7, 2, 8, 14], "texture": "#0"},
				"up": {"uv": [7, 2, 9, 3], "texture": "#0"},
				"down": {"uv": [7, 13, 9, 14], "texture": "#0"}
			}
		},
		{
			"name": "bread_1",
			"from": [11, 5, 0],
			"to": [13, 17, 1],
			"faces": {
				"north": {"uv": [9, 2, 7, 14], "texture": "#0"},
				"east": {"uv": [8, 2, 9, 14], "texture": "#0"},
				"south": {"uv": [7, 2, 9, 14], "texture": "#0"},
				"west": {"uv": [7, 2, 8, 14], "texture": "#0"},
				"up": {"uv": [7, 2, 9, 3], "texture": "#0"},
				"down": {"uv": [7, 13, 9, 14], "texture": "#0"}
			}
		},
		{
			"name": "bread_13",
			"from": [11, 4, 0],
			"to": [12, 5, 1],
			"faces": {
				"north": {"uv": [8, 14, 7, 15], "texture": "#0"},
				"east": {"uv": [7, 14, 8, 15], "texture": "#0"},
				"south": {"uv": [7, 14, 8, 15], "texture": "#0"},
				"west": {"uv": [7, 14, 8, 15], "texture": "#0"},
				"up": {"uv": [7, 14, 8, 15], "texture": "#0"},
				"down": {"uv": [7, 14, 8, 15], "texture": "#0"}
			}
		},
		{
			"name": "bread_3",
			"from": [10, 3, 0],
			"to": [11, 16, 1],
			"faces": {
				"north": {"uv": [7, 3, 6, 16], "texture": "#0"},
				"east": {"uv": [6, 3, 7, 16], "texture": "#0"},
				"south": {"uv": [6, 3, 7, 16], "texture": "#0"},
				"west": {"uv": [6, 3, 7, 16], "texture": "#0"},
				"up": {"uv": [6, 3, 7, 4], "texture": "#0"},
				"down": {"uv": [6, 15, 7, 16], "texture": "#0"}
			}
		},
		{
			"name": "bread_3",
			"from": [9, 2, 0],
			"to": [10, 15, 1],
			"faces": {
				"north": {"uv": [7, 3, 6, 16], "texture": "#0"},
				"east": {"uv": [6, 3, 7, 16], "texture": "#0"},
				"south": {"uv": [6, 3, 7, 16], "texture": "#0"},
				"west": {"uv": [6, 3, 7, 16], "texture": "#0"},
				"up": {"uv": [6, 3, 7, 4], "texture": "#0"},
				"down": {"uv": [6, 15, 7, 16], "texture": "#0"}
			}
		},
		{
			"name": "bread_1",
			"from": [11, 5, 0],
			"to": [13, 17, 1],
			"faces": {
				"north": {"uv": [9, 2, 7, 14], "texture": "#0"},
				"east": {"uv": [8, 2, 9, 14], "texture": "#0"},
				"south": {"uv": [7, 2, 9, 14], "texture": "#0"},
				"west": {"uv": [7, 2, 8, 14], "texture": "#0"},
				"up": {"uv": [7, 2, 9, 3], "texture": "#0"},
				"down": {"uv": [7, 13, 9, 14], "texture": "#0"}
			}
		},
		{
			"name": "bread_1",
			"from": [15, 8, 0],
			"to": [17, 20, 1],
			"faces": {
				"north": {"uv": [9, 2, 7, 14], "texture": "#0"},
				"east": {"uv": [8, 2, 9, 14], "texture": "#0"},
				"south": {"uv": [7, 2, 9, 14], "texture": "#0"},
				"west": {"uv": [7, 2, 8, 14], "texture": "#0"},
				"up": {"uv": [7, 2, 9, 3], "texture": "#0"},
				"down": {"uv": [7, 13, 9, 14], "texture": "#0"}
			}
		},
		{
			"name": "bread_13",
			"from": [15, 7, 0],
			"to": [16, 8, 1],
			"faces": {
				"north": {"uv": [8, 14, 7, 15], "texture": "#0"},
				"east": {"uv": [7, 14, 8, 15], "texture": "#0"},
				"south": {"uv": [7, 14, 8, 15], "texture": "#0"},
				"west": {"uv": [7, 14, 8, 15], "texture": "#0"},
				"up": {"uv": [7, 14, 8, 15], "texture": "#0"},
				"down": {"uv": [7, 14, 8, 15], "texture": "#0"}
			}
		},
		{
			"name": "bread_3",
			"from": [13, 5, 0],
			"to": [14, 18, 1],
			"faces": {
				"north": {"uv": [7, 3, 6, 16], "texture": "#0"},
				"east": {"uv": [6, 3, 7, 16], "texture": "#0"},
				"south": {"uv": [6, 3, 7, 16], "texture": "#0"},
				"west": {"uv": [6, 3, 7, 16], "texture": "#0"},
				"up": {"uv": [6, 3, 7, 4], "texture": "#0"},
				"down": {"uv": [6, 15, 7, 16], "texture": "#0"}
			}
		},
		{
			"name": "bread_3",
			"from": [14, 6, 0],
			"to": [15, 19, 1],
			"faces": {
				"north": {"uv": [7, 3, 6, 16], "texture": "#0"},
				"east": {"uv": [6, 3, 7, 16], "texture": "#0"},
				"south": {"uv": [6, 3, 7, 16], "texture": "#0"},
				"west": {"uv": [6, 3, 7, 16], "texture": "#0"},
				"up": {"uv": [6, 3, 7, 4], "texture": "#0"},
				"down": {"uv": [6, 15, 7, 16], "texture": "#0"}
			}
		},
		{
			"name": "bread_1",
			"from": [15, 8, 0],
			"to": [17, 20, 1],
			"faces": {
				"north": {"uv": [9, 2, 7, 14], "texture": "#0"},
				"east": {"uv": [8, 2, 9, 14], "texture": "#0"},
				"south": {"uv": [7, 2, 9, 14], "texture": "#0"},
				"west": {"uv": [7, 2, 8, 14], "texture": "#0"},
				"up": {"uv": [7, 2, 9, 3], "texture": "#0"},
				"down": {"uv": [7, 13, 9, 14], "texture": "#0"}
			}
		},
		{
			"name": "bread_1",
			"from": [7, 2, 0],
			"to": [9, 14, 1],
			"faces": {
				"north": {"uv": [9, 2, 7, 14], "texture": "#0"},
				"east": {"uv": [8, 2, 9, 14], "texture": "#0"},
				"south": {"uv": [7, 2, 9, 14], "texture": "#0"},
				"west": {"uv": [7, 2, 8, 14], "texture": "#0"},
				"up": {"uv": [7, 2, 9, 3], "texture": "#0"},
				"down": {"uv": [7, 13, 9, 14], "texture": "#0"}
			}
		},
		{
			"name": "bread_2",
			"from": [21, 13, 0],
			"to": [22, 20, 1],
			"faces": {
				"north": {"uv": [14, 2, 13, 9], "texture": "#0"},
				"east": {"uv": [13, 2, 14, 9], "texture": "#0"},
				"south": {"uv": [13, 2, 14, 9], "texture": "#0"},
				"west": {"uv": [13, 2, 14, 9], "texture": "#0"},
				"up": {"uv": [13, 2, 14, 3], "texture": "#0"},
				"down": {"uv": [13, 8, 14, 9], "texture": "#0"}
			}
		},
		{
			"name": "bread_3",
			"from": [6, 0, 0],
			"to": [7, 13, 1],
			"faces": {
				"north": {"uv": [7, 3, 6, 16], "texture": "#0"},
				"east": {"uv": [6, 3, 7, 16], "texture": "#0"},
				"south": {"uv": [6, 3, 7, 16], "texture": "#0"},
				"west": {"uv": [6, 3, 7, 16], "texture": "#0"},
				"up": {"uv": [6, 3, 7, 4], "texture": "#0"},
				"down": {"uv": [6, 15, 7, 16], "texture": "#0"}
			}
		},
		{
			"name": "bread_4",
			"from": [22, 14, 0],
			"to": [23, 19, 1],
			"faces": {
				"north": {"uv": [15, 3, 14, 8], "texture": "#0"},
				"east": {"uv": [14, 3, 15, 8], "texture": "#0"},
				"south": {"uv": [14, 3, 15, 8], "texture": "#0"},
				"west": {"uv": [14, 3, 15, 8], "texture": "#0"},
				"up": {"uv": [14, 3, 15, 4], "texture": "#0"},
				"down": {"uv": [14, 7, 15, 8], "texture": "#0"}
			}
		},
		{
			"name": "bread_5",
			"from": [5, 0, 0],
			"to": [6, 12, 1],
			"faces": {
				"north": {"uv": [6, 4, 5, 16], "texture": "#0"},
				"east": {"uv": [5, 4, 6, 16], "texture": "#0"},
				"south": {"uv": [5, 4, 6, 16], "texture": "#0"},
				"west": {"uv": [5, 4, 6, 16], "texture": "#0"},
				"up": {"uv": [5, 4, 6, 5], "texture": "#0"},
				"down": {"uv": [5, 15, 6, 16], "texture": "#0"}
			}
		},
		{
			"name": "bread_6",
			"from": [4, 0, 0],
			"to": [5, 11, 1],
			"faces": {
				"north": {"uv": [5, 5, 4, 16], "texture": "#0"},
				"east": {"uv": [4, 5, 5, 16], "texture": "#0"},
				"south": {"uv": [4, 5, 5, 16], "texture": "#0"},
				"west": {"uv": [4, 5, 5, 16], "texture": "#0"},
				"up": {"uv": [4, 5, 5, 6], "texture": "#0"},
				"down": {"uv": [4, 15, 5, 16], "texture": "#0"}
			}
		},
		{
			"name": "bread_7",
			"from": [3, 0, 0],
			"to": [4, 10, 1],
			"faces": {
				"north": {"uv": [4, 6, 3, 16], "texture": "#0"},
				"east": {"uv": [3, 6, 4, 16], "texture": "#0"},
				"south": {"uv": [3, 6, 4, 16], "texture": "#0"},
				"west": {"uv": [3, 6, 4, 16], "texture": "#0"},
				"up": {"uv": [3, 6, 4, 7], "texture": "#0"},
				"down": {"uv": [3, 15, 4, 16], "texture": "#0"}
			}
		},
		{
			"name": "bread_8",
			"from": [2, 1, 0],
			"to": [3, 9, 1],
			"faces": {
				"north": {"uv": [3, 7, 2, 15], "texture": "#0"},
				"east": {"uv": [2, 7, 3, 15], "texture": "#0"},
				"south": {"uv": [2, 7, 3, 15], "texture": "#0"},
				"west": {"uv": [2, 7, 3, 15], "texture": "#0"},
				"up": {"uv": [2, 7, 3, 8], "texture": "#0"},
				"down": {"uv": [2, 14, 3, 15], "texture": "#0"}
			}
		},
		{
			"name": "bread_9",
			"from": [1, 2, 0],
			"to": [2, 7, 1],
			"faces": {
				"north": {"uv": [2, 9, 1, 14], "texture": "#0"},
				"east": {"uv": [1, 9, 2, 14], "texture": "#0"},
				"south": {"uv": [1, 9, 2, 14], "texture": "#0"},
				"west": {"uv": [1, 9, 2, 14], "texture": "#0"},
				"up": {"uv": [1, 9, 2, 10], "texture": "#0"},
				"down": {"uv": [1, 13, 2, 14], "texture": "#0"}
			}
		},
		{
			"name": "bread_10",
			"from": [17, 10, 0],
			"to": [19, 12, 1],
			"faces": {
				"north": {"uv": [11, 10, 9, 12], "texture": "#0"},
				"east": {"uv": [10, 10, 11, 12], "texture": "#0"},
				"south": {"uv": [9, 10, 11, 12], "texture": "#0"},
				"west": {"uv": [9, 10, 10, 12], "texture": "#0"},
				"up": {"uv": [9, 10, 11, 11], "texture": "#0"},
				"down": {"uv": [9, 11, 11, 12], "texture": "#0"}
			}
		},
		{
			"name": "bread_11",
			"from": [19, 11, 0],
			"to": [20, 12, 1],
			"faces": {
				"north": {"uv": [12, 10, 11, 11], "texture": "#0"},
				"east": {"uv": [11, 10, 12, 11], "texture": "#0"},
				"south": {"uv": [11, 10, 12, 11], "texture": "#0"},
				"west": {"uv": [11, 10, 12, 11], "texture": "#0"},
				"up": {"uv": [11, 10, 12, 11], "texture": "#0"},
				"down": {"uv": [11, 10, 12, 11], "texture": "#0"}
			}
		},
		{
			"name": "bread_12",
			"from": [17, 9, 0],
			"to": [18, 10, 1],
			"faces": {
				"north": {"uv": [10, 12, 9, 13], "texture": "#0"},
				"east": {"uv": [9, 12, 10, 13], "texture": "#0"},
				"south": {"uv": [9, 12, 10, 13], "texture": "#0"},
				"west": {"uv": [9, 12, 10, 13], "texture": "#0"},
				"up": {"uv": [9, 12, 10, 13], "texture": "#0"},
				"down": {"uv": [9, 12, 10, 13], "texture": "#0"}
			}
		},
		{
			"name": "bread_13",
			"from": [7, 1, 0],
			"to": [8, 2, 1],
			"faces": {
				"north": {"uv": [8, 14, 7, 15], "texture": "#0"},
				"east": {"uv": [7, 14, 8, 15], "texture": "#0"},
				"south": {"uv": [7, 14, 8, 15], "texture": "#0"},
				"west": {"uv": [7, 14, 8, 15], "texture": "#0"},
				"up": {"uv": [7, 14, 8, 15], "texture": "#0"},
				"down": {"uv": [7, 14, 8, 15], "texture": "#0"}
			}
		}
	],
	"gui_light": "front",
	"display": {
		"thirdperson_righthand": {
			"translation": [1.5, 3, 5],
			"scale": [0.98, 0.64, 0.59]
		},
		"thirdperson_lefthand": {
			"rotation": [0, 0, -49],
			"translation": [-4, 4.75, 5.25],
			"scale": [0.98, 0.64, 0.59]
		},
		"firstperson_righthand": {
			"rotation": [0, -90, 25],
			"translation": [-8.12, 0.95, 2.63],
			"scale": [0.7, 0.7, 0.7]
		},
		"firstperson_lefthand": {
			"rotation": [0, -90, 15],
			"translation": [-7.37, -3.55, 5.5],
			"scale": [2, 2, 2]
		},
		"ground": {
			"translation": [0, 2, 4.5],
			"scale": [0.89, 0.5, 0.64]
		},
		"gui": {
			"translation": [-3, -2, 0],
			"scale": [0.7, 0.7, 0.7]
		},
		"head": {
			"rotation": [-47, 0, 49],
			"translation": [-0.25, 18, -4.25],
			"scale": [1.6, 1, 1.6]
		},
		"fixed": {
			"translation": [-5.25, -3, 12],
			"scale": [1.8, 1.2, 1.7]
		}
	},
	"groups": [
		{
			"name": "bread",
			"origin": [8, 8, 8],
			"color": 0,
			"children": [0, 1, 2, 3, 4, 5, 6, 7, 8, 9, 10, 11, 12, 13, 14, 15, 16, 17, 18, 19, 20, 21, 22, 23, 24]
		}
	]
}