{
	"credit": "Made with Blockbench",
	"texture_size": [128, 128],
	"textures": {
		"1": "item/special_event/april_fools_2024/nose",
		"2": "item/special_event/april_fools_2024/hair"
	},
	"elements": [
		{
			"from": [6, 2, -2],
			"to": [10, 6, 1.325],
			"faces": {
				"north": {"uv": [0, 0, 4, 4], "texture": "#1"},
				"east": {"uv": [4, 0, 7, 4], "texture": "#1"},
				"south": {"uv": [0, 4, 4, 8], "texture": "#1"},
				"west": {"uv": [4, 4, 7, 8], "texture": "#1"},
				"up": {"uv": [11, 3, 7, 0], "texture": "#1"},
				"down": {"uv": [11, 3, 7, 6], "texture": "#1"}
			}
		},
		{
			"from": [-2, 11, 6],
			"to": [1, 14, 9],
			"faces": {
				"north": {"uv": [4, 2.125, 4.375, 2.5], "texture": "#2"},
				"east": {"uv": [4.75, 1, 5.125, 1.375], "texture": "#2"},
				"south": {"uv": [4.875, 4.125, 5.25, 4.5], "texture": "#2"},
				"west": {"uv": [4.375, 4.875, 4.75, 5.25], "texture": "#2"},
				"up": {"uv": [5.25, 4.875, 4.875, 4.5], "texture": "#2"},
				"down": {"uv": [5.125, 4.875, 4.75, 5.25], "texture": "#2"}
			}
		},
		{
			"from": [-2, 13, 9],
			"to": [1, 16, 12],
			"faces": {
				"north": {"uv": [0, 5, 0.375, 5.375], "texture": "#2"},
				"east": {"uv": [0.375, 5, 0.75, 5.375], "texture": "#2"},
				"south": {"uv": [5, 1.375, 5.375, 1.75], "texture": "#2"},
				"west": {"uv": [5, 2.375, 5.375, 2.75], "texture": "#2"},
				"up": {"uv": [5.375, 3.125, 5, 2.75], "texture": "#2"},
				"down": {"uv": [5.5, 0, 5.125, 0.375], "texture": "#2"}
			}
		},
		{
			"from": [-2, 11, 12],
			"to": [1, 14, 15],
			"faces": {
				"north": {"uv": [5.125, 0.375, 5.5, 0.75], "texture": "#2"},
				"east": {"uv": [0.75, 5.125, 1.125, 5.5], "texture": "#2"},
				"south": {"uv": [5.125, 0.75, 5.5, 1.125], "texture": "#2"},
				"west": {"uv": [2.625, 5.125, 3, 5.5], "texture": "#2"},
				"up": {"uv": [3.375, 5.5, 3, 5.125], "texture": "#2"},
				"down": {"uv": [5.5, 4.875, 5.125, 5.25], "texture": "#2"}
			}
		},
		{
			"from": [15, 14.625, 8],
			"to": [18, 17.625, 11],
			"faces": {
				"north": {"uv": [5.5, 0, 5.875, 0.375], "texture": "#2"},
				"east": {"uv": [5.5, 0.375, 5.875, 0.75], "texture": "#2"},
				"south": {"uv": [0.75, 5.5, 1.125, 5.875], "texture": "#2"},
				"west": {"uv": [5.5, 0.75, 5.875, 1.125], "texture": "#2"},
				"up": {"uv": [3, 5.875, 2.625, 5.5], "texture": "#2"},
				"down": {"uv": [3.375, 5.5, 3, 5.875], "texture": "#2"}
			}
		},
		{
			"from": [14.4, 12.625, 6.9],
			"to": [17.4, 16.625, 9.9],
			"faces": {
				"north": {"uv": [4.25, 2.875, 4.625, 3.375], "texture": "#2"},
				"east": {"uv": [4.375, 0.375, 4.75, 0.875], "texture": "#2"},
				"south": {"uv": [4.375, 0.875, 4.75, 1.375], "texture": "#2"},
				"west": {"uv": [1.125, 4.375, 1.5, 4.875], "texture": "#2"},
				"up": {"uv": [5.75, 2.5, 5.375, 2.125], "texture": "#2"},
				"down": {"uv": [5.75, 2.5, 5.375, 2.875], "texture": "#2"}
			}
		},
		{
			"from": [15, 16.625, 1],
			"to": [18, 19.625, 4],
			"faces": {
				"north": {"uv": [4.875, 5.25, 5.25, 5.625], "texture": "#2"},
				"east": {"uv": [5.25, 5.25, 5.625, 5.625], "texture": "#2"},
				"south": {"uv": [0, 5.375, 0.375, 5.75], "texture": "#2"},
				"west": {"uv": [0.375, 5.375, 0.75, 5.75], "texture": "#2"},
				"up": {"uv": [1.5, 5.75, 1.125, 5.375], "texture": "#2"},
				"down": {"uv": [5.75, 1.125, 5.375, 1.5], "texture": "#2"}
			}
		},
		{
			"from": [14.2, 12.225, 10.425],
			"to": [17.2, 16.225, 17.425],
			"faces": {
				"north": {"uv": [0, 4.5, 0.375, 5], "texture": "#2"},
				"east": {"uv": [1.75, 3, 2.625, 3.5], "texture": "#2"},
				"south": {"uv": [0.375, 4.5, 0.75, 5], "texture": "#2"},
				"west": {"uv": [2.625, 3, 3.5, 3.5], "texture": "#2"},
				"up": {"uv": [0.375, 4.5, 0, 3.625], "texture": "#2"},
				"down": {"uv": [0.75, 3.625, 0.375, 4.5], "texture": "#2"}
			}
		},
		{
			"from": [15.375, 13, 2.325],
			"to": [18.375, 16, 5.325],
			"faces": {
				"north": {"uv": [6.375, 4.875, 6.75, 5.25], "texture": "#2"},
				"east": {"uv": [5.25, 6.375, 5.625, 6.75], "texture": "#2"},
				"south": {"uv": [6.375, 5.25, 6.75, 5.625], "texture": "#2"},
				"west": {"uv": [6.375, 5.625, 6.75, 6], "texture": "#2"},
				"up": {"uv": [6.75, 6.375, 6.375, 6], "texture": "#2"},
				"down": {"uv": [6.75, 6.375, 6.375, 6.75], "texture": "#2"}
			}
		},
		{
			"from": [12.85, 12.25, 7.3],
			"to": [15.85, 15.25, 10.3],
			"faces": {
				"north": {"uv": [3.75, 6.375, 4.125, 6.75], "texture": "#2"},
				"east": {"uv": [6.375, 3.75, 6.75, 4.125], "texture": "#2"},
				"south": {"uv": [4.125, 6.375, 4.5, 6.75], "texture": "#2"},
				"west": {"uv": [4.5, 6.375, 4.875, 6.75], "texture": "#2"},
				"up": {"uv": [6.75, 4.875, 6.375, 4.5], "texture": "#2"},
				"down": {"uv": [5.25, 6.375, 4.875, 6.75], "texture": "#2"}
			}
		},
		{
			"from": [14.4, 12.625, 10.7],
			"to": [17.4, 15.625, 13.7],
			"faces": {
				"north": {"uv": [1.875, 6.375, 2.25, 6.75], "texture": "#2"},
				"east": {"uv": [2.25, 6.375, 2.625, 6.75], "texture": "#2"},
				"south": {"uv": [6.375, 2.625, 6.75, 3], "texture": "#2"},
				"west": {"uv": [6.375, 3, 6.75, 3.375], "texture": "#2"},
				"up": {"uv": [3.75, 6.75, 3.375, 6.375], "texture": "#2"},
				"down": {"uv": [6.75, 3.375, 6.375, 3.75], "texture": "#2"}
			}
		},
		{
			"from": [14.4, 16.625, 6.7],
			"to": [17.4, 19.625, 9.7],
			"faces": {
				"north": {"uv": [2.625, 6.25, 3, 6.625], "texture": "#2"},
				"east": {"uv": [3, 6.25, 3.375, 6.625], "texture": "#2"},
				"south": {"uv": [6.25, 4.125, 6.625, 4.5], "texture": "#2"},
				"west": {"uv": [6, 6.25, 6.375, 6.625], "texture": "#2"},
				"up": {"uv": [1.875, 6.75, 1.5, 6.375], "texture": "#2"},
				"down": {"uv": [6.75, 1.5, 6.375, 1.875], "texture": "#2"}
			}
		},
		{
			"from": [14.05, 12.225, 7.975],
			"to": [17.05, 15.225, 10.975],
			"faces": {
				"north": {"uv": [6.125, 2.25, 6.5, 2.625], "texture": "#2"},
				"east": {"uv": [5.625, 6.125, 6, 6.5], "texture": "#2"},
				"south": {"uv": [6.25, 0, 6.625, 0.375], "texture": "#2"},
				"west": {"uv": [6.25, 0.375, 6.625, 0.75], "texture": "#2"},
				"up": {"uv": [1.125, 6.625, 0.75, 6.25], "texture": "#2"},
				"down": {"uv": [6.625, 0.75, 6.25, 1.125], "texture": "#2"}
			}
		},
		{
			"from": [15.275, 10, 2.35],
			"to": [18.275, 13, 5.35],
			"faces": {
				"north": {"uv": [6, 5.875, 6.375, 6.25], "texture": "#2"},
				"east": {"uv": [0, 6.125, 0.375, 6.5], "texture": "#2"},
				"south": {"uv": [0.375, 6.125, 0.75, 6.5], "texture": "#2"},
				"west": {"uv": [1.125, 6.125, 1.5, 6.5], "texture": "#2"},
				"up": {"uv": [6.5, 1.5, 6.125, 1.125], "texture": "#2"},
				"down": {"uv": [6.5, 1.875, 6.125, 2.25], "texture": "#2"}
			}
		},
		{
			"from": [14.15, 15.25, 3.7],
			"to": [17.15, 18.25, 6.7],
			"faces": {
				"north": {"uv": [2.25, 6.75, 2.625, 7.125], "texture": "#2"},
				"east": {"uv": [6.75, 2.625, 7.125, 3], "texture": "#2"},
				"south": {"uv": [6.75, 3, 7.125, 3.375], "texture": "#2"},
				"west": {"uv": [3.375, 6.75, 3.75, 7.125], "texture": "#2"},
				"up": {"uv": [7.125, 3.75, 6.75, 3.375], "texture": "#2"},
				"down": {"uv": [4.125, 6.75, 3.75, 7.125], "texture": "#2"}
			}
		},
		{
			"from": [11.175, 16.875, 12.075],
			"to": [14.175, 19.875, 15.075],
			"faces": {
				"north": {"uv": [3, 6.625, 3.375, 7], "texture": "#2"},
				"east": {"uv": [6.625, 4.125, 7, 4.5], "texture": "#2"},
				"south": {"uv": [6, 6.625, 6.375, 7], "texture": "#2"},
				"west": {"uv": [1.5, 6.75, 1.875, 7.125], "texture": "#2"},
				"up": {"uv": [7.125, 1.875, 6.75, 1.5], "texture": "#2"},
				"down": {"uv": [2.25, 6.75, 1.875, 7.125], "texture": "#2"}
			}
		},
		{
			"from": [12.675, 13.275, 11.075],
			"to": [15.675, 16.275, 14.075],
			"faces": {
				"north": {"uv": [5.625, 6.5, 6, 6.875], "texture": "#2"},
				"east": {"uv": [6.625, 0, 7, 0.375], "texture": "#2"},
				"south": {"uv": [6.625, 0.375, 7, 0.75], "texture": "#2"},
				"west": {"uv": [0.75, 6.625, 1.125, 7], "texture": "#2"},
				"up": {"uv": [7, 1.125, 6.625, 0.75], "texture": "#2"},
				"down": {"uv": [3, 6.625, 2.625, 7], "texture": "#2"}
			}
		},
		{
			"from": [15.275, 10, 7.175],
			"to": [18.275, 13, 10.175],
			"faces": {
				"north": {"uv": [0, 6.5, 0.375, 6.875], "texture": "#2"},
				"east": {"uv": [0.375, 6.5, 0.75, 6.875], "texture": "#2"},
				"south": {"uv": [1.125, 6.5, 1.5, 6.875], "texture": "#2"},
				"west": {"uv": [6.5, 1.125, 6.875, 1.5], "texture": "#2"},
				"up": {"uv": [6.875, 2.25, 6.5, 1.875], "texture": "#2"},
				"down": {"uv": [6.875, 2.25, 6.5, 2.625], "texture": "#2"}
			}
		},
		{
			"from": [15.775, 11.6, 0.35],
			"to": [18.775, 14.6, 3.35],
			"faces": {
				"north": {"uv": [4.5, 6, 4.875, 6.375], "texture": "#2"},
				"east": {"uv": [6, 4.75, 6.375, 5.125], "texture": "#2"},
				"south": {"uv": [4.875, 6, 5.25, 6.375], "texture": "#2"},
				"west": {"uv": [6, 5.125, 6.375, 5.5], "texture": "#2"},
				"up": {"uv": [5.625, 6.375, 5.25, 6], "texture": "#2"},
				"down": {"uv": [6.375, 5.5, 6, 5.875], "texture": "#2"}
			}
		},
		{
			"from": [14.8, 14.225, 1.725],
			"to": [17.8, 17.225, 4.725],
			"faces": {
				"north": {"uv": [6, 3, 6.375, 3.375], "texture": "#2"},
				"east": {"uv": [3.375, 6, 3.75, 6.375], "texture": "#2"},
				"south": {"uv": [6, 3.375, 6.375, 3.75], "texture": "#2"},
				"west": {"uv": [3.75, 6, 4.125, 6.375], "texture": "#2"},
				"up": {"uv": [6.375, 4.125, 6, 3.75], "texture": "#2"},
				"down": {"uv": [4.5, 6, 4.125, 6.375], "texture": "#2"}
			}
		},
		{
			"from": [15.975, 13, -3.375],
			"to": [18.975, 16, -0.375],
			"faces": {
				"north": {"uv": [5.625, 3.25, 6, 3.625], "texture": "#2"},
				"east": {"uv": [3.375, 5.625, 3.75, 6], "texture": "#2"},
				"south": {"uv": [5.625, 3.625, 6, 4], "texture": "#2"},
				"west": {"uv": [3.75, 5.625, 4.125, 6], "texture": "#2"},
				"up": {"uv": [6, 4.375, 5.625, 4], "texture": "#2"},
				"down": {"uv": [4.5, 5.625, 4.125, 6], "texture": "#2"}
			}
		},
		{
			"from": [15.975, 14, -0.375],
			"to": [18.975, 17, 2.625],
			"faces": {
				"north": {"uv": [5.5, 4.625, 5.875, 5], "texture": "#2"},
				"east": {"uv": [1.5, 5.625, 1.875, 6], "texture": "#2"},
				"south": {"uv": [5.625, 1.5, 6, 1.875], "texture": "#2"},
				"west": {"uv": [1.875, 5.625, 2.25, 6], "texture": "#2"},
				"up": {"uv": [2.625, 6, 2.25, 5.625], "texture": "#2"},
				"down": {"uv": [6, 2.875, 5.625, 3.25], "texture": "#2"}
			}
		},
		{
			"from": [14.5, 11.025, 13],
			"to": [17.5, 14.025, 16],
			"faces": {
				"north": {"uv": [5.875, 4.375, 6.25, 4.75], "texture": "#2"},
				"east": {"uv": [1.5, 6, 1.875, 6.375], "texture": "#2"},
				"south": {"uv": [6, 1.5, 6.375, 1.875], "texture": "#2"},
				"west": {"uv": [1.875, 6, 2.25, 6.375], "texture": "#2"},
				"up": {"uv": [2.625, 6.375, 2.25, 6], "texture": "#2"},
				"down": {"uv": [6.375, 2.625, 6, 3], "texture": "#2"}
			}
		},
		{
			"from": [14.5, 15.025, 9],
			"to": [17.5, 18.025, 12],
			"faces": {
				"north": {"uv": [5.875, 0, 6.25, 0.375], "texture": "#2"},
				"east": {"uv": [5.875, 0.375, 6.25, 0.75], "texture": "#2"},
				"south": {"uv": [0.75, 5.875, 1.125, 6.25], "texture": "#2"},
				"west": {"uv": [5.875, 0.75, 6.25, 1.125], "texture": "#2"},
				"up": {"uv": [3, 6.25, 2.625, 5.875], "texture": "#2"},
				"down": {"uv": [3.375, 5.875, 3, 6.25], "texture": "#2"}
			}
		},
		{
			"from": [15.475, 11.4, -1.375],
			"to": [18.475, 14.4, 1.625],
			"faces": {
				"north": {"uv": [0.375, 5.75, 0.75, 6.125], "texture": "#2"},
				"east": {"uv": [1.125, 5.75, 1.5, 6.125], "texture": "#2"},
				"south": {"uv": [5.75, 1.125, 6.125, 1.5], "texture": "#2"},
				"west": {"uv": [5.75, 1.875, 6.125, 2.25], "texture": "#2"},
				"up": {"uv": [6.125, 2.625, 5.75, 2.25], "texture": "#2"},
				"down": {"uv": [6, 5.75, 5.625, 6.125], "texture": "#2"}
			}
		},
		{
			"from": [14.45, 13.075, 7.725],
			"to": [17.45, 16.075, 10.725],
			"faces": {
				"north": {"uv": [2.625, 7, 3, 7.375], "texture": "#2"},
				"east": {"uv": [3, 7, 3.375, 7.375], "texture": "#2"},
				"south": {"uv": [7, 4.125, 7.375, 4.5], "texture": "#2"},
				"west": {"uv": [6, 7, 6.375, 7.375], "texture": "#2"},
				"up": {"uv": [1.875, 7.5, 1.5, 7.125], "texture": "#2"},
				"down": {"uv": [7.5, 1.5, 7.125, 1.875], "texture": "#2"}
			}
		},
		{
			"from": [14.65, 14.475, 4],
			"to": [17.65, 17.475, 7],
			"faces": {
				"north": {"uv": [6.875, 2.25, 7.25, 2.625], "texture": "#2"},
				"east": {"uv": [5.625, 6.875, 6, 7.25], "texture": "#2"},
				"south": {"uv": [7, 0, 7.375, 0.375], "texture": "#2"},
				"west": {"uv": [7, 0.375, 7.375, 0.75], "texture": "#2"},
				"up": {"uv": [1.125, 7.375, 0.75, 7], "texture": "#2"},
				"down": {"uv": [7.375, 0.75, 7, 1.125], "texture": "#2"}
			}
		},
		{
			"from": [15.125, 11.25, 7.625],
			"to": [18.125, 14.25, 10.625],
			"faces": {
				"north": {"uv": [6.75, 6.75, 7.125, 7.125], "texture": "#2"},
				"east": {"uv": [0, 6.875, 0.375, 7.25], "texture": "#2"},
				"south": {"uv": [0.375, 6.875, 0.75, 7.25], "texture": "#2"},
				"west": {"uv": [1.125, 6.875, 1.5, 7.25], "texture": "#2"},
				"up": {"uv": [7.25, 1.5, 6.875, 1.125], "texture": "#2"},
				"down": {"uv": [7.25, 1.875, 6.875, 2.25], "texture": "#2"}
			}
		},
		{
			"from": [14.225, 10.525, 9.95],
			"to": [17.225, 13.525, 12.95],
			"faces": {
				"north": {"uv": [5.25, 6.75, 5.625, 7.125], "texture": "#2"},
				"east": {"uv": [6.75, 5.25, 7.125, 5.625], "texture": "#2"},
				"south": {"uv": [6.75, 5.625, 7.125, 6], "texture": "#2"},
				"west": {"uv": [6.75, 6, 7.125, 6.375], "texture": "#2"},
				"up": {"uv": [6.75, 7.125, 6.375, 6.75], "texture": "#2"},
				"down": {"uv": [7.125, 6.375, 6.75, 6.75], "texture": "#2"}
			}
		},
		{
			"from": [15.125, 10.25, 4.625],
			"to": [18.125, 13.25, 7.625],
			"faces": {
				"north": {"uv": [6.75, 3.75, 7.125, 4.125], "texture": "#2"},
				"east": {"uv": [4.125, 6.75, 4.5, 7.125], "texture": "#2"},
				"south": {"uv": [4.5, 6.75, 4.875, 7.125], "texture": "#2"},
				"west": {"uv": [6.75, 4.5, 7.125, 4.875], "texture": "#2"},
				"up": {"uv": [5.25, 7.125, 4.875, 6.75], "texture": "#2"},
				"down": {"uv": [7.125, 4.875, 6.75, 5.25], "texture": "#2"}
			}
		},
		{
			"from": [14.025, 12.4, 5.05],
			"to": [17.025, 15.4, 8.05],
			"faces": {
				"north": {"uv": [4.5, 5.625, 4.875, 6], "texture": "#2"},
				"east": {"uv": [4.875, 5.625, 5.25, 6], "texture": "#2"},
				"south": {"uv": [5.625, 5, 6, 5.375], "texture": "#2"},
				"west": {"uv": [5.25, 5.625, 5.625, 6], "texture": "#2"},
				"up": {"uv": [6, 5.75, 5.625, 5.375], "texture": "#2"},
				"down": {"uv": [0.375, 5.75, 0, 6.125], "texture": "#2"}
			}
		},
		{
			"from": [15, 15.625, -2],
			"to": [18, 18.625, 1],
			"faces": {
				"north": {"uv": [5.25, 3.5, 5.625, 3.875], "texture": "#2"},
				"east": {"uv": [3.75, 5.25, 4.125, 5.625], "texture": "#2"},
				"south": {"uv": [5.25, 3.875, 5.625, 4.25], "texture": "#2"},
				"west": {"uv": [4.125, 5.25, 4.5, 5.625], "texture": "#2"},
				"up": {"uv": [5.625, 4.625, 5.25, 4.25], "texture": "#2"},
				"down": {"uv": [4.875, 5.25, 4.5, 5.625], "texture": "#2"}
			}
		},
		{
			"from": [15, 12.625, 11],
			"to": [18, 15.625, 14],
			"faces": {
				"north": {"uv": [1.5, 5.25, 1.875, 5.625], "texture": "#2"},
				"east": {"uv": [5.25, 1.75, 5.625, 2.125], "texture": "#2"},
				"south": {"uv": [1.875, 5.25, 2.25, 5.625], "texture": "#2"},
				"west": {"uv": [2.25, 5.25, 2.625, 5.625], "texture": "#2"},
				"up": {"uv": [5.625, 3.5, 5.25, 3.125], "texture": "#2"},
				"down": {"uv": [3.75, 5.25, 3.375, 5.625], "texture": "#2"}
			}
		},
		{
			"from": [5.275, 13.075, 14.45],
			"to": [8.275, 16.075, 17.45],
			"rotation": {"angle": 0, "axis": "y", "origin": [8, 0, 8]},
			"faces": {
				"north": {"uv": [8.25, 3.375, 8.625, 3.75], "texture": "#2"},
				"east": {"uv": [3.75, 8.25, 4.125, 8.625], "texture": "#2"},
				"south": {"uv": [8.25, 3.75, 8.625, 4.125], "texture": "#2"},
				"west": {"uv": [4.125, 8.25, 4.5, 8.625], "texture": "#2"},
				"up": {"uv": [4.875, 8.625, 4.5, 8.25], "texture": "#2"},
				"down": {"uv": [8.625, 4.5, 8.25, 4.875], "texture": "#2"}
			}
		},
		{
			"from": [7, 12.475, 14.65],
			"to": [12, 17.475, 17.65],
			"rotation": {"angle": 0, "axis": "y", "origin": [8, 0, 8]},
			"faces": {
				"north": {"uv": [1.75, 3.5, 2.375, 4.125], "texture": "#2"},
				"east": {"uv": [3.75, 3.5, 4.125, 4.125], "texture": "#2"},
				"south": {"uv": [2.375, 3.5, 3, 4.125], "texture": "#2"},
				"west": {"uv": [0.75, 4, 1.125, 4.625], "texture": "#2"},
				"up": {"uv": [1.75, 4.375, 1.125, 4], "texture": "#2"},
				"down": {"uv": [4.625, 1.75, 4, 2.125], "texture": "#2"}
			}
		},
		{
			"from": [5.375, 11.25, 15.125],
			"to": [8.375, 14.25, 18.125],
			"rotation": {"angle": 0, "axis": "y", "origin": [8, 0, 8]},
			"faces": {
				"north": {"uv": [8.25, 1.5, 8.625, 1.875], "texture": "#2"},
				"east": {"uv": [1.875, 8.25, 2.25, 8.625], "texture": "#2"},
				"south": {"uv": [2.25, 8.25, 2.625, 8.625], "texture": "#2"},
				"west": {"uv": [8.25, 2.625, 8.625, 3], "texture": "#2"},
				"up": {"uv": [8.625, 3.375, 8.25, 3], "texture": "#2"},
				"down": {"uv": [3.75, 8.25, 3.375, 8.625], "texture": "#2"}
			}
		},
		{
			"from": [3.05, 10.525, 14.225],
			"to": [6.05, 13.525, 17.225],
			"rotation": {"angle": 0, "axis": "y", "origin": [8, 0, 8]},
			"faces": {
				"north": {"uv": [8.125, 0.75, 8.5, 1.125], "texture": "#2"},
				"east": {"uv": [2.625, 8.125, 3, 8.5], "texture": "#2"},
				"south": {"uv": [3, 8.125, 3.375, 8.5], "texture": "#2"},
				"west": {"uv": [8.125, 4.125, 8.5, 4.5], "texture": "#2"},
				"up": {"uv": [6.375, 8.5, 6, 8.125], "texture": "#2"},
				"down": {"uv": [1.875, 8.25, 1.5, 8.625], "texture": "#2"}
			}
		},
		{
			"from": [8.375, 10.25, 15.125],
			"to": [11.375, 13.25, 18.125],
			"rotation": {"angle": 0, "axis": "y", "origin": [8, 0, 8]},
			"faces": {
				"north": {"uv": [8, 1.875, 8.375, 2.25], "texture": "#2"},
				"east": {"uv": [8, 2.25, 8.375, 2.625], "texture": "#2"},
				"south": {"uv": [5.625, 8, 6, 8.375], "texture": "#2"},
				"west": {"uv": [8.125, 0, 8.5, 0.375], "texture": "#2"},
				"up": {"uv": [8.5, 0.75, 8.125, 0.375], "texture": "#2"},
				"down": {"uv": [1.125, 8.125, 0.75, 8.5], "texture": "#2"}
			}
		},
		{
			"from": [9.3, 16.25, 12.15],
			"to": [12.3, 19.25, 15.15],
			"rotation": {"angle": 0, "axis": "y", "origin": [8, 0, 8]},
			"faces": {
				"north": {"uv": [7.875, 7.5, 8.25, 7.875], "texture": "#2"},
				"east": {"uv": [7.875, 7.875, 8.25, 8.25], "texture": "#2"},
				"south": {"uv": [0, 8, 0.375, 8.375], "texture": "#2"},
				"west": {"uv": [0.375, 8, 0.75, 8.375], "texture": "#2"},
				"up": {"uv": [1.5, 8.375, 1.125, 8], "texture": "#2"},
				"down": {"uv": [8.375, 1.125, 8, 1.5], "texture": "#2"}
			}
		},
		{
			"from": [5.825, 10, 15.275],
			"to": [8.825, 13, 18.275],
			"rotation": {"angle": 0, "axis": "y", "origin": [8, 0, 8]},
			"faces": {
				"north": {"uv": [7.875, 6.375, 8.25, 6.75], "texture": "#2"},
				"east": {"uv": [6.75, 7.875, 7.125, 8.25], "texture": "#2"},
				"south": {"uv": [7.875, 6.75, 8.25, 7.125], "texture": "#2"},
				"west": {"uv": [7.125, 7.875, 7.5, 8.25], "texture": "#2"},
				"up": {"uv": [8.25, 7.5, 7.875, 7.125], "texture": "#2"},
				"down": {"uv": [7.875, 7.875, 7.5, 8.25], "texture": "#2"}
			}
		},
		{
			"from": [-1.425, 12.225, 14.2],
			"to": [1.575, 16.225, 17.2],
			"rotation": {"angle": 0, "axis": "y", "origin": [8, 0, 8]},
			"faces": {
				"north": {"uv": [4.5, 3.875, 4.875, 4.375], "texture": "#2"},
				"east": {"uv": [4.5, 4.375, 4.875, 4.875], "texture": "#2"},
				"south": {"uv": [0.75, 4.625, 1.125, 5.125], "texture": "#2"},
				"west": {"uv": [4.625, 1.375, 5, 1.875], "texture": "#2"},
				"up": {"uv": [8.25, 6.375, 7.875, 6], "texture": "#2"},
				"down": {"uv": [6.75, 7.875, 6.375, 8.25], "texture": "#2"}
			}
		},
		{
			"from": [10.675, 13, 15.375],
			"to": [13.675, 16, 18.375],
			"rotation": {"angle": 0, "axis": "y", "origin": [8, 0, 8]},
			"faces": {
				"north": {"uv": [7.875, 4.5, 8.25, 4.875], "texture": "#2"},
				"east": {"uv": [4.875, 7.875, 5.25, 8.25], "texture": "#2"},
				"south": {"uv": [7.875, 4.875, 8.25, 5.25], "texture": "#2"},
				"west": {"uv": [5.25, 7.875, 5.625, 8.25], "texture": "#2"},
				"up": {"uv": [8.25, 5.625, 7.875, 5.25], "texture": "#2"},
				"down": {"uv": [8.25, 5.625, 7.875, 6], "texture": "#2"}
			}
		},
		{
			"from": [2.3, 12.625, 14.4],
			"to": [5.3, 15.625, 17.4],
			"rotation": {"angle": 0, "axis": "y", "origin": [8, 0, 8]},
			"faces": {
				"north": {"uv": [3.375, 7.875, 3.75, 8.25], "texture": "#2"},
				"east": {"uv": [7.875, 3.375, 8.25, 3.75], "texture": "#2"},
				"south": {"uv": [3.75, 7.875, 4.125, 8.25], "texture": "#2"},
				"west": {"uv": [7.875, 3.75, 8.25, 4.125], "texture": "#2"},
				"up": {"uv": [4.5, 8.25, 4.125, 7.875], "texture": "#2"},
				"down": {"uv": [4.875, 7.875, 4.5, 8.25], "texture": "#2"}
			}
		},
		{
			"from": [6.3, 16.625, 14.4],
			"to": [9.3, 19.625, 17.4],
			"rotation": {"angle": 0, "axis": "y", "origin": [8, 0, 8]},
			"faces": {
				"north": {"uv": [1.5, 7.875, 1.875, 8.25], "texture": "#2"},
				"east": {"uv": [7.875, 1.5, 8.25, 1.875], "texture": "#2"},
				"south": {"uv": [1.875, 7.875, 2.25, 8.25], "texture": "#2"},
				"west": {"uv": [2.25, 7.875, 2.625, 8.25], "texture": "#2"},
				"up": {"uv": [8.25, 3, 7.875, 2.625], "texture": "#2"},
				"down": {"uv": [8.25, 3, 7.875, 3.375], "texture": "#2"}
			}
		},
		{
			"from": [5.025, 12.225, 14.05],
			"to": [8.025, 15.225, 17.05],
			"rotation": {"angle": 0, "axis": "y", "origin": [8, 0, 8]},
			"faces": {
				"north": {"uv": [0.75, 7.75, 1.125, 8.125], "texture": "#2"},
				"east": {"uv": [7.75, 0.75, 8.125, 1.125], "texture": "#2"},
				"south": {"uv": [2.625, 7.75, 3, 8.125], "texture": "#2"},
				"west": {"uv": [3, 7.75, 3.375, 8.125], "texture": "#2"},
				"up": {"uv": [8.125, 4.5, 7.75, 4.125], "texture": "#2"},
				"down": {"uv": [6.375, 7.75, 6, 8.125], "texture": "#2"}
			}
		},
		{
			"from": [10.65, 10, 15.275],
			"to": [13.65, 13, 18.275],
			"rotation": {"angle": 0, "axis": "y", "origin": [8, 0, 8]},
			"faces": {
				"north": {"uv": [7.625, 1.125, 8, 1.5], "texture": "#2"},
				"east": {"uv": [7.625, 1.875, 8, 2.25], "texture": "#2"},
				"south": {"uv": [7.625, 2.25, 8, 2.625], "texture": "#2"},
				"west": {"uv": [5.625, 7.625, 6, 8], "texture": "#2"},
				"up": {"uv": [8.125, 0.375, 7.75, 0], "texture": "#2"},
				"down": {"uv": [8.125, 0.375, 7.75, 0.75], "texture": "#2"}
			}
		},
		{
			"from": [12.65, 11.6, 15.775],
			"to": [15.65, 14.6, 18.775],
			"rotation": {"angle": 0, "axis": "y", "origin": [8, 0, 8]},
			"faces": {
				"north": {"uv": [7.125, 7.5, 7.5, 7.875], "texture": "#2"},
				"east": {"uv": [7.5, 7.125, 7.875, 7.5], "texture": "#2"},
				"south": {"uv": [7.5, 7.5, 7.875, 7.875], "texture": "#2"},
				"west": {"uv": [0, 7.625, 0.375, 8], "texture": "#2"},
				"up": {"uv": [0.75, 8, 0.375, 7.625], "texture": "#2"},
				"down": {"uv": [1.5, 7.625, 1.125, 8], "texture": "#2"}
			}
		},
		{
			"from": [11.275, 14.225, 14.8],
			"to": [14.275, 17.225, 17.8],
			"rotation": {"angle": 0, "axis": "y", "origin": [8, 0, 8]},
			"faces": {
				"north": {"uv": [7.5, 5.625, 7.875, 6], "texture": "#2"},
				"east": {"uv": [7.5, 6, 7.875, 6.375], "texture": "#2"},
				"south": {"uv": [6.375, 7.5, 6.75, 7.875], "texture": "#2"},
				"west": {"uv": [7.5, 6.375, 7.875, 6.75], "texture": "#2"},
				"up": {"uv": [7.125, 7.875, 6.75, 7.5], "texture": "#2"},
				"down": {"uv": [7.875, 6.75, 7.5, 7.125], "texture": "#2"}
			}
		},
		{
			"from": [0, 11.025, 14.5],
			"to": [3, 14.025, 17.5],
			"rotation": {"angle": 0, "axis": "y", "origin": [8, 0, 8]},
			"faces": {
				"north": {"uv": [4.5, 7.5, 4.875, 7.875], "texture": "#2"},
				"east": {"uv": [7.5, 4.5, 7.875, 4.875], "texture": "#2"},
				"south": {"uv": [4.875, 7.5, 5.25, 7.875], "texture": "#2"},
				"west": {"uv": [7.5, 4.875, 7.875, 5.25], "texture": "#2"},
				"up": {"uv": [5.625, 7.875, 5.25, 7.5], "texture": "#2"},
				"down": {"uv": [7.875, 5.25, 7.5, 5.625], "texture": "#2"}
			}
		},
		{
			"from": [1, 14.025, 14.5],
			"to": [7, 18.025, 17.5],
			"rotation": {"angle": 0, "axis": "y", "origin": [8, 0, 8]},
			"faces": {
				"north": {"uv": [3, 3.5, 3.75, 4], "texture": "#2"},
				"east": {"uv": [4.5, 2.125, 4.875, 2.625], "texture": "#2"},
				"south": {"uv": [3.5, 3, 4.25, 3.5], "texture": "#2"},
				"west": {"uv": [4.5, 3.375, 4.875, 3.875], "texture": "#2"},
				"up": {"uv": [4.5, 1.75, 3.75, 1.375], "texture": "#2"},
				"down": {"uv": [4.5, 2.5, 3.75, 2.875], "texture": "#2"}
			}
		},
		{
			"from": [14.375, 11.4, 15.475],
			"to": [17.375, 14.4, 18.475],
			"rotation": {"angle": 0, "axis": "y", "origin": [8, 0, 8]},
			"faces": {
				"north": {"uv": [7.5, 3, 7.875, 3.375], "texture": "#2"},
				"east": {"uv": [3.375, 7.5, 3.75, 7.875], "texture": "#2"},
				"south": {"uv": [7.5, 3.375, 7.875, 3.75], "texture": "#2"},
				"west": {"uv": [3.75, 7.5, 4.125, 7.875], "texture": "#2"},
				"up": {"uv": [7.875, 4.125, 7.5, 3.75], "texture": "#2"},
				"down": {"uv": [4.5, 7.5, 4.125, 7.875], "texture": "#2"}
			}
		},
		{
			"from": [16.375, 13, 15.975],
			"to": [19.375, 16, 18.975],
			"rotation": {"angle": 0, "axis": "y", "origin": [8, 0, 8]},
			"faces": {
				"north": {"uv": [6, 7.375, 6.375, 7.75], "texture": "#2"},
				"east": {"uv": [1.5, 7.5, 1.875, 7.875], "texture": "#2"},
				"south": {"uv": [7.5, 1.5, 7.875, 1.875], "texture": "#2"},
				"west": {"uv": [1.875, 7.5, 2.25, 7.875], "texture": "#2"},
				"up": {"uv": [2.625, 7.875, 2.25, 7.5], "texture": "#2"},
				"down": {"uv": [7.875, 2.625, 7.5, 3], "texture": "#2"}
			}
		},
		{
			"from": [13.375, 14, 15.975],
			"to": [16.375, 17, 18.975],
			"rotation": {"angle": 0, "axis": "y", "origin": [8, 0, 8]},
			"faces": {
				"north": {"uv": [7.375, 0.375, 7.75, 0.75], "texture": "#2"},
				"east": {"uv": [0.75, 7.375, 1.125, 7.75], "texture": "#2"},
				"south": {"uv": [7.375, 0.75, 7.75, 1.125], "texture": "#2"},
				"west": {"uv": [2.625, 7.375, 3, 7.75], "texture": "#2"},
				"up": {"uv": [3.375, 7.75, 3, 7.375], "texture": "#2"},
				"down": {"uv": [7.75, 4.125, 7.375, 4.5], "texture": "#2"}
			}
		},
		{
			"from": [5, 14.625, 15],
			"to": [8, 17.625, 18],
			"rotation": {"angle": 0, "axis": "y", "origin": [8, 0, 8]},
			"faces": {
				"north": {"uv": [1.125, 7.25, 1.5, 7.625], "texture": "#2"},
				"east": {"uv": [7.25, 1.125, 7.625, 1.5], "texture": "#2"},
				"south": {"uv": [7.25, 1.875, 7.625, 2.25], "texture": "#2"},
				"west": {"uv": [7.25, 2.25, 7.625, 2.625], "texture": "#2"},
				"up": {"uv": [6, 7.625, 5.625, 7.25], "texture": "#2"},
				"down": {"uv": [7.75, 0, 7.375, 0.375], "texture": "#2"}
			}
		},
		{
			"from": [6.1, 12.625, 14.4],
			"to": [9.1, 15.625, 17.4],
			"rotation": {"angle": 0, "axis": "y", "origin": [8, 0, 8]},
			"faces": {
				"north": {"uv": [7.125, 6.375, 7.5, 6.75], "texture": "#2"},
				"east": {"uv": [6.75, 7.125, 7.125, 7.5], "texture": "#2"},
				"south": {"uv": [7.125, 6.75, 7.5, 7.125], "texture": "#2"},
				"west": {"uv": [7.125, 7.125, 7.5, 7.5], "texture": "#2"},
				"up": {"uv": [0.375, 7.625, 0, 7.25], "texture": "#2"},
				"down": {"uv": [0.75, 7.25, 0.375, 7.625], "texture": "#2"}
			}
		},
		{
			"from": [12, 16.625, 15],
			"to": [15, 19.625, 18],
			"rotation": {"angle": 0, "axis": "y", "origin": [8, 0, 8]},
			"faces": {
				"north": {"uv": [7.125, 4.875, 7.5, 5.25], "texture": "#2"},
				"east": {"uv": [5.25, 7.125, 5.625, 7.5], "texture": "#2"},
				"south": {"uv": [7.125, 5.25, 7.5, 5.625], "texture": "#2"},
				"west": {"uv": [7.125, 5.625, 7.5, 6], "texture": "#2"},
				"up": {"uv": [7.5, 6.375, 7.125, 6], "texture": "#2"},
				"down": {"uv": [6.75, 7.125, 6.375, 7.5], "texture": "#2"}
			}
		},
		{
			"from": [15, 15.625, 15],
			"to": [18, 18.625, 18],
			"rotation": {"angle": 0, "axis": "y", "origin": [8, 0, 8]},
			"faces": {
				"north": {"uv": [3.75, 7.125, 4.125, 7.5], "texture": "#2"},
				"east": {"uv": [7.125, 3.75, 7.5, 4.125], "texture": "#2"},
				"south": {"uv": [4.125, 7.125, 4.5, 7.5], "texture": "#2"},
				"west": {"uv": [4.5, 7.125, 4.875, 7.5], "texture": "#2"},
				"up": {"uv": [7.5, 4.875, 7.125, 4.5], "texture": "#2"},
				"down": {"uv": [5.25, 7.125, 4.875, 7.5], "texture": "#2"}
			}
		},
		{
			"from": [2, 12.625, 15],
			"to": [5, 15.625, 18],
			"rotation": {"angle": 0, "axis": "y", "origin": [8, 0, 8]},
			"faces": {
				"north": {"uv": [1.875, 7.125, 2.25, 7.5], "texture": "#2"},
				"east": {"uv": [2.25, 7.125, 2.625, 7.5], "texture": "#2"},
				"south": {"uv": [7.125, 2.625, 7.5, 3], "texture": "#2"},
				"west": {"uv": [7.125, 3, 7.5, 3.375], "texture": "#2"},
				"up": {"uv": [3.75, 7.5, 3.375, 7.125], "texture": "#2"},
				"down": {"uv": [7.5, 3.375, 7.125, 3.75], "texture": "#2"}
			}
		},
		{
			"from": [-1.45, 13.075, 5.275],
			"to": [1.55, 16.075, 8.275],
			"rotation": {"angle": 0, "axis": "y", "origin": [8, 0, 8]},
			"faces": {
				"north": {"uv": [1.875, 9.375, 2.25, 9.75], "texture": "#2"},
				"east": {"uv": [2.25, 9.375, 2.625, 9.75], "texture": "#2"},
				"south": {"uv": [9.375, 2.625, 9.75, 3], "texture": "#2"},
				"west": {"uv": [9.375, 3, 9.75, 3.375], "texture": "#2"},
				"up": {"uv": [3.75, 9.75, 3.375, 9.375], "texture": "#2"},
				"down": {"uv": [9.75, 3.375, 9.375, 3.75], "texture": "#2"}
			}
		},
		{
			"from": [-1.65, 14.475, 9],
			"to": [1.35, 17.475, 12],
			"rotation": {"angle": 0, "axis": "y", "origin": [8, 0, 8]},
			"faces": {
				"north": {"uv": [2.625, 9.25, 3, 9.625], "texture": "#2"},
				"east": {"uv": [3, 9.25, 3.375, 9.625], "texture": "#2"},
				"south": {"uv": [9.25, 4.125, 9.625, 4.5], "texture": "#2"},
				"west": {"uv": [6, 9.25, 6.375, 9.625], "texture": "#2"},
				"up": {"uv": [1.875, 9.75, 1.5, 9.375], "texture": "#2"},
				"down": {"uv": [9.75, 1.5, 9.375, 1.875], "texture": "#2"}
			}
		},
		{
			"from": [-2.125, 11.25, 5.375],
			"to": [0.875, 14.25, 8.375],
			"rotation": {"angle": 0, "axis": "y", "origin": [8, 0, 8]},
			"faces": {
				"north": {"uv": [9.125, 2.25, 9.5, 2.625], "texture": "#2"},
				"east": {"uv": [5.625, 9.125, 6, 9.5], "texture": "#2"},
				"south": {"uv": [9.25, 0, 9.625, 0.375], "texture": "#2"},
				"west": {"uv": [9.25, 0.375, 9.625, 0.75], "texture": "#2"},
				"up": {"uv": [1.125, 9.625, 0.75, 9.25], "texture": "#2"},
				"down": {"uv": [9.625, 0.75, 9.25, 1.125], "texture": "#2"}
			}
		},
		{
			"from": [-1.225, 10.525, 3.05],
			"to": [1.775, 13.525, 6.05],
			"rotation": {"angle": 0, "axis": "y", "origin": [8, 0, 8]},
			"faces": {
				"north": {"uv": [9, 9, 9.375, 9.375], "texture": "#2"},
				"east": {"uv": [0, 9.125, 0.375, 9.5], "texture": "#2"},
				"south": {"uv": [0.375, 9.125, 0.75, 9.5], "texture": "#2"},
				"west": {"uv": [1.125, 9.125, 1.5, 9.5], "texture": "#2"},
				"up": {"uv": [9.5, 1.5, 9.125, 1.125], "texture": "#2"},
				"down": {"uv": [9.5, 1.875, 9.125, 2.25], "texture": "#2"}
			}
		},
		{
			"from": [-2.125, 10.25, 8.375],
			"to": [0.875, 13.25, 11.375],
			"rotation": {"angle": 0, "axis": "y", "origin": [8, 0, 8]},
			"faces": {
				"north": {"uv": [7.875, 9, 8.25, 9.375], "texture": "#2"},
				"east": {"uv": [9, 7.875, 9.375, 8.25], "texture": "#2"},
				"south": {"uv": [8.25, 9, 8.625, 9.375], "texture": "#2"},
				"west": {"uv": [9, 8.25, 9.375, 8.625], "texture": "#2"},
				"up": {"uv": [9, 9.375, 8.625, 9], "texture": "#2"},
				"down": {"uv": [9.375, 8.625, 9, 9], "texture": "#2"}
			}
		},
		{
			"from": [-1.15, 15.25, 9.3],
			"to": [1.85, 18.25, 12.3],
			"rotation": {"angle": 0, "axis": "y", "origin": [8, 0, 8]},
			"faces": {
				"north": {"uv": [6.75, 9, 7.125, 9.375], "texture": "#2"},
				"east": {"uv": [9, 6.75, 9.375, 7.125], "texture": "#2"},
				"south": {"uv": [7.125, 9, 7.5, 9.375], "texture": "#2"},
				"west": {"uv": [9, 7.125, 9.375, 7.5], "texture": "#2"},
				"up": {"uv": [7.875, 9.375, 7.5, 9], "texture": "#2"},
				"down": {"uv": [9.375, 7.5, 9, 7.875], "texture": "#2"}
			}
		},
		{
			"from": [1.85, 16.25, 13.3],
			"to": [4.85, 19.25, 16.3],
			"rotation": {"angle": 0, "axis": "y", "origin": [8, 0, 8]},
			"faces": {
				"north": {"uv": [10.5, 3.75, 10.875, 4.125], "texture": "#2"},
				"east": {"uv": [4.125, 10.5, 4.5, 10.875], "texture": "#2"},
				"south": {"uv": [4.5, 10.5, 4.875, 10.875], "texture": "#2"},
				"west": {"uv": [10.5, 4.5, 10.875, 4.875], "texture": "#2"},
				"up": {"uv": [5.25, 10.875, 4.875, 10.5], "texture": "#2"},
				"down": {"uv": [10.875, 4.875, 10.5, 5.25], "texture": "#2"}
			}
		},
		{
			"from": [9.3, 16.25, 14.15],
			"to": [12.3, 19.25, 17.15],
			"rotation": {"angle": 0, "axis": "y", "origin": [8, 0, 8]},
			"faces": {
				"north": {"uv": [10.625, 1.125, 11, 1.5], "texture": "#2"},
				"east": {"uv": [10.625, 1.875, 11, 2.25], "texture": "#2"},
				"south": {"uv": [10.625, 2.25, 11, 2.625], "texture": "#2"},
				"west": {"uv": [5.625, 10.625, 6, 11], "texture": "#2"},
				"up": {"uv": [11.125, 0.375, 10.75, 0], "texture": "#2"},
				"down": {"uv": [11.125, 0.375, 10.75, 0.75], "texture": "#2"}
			}
		},
		{
			"from": [-0.05, 17.675, 3.175],
			"to": [2.95, 20.675, 6.175],
			"rotation": {"angle": 0, "axis": "y", "origin": [8, 0, 8]},
			"faces": {
				"north": {"uv": [10.125, 10.5, 10.5, 10.875], "texture": "#2"},
				"east": {"uv": [10.5, 10.125, 10.875, 10.5], "texture": "#2"},
				"south": {"uv": [10.5, 10.5, 10.875, 10.875], "texture": "#2"},
				"west": {"uv": [0, 10.625, 0.375, 11], "texture": "#2"},
				"up": {"uv": [0.75, 11, 0.375, 10.625], "texture": "#2"},
				"down": {"uv": [1.5, 10.625, 1.125, 11], "texture": "#2"}
			}
		},
		{
			"from": [4.95, 16.675, 0.175],
			"to": [7.95, 19.675, 3.175],
			"rotation": {"angle": 0, "axis": "y", "origin": [8, 0, 8]},
			"faces": {
				"north": {"uv": [9, 10.5, 9.375, 10.875], "texture": "#2"},
				"east": {"uv": [10.5, 9, 10.875, 9.375], "texture": "#2"},
				"south": {"uv": [9.375, 10.5, 9.75, 10.875], "texture": "#2"},
				"west": {"uv": [10.5, 9.375, 10.875, 9.75], "texture": "#2"},
				"up": {"uv": [10.125, 10.875, 9.75, 10.5], "texture": "#2"},
				"down": {"uv": [10.875, 9.75, 10.5, 10.125], "texture": "#2"}
			}
		},
		{
			"from": [2.95, 17.675, 11.175],
			"to": [5.95, 20.675, 14.175],
			"rotation": {"angle": 0, "axis": "y", "origin": [8, 0, 8]},
			"faces": {
				"north": {"uv": [7.875, 10.5, 8.25, 10.875], "texture": "#2"},
				"east": {"uv": [10.5, 7.875, 10.875, 8.25], "texture": "#2"},
				"south": {"uv": [8.25, 10.5, 8.625, 10.875], "texture": "#2"},
				"west": {"uv": [10.5, 8.25, 10.875, 8.625], "texture": "#2"},
				"up": {"uv": [9, 10.875, 8.625, 10.5], "texture": "#2"},
				"down": {"uv": [10.875, 8.625, 10.5, 9], "texture": "#2"}
			}
		},
		{
			"from": [7.95, 17.675, 6.175],
			"to": [10.95, 20.675, 9.175],
			"rotation": {"angle": 0, "axis": "y", "origin": [8, 0, 8]},
			"faces": {
				"north": {"uv": [6.75, 10.5, 7.125, 10.875], "texture": "#2"},
				"east": {"uv": [10.5, 6.75, 10.875, 7.125], "texture": "#2"},
				"south": {"uv": [7.125, 10.5, 7.5, 10.875], "texture": "#2"},
				"west": {"uv": [10.5, 7.125, 10.875, 7.5], "texture": "#2"},
				"up": {"uv": [7.875, 10.875, 7.5, 10.5], "texture": "#2"},
				"down": {"uv": [10.875, 7.5, 10.5, 7.875], "texture": "#2"}
			}
		},
		{
			"from": [13.3, 17.25, 11.15],
			"to": [16.3, 20.25, 14.15],
			"rotation": {"angle": 0, "axis": "y", "origin": [8, 0, 8]},
			"faces": {
				"north": {"uv": [5.25, 10.5, 5.625, 10.875], "texture": "#2"},
				"east": {"uv": [10.5, 5.25, 10.875, 5.625], "texture": "#2"},
				"south": {"uv": [10.5, 5.625, 10.875, 6], "texture": "#2"},
				"west": {"uv": [10.5, 6, 10.875, 6.375], "texture": "#2"},
				"up": {"uv": [6.75, 10.875, 6.375, 10.5], "texture": "#2"},
				"down": {"uv": [10.875, 6.375, 10.5, 6.75], "texture": "#2"}
			}
		},
		{
			"from": [11.15, 15.85, 3.7],
			"to": [14.15, 18.85, 6.7],
			"rotation": {"angle": 0, "axis": "y", "origin": [8, 0, 8]},
			"faces": {
				"north": {"uv": [10.875, 7.125, 11.25, 7.5], "texture": "#2"},
				"east": {"uv": [7.5, 10.875, 7.875, 11.25], "texture": "#2"},
				"south": {"uv": [10.875, 7.5, 11.25, 7.875], "texture": "#2"},
				"west": {"uv": [7.875, 10.875, 8.25, 11.25], "texture": "#2"},
				"up": {"uv": [11.25, 8.25, 10.875, 7.875], "texture": "#2"},
				"down": {"uv": [8.625, 10.875, 8.25, 11.25], "texture": "#2"}
			}
		},
		{
			"from": [0.175, 15.275, 13.05],
			"to": [3.175, 18.275, 16.05],
			"rotation": {"angle": 0, "axis": "y", "origin": [8, 0, 8]},
			"faces": {
				"north": {"uv": [10.875, 6, 11.25, 6.375], "texture": "#2"},
				"east": {"uv": [6.375, 10.875, 6.75, 11.25], "texture": "#2"},
				"south": {"uv": [10.875, 6.375, 11.25, 6.75], "texture": "#2"},
				"west": {"uv": [6.75, 10.875, 7.125, 11.25], "texture": "#2"},
				"up": {"uv": [11.25, 7.125, 10.875, 6.75], "texture": "#2"},
				"down": {"uv": [7.5, 10.875, 7.125, 11.25], "texture": "#2"}
			}
		},
		{
			"from": [-2.825, 15.275, 8.05],
			"to": [0.175, 18.275, 11.05],
			"rotation": {"angle": 0, "axis": "y", "origin": [8, 0, 8]},
			"faces": {
				"north": {"uv": [10.875, 4.5, 11.25, 4.875], "texture": "#2"},
				"east": {"uv": [4.875, 10.875, 5.25, 11.25], "texture": "#2"},
				"south": {"uv": [10.875, 4.875, 11.25, 5.25], "texture": "#2"},
				"west": {"uv": [5.25, 10.875, 5.625, 11.25], "texture": "#2"},
				"up": {"uv": [11.25, 5.625, 10.875, 5.25], "texture": "#2"},
				"down": {"uv": [11.25, 5.625, 10.875, 6], "texture": "#2"}
			}
		},
		{
			"from": [8.175, 16.275, 10.05],
			"to": [11.175, 19.275, 13.05],
			"rotation": {"angle": 0, "axis": "y", "origin": [8, 0, 8]},
			"faces": {
				"north": {"uv": [3.375, 10.875, 3.75, 11.25], "texture": "#2"},
				"east": {"uv": [10.875, 3.375, 11.25, 3.75], "texture": "#2"},
				"south": {"uv": [3.75, 10.875, 4.125, 11.25], "texture": "#2"},
				"west": {"uv": [10.875, 3.75, 11.25, 4.125], "texture": "#2"},
				"up": {"uv": [4.5, 11.25, 4.125, 10.875], "texture": "#2"},
				"down": {"uv": [4.875, 10.875, 4.5, 11.25], "texture": "#2"}
			}
		},
		{
			"from": [3.175, 16.275, 5.05],
			"to": [6.175, 19.275, 8.05],
			"rotation": {"angle": 0, "axis": "y", "origin": [8, 0, 8]},
			"faces": {
				"north": {"uv": [1.5, 10.875, 1.875, 11.25], "texture": "#2"},
				"east": {"uv": [10.875, 1.5, 11.25, 1.875], "texture": "#2"},
				"south": {"uv": [1.875, 10.875, 2.25, 11.25], "texture": "#2"},
				"west": {"uv": [2.25, 10.875, 2.625, 11.25], "texture": "#2"},
				"up": {"uv": [11.25, 3, 10.875, 2.625], "texture": "#2"},
				"down": {"uv": [11.25, 3, 10.875, 3.375], "texture": "#2"}
			}
		},
		{
			"from": [11.3, 16.3, 9.15],
			"to": [14.3, 19.3, 12.15],
			"rotation": {"angle": 0, "axis": "y", "origin": [8, 0, 8]},
			"faces": {
				"north": {"uv": [11, 1.875, 11.375, 2.25], "texture": "#2"},
				"east": {"uv": [11, 2.25, 11.375, 2.625], "texture": "#2"},
				"south": {"uv": [5.625, 11, 6, 11.375], "texture": "#2"},
				"west": {"uv": [11.125, 0, 11.5, 0.375], "texture": "#2"},
				"up": {"uv": [11.5, 0.75, 11.125, 0.375], "texture": "#2"},
				"down": {"uv": [1.125, 11.125, 0.75, 11.5], "texture": "#2"}
			}
		},
		{
			"from": [1.175, 16.725, 11.05],
			"to": [4.175, 19.725, 14.05],
			"rotation": {"angle": 0, "axis": "y", "origin": [8, 0, 8]},
			"faces": {
				"north": {"uv": [10.875, 10.5, 11.25, 10.875], "texture": "#2"},
				"east": {"uv": [10.875, 10.875, 11.25, 11.25], "texture": "#2"},
				"south": {"uv": [0, 11, 0.375, 11.375], "texture": "#2"},
				"west": {"uv": [0.375, 11, 0.75, 11.375], "texture": "#2"},
				"up": {"uv": [1.5, 11.375, 1.125, 11], "texture": "#2"},
				"down": {"uv": [11.375, 1.125, 11, 1.5], "texture": "#2"}
			}
		},
		{
			"from": [5.175, 16.725, 8.05],
			"to": [8.175, 19.725, 11.05],
			"rotation": {"angle": 0, "axis": "y", "origin": [8, 0, 8]},
			"faces": {
				"north": {"uv": [11.125, 0.75, 11.5, 1.125], "texture": "#2"},
				"east": {"uv": [2.625, 11.125, 3, 11.5], "texture": "#2"},
				"south": {"uv": [3, 11.125, 3.375, 11.5], "texture": "#2"},
				"west": {"uv": [11.125, 4.125, 11.5, 4.5], "texture": "#2"},
				"up": {"uv": [6.375, 11.5, 6, 11.125], "texture": "#2"},
				"down": {"uv": [1.875, 11.25, 1.5, 11.625], "texture": "#2"}
			}
		},
		{
			"from": [1.7, 13.9, -0.15],
			"to": [4.7, 16.9, 2.85],
			"rotation": {"angle": 0, "axis": "y", "origin": [8, 0, 8]},
			"faces": {
				"north": {"uv": [10.875, 9.375, 11.25, 9.75], "texture": "#2"},
				"east": {"uv": [9.75, 10.875, 10.125, 11.25], "texture": "#2"},
				"south": {"uv": [10.875, 9.75, 11.25, 10.125], "texture": "#2"},
				"west": {"uv": [10.125, 10.875, 10.5, 11.25], "texture": "#2"},
				"up": {"uv": [11.25, 10.5, 10.875, 10.125], "texture": "#2"},
				"down": {"uv": [10.875, 10.875, 10.5, 11.25], "texture": "#2"}
			}
		},
		{
			"from": [8.05, 17.525, 2.825],
			"to": [11.05, 20.525, 5.825],
			"rotation": {"angle": 0, "axis": "y", "origin": [8, 0, 8]},
			"faces": {
				"north": {"uv": [10.875, 8.25, 11.25, 8.625], "texture": "#2"},
				"east": {"uv": [8.625, 10.875, 9, 11.25], "texture": "#2"},
				"south": {"uv": [10.875, 8.625, 11.25, 9], "texture": "#2"},
				"west": {"uv": [9, 10.875, 9.375, 11.25], "texture": "#2"},
				"up": {"uv": [11.25, 9.375, 10.875, 9], "texture": "#2"},
				"down": {"uv": [9.75, 10.875, 9.375, 11.25], "texture": "#2"}
			}
		},
		{
			"from": [0.05, 14.425, -0.175],
			"to": [15.05, 18.425, 15.825],
			"rotation": {"angle": 0, "axis": "y", "origin": [8, 0, 8]},
			"faces": {
				"north": {"uv": [0, 2.5, 1.875, 3], "texture": "#2"},
				"east": {"uv": [0, 2, 2, 2.5], "texture": "#2"},
				"south": {"uv": [1.875, 2.5, 3.75, 3], "texture": "#2"},
				"west": {"uv": [2, 2, 4, 2.5], "texture": "#2"},
				"up": {"uv": [1.875, 2, 0, 0], "texture": "#2"},
				"down": {"uv": [3.75, 0, 1.875, 2], "texture": "#2"}
			}
		},
		{
			"from": [8.15, 15.85, -0.3],
			"to": [11.15, 18.85, 2.7],
			"rotation": {"angle": 0, "axis": "y", "origin": [8, 0, 8]},
			"faces": {
				"north": {"uv": [0.75, 10.75, 1.125, 11.125], "texture": "#2"},
				"east": {"uv": [10.75, 0.75, 11.125, 1.125], "texture": "#2"},
				"south": {"uv": [2.625, 10.75, 3, 11.125], "texture": "#2"},
				"west": {"uv": [3, 10.75, 3.375, 11.125], "texture": "#2"},
				"up": {"uv": [11.125, 4.5, 10.75, 4.125], "texture": "#2"},
				"down": {"uv": [6.375, 10.75, 6, 11.125], "texture": "#2"}
			}
		},
		{
			"from": [-2.275, 10, 5.825],
			"to": [0.725, 13, 8.825],
			"rotation": {"angle": 0, "axis": "y", "origin": [8, 0, 8]},
			"faces": {
				"north": {"uv": [5.25, 9, 5.625, 9.375], "texture": "#2"},
				"east": {"uv": [9, 5.25, 9.375, 5.625], "texture": "#2"},
				"south": {"uv": [9, 5.625, 9.375, 6], "texture": "#2"},
				"west": {"uv": [9, 6, 9.375, 6.375], "texture": "#2"},
				"up": {"uv": [6.75, 9.375, 6.375, 9], "texture": "#2"},
				"down": {"uv": [9.375, 6.375, 9, 6.75], "texture": "#2"}
			}
		},
		{
			"from": [-1.2, 12.225, -1.425],
			"to": [1.8, 16.225, 3.575],
			"rotation": {"angle": 0, "axis": "y", "origin": [8, 0, 8]},
			"faces": {
				"north": {"uv": [3.625, 4.75, 4, 5.25], "texture": "#2"},
				"east": {"uv": [3.75, 0.375, 4.375, 0.875], "texture": "#2"},
				"south": {"uv": [4, 4.75, 4.375, 5.25], "texture": "#2"},
				"west": {"uv": [3.75, 0.875, 4.375, 1.375], "texture": "#2"},
				"up": {"uv": [3.375, 4.625, 3, 4], "texture": "#2"},
				"down": {"uv": [3.75, 4, 3.375, 4.625], "texture": "#2"}
			}
		},
		{
			"from": [-2.375, 13, 10.675],
			"to": [0.625, 16, 13.675],
			"rotation": {"angle": 0, "axis": "y", "origin": [8, 0, 8]},
			"faces": {
				"north": {"uv": [9, 3.75, 9.375, 4.125], "texture": "#2"},
				"east": {"uv": [4.125, 9, 4.5, 9.375], "texture": "#2"},
				"south": {"uv": [4.5, 9, 4.875, 9.375], "texture": "#2"},
				"west": {"uv": [9, 4.5, 9.375, 4.875], "texture": "#2"},
				"up": {"uv": [5.25, 9.375, 4.875, 9], "texture": "#2"},
				"down": {"uv": [9.375, 4.875, 9, 5.25], "texture": "#2"}
			}
		},
		{
			"from": [-1.4, 12.625, 2.3],
			"to": [1.6, 15.625, 5.3],
			"rotation": {"angle": 0, "axis": "y", "origin": [8, 0, 8]},
			"faces": {
				"north": {"uv": [2.25, 9, 2.625, 9.375], "texture": "#2"},
				"east": {"uv": [9, 2.625, 9.375, 3], "texture": "#2"},
				"south": {"uv": [9, 3, 9.375, 3.375], "texture": "#2"},
				"west": {"uv": [3.375, 9, 3.75, 9.375], "texture": "#2"},
				"up": {"uv": [9.375, 3.75, 9, 3.375], "texture": "#2"},
				"down": {"uv": [4.125, 9, 3.75, 9.375], "texture": "#2"}
			}
		},
		{
			"from": [-1.4, 16.625, 6.3],
			"to": [1.6, 19.625, 9.3],
			"rotation": {"angle": 0, "axis": "y", "origin": [8, 0, 8]},
			"faces": {
				"north": {"uv": [3, 8.875, 3.375, 9.25], "texture": "#2"},
				"east": {"uv": [8.875, 4.125, 9.25, 4.5], "texture": "#2"},
				"south": {"uv": [6, 8.875, 6.375, 9.25], "texture": "#2"},
				"west": {"uv": [1.5, 9, 1.875, 9.375], "texture": "#2"},
				"up": {"uv": [9.375, 1.875, 9, 1.5], "texture": "#2"},
				"down": {"uv": [2.25, 9, 1.875, 9.375], "texture": "#2"}
			}
		},
		{
			"from": [12.825, 16.675, 4.95],
			"to": [15.825, 19.675, 7.95],
			"rotation": {"angle": 0, "axis": "y", "origin": [8, 0, 8]},
			"faces": {
				"north": {"uv": [0, 10.25, 0.375, 10.625], "texture": "#2"},
				"east": {"uv": [0.375, 10.25, 0.75, 10.625], "texture": "#2"},
				"south": {"uv": [1.125, 10.25, 1.5, 10.625], "texture": "#2"},
				"west": {"uv": [10.25, 1.125, 10.625, 1.5], "texture": "#2"},
				"up": {"uv": [10.625, 2.25, 10.25, 1.875], "texture": "#2"},
				"down": {"uv": [10.625, 2.25, 10.25, 2.625], "texture": "#2"}
			}
		},
		{
			"from": [6.825, 16.675, 7.95],
			"to": [9.825, 19.675, 10.95],
			"rotation": {"angle": 0, "axis": "y", "origin": [8, 0, 8]},
			"faces": {
				"north": {"uv": [5.625, 10.25, 6, 10.625], "texture": "#2"},
				"east": {"uv": [10.375, 0, 10.75, 0.375], "texture": "#2"},
				"south": {"uv": [10.375, 0.375, 10.75, 0.75], "texture": "#2"},
				"west": {"uv": [0.75, 10.375, 1.125, 10.75], "texture": "#2"},
				"up": {"uv": [10.75, 1.125, 10.375, 0.75], "texture": "#2"},
				"down": {"uv": [3, 10.375, 2.625, 10.75], "texture": "#2"}
			}
		},
		{
			"from": [1.825, 16.675, 2.95],
			"to": [4.825, 19.675, 5.95],
			"rotation": {"angle": 0, "axis": "y", "origin": [8, 0, 8]},
			"faces": {
				"north": {"uv": [3, 10.375, 3.375, 10.75], "texture": "#2"},
				"east": {"uv": [10.375, 4.125, 10.75, 4.5], "texture": "#2"},
				"south": {"uv": [6, 10.375, 6.375, 10.75], "texture": "#2"},
				"west": {"uv": [1.5, 10.5, 1.875, 10.875], "texture": "#2"},
				"up": {"uv": [10.875, 1.875, 10.5, 1.5], "texture": "#2"},
				"down": {"uv": [2.25, 10.5, 1.875, 10.875], "texture": "#2"}
			}
		},
		{
			"from": [9.825, 15.675, -0.05],
			"to": [12.825, 18.675, 2.95],
			"rotation": {"angle": 0, "axis": "y", "origin": [8, 0, 8]},
			"faces": {
				"north": {"uv": [2.25, 10.5, 2.625, 10.875], "texture": "#2"},
				"east": {"uv": [10.5, 2.625, 10.875, 3], "texture": "#2"},
				"south": {"uv": [10.5, 3, 10.875, 3.375], "texture": "#2"},
				"west": {"uv": [3.375, 10.5, 3.75, 10.875], "texture": "#2"},
				"up": {"uv": [10.875, 3.75, 10.5, 3.375], "texture": "#2"},
				"down": {"uv": [4.125, 10.5, 3.75, 10.875], "texture": "#2"}
			}
		},
		{
			"from": [-1.05, 12.225, 5.025],
			"to": [1.95, 15.225, 8.025],
			"rotation": {"angle": 0, "axis": "y", "origin": [8, 0, 8]},
			"faces": {
				"north": {"uv": [5.625, 8.75, 6, 9.125], "texture": "#2"},
				"east": {"uv": [8.875, 0, 9.25, 0.375], "texture": "#2"},
				"south": {"uv": [8.875, 0.375, 9.25, 0.75], "texture": "#2"},
				"west": {"uv": [0.75, 8.875, 1.125, 9.25], "texture": "#2"},
				"up": {"uv": [9.25, 1.125, 8.875, 0.75], "texture": "#2"},
				"down": {"uv": [3, 8.875, 2.625, 9.25], "texture": "#2"}
			}
		},
		{
			"from": [-2.275, 10, 10.65],
			"to": [0.725, 13, 13.65],
			"rotation": {"angle": 0, "axis": "y", "origin": [8, 0, 8]},
			"faces": {
				"north": {"uv": [0, 8.75, 0.375, 9.125], "texture": "#2"},
				"east": {"uv": [0.375, 8.75, 0.75, 9.125], "texture": "#2"},
				"south": {"uv": [1.125, 8.75, 1.5, 9.125], "texture": "#2"},
				"west": {"uv": [8.75, 1.125, 9.125, 1.5], "texture": "#2"},
				"up": {"uv": [9.125, 2.25, 8.75, 1.875], "texture": "#2"},
				"down": {"uv": [9.125, 2.25, 8.75, 2.625], "texture": "#2"}
			}
		},
		{
			"from": [-2.775, 11.6, 12.65],
			"to": [0.225, 14.6, 15.65],
			"rotation": {"angle": 0, "axis": "y", "origin": [8, 0, 8]},
			"faces": {
				"north": {"uv": [8.625, 7.5, 9, 7.875], "texture": "#2"},
				"east": {"uv": [7.875, 8.625, 8.25, 9], "texture": "#2"},
				"south": {"uv": [8.625, 7.875, 9, 8.25], "texture": "#2"},
				"west": {"uv": [8.25, 8.625, 8.625, 9], "texture": "#2"},
				"up": {"uv": [9, 8.625, 8.625, 8.25], "texture": "#2"},
				"down": {"uv": [9, 8.625, 8.625, 9], "texture": "#2"}
			}
		},
		{
			"from": [-1.8, 14.225, 11.275],
			"to": [1.2, 17.225, 14.275],
			"rotation": {"angle": 0, "axis": "y", "origin": [8, 0, 8]},
			"faces": {
				"north": {"uv": [8.625, 6.375, 9, 6.75], "texture": "#2"},
				"east": {"uv": [6.75, 8.625, 7.125, 9], "texture": "#2"},
				"south": {"uv": [8.625, 6.75, 9, 7.125], "texture": "#2"},
				"west": {"uv": [7.125, 8.625, 7.5, 9], "texture": "#2"},
				"up": {"uv": [9, 7.5, 8.625, 7.125], "texture": "#2"},
				"down": {"uv": [7.875, 8.625, 7.5, 9], "texture": "#2"}
			}
		},
		{
			"from": [-1.5, 10.025, -1],
			"to": [1.5, 14.025, 3],
			"rotation": {"angle": 0, "axis": "y", "origin": [8, 0, 8]},
			"faces": {
				"north": {"uv": [8.625, 4.875, 9, 5.25], "texture": "#2"},
				"east": {"uv": [5.25, 8.625, 5.625, 9], "texture": "#2"},
				"south": {"uv": [8.625, 5.25, 9, 5.625], "texture": "#2"},
				"west": {"uv": [8.625, 5.625, 9, 6], "texture": "#2"},
				"up": {"uv": [9, 6.375, 8.625, 6], "texture": "#2"},
				"down": {"uv": [6.75, 8.625, 6.375, 9], "texture": "#2"}
			}
		},
		{
			"from": [-1.5, 15.025, 4],
			"to": [1.5, 18.025, 7],
			"rotation": {"angle": 0, "axis": "y", "origin": [8, 0, 8]},
			"faces": {
				"north": {"uv": [3.75, 8.625, 4.125, 9], "texture": "#2"},
				"east": {"uv": [8.625, 3.75, 9, 4.125], "texture": "#2"},
				"south": {"uv": [4.125, 8.625, 4.5, 9], "texture": "#2"},
				"west": {"uv": [4.5, 8.625, 4.875, 9], "texture": "#2"},
				"up": {"uv": [9, 4.875, 8.625, 4.5], "texture": "#2"},
				"down": {"uv": [5.25, 8.625, 4.875, 9], "texture": "#2"}
			}
		},
		{
			"from": [-2.475, 11.4, 14.375],
			"to": [0.525, 14.4, 17.375],
			"rotation": {"angle": 0, "axis": "y", "origin": [8, 0, 8]},
			"faces": {
				"north": {"uv": [1.875, 8.625, 2.25, 9], "texture": "#2"},
				"east": {"uv": [2.25, 8.625, 2.625, 9], "texture": "#2"},
				"south": {"uv": [8.625, 2.625, 9, 3], "texture": "#2"},
				"west": {"uv": [8.625, 3, 9, 3.375], "texture": "#2"},
				"up": {"uv": [3.75, 9, 3.375, 8.625], "texture": "#2"},
				"down": {"uv": [9, 3.375, 8.625, 3.75], "texture": "#2"}
			}
		},
		{
			"from": [-2.975, 13, 16.375],
			"to": [0.025, 16, 19.375],
			"rotation": {"angle": 0, "axis": "y", "origin": [8, 0, 8]},
			"faces": {
				"north": {"uv": [2.625, 8.5, 3, 8.875], "texture": "#2"},
				"east": {"uv": [3, 8.5, 3.375, 8.875], "texture": "#2"},
				"south": {"uv": [8.5, 4.125, 8.875, 4.5], "texture": "#2"},
				"west": {"uv": [6, 8.5, 6.375, 8.875], "texture": "#2"},
				"up": {"uv": [1.875, 9, 1.5, 8.625], "texture": "#2"},
				"down": {"uv": [9, 1.5, 8.625, 1.875], "texture": "#2"}
			}
		},
		{
			"from": [-2.975, 14, 13.375],
			"to": [0.025, 17, 16.375],
			"rotation": {"angle": 0, "axis": "y", "origin": [8, 0, 8]},
			"faces": {
				"north": {"uv": [8.375, 2.25, 8.75, 2.625], "texture": "#2"},
				"east": {"uv": [5.625, 8.375, 6, 8.75], "texture": "#2"},
				"south": {"uv": [8.5, 0, 8.875, 0.375], "texture": "#2"},
				"west": {"uv": [8.5, 0.375, 8.875, 0.75], "texture": "#2"},
				"up": {"uv": [1.125, 8.875, 0.75, 8.5], "texture": "#2"},
				"down": {"uv": [8.875, 0.75, 8.5, 1.125], "texture": "#2"}
			}
		},
		{
			"from": [-2, 14.625, 5],
			"to": [1, 17.625, 8],
			"rotation": {"angle": 0, "axis": "y", "origin": [8, 0, 8]},
			"faces": {
				"north": {"uv": [8.25, 8.25, 8.625, 8.625], "texture": "#2"},
				"east": {"uv": [0, 8.375, 0.375, 8.75], "texture": "#2"},
				"south": {"uv": [0.375, 8.375, 0.75, 8.75], "texture": "#2"},
				"west": {"uv": [1.125, 8.375, 1.5, 8.75], "texture": "#2"},
				"up": {"uv": [8.75, 1.5, 8.375, 1.125], "texture": "#2"},
				"down": {"uv": [8.75, 1.875, 8.375, 2.25], "texture": "#2"}
			}
		},
		{
			"from": [-1.4, 12.625, 6.1],
			"to": [1.6, 16.625, 9.1],
			"rotation": {"angle": 0, "axis": "y", "origin": [8, 0, 8]},
			"faces": {
				"north": {"uv": [4.75, 0.5, 5.125, 1], "texture": "#2"},
				"east": {"uv": [1.5, 4.75, 1.875, 5.25], "texture": "#2"},
				"south": {"uv": [1.875, 4.75, 2.25, 5.25], "texture": "#2"},
				"west": {"uv": [2.25, 4.75, 2.625, 5.25], "texture": "#2"},
				"up": {"uv": [8.25, 8.625, 7.875, 8.25], "texture": "#2"},
				"down": {"uv": [8.625, 7.875, 8.25, 8.25], "texture": "#2"}
			}
		},
		{
			"from": [-2, 16.625, 12],
			"to": [1, 19.625, 15],
			"rotation": {"angle": 0, "axis": "y", "origin": [8, 0, 8]},
			"faces": {
				"north": {"uv": [6.75, 8.25, 7.125, 8.625], "texture": "#2"},
				"east": {"uv": [8.25, 6.75, 8.625, 7.125], "texture": "#2"},
				"south": {"uv": [7.125, 8.25, 7.5, 8.625], "texture": "#2"},
				"west": {"uv": [8.25, 7.125, 8.625, 7.5], "texture": "#2"},
				"up": {"uv": [7.875, 8.625, 7.5, 8.25], "texture": "#2"},
				"down": {"uv": [8.625, 7.5, 8.25, 7.875], "texture": "#2"}
			}
		},
		{
			"from": [-2, 15.625, 15],
			"to": [1, 18.625, 18],
			"rotation": {"angle": 0, "axis": "y", "origin": [8, 0, 8]},
			"faces": {
				"north": {"uv": [5.25, 8.25, 5.625, 8.625], "texture": "#2"},
				"east": {"uv": [8.25, 5.25, 8.625, 5.625], "texture": "#2"},
				"south": {"uv": [8.25, 5.625, 8.625, 6], "texture": "#2"},
				"west": {"uv": [8.25, 6, 8.625, 6.375], "texture": "#2"},
				"up": {"uv": [6.75, 8.625, 6.375, 8.25], "texture": "#2"},
				"down": {"uv": [8.625, 6.375, 8.25, 6.75], "texture": "#2"}
			}
		},
		{
			"from": [-2, 12.625, 2],
			"to": [1, 16.625, 5],
			"rotation": {"angle": 0, "axis": "y", "origin": [8, 0, 8]},
			"faces": {
				"north": {"uv": [4.625, 2.625, 5, 3.125], "texture": "#2"},
				"east": {"uv": [2.875, 4.625, 3.25, 5.125], "texture": "#2"},
				"south": {"uv": [3.25, 4.625, 3.625, 5.125], "texture": "#2"},
				"west": {"uv": [4.75, 0, 5.125, 0.5], "texture": "#2"},
				"up": {"uv": [5.25, 8.625, 4.875, 8.25], "texture": "#2"},
				"down": {"uv": [8.625, 4.875, 8.25, 5.25], "texture": "#2"}
			}
		},
		{
			"from": [7.725, 13.075, -1.45],
			"to": [10.725, 16.075, 1.55],
			"rotation": {"angle": 0, "axis": "y", "origin": [8, 0, 8]},
			"faces": {
				"north": {"uv": [10.125, 9, 10.5, 9.375], "texture": "#2"},
				"east": {"uv": [9.375, 10.125, 9.75, 10.5], "texture": "#2"},
				"south": {"uv": [10.125, 9.375, 10.5, 9.75], "texture": "#2"},
				"west": {"uv": [9.75, 10.125, 10.125, 10.5], "texture": "#2"},
				"up": {"uv": [10.5, 10.125, 10.125, 9.75], "texture": "#2"},
				"down": {"uv": [10.5, 10.125, 10.125, 10.5], "texture": "#2"}
			}
		},
		{
			"from": [4, 14.475, -1.65],
			"to": [7, 17.475, 1.35],
			"rotation": {"angle": 0, "axis": "y", "origin": [8, 0, 8]},
			"faces": {
				"north": {"uv": [10.125, 7.875, 10.5, 8.25], "texture": "#2"},
				"east": {"uv": [8.25, 10.125, 8.625, 10.5], "texture": "#2"},
				"south": {"uv": [10.125, 8.25, 10.5, 8.625], "texture": "#2"},
				"west": {"uv": [8.625, 10.125, 9, 10.5], "texture": "#2"},
				"up": {"uv": [10.5, 9, 10.125, 8.625], "texture": "#2"},
				"down": {"uv": [9.375, 10.125, 9, 10.5], "texture": "#2"}
			}
		},
		{
			"from": [7.625, 11.25, -2.125],
			"to": [10.625, 14.25, 0.875],
			"rotation": {"angle": 0, "axis": "y", "origin": [8, 0, 8]},
			"faces": {
				"north": {"uv": [10.125, 6.75, 10.5, 7.125], "texture": "#2"},
				"east": {"uv": [7.125, 10.125, 7.5, 10.5], "texture": "#2"},
				"south": {"uv": [10.125, 7.125, 10.5, 7.5], "texture": "#2"},
				"west": {"uv": [7.5, 10.125, 7.875, 10.5], "texture": "#2"},
				"up": {"uv": [10.5, 7.875, 10.125, 7.5], "texture": "#2"},
				"down": {"uv": [8.25, 10.125, 7.875, 10.5], "texture": "#2"}
			}
		},
		{
			"from": [9.95, 10.525, -1.225],
			"to": [12.95, 13.525, 1.775],
			"rotation": {"angle": 0, "axis": "y", "origin": [8, 0, 8]},
			"faces": {
				"north": {"uv": [10.125, 5.25, 10.5, 5.625], "texture": "#2"},
				"east": {"uv": [10.125, 5.625, 10.5, 6], "texture": "#2"},
				"south": {"uv": [10.125, 6, 10.5, 6.375], "texture": "#2"},
				"west": {"uv": [6.375, 10.125, 6.75, 10.5], "texture": "#2"},
				"up": {"uv": [10.5, 6.75, 10.125, 6.375], "texture": "#2"},
				"down": {"uv": [7.125, 10.125, 6.75, 10.5], "texture": "#2"}
			}
		},
		{
			"from": [4.625, 10.25, -2.125],
			"to": [7.625, 15.25, 0.875],
			"rotation": {"angle": 0, "axis": "y", "origin": [8, 0, 8]},
			"faces": {
				"north": {"uv": [2.5, 4.125, 2.875, 4.75], "texture": "#2"},
				"east": {"uv": [4.125, 3.5, 4.5, 4.125], "texture": "#2"},
				"south": {"uv": [3.75, 4.125, 4.125, 4.75], "texture": "#2"},
				"west": {"uv": [4.125, 4.125, 4.5, 4.75], "texture": "#2"},
				"up": {"uv": [10.5, 5.25, 10.125, 4.875], "texture": "#2"},
				"down": {"uv": [5.625, 10.125, 5.25, 10.5], "texture": "#2"}
			}
		},
		{
			"from": [3.7, 15.25, -1.15],
			"to": [6.7, 18.25, 1.85],
			"rotation": {"angle": 0, "axis": "y", "origin": [8, 0, 8]},
			"faces": {
				"north": {"uv": [3.75, 10.125, 4.125, 10.5], "texture": "#2"},
				"east": {"uv": [10.125, 3.75, 10.5, 4.125], "texture": "#2"},
				"south": {"uv": [4.125, 10.125, 4.5, 10.5], "texture": "#2"},
				"west": {"uv": [4.5, 10.125, 4.875, 10.5], "texture": "#2"},
				"up": {"uv": [10.5, 4.875, 10.125, 4.5], "texture": "#2"},
				"down": {"uv": [5.25, 10.125, 4.875, 10.5], "texture": "#2"}
			}
		},
		{
			"from": [7.175, 10, -2.275],
			"to": [10.175, 13, 0.725],
			"rotation": {"angle": 0, "axis": "y", "origin": [8, 0, 8]},
			"faces": {
				"north": {"uv": [1.875, 10.125, 2.25, 10.5], "texture": "#2"},
				"east": {"uv": [2.25, 10.125, 2.625, 10.5], "texture": "#2"},
				"south": {"uv": [10.125, 2.625, 10.5, 3], "texture": "#2"},
				"west": {"uv": [10.125, 3, 10.5, 3.375], "texture": "#2"},
				"up": {"uv": [3.75, 10.5, 3.375, 10.125], "texture": "#2"},
				"down": {"uv": [10.5, 3.375, 10.125, 3.75], "texture": "#2"}
			}
		},
		{
			"from": [10.425, 12.225, -1.2],
			"to": [17.425, 17.225, 1.8],
			"rotation": {"angle": 0, "axis": "y", "origin": [8, 0, 8]},
			"faces": {
				"north": {"uv": [0, 3, 0.875, 3.625], "texture": "#2"},
				"east": {"uv": [1.75, 4.125, 2.125, 4.75], "texture": "#2"},
				"south": {"uv": [0.875, 3, 1.75, 3.625], "texture": "#2"},
				"west": {"uv": [2.125, 4.125, 2.5, 4.75], "texture": "#2"},
				"up": {"uv": [1.625, 4, 0.75, 3.625], "texture": "#2"},
				"down": {"uv": [4.625, 0, 3.75, 0.375], "texture": "#2"}
			}
		},
		{
			"from": [2.325, 13, -2.375],
			"to": [5.325, 16, 0.625],
			"rotation": {"angle": 0, "axis": "y", "origin": [8, 0, 8]},
			"faces": {
				"north": {"uv": [2.625, 10, 3, 10.375], "texture": "#2"},
				"east": {"uv": [3, 10, 3.375, 10.375], "texture": "#2"},
				"south": {"uv": [10, 4.125, 10.375, 4.5], "texture": "#2"},
				"west": {"uv": [6, 10, 6.375, 10.375], "texture": "#2"},
				"up": {"uv": [1.875, 10.5, 1.5, 10.125], "texture": "#2"},
				"down": {"uv": [10.5, 1.5, 10.125, 1.875], "texture": "#2"}
			}
		},
		{
			"from": [10.7, 12.625, -1.4],
			"to": [13.7, 15.625, 1.6],
			"rotation": {"angle": 0, "axis": "y", "origin": [8, 0, 8]},
			"faces": {
				"north": {"uv": [9.875, 2.25, 10.25, 2.625], "texture": "#2"},
				"east": {"uv": [5.625, 9.875, 6, 10.25], "texture": "#2"},
				"south": {"uv": [10, 0, 10.375, 0.375], "texture": "#2"},
				"west": {"uv": [10, 0.375, 10.375, 0.75], "texture": "#2"},
				"up": {"uv": [1.125, 10.375, 0.75, 10], "texture": "#2"},
				"down": {"uv": [10.375, 0.75, 10, 1.125], "texture": "#2"}
			}
		},
		{
			"from": [6.7, 15.625, -1.4],
			"to": [9.7, 19.625, 1.6],
			"rotation": {"angle": 0, "axis": "y", "origin": [8, 0, 8]},
			"faces": {
				"north": {"uv": [1.125, 4.875, 1.5, 5.375], "texture": "#2"},
				"east": {"uv": [4.875, 1.875, 5.25, 2.375], "texture": "#2"},
				"south": {"uv": [4.875, 3.125, 5.25, 3.625], "texture": "#2"},
				"west": {"uv": [4.875, 3.625, 5.25, 4.125], "texture": "#2"},
				"up": {"uv": [10.25, 1.5, 9.875, 1.125], "texture": "#2"},
				"down": {"uv": [10.25, 1.875, 9.875, 2.25], "texture": "#2"}
			}
		},
		{
			"from": [7.975, 12.225, -1.05],
			"to": [10.975, 15.225, 1.95],
			"rotation": {"angle": 0, "axis": "y", "origin": [8, 0, 8]},
			"faces": {
				"north": {"uv": [9.375, 9.75, 9.75, 10.125], "texture": "#2"},
				"east": {"uv": [9.75, 9.375, 10.125, 9.75], "texture": "#2"},
				"south": {"uv": [9.75, 9.75, 10.125, 10.125], "texture": "#2"},
				"west": {"uv": [0, 9.875, 0.375, 10.25], "texture": "#2"},
				"up": {"uv": [0.75, 10.25, 0.375, 9.875], "texture": "#2"},
				"down": {"uv": [1.5, 9.875, 1.125, 10.25], "texture": "#2"}
			}
		},
		{
			"from": [2.35, 10, -2.275],
			"to": [5.35, 13, 0.725],
			"rotation": {"angle": 0, "axis": "y", "origin": [8, 0, 8]},
			"faces": {
				"north": {"uv": [8.25, 9.75, 8.625, 10.125], "texture": "#2"},
				"east": {"uv": [9.75, 8.25, 10.125, 8.625], "texture": "#2"},
				"south": {"uv": [8.625, 9.75, 9, 10.125], "texture": "#2"},
				"west": {"uv": [9.75, 8.625, 10.125, 9], "texture": "#2"},
				"up": {"uv": [9.375, 10.125, 9, 9.75], "texture": "#2"},
				"down": {"uv": [10.125, 9, 9.75, 9.375], "texture": "#2"}
			}
		},
		{
			"from": [0.35, 11.6, -2.775],
			"to": [3.35, 14.6, 0.225],
			"rotation": {"angle": 0, "axis": "y", "origin": [8, 0, 8]},
			"faces": {
				"north": {"uv": [7.125, 9.75, 7.5, 10.125], "texture": "#2"},
				"east": {"uv": [9.75, 7.125, 10.125, 7.5], "texture": "#2"},
				"south": {"uv": [7.5, 9.75, 7.875, 10.125], "texture": "#2"},
				"west": {"uv": [9.75, 7.5, 10.125, 7.875], "texture": "#2"},
				"up": {"uv": [8.25, 10.125, 7.875, 9.75], "texture": "#2"},
				"down": {"uv": [10.125, 7.875, 9.75, 8.25], "texture": "#2"}
			}
		},
		{
			"from": [1.725, 14.225, -1.8],
			"to": [4.725, 17.225, 1.2],
			"rotation": {"angle": 0, "axis": "y", "origin": [8, 0, 8]},
			"faces": {
				"north": {"uv": [9.75, 5.625, 10.125, 6], "texture": "#2"},
				"east": {"uv": [9.75, 6, 10.125, 6.375], "texture": "#2"},
				"south": {"uv": [6.375, 9.75, 6.75, 10.125], "texture": "#2"},
				"west": {"uv": [9.75, 6.375, 10.125, 6.75], "texture": "#2"},
				"up": {"uv": [7.125, 10.125, 6.75, 9.75], "texture": "#2"},
				"down": {"uv": [10.125, 6.75, 9.75, 7.125], "texture": "#2"}
			}
		},
		{
			"from": [13, 11.025, -1.5],
			"to": [16, 14.025, 1.5],
			"rotation": {"angle": 0, "axis": "y", "origin": [8, 0, 8]},
			"faces": {
				"north": {"uv": [4.5, 9.75, 4.875, 10.125], "texture": "#2"},
				"east": {"uv": [9.75, 4.5, 10.125, 4.875], "texture": "#2"},
				"south": {"uv": [4.875, 9.75, 5.25, 10.125], "texture": "#2"},
				"west": {"uv": [9.75, 4.875, 10.125, 5.25], "texture": "#2"},
				"up": {"uv": [5.625, 10.125, 5.25, 9.75], "texture": "#2"},
				"down": {"uv": [10.125, 5.25, 9.75, 5.625], "texture": "#2"}
			}
		},
		{
			"from": [9, 15.025, -1.5],
			"to": [12, 18.025, 1.5],
			"rotation": {"angle": 0, "axis": "y", "origin": [8, 0, 8]},
			"faces": {
				"north": {"uv": [9.75, 3, 10.125, 3.375], "texture": "#2"},
				"east": {"uv": [3.375, 9.75, 3.75, 10.125], "texture": "#2"},
				"south": {"uv": [9.75, 3.375, 10.125, 3.75], "texture": "#2"},
				"west": {"uv": [3.75, 9.75, 4.125, 10.125], "texture": "#2"},
				"up": {"uv": [10.125, 4.125, 9.75, 3.75], "texture": "#2"},
				"down": {"uv": [4.5, 9.75, 4.125, 10.125], "texture": "#2"}
			}
		},
		{
			"from": [-1.375, 11.4, -2.475],
			"to": [1.625, 14.4, 0.525],
			"rotation": {"angle": 0, "axis": "y", "origin": [8, 0, 8]},
			"faces": {
				"north": {"uv": [6, 9.625, 6.375, 10], "texture": "#2"},
				"east": {"uv": [1.5, 9.75, 1.875, 10.125], "texture": "#2"},
				"south": {"uv": [9.75, 1.5, 10.125, 1.875], "texture": "#2"},
				"west": {"uv": [1.875, 9.75, 2.25, 10.125], "texture": "#2"},
				"up": {"uv": [2.625, 10.125, 2.25, 9.75], "texture": "#2"},
				"down": {"uv": [10.125, 2.625, 9.75, 3], "texture": "#2"}
			}
		},
		{
			"from": [-3.375, 13, -2.975],
			"to": [-0.375, 16, 0.025],
			"rotation": {"angle": 0, "axis": "y", "origin": [8, 0, 8]},
			"faces": {
				"north": {"uv": [9.625, 0.375, 10, 0.75], "texture": "#2"},
				"east": {"uv": [0.75, 9.625, 1.125, 10], "texture": "#2"},
				"south": {"uv": [9.625, 0.75, 10, 1.125], "texture": "#2"},
				"west": {"uv": [2.625, 9.625, 3, 10], "texture": "#2"},
				"up": {"uv": [3.375, 10, 3, 9.625], "texture": "#2"},
				"down": {"uv": [10, 4.125, 9.625, 4.5], "texture": "#2"}
			}
		},
		{
			"from": [-0.375, 14, -2.975],
			"to": [2.625, 17, 0.025],
			"rotation": {"angle": 0, "axis": "y", "origin": [8, 0, 8]},
			"faces": {
				"north": {"uv": [1.125, 9.5, 1.5, 9.875], "texture": "#2"},
				"east": {"uv": [9.5, 1.125, 9.875, 1.5], "texture": "#2"},
				"south": {"uv": [9.5, 1.875, 9.875, 2.25], "texture": "#2"},
				"west": {"uv": [9.5, 2.25, 9.875, 2.625], "texture": "#2"},
				"up": {"uv": [6, 9.875, 5.625, 9.5], "texture": "#2"},
				"down": {"uv": [10, 0, 9.625, 0.375], "texture": "#2"}
			}
		},
		{
			"from": [8, 14.625, -2],
			"to": [11, 17.625, 1],
			"rotation": {"angle": 0, "axis": "y", "origin": [8, 0, 8]},
			"faces": {
				"north": {"uv": [9.375, 8.625, 9.75, 9], "texture": "#2"},
				"east": {"uv": [9, 9.375, 9.375, 9.75], "texture": "#2"},
				"south": {"uv": [9.375, 9, 9.75, 9.375], "texture": "#2"},
				"west": {"uv": [9.375, 9.375, 9.75, 9.75], "texture": "#2"},
				"up": {"uv": [0.375, 9.875, 0, 9.5], "texture": "#2"},
				"down": {"uv": [0.75, 9.5, 0.375, 9.875], "texture": "#2"}
			}
		},
		{
			"from": [6.9, 12.625, -1.4],
			"to": [9.9, 15.625, 1.6],
			"rotation": {"angle": 0, "axis": "y", "origin": [8, 0, 8]},
			"faces": {
				"north": {"uv": [9.375, 7.5, 9.75, 7.875], "texture": "#2"},
				"east": {"uv": [7.875, 9.375, 8.25, 9.75], "texture": "#2"},
				"south": {"uv": [9.375, 7.875, 9.75, 8.25], "texture": "#2"},
				"west": {"uv": [8.25, 9.375, 8.625, 9.75], "texture": "#2"},
				"up": {"uv": [9.75, 8.625, 9.375, 8.25], "texture": "#2"},
				"down": {"uv": [9, 9.375, 8.625, 9.75], "texture": "#2"}
			}
		},
		{
			"from": [1, 16.625, -2],
			"to": [4, 19.625, 1],
			"rotation": {"angle": 0, "axis": "y", "origin": [8, 0, 8]},
			"faces": {
				"north": {"uv": [9.375, 6.375, 9.75, 6.75], "texture": "#2"},
				"east": {"uv": [6.75, 9.375, 7.125, 9.75], "texture": "#2"},
				"south": {"uv": [9.375, 6.75, 9.75, 7.125], "texture": "#2"},
				"west": {"uv": [7.125, 9.375, 7.5, 9.75], "texture": "#2"},
				"up": {"uv": [9.75, 7.5, 9.375, 7.125], "texture": "#2"},
				"down": {"uv": [7.875, 9.375, 7.5, 9.75], "texture": "#2"}
			}
		},
		{
			"from": [-2, 15.625, -2],
			"to": [1, 18.625, 1],
			"rotation": {"angle": 0, "axis": "y", "origin": [8, 0, 8]},
			"faces": {
				"north": {"uv": [9.375, 4.875, 9.75, 5.25], "texture": "#2"},
				"east": {"uv": [5.25, 9.375, 5.625, 9.75], "texture": "#2"},
				"south": {"uv": [9.375, 5.25, 9.75, 5.625], "texture": "#2"},
				"west": {"uv": [9.375, 5.625, 9.75, 6], "texture": "#2"},
				"up": {"uv": [9.75, 6.375, 9.375, 6], "texture": "#2"},
				"down": {"uv": [6.75, 9.375, 6.375, 9.75], "texture": "#2"}
			}
		},
		{
			"from": [11, 12.625, -2],
			"to": [14, 15.625, 1],
			"rotation": {"angle": 0, "axis": "y", "origin": [8, 0, 8]},
			"faces": {
				"north": {"uv": [3.75, 9.375, 4.125, 9.75], "texture": "#2"},
				"east": {"uv": [9.375, 3.75, 9.75, 4.125], "texture": "#2"},
				"south": {"uv": [4.125, 9.375, 4.5, 9.75], "texture": "#2"},
				"west": {"uv": [4.5, 9.375, 4.875, 9.75], "texture": "#2"},
				"up": {"uv": [9.75, 4.875, 9.375, 4.5], "texture": "#2"},
				"down": {"uv": [5.25, 9.375, 4.875, 9.75], "texture": "#2"}
			}
		}
	],
	"display": {
		"thirdperson_righthand": {
			"rotation": [-16, 180, 0],
			"translation": [0, -1.5, 1.5],
			"scale": [0.4, 0.4, 0.4]
		},
		"thirdperson_lefthand": {
			"rotation": [-16, 180, 0],
			"translation": [0, -1.5, 1.5],
			"scale": [0.4, 0.4, 0.4]
		},
		"firstperson_righthand": {
			"translation": [0, 0, 1],
			"scale": [0.4, 0.4, 0.4]
		},
		"firstperson_lefthand": {
			"translation": [0, 0, 1],
			"scale": [0.4, 0.4, 0.4]
		},
		"ground": {
			"translation": [0, -5.5, 0],
			"scale": [0.6, 0.6, 0.6]
		},
		"gui": {
			"rotation": [35, 17, -10],
			"translation": [-1, -2.75, 0],
			"scale": [0.5, 0.5, 0.5]
		},
		"head": {
			"scale": [0.93, 0.93, 0.93]
		},
		"fixed": {
			"rotation": [-90, 0, 0],
			"translation": [0, 0, 4.25]
		}
	}
}