{
	"credit": "Made with Blockbench",
	"textures": {
		"0": "item/how_iron_pickaxe",
		"particle": "item/how_iron_pickaxe"
	},
	"elements": [
		{
			"name": "how_iron_pickaxe_0",
			"from": [6, 11, 8],
			"to": [11, 14, 9],
			"faces": {
				"north": {"uv": [11, 2, 6, 5], "texture": "#0"},
				"east": {"uv": [10, 2, 11, 5], "texture": "#0"},
				"south": {"uv": [6, 2, 11, 5], "texture": "#0"},
				"west": {"uv": [6, 2, 7, 5], "texture": "#0"},
				"up": {"uv": [6, 2, 11, 3], "texture": "#0"},
				"down": {"uv": [6, 4, 11, 5], "texture": "#0"}
			}
		},
		{
			"name": "how_iron_pickaxe_1",
			"from": [5, 12, 8],
			"to": [6, 13, 9],
			"faces": {
				"north": {"uv": [6, 3, 5, 4], "texture": "#0"},
				"east": {"uv": [5, 3, 6, 4], "texture": "#0"},
				"south": {"uv": [5, 3, 6, 4], "texture": "#0"},
				"west": {"uv": [5, 3, 6, 4], "texture": "#0"},
				"up": {"uv": [5, 3, 6, 4], "texture": "#0"},
				"down": {"uv": [5, 3, 6, 4], "texture": "#0"}
			}
		},
		{
			"name": "how_iron_pickaxe_2",
			"from": [11, 9, 8],
			"to": [14, 13, 9],
			"faces": {
				"north": {"uv": [14, 3, 11, 7], "texture": "#0"},
				"east": {"uv": [13, 3, 14, 7], "texture": "#0"},
				"south": {"uv": [11, 3, 14, 7], "texture": "#0"},
				"west": {"uv": [11, 3, 12, 7], "texture": "#0"},
				"up": {"uv": [11, 3, 14, 4], "texture": "#0"},
				"down": {"uv": [11, 6, 14, 7], "texture": "#0"}
			}
		},
		{
			"name": "how_iron_pickaxe_3",
			"from": [10, 8, 8],
			"to": [11, 11, 9],
			"faces": {
				"north": {"uv": [11, 5, 10, 8], "texture": "#0"},
				"east": {"uv": [10, 5, 11, 8], "texture": "#0"},
				"south": {"uv": [10, 5, 11, 8], "texture": "#0"},
				"west": {"uv": [10, 5, 11, 8], "texture": "#0"},
				"up": {"uv": [10, 5, 11, 6], "texture": "#0"},
				"down": {"uv": [10, 7, 11, 8], "texture": "#0"}
			}
		},
		{
			"name": "how_iron_pickaxe_4",
			"from": [9, 7, 8],
			"to": [10, 10, 9],
			"faces": {
				"north": {"uv": [10, 6, 9, 9], "texture": "#0"},
				"east": {"uv": [9, 6, 10, 9], "texture": "#0"},
				"south": {"uv": [9, 6, 10, 9], "texture": "#0"},
				"west": {"uv": [9, 6, 10, 9], "texture": "#0"},
				"up": {"uv": [9, 6, 10, 7], "texture": "#0"},
				"down": {"uv": [9, 8, 10, 9], "texture": "#0"}
			}
		},
		{
			"name": "how_iron_pickaxe_5",
			"from": [14, 5, 8],
			"to": [15, 10, 9],
			"faces": {
				"north": {"uv": [15, 6, 14, 11], "texture": "#0"},
				"east": {"uv": [14, 6, 15, 11], "texture": "#0"},
				"south": {"uv": [14, 6, 15, 11], "texture": "#0"},
				"west": {"uv": [14, 6, 15, 11], "texture": "#0"},
				"up": {"uv": [14, 6, 15, 7], "texture": "#0"},
				"down": {"uv": [14, 10, 15, 11], "texture": "#0"}
			}
		},
		{
			"name": "how_iron_pickaxe_6",
			"from": [8, 6, 8],
			"to": [9, 9, 9],
			"faces": {
				"north": {"uv": [9, 7, 8, 10], "texture": "#0"},
				"east": {"uv": [8, 7, 9, 10], "texture": "#0"},
				"south": {"uv": [8, 7, 9, 10], "texture": "#0"},
				"west": {"uv": [8, 7, 9, 10], "texture": "#0"},
				"up": {"uv": [8, 7, 9, 8], "texture": "#0"},
				"down": {"uv": [8, 9, 9, 10], "texture": "#0"}
			}
		},
		{
			"name": "how_iron_pickaxe_7",
			"from": [12, 5, 8],
			"to": [14, 9, 9],
			"faces": {
				"north": {"uv": [14, 7, 12, 11], "texture": "#0"},
				"east": {"uv": [13, 7, 14, 11], "texture": "#0"},
				"south": {"uv": [12, 7, 14, 11], "texture": "#0"},
				"west": {"uv": [12, 7, 13, 11], "texture": "#0"},
				"up": {"uv": [12, 7, 14, 8], "texture": "#0"},
				"down": {"uv": [12, 10, 14, 11], "texture": "#0"}
			}
		},
		{
			"name": "how_iron_pickaxe_8",
			"from": [7, 5, 8],
			"to": [8, 8, 9],
			"faces": {
				"north": {"uv": [8, 8, 7, 11], "texture": "#0"},
				"east": {"uv": [7, 8, 8, 11], "texture": "#0"},
				"south": {"uv": [7, 8, 8, 11], "texture": "#0"},
				"west": {"uv": [7, 8, 8, 11], "texture": "#0"},
				"up": {"uv": [7, 8, 8, 9], "texture": "#0"},
				"down": {"uv": [7, 10, 8, 11], "texture": "#0"}
			}
		},
		{
			"name": "how_iron_pickaxe_9",
			"from": [6, 4, 8],
			"to": [7, 7, 9],
			"faces": {
				"north": {"uv": [7, 9, 6, 12], "texture": "#0"},
				"east": {"uv": [6, 9, 7, 12], "texture": "#0"},
				"south": {"uv": [6, 9, 7, 12], "texture": "#0"},
				"west": {"uv": [6, 9, 7, 12], "texture": "#0"},
				"up": {"uv": [6, 9, 7, 10], "texture": "#0"},
				"down": {"uv": [6, 11, 7, 12], "texture": "#0"}
			}
		},
		{
			"name": "how_iron_pickaxe_10",
			"from": [5, 3, 8],
			"to": [6, 6, 9],
			"faces": {
				"north": {"uv": [6, 10, 5, 13], "texture": "#0"},
				"east": {"uv": [5, 10, 6, 13], "texture": "#0"},
				"south": {"uv": [5, 10, 6, 13], "texture": "#0"},
				"west": {"uv": [5, 10, 6, 13], "texture": "#0"},
				"up": {"uv": [5, 10, 6, 11], "texture": "#0"},
				"down": {"uv": [5, 12, 6, 13], "texture": "#0"}
			}
		},
		{
			"name": "how_iron_pickaxe_11",
			"from": [4, 2, 8],
			"to": [5, 5, 9],
			"faces": {
				"north": {"uv": [5, 11, 4, 14], "texture": "#0"},
				"east": {"uv": [4, 11, 5, 14], "texture": "#0"},
				"south": {"uv": [4, 11, 5, 14], "texture": "#0"},
				"west": {"uv": [4, 11, 5, 14], "texture": "#0"},
				"up": {"uv": [4, 11, 5, 12], "texture": "#0"},
				"down": {"uv": [4, 13, 5, 14], "texture": "#0"}
			}
		},
		{
			"name": "how_iron_pickaxe_12",
			"from": [13, 4, 8],
			"to": [14, 5, 9],
			"faces": {
				"north": {"uv": [14, 11, 13, 12], "texture": "#0"},
				"east": {"uv": [13, 11, 14, 12], "texture": "#0"},
				"south": {"uv": [13, 11, 14, 12], "texture": "#0"},
				"west": {"uv": [13, 11, 14, 12], "texture": "#0"},
				"up": {"uv": [13, 11, 14, 12], "texture": "#0"},
				"down": {"uv": [13, 11, 14, 12], "texture": "#0"}
			}
		},
		{
			"name": "how_iron_pickaxe_13",
			"from": [3, 1, 8],
			"to": [4, 4, 9],
			"faces": {
				"north": {"uv": [4, 12, 3, 15], "texture": "#0"},
				"east": {"uv": [3, 12, 4, 15], "texture": "#0"},
				"south": {"uv": [3, 12, 4, 15], "texture": "#0"},
				"west": {"uv": [3, 12, 4, 15], "texture": "#0"},
				"up": {"uv": [3, 12, 4, 13], "texture": "#0"},
				"down": {"uv": [3, 14, 4, 15], "texture": "#0"}
			}
		},
		{
			"name": "how_iron_pickaxe_14",
			"from": [2, 1, 8],
			"to": [3, 3, 9],
			"faces": {
				"north": {"uv": [3, 13, 2, 15], "texture": "#0"},
				"east": {"uv": [2, 13, 3, 15], "texture": "#0"},
				"south": {"uv": [2, 13, 3, 15], "texture": "#0"},
				"west": {"uv": [2, 13, 3, 15], "texture": "#0"},
				"up": {"uv": [2, 13, 3, 14], "texture": "#0"},
				"down": {"uv": [2, 14, 3, 15], "texture": "#0"}
			}
		}
	],
	"gui_light": "front",
	"display": {
		"thirdperson_righthand": {
			"rotation": [14, -90, 55],
			"translation": [0.5, 4.5, 0.5],
			"scale": [0.5, 0.5, 0.5]
		},
		"thirdperson_lefthand": {
			"rotation": [14, 90, -55],
			"translation": [0, 4.5, 0.5],
			"scale": [0.5, 0.5, 0.5]
		},
		"firstperson_righthand": {
			"rotation": [0, -90, 25],
			"translation": [2.13, 2.45, -0.62],
			"scale": [0.5, 0.5, 0.5]
		},
		"firstperson_lefthand": {
			"rotation": [0, 90, -25],
			"translation": [-0.13, 3.2, 0.62],
			"scale": [0.5, 0.5, 0.5]
		},
		"ground": {
			"scale": [0.25, 0.25, 0.25]
		},
		"gui": {
			"rotation": [0, 0, 90],
			"scale": [0.5, 0.5, 0.5]
		},
		"head": {
			"translation": [-7.25, 7.5, 0],
			"scale": [0.5, 0.5, 0]
		},
		"fixed": {
			"translation": [0, 0, -0.5],
			"scale": [0.5, 0.5, 0.5]
		}
	},
	"groups": [
		{
			"name": "how_iron_pickaxe",
			"origin": [8, 8, 8],
			"color": 0,
			"children": [0, 1, 2, 3, 4, 5, 6, 7, 8, 9, 10, 11, 12, 13, 14]
		}
	]
}