{
	"credit": "Made with Blockbench",
	"textures": {
		"0": "item/color_paper/token_how",
		"particle": "item/color_paper/token_how"
	},
	"elements": [
		{
			"from": [4, 0, 7],
			"to": [11, 1, 8],
			"faces": {
				"north": {"uv": [5, 15, 12, 16], "texture": "#0"},
				"east": {"uv": [5, 15, 6, 16], "texture": "#0"},
				"south": {"uv": [5, 15, 12, 16], "texture": "#0"},
				"west": {"uv": [11, 15, 12, 16], "texture": "#0"},
				"up": {"uv": [5, 15, 12, 16], "texture": "#0"},
				"down": {"uv": [5, 15, 12, 16], "texture": "#0"}
			}
		},
		{
			"from": [3, 1, 7],
			"to": [12, 3, 8],
			"faces": {
				"north": {"uv": [4, 13, 13, 15], "texture": "#0"},
				"east": {"uv": [4, 13, 5, 15], "texture": "#0"},
				"south": {"uv": [13, 13, 4, 15], "texture": "#0"},
				"west": {"uv": [12, 13, 13, 15], "texture": "#0"},
				"up": {"uv": [4, 13, 13, 14], "texture": "#0"},
				"down": {"uv": [4, 14, 13, 15], "texture": "#0"}
			}
		},
		{
			"from": [3, 3, 7],
			"to": [13, 11, 8],
			"faces": {
				"north": {"uv": [3, 5, 13, 13], "texture": "#0"},
				"east": {"uv": [3, 5, 4, 13], "texture": "#0"},
				"south": {"uv": [13, 5, 3, 13], "texture": "#0"},
				"west": {"uv": [12, 5, 13, 13], "texture": "#0"},
				"up": {"uv": [3, 5, 13, 6], "rotation": 180, "texture": "#0"},
				"down": {"uv": [3, 12, 13, 13], "texture": "#0"}
			}
		},
		{
			"from": [3, 11, 7],
			"to": [14, 13, 8],
			"faces": {
				"north": {"uv": [2, 3, 13, 5], "texture": "#0"},
				"east": {"uv": [2, 3, 3, 5], "texture": "#0"},
				"south": {"uv": [13, 3, 2, 5], "rotation": 180, "texture": "#0"},
				"west": {"uv": [12, 3, 13, 5], "texture": "#0"},
				"up": {"uv": [2, 3, 13, 4], "rotation": 180, "texture": "#0"},
				"down": {"uv": [2, 4, 13, 5], "rotation": 180, "texture": "#0"}
			}
		},
		{
			"from": [2, 13, 7],
			"to": [14, 14, 8],
			"faces": {
				"north": {"uv": [2, 2, 14, 3], "texture": "#0"},
				"east": {"uv": [13, 2, 14, 3], "texture": "#0"},
				"south": {"uv": [2, 2, 14, 3], "texture": "#0"},
				"west": {"uv": [2, 2, 3, 3], "texture": "#0"},
				"up": {"uv": [2, 2, 14, 3], "texture": "#0"},
				"down": {"uv": [2, 2, 14, 3], "texture": "#0"}
			}
		},
		{
			"from": [2, 14, 7],
			"to": [11, 15, 8],
			"faces": {
				"north": {"uv": [5, 1, 14, 2], "texture": "#0"},
				"east": {"uv": [5, 1, 6, 2], "texture": "#0"},
				"south": {"uv": [5, 1, 14, 2], "rotation": 180, "texture": "#0"},
				"west": {"uv": [13, 1, 14, 2], "texture": "#0"},
				"up": {"uv": [5, 1, 14, 2], "rotation": 180, "texture": "#0"},
				"down": {"uv": [5, 1, 14, 2], "rotation": 180, "texture": "#0"}
			}
		}
	],
	"display": {
		"thirdperson_righthand": {
			"translation": [0, 7, 1],
			"scale": [1.1, 1.1, 1.1]
		},
		"thirdperson_lefthand": {
			"translation": [0, 7, 1],
			"scale": [1.1, 1.1, 1.1]
		},
		"firstperson_righthand": {
			"rotation": [0, -90, 25],
			"translation": [0.13, 3.2, -0.88],
			"scale": [1.36, 1.36, 1.36]
		},
		"firstperson_lefthand": {
			"rotation": [0, -90, 25],
			"translation": [1.13, 3.2, -1.87],
			"scale": [1.36, 1.36, 1.36]
		},
		"ground": {
			"translation": [0, 4.5, 0]
		},
		"gui": {
			"rotation": [-21, 28, 5],
			"translation": [0, 0.5, 0]
		},
		"head": {
			"translation": [0, 1.25, 7.75],
			"scale": [1.5, 1.5, 1.5]
		},
		"fixed": {
			"translation": [0, 1, 0],
			"scale": [2, 2, 2]
		}
	}
}