{
	"credit": "Made with Blockbench",
	"texture_size": [64, 64],
	"textures": {
		"2": "item/food/hotdog",
		"particle": "item/food/hotdog"
	},
	"elements": [
		{
			"from": [6, -1, 3],
			"to": [10, 1, 13],
			"faces": {
				"north": {"uv": [2, 4, 3, 4.5], "texture": "#2"},
				"east": {"uv": [2, 5.5, 4.5, 6], "texture": "#2"},
				"south": {"uv": [7.5, 7, 8.5, 7.5], "texture": "#2"},
				"west": {"uv": [5.5, 4, 8, 4.5], "texture": "#2"},
				"up": {"uv": [3, 4, 2, 1.5], "texture": "#2"},
				"down": {"uv": [1, 3, 0, 5.5], "texture": "#2"}
			}
		},
		{
			"name": "hotdog main",
			"from": [7, 2, 1],
			"to": [9, 5, 15],
			"faces": {
				"north": {"uv": [5, 8.25, 5.5, 9], "texture": "#2"},
				"east": {"uv": [2, 0, 5.5, 0.75], "texture": "#2"},
				"south": {"uv": [7.5, 8.25, 8, 9], "texture": "#2"},
				"west": {"uv": [2, 0.75, 5.5, 1.5], "texture": "#2"},
				"up": {"uv": [1.5, 6.5, 1, 3], "texture": "#2"},
				"down": {"uv": [2, 3, 1.5, 6.5], "texture": "#2"}
			}
		},
		{
			"from": [11, 1, 3],
			"to": [13, 4, 13],
			"faces": {
				"north": {"uv": [5, 7.5, 5.5, 8.25], "texture": "#2"},
				"east": {"uv": [3, 1.5, 5.5, 2.25], "texture": "#2"},
				"south": {"uv": [7.5, 7.5, 8, 8.25], "texture": "#2"},
				"west": {"uv": [3, 2.25, 5.5, 3], "texture": "#2"},
				"up": {"uv": [5, 8, 4.5, 5.5], "texture": "#2"},
				"down": {"uv": [6, 4.5, 5.5, 7], "texture": "#2"}
			}
		},
		{
			"from": [3, 1, 3],
			"to": [5, 4, 13],
			"faces": {
				"north": {"uv": [4.5, 8, 5, 8.75], "texture": "#2"},
				"east": {"uv": [3, 3, 5.5, 3.75], "texture": "#2"},
				"south": {"uv": [8, 7.5, 8.5, 8.25], "texture": "#2"},
				"west": {"uv": [3, 3.75, 5.5, 4.5], "texture": "#2"},
				"up": {"uv": [6.5, 3.5, 6, 1], "texture": "#2"},
				"down": {"uv": [2.5, 6, 2, 8.5], "texture": "#2"}
			}
		},
		{
			"from": [4, 0, 3],
			"to": [5, 1, 13],
			"faces": {
				"north": {"uv": [8.5, 7, 8.75, 7.25], "texture": "#2"},
				"east": {"uv": [6.5, 1, 9, 1.25], "texture": "#2"},
				"south": {"uv": [8.5, 7.25, 8.75, 7.5], "texture": "#2"},
				"west": {"uv": [6.5, 1.25, 9, 1.5], "texture": "#2"},
				"up": {"uv": [1.25, 9, 1, 6.5], "texture": "#2"},
				"down": {"uv": [1.5, 6.5, 1.25, 9], "texture": "#2"}
			}
		},
		{
			"from": [5, 0, 3],
			"to": [6, 1, 13],
			"faces": {
				"north": {"uv": [4.75, 8.75, 5, 9], "texture": "#2"},
				"east": {"uv": [6.5, 2.5, 9, 2.75], "texture": "#2"},
				"south": {"uv": [8.75, 7, 9, 7.25], "texture": "#2"},
				"west": {"uv": [6.5, 2.75, 9, 3], "texture": "#2"},
				"up": {"uv": [6.75, 9, 6.5, 6.5], "texture": "#2"},
				"down": {"uv": [7, 6.5, 6.75, 9], "texture": "#2"}
			}
		},
		{
			"from": [5, 1, 3],
			"to": [6, 2, 13],
			"faces": {
				"north": {"uv": [8.75, 4.25, 9, 4.5], "texture": "#2"},
				"east": {"uv": [6.5, 2, 9, 2.25], "texture": "#2"},
				"south": {"uv": [4.5, 8.75, 4.75, 9], "texture": "#2"},
				"west": {"uv": [6.5, 2.25, 9, 2.5], "texture": "#2"},
				"up": {"uv": [6.25, 9, 6, 6.5], "texture": "#2"},
				"down": {"uv": [6.5, 6.5, 6.25, 9], "texture": "#2"}
			}
		},
		{
			"from": [10, 0, 3],
			"to": [11, 1, 13],
			"faces": {
				"north": {"uv": [8.5, 7.5, 8.75, 7.75], "texture": "#2"},
				"east": {"uv": [6.5, 1.5, 9, 1.75], "texture": "#2"},
				"south": {"uv": [8.5, 7.75, 8.75, 8], "texture": "#2"},
				"west": {"uv": [6.5, 1.75, 9, 2], "texture": "#2"},
				"up": {"uv": [1.75, 9, 1.5, 6.5], "texture": "#2"},
				"down": {"uv": [2, 6.5, 1.75, 9], "texture": "#2"}
			}
		},
		{
			"from": [11, 0, 3],
			"to": [12, 1, 13],
			"faces": {
				"north": {"uv": [8.75, 7.75, 9, 8], "texture": "#2"},
				"east": {"uv": [7, 6.5, 9.5, 6.75], "texture": "#2"},
				"south": {"uv": [8, 8.75, 8.25, 9], "texture": "#2"},
				"west": {"uv": [7, 6.75, 9.5, 7], "texture": "#2"},
				"up": {"uv": [7.25, 9.5, 7, 7], "texture": "#2"},
				"down": {"uv": [7.5, 7, 7.25, 9.5], "texture": "#2"}
			}
		},
		{
			"from": [10, 1, 3],
			"to": [11, 2, 13],
			"faces": {
				"north": {"uv": [8.75, 7.25, 9, 7.5], "texture": "#2"},
				"east": {"uv": [6.5, 3, 9, 3.25], "texture": "#2"},
				"south": {"uv": [8.75, 7.5, 9, 7.75], "texture": "#2"},
				"west": {"uv": [6.5, 3.25, 9, 3.5], "texture": "#2"},
				"up": {"uv": [5.75, 9.5, 5.5, 7], "texture": "#2"},
				"down": {"uv": [6, 7, 5.75, 9.5], "texture": "#2"}
			}
		},
		{
			"from": [5, 2, 2],
			"to": [7, 4, 14],
			"faces": {
				"north": {"uv": [8, 4, 8.5, 4.5], "texture": "#2"},
				"east": {"uv": [2, 4.5, 5, 5], "texture": "#2"},
				"south": {"uv": [8, 8.25, 8.5, 8.75], "texture": "#2"},
				"west": {"uv": [2, 5, 5, 5.5], "texture": "#2"},
				"up": {"uv": [5.5, 7.5, 5, 4.5], "texture": "#2"},
				"down": {"uv": [0.5, 5.5, 0, 8.5], "texture": "#2"}
			}
		},
		{
			"from": [9, 2, 2],
			"to": [11, 4, 14],
			"faces": {
				"north": {"uv": [0, 8.5, 0.5, 9], "texture": "#2"},
				"east": {"uv": [5.5, 0, 8.5, 0.5], "texture": "#2"},
				"south": {"uv": [8.5, 0, 9, 0.5], "texture": "#2"},
				"west": {"uv": [5.5, 0.5, 8.5, 1], "texture": "#2"},
				"up": {"uv": [1, 8.5, 0.5, 5.5], "texture": "#2"},
				"down": {"uv": [6, 1, 5.5, 4], "texture": "#2"}
			}
		},
		{
			"from": [7, 5, 2],
			"to": [8, 6, 14],
			"faces": {
				"north": {"uv": [8.5, 8, 8.75, 8.25], "texture": "#2"},
				"east": {"uv": [6, 3.5, 9, 3.75], "texture": "#2"},
				"south": {"uv": [8.5, 8.25, 8.75, 8.5], "texture": "#2"},
				"west": {"uv": [6, 3.75, 9, 4], "texture": "#2"},
				"up": {"uv": [2.75, 9, 2.5, 6], "texture": "#2"},
				"down": {"uv": [3, 6, 2.75, 9], "texture": "#2"}
			}
		},
		{
			"from": [9, 4, 2],
			"to": [10, 5, 14],
			"faces": {
				"north": {"uv": [2.25, 8.75, 2.5, 9], "texture": "#2"},
				"east": {"uv": [6, 6, 9, 6.25], "texture": "#2"},
				"south": {"uv": [8.75, 4, 9, 4.25], "texture": "#2"},
				"west": {"uv": [6, 6.25, 9, 6.5], "texture": "#2"},
				"up": {"uv": [4.25, 9, 4, 6], "texture": "#2"},
				"down": {"uv": [4.5, 6, 4.25, 9], "texture": "#2"}
			}
		},
		{
			"from": [8, 5, 2],
			"to": [9, 6, 14],
			"faces": {
				"north": {"uv": [0.75, 8.75, 1, 9], "texture": "#2"},
				"east": {"uv": [6, 5, 9, 5.25], "texture": "#2"},
				"south": {"uv": [2, 8.75, 2.25, 9], "texture": "#2"},
				"west": {"uv": [6, 5.25, 9, 5.5], "texture": "#2"},
				"up": {"uv": [3.75, 9, 3.5, 6], "texture": "#2"},
				"down": {"uv": [4, 6, 3.75, 9], "texture": "#2"}
			}
		},
		{
			"from": [6, 1, 2],
			"to": [10, 2, 14],
			"faces": {
				"north": {"uv": [8.5, 0.5, 9.5, 0.75], "texture": "#2"},
				"east": {"uv": [6, 5.5, 9, 5.75], "texture": "#2"},
				"south": {"uv": [8.5, 0.75, 9.5, 1], "texture": "#2"},
				"west": {"uv": [6, 5.75, 9, 6], "texture": "#2"},
				"up": {"uv": [1, 3, 0, 0], "texture": "#2"},
				"down": {"uv": [2, 0, 1, 3], "texture": "#2"}
			}
		},
		{
			"from": [6, 4, 2],
			"to": [7, 5, 14],
			"faces": {
				"north": {"uv": [8.5, 8.5, 8.75, 8.75], "texture": "#2"},
				"east": {"uv": [6, 4.5, 9, 4.75], "texture": "#2"},
				"south": {"uv": [0.5, 8.75, 0.75, 9], "texture": "#2"},
				"west": {"uv": [6, 4.75, 9, 5], "texture": "#2"},
				"up": {"uv": [3.25, 9, 3, 6], "texture": "#2"},
				"down": {"uv": [3.5, 6, 3.25, 9], "texture": "#2"}
			}
		},
		{
			"from": [6, 2, 1],
			"to": [7, 4, 2],
			"faces": {
				"north": {"uv": [0.5, 8.5, 0.75, 8.75], "texture": "#2"},
				"east": {"uv": [0.75, 8.5, 1, 8.75], "texture": "#2"},
				"south": {"uv": [2, 8.5, 2.25, 8.75], "texture": "#2"},
				"west": {"uv": [2.25, 8.5, 2.5, 8.75], "texture": "#2"},
				"up": {"uv": [8.75, 4.25, 8.5, 4], "texture": "#2"},
				"down": {"uv": [8.75, 4.25, 8.5, 4.5], "texture": "#2"}
			}
		},
		{
			"from": [7, 1, 14],
			"to": [9, 2, 15],
			"faces": {
				"north": {"uv": [0.5, 8.5, 0.75, 8.75], "texture": "#2"},
				"east": {"uv": [0.75, 8.5, 1, 8.75], "texture": "#2"},
				"south": {"uv": [2, 8.5, 2.25, 8.75], "texture": "#2"},
				"west": {"uv": [2.25, 8.5, 2.5, 8.75], "texture": "#2"},
				"up": {"uv": [8.75, 4.25, 8.5, 4], "texture": "#2"},
				"down": {"uv": [8.75, 4.25, 8.5, 4.5], "texture": "#2"}
			}
		},
		{
			"from": [6, 2, 14],
			"to": [7, 4, 15],
			"faces": {
				"north": {"uv": [0.5, 8.5, 0.75, 8.75], "texture": "#2"},
				"east": {"uv": [0.75, 8.5, 1, 8.75], "texture": "#2"},
				"south": {"uv": [2, 8.5, 2.25, 8.75], "texture": "#2"},
				"west": {"uv": [2.25, 8.5, 2.5, 8.75], "texture": "#2"},
				"up": {"uv": [8.75, 4.25, 8.5, 4], "texture": "#2"},
				"down": {"uv": [8.75, 4.25, 8.5, 4.5], "texture": "#2"}
			}
		},
		{
			"from": [7, 2, 15],
			"to": [9, 4, 16],
			"faces": {
				"north": {"uv": [0.5, 8.5, 0.75, 8.75], "texture": "#2"},
				"east": {"uv": [0.75, 8.5, 1, 8.75], "texture": "#2"},
				"south": {"uv": [2, 8.5, 2.25, 8.75], "texture": "#2"},
				"west": {"uv": [2.25, 8.5, 2.5, 8.75], "texture": "#2"},
				"up": {"uv": [8.75, 4.25, 8.5, 4], "texture": "#2"},
				"down": {"uv": [8.75, 4.25, 8.5, 4.5], "texture": "#2"}
			}
		},
		{
			"from": [9, 2, 14],
			"to": [10, 4, 15],
			"faces": {
				"north": {"uv": [0.5, 8.5, 0.75, 8.75], "texture": "#2"},
				"east": {"uv": [0.75, 8.5, 1, 8.75], "texture": "#2"},
				"south": {"uv": [2, 8.5, 2.25, 8.75], "texture": "#2"},
				"west": {"uv": [2.25, 8.5, 2.5, 8.75], "texture": "#2"},
				"up": {"uv": [8.75, 4.25, 8.5, 4], "texture": "#2"},
				"down": {"uv": [8.75, 4.25, 8.5, 4.5], "texture": "#2"}
			}
		},
		{
			"from": [7, 2, 0],
			"to": [9, 4, 1],
			"faces": {
				"north": {"uv": [0.5, 8.5, 0.75, 8.75], "texture": "#2"},
				"east": {"uv": [0.75, 8.5, 1, 8.75], "texture": "#2"},
				"south": {"uv": [2, 8.5, 2.25, 8.75], "texture": "#2"},
				"west": {"uv": [2.25, 8.5, 2.5, 8.75], "texture": "#2"},
				"up": {"uv": [8.75, 4.25, 8.5, 4], "texture": "#2"},
				"down": {"uv": [8.75, 4.25, 8.5, 4.5], "texture": "#2"}
			}
		},
		{
			"from": [7, 1, 1],
			"to": [9, 2, 2],
			"faces": {
				"north": {"uv": [0.5, 8.5, 0.75, 8.75], "texture": "#2"},
				"east": {"uv": [0.75, 8.5, 1, 8.75], "texture": "#2"},
				"south": {"uv": [2, 8.5, 2.25, 8.75], "texture": "#2"},
				"west": {"uv": [2.25, 8.5, 2.5, 8.75], "texture": "#2"},
				"up": {"uv": [8.75, 4.25, 8.5, 4], "texture": "#2"},
				"down": {"uv": [8.75, 4.25, 8.5, 4.5], "texture": "#2"}
			}
		},
		{
			"from": [9, 2, 1],
			"to": [10, 4, 2],
			"faces": {
				"north": {"uv": [0.5, 8.5, 0.75, 8.75], "texture": "#2"},
				"east": {"uv": [0.75, 8.5, 1, 8.75], "texture": "#2"},
				"south": {"uv": [2, 8.5, 2.25, 8.75], "texture": "#2"},
				"west": {"uv": [2.25, 8.5, 2.5, 8.75], "texture": "#2"},
				"up": {"uv": [8.75, 4.25, 8.5, 4], "texture": "#2"},
				"down": {"uv": [8.75, 4.25, 8.5, 4.5], "texture": "#2"}
			}
		}
	],
	"display": {
		"thirdperson_righthand": {
			"rotation": [-4, 30, 0],
			"translation": [0.5, 4, 0],
			"scale": [0.43164, 0.54297, 0.7]
		},
		"thirdperson_lefthand": {
			"rotation": [-4, 30, 0],
			"translation": [0.5, 4, 0],
			"scale": [0.43164, 0.54297, 0.7]
		},
		"firstperson_righthand": {
			"rotation": [-4, 30, 0],
			"translation": [-1.5, 6, 3],
			"scale": [0.43164, 0.54297, 0.60547]
		},
		"firstperson_lefthand": {
			"rotation": [-4, 30, 0],
			"translation": [-1.5, 6, 3],
			"scale": [0.43164, 0.54297, 0.60547]
		},
		"ground": {
			"translation": [0, 2.75, 0],
			"scale": [0.43164, 0.54297, 0.60547]
		},
		"gui": {
			"rotation": [33, 44, -6],
			"translation": [0.25, 4.25, 0],
			"scale": [0.8, 1, 1.2]
		},
		"head": {
			"rotation": [0, 40, 0],
			"translation": [0, 12.5, -1],
			"scale": [0.64, 0.75, 0.88]
		},
		"fixed": {
			"rotation": [-90, -45, 0],
			"translation": [0, -0.25, -9.75],
			"scale": [1, 1.21, 1.33]
		}
	}
}