{
	"credit": "Made with Blockbench",
	"texture_size": [8, 8],
	"textures": {
		"1": "item/food/melon/2",
		"3": "item/food/melon/1",
		"particle": "item/food/melon/2"
	},
	"elements": [
		{
			"from": [5, 0, 5],
			"to": [11, 1, 11],
			"faces": {
				"north": {"uv": [3, 10.5, 6, 11], "texture": "#3"},
				"east": {"uv": [9, 10.5, 12, 11], "texture": "#3"},
				"south": {"uv": [0, 11, 3, 11.5], "texture": "#3"},
				"west": {"uv": [3, 11, 6, 11.5], "texture": "#3"},
				"up": {"uv": [3, 3, 0, 0], "texture": "#3"},
				"down": {"uv": [3, 3, 0, 6], "texture": "#3"}
			}
		},
		{
			"from": [5, 0, 5],
			"to": [11, 1, 11],
			"faces": {
				"north": {"uv": [0, 11.5, 3, 12], "texture": "#3"},
				"east": {"uv": [3, 11.5, 6, 12], "texture": "#3"},
				"south": {"uv": [8, 11.5, 11, 12], "texture": "#3"},
				"west": {"uv": [11, 11.5, 14, 12], "texture": "#3"},
				"up": {"uv": [6, 3, 3, 0], "texture": "#3"},
				"down": {"uv": [6, 3, 3, 6], "texture": "#3"}
			}
		},
		{
			"from": [4, 1, 5],
			"to": [5, 5, 11],
			"faces": {
				"north": {"uv": [0.5, 12, 1, 14], "texture": "#3"},
				"east": {"uv": [6, 5, 9, 7], "texture": "#3"},
				"south": {"uv": [1, 12, 1.5, 14], "texture": "#3"},
				"west": {"uv": [6, 7, 9, 9], "texture": "#3"},
				"up": {"uv": [6.5, 14, 6, 11], "texture": "#3"},
				"down": {"uv": [7, 11, 6.5, 14], "texture": "#3"}
			}
		},
		{
			"from": [11, 1, 5],
			"to": [12, 5, 11],
			"rotation": {"angle": 0, "axis": "y", "origin": [16, 0, 0]},
			"faces": {
				"north": {"uv": [1.5, 12, 2, 14], "texture": "#3"},
				"east": {"uv": [3, 8, 6, 10], "texture": "#3"},
				"south": {"uv": [2, 12, 2.5, 14], "texture": "#3"},
				"west": {"uv": [0, 9, 3, 11], "texture": "#3"},
				"up": {"uv": [6.5, 14, 6, 11], "texture": "#3"},
				"down": {"uv": [7, 11, 6.5, 14], "texture": "#3"}
			}
		},
		{
			"from": [5, 1, 4],
			"to": [11, 5, 5],
			"rotation": {"angle": 0, "axis": "y", "origin": [16, 0, 0]},
			"faces": {
				"north": {"uv": [9, 0, 12, 2], "texture": "#3"},
				"east": {"uv": [12, 2, 12.5, 4], "texture": "#3"},
				"south": {"uv": [9, 2, 12, 4], "texture": "#3"},
				"west": {"uv": [2.5, 12, 3, 14], "texture": "#3"},
				"up": {"uv": [11, 11.5, 8, 11], "texture": "#3"},
				"down": {"uv": [14, 11, 11, 11.5], "texture": "#3"}
			}
		},
		{
			"from": [5, 1, 11],
			"to": [11, 5, 12],
			"rotation": {"angle": 0, "axis": "y", "origin": [16, 0, 16]},
			"faces": {
				"north": {"uv": [3, 6, 6, 8], "texture": "#3"},
				"east": {"uv": [0, 12, 0.5, 14], "texture": "#3"},
				"south": {"uv": [6, 3, 9, 5], "texture": "#3"},
				"west": {"uv": [12, 0, 12.5, 2], "texture": "#3"},
				"up": {"uv": [6, 10.5, 3, 10], "texture": "#3"},
				"down": {"uv": [12, 10, 9, 10.5], "texture": "#3"}
			}
		},
		{
			"from": [5, 1, 5],
			"to": [11, 4.5, 11],
			"faces": {
				"north": {"uv": [0, 6.75, 3, 8.5], "texture": "#3"},
				"east": {"uv": [0, 6, 3, 7.75], "texture": "#3"},
				"south": {"uv": [0, 6.5, 3, 8.25], "texture": "#3"},
				"west": {"uv": [0, 7, 3, 8.75], "texture": "#3"},
				"up": {"uv": [3, 9, 0, 6], "texture": "#3"},
				"down": {"uv": [3, 6, 0, 9], "texture": "#3"}
			}
		},
		{
			"from": [7, 3, 6],
			"to": [7.5, 8, 6.5],
			"faces": {
				"north": {"uv": [0, 0, 1, 10], "texture": "#1"},
				"east": {"uv": [2, 0, 3, 10], "texture": "#1"},
				"south": {"uv": [4, 0, 5, 10], "texture": "#1"},
				"west": {"uv": [6, 0, 7, 10], "texture": "#1"},
				"up": {"uv": [3, 11, 2, 10], "texture": "#1"},
				"down": {"uv": [5, 10, 4, 11], "texture": "#1"}
			}
		},
		{
			"from": [7, 8, 4],
			"to": [7.5, 8.5, 6.5],
			"faces": {
				"north": {"uv": [10, 4, 11, 5], "texture": "#1"},
				"east": {"uv": [8, 0, 13, 1], "texture": "#1"},
				"south": {"uv": [6, 10, 7, 11], "texture": "#1"},
				"west": {"uv": [8, 2, 13, 3], "texture": "#1"},
				"up": {"uv": [9, 9, 8, 4], "texture": "#1"},
				"down": {"uv": [1, 10, 0, 15], "texture": "#1"}
			}
		}
	],
	"display": {
		"thirdperson_righthand": {
			"rotation": [69, 90, 0],
			"translation": [0, 4.5, 4]
		},
		"thirdperson_lefthand": {
			"rotation": [69, 90, 0],
			"translation": [0, 4.5, 4]
		},
		"firstperson_righthand": {
			"rotation": [0, 86, 0],
			"translation": [0, 6, -0.5]
		},
		"firstperson_lefthand": {
			"rotation": [-7, 180, 0],
			"translation": [-8.25, 5.25, -0.5],
			"scale": [2.3, 2.3, 2.3]
		},
		"ground": {
			"translation": [0, 8.25, 0],
			"scale": [1.3, 1.3, 1.3]
		},
		"gui": {
			"rotation": [37, -115, 11],
			"translation": [0.5, 5.75, 0],
			"scale": [1.4, 1.4, 1.4]
		},
		"head": {
			"translation": [0, 18, 0],
			"scale": [1.5, 1.5, 1.5]
		},
		"fixed": {
			"rotation": [-90, 0, 0],
			"translation": [0, 0, -23.5],
			"scale": [3, 3, 3]
		}
	}
}