{
	"credit": "Made with Blockbench",
	"texture_size": [32, 32],
	"textures": {
		"0": "item/food/pizza_1",
		"particle": "item/food/pizza_1"
	},
	"elements": [
		{
			"from": [7, 0, 14],
			"to": [11, 2, 15],
			"faces": {
				"north": {"uv": [4, 3, 6, 4], "texture": "#0"},
				"east": {"uv": [5, 8, 5.5, 9], "texture": "#0"},
				"south": {"uv": [4, 4, 6, 5], "texture": "#0"},
				"west": {"uv": [5.5, 8, 6, 9], "texture": "#0"},
				"up": {"uv": [8.5, 2, 6.5, 1.5], "texture": "#0"},
				"down": {"uv": [7, 6.5, 5, 7], "texture": "#0"}
			}
		},
		{
			"from": [5, 0, 13],
			"to": [7, 2, 14],
			"faces": {
				"north": {"uv": [7, 0, 8, 1], "texture": "#0"},
				"east": {"uv": [6, 8, 6.5, 9], "texture": "#0"},
				"south": {"uv": [5, 7, 6, 8], "texture": "#0"},
				"west": {"uv": [8, 6, 8.5, 7], "texture": "#0"},
				"up": {"uv": [7.5, 8.5, 6.5, 8], "texture": "#0"},
				"down": {"uv": [9, 7, 8, 7.5], "texture": "#0"}
			}
		},
		{
			"from": [11, 0, 13],
			"to": [13, 2, 14],
			"faces": {
				"north": {"uv": [6, 7, 7, 8], "texture": "#0"},
				"east": {"uv": [7.5, 8, 8, 9], "texture": "#0"},
				"south": {"uv": [7, 6, 8, 7], "texture": "#0"},
				"west": {"uv": [8, 7.5, 8.5, 8.5], "texture": "#0"},
				"up": {"uv": [1, 9, 0, 8.5], "texture": "#0"},
				"down": {"uv": [9.5, 1.5, 8.5, 2], "texture": "#0"}
			}
		},
		{
			"from": [3, 0, 12],
			"to": [5, 2, 13],
			"faces": {
				"north": {"uv": [7, 7, 8, 8], "texture": "#0"},
				"east": {"uv": [8.5, 2, 9, 3], "texture": "#0"},
				"south": {"uv": [7.5, 2, 8.5, 3], "texture": "#0"},
				"west": {"uv": [3, 8.5, 3.5, 9.5], "texture": "#0"},
				"up": {"uv": [9.5, 4.5, 8.5, 4], "texture": "#0"},
				"down": {"uv": [9.5, 4.5, 8.5, 5], "texture": "#0"}
			}
		},
		{
			"from": [13, 0, 12],
			"to": [15, 2, 13],
			"faces": {
				"north": {"uv": [3, 7.5, 4, 8.5], "texture": "#0"},
				"east": {"uv": [3.5, 8.5, 4, 9.5], "texture": "#0"},
				"south": {"uv": [7.5, 5, 8.5, 6], "texture": "#0"},
				"west": {"uv": [8.5, 5, 9, 6], "texture": "#0"},
				"up": {"uv": [9.5, 6.5, 8.5, 6], "texture": "#0"},
				"down": {"uv": [7.5, 8.5, 6.5, 9], "texture": "#0"}
			}
		},
		{
			"from": [3, 0, 10],
			"to": [4, 1, 12],
			"faces": {
				"north": {"uv": [10, 2, 10.5, 2.5], "texture": "#0"},
				"east": {"uv": [8.5, 6.5, 9.5, 7], "texture": "#0"},
				"south": {"uv": [2.5, 10, 3, 10.5], "texture": "#0"},
				"west": {"uv": [8.5, 7.5, 9.5, 8], "texture": "#0"},
				"up": {"uv": [8.5, 9.5, 8, 8.5], "texture": "#0"},
				"down": {"uv": [9, 8, 8.5, 9], "texture": "#0"}
			}
		},
		{
			"from": [14, 0, 10],
			"to": [15, 1, 12],
			"faces": {
				"north": {"uv": [10, 3.5, 10.5, 4], "texture": "#0"},
				"east": {"uv": [0, 9, 1, 9.5], "texture": "#0"},
				"south": {"uv": [4, 10, 4.5, 10.5], "texture": "#0"},
				"west": {"uv": [9, 0, 10, 0.5], "texture": "#0"},
				"up": {"uv": [9.5, 1.5, 9, 0.5], "texture": "#0"},
				"down": {"uv": [1.5, 9, 1, 10], "texture": "#0"}
			}
		},
		{
			"from": [13, 0, 8],
			"to": [14, 1, 10],
			"faces": {
				"north": {"uv": [10, 4, 10.5, 4.5], "texture": "#0"},
				"east": {"uv": [1.5, 9, 2.5, 9.5], "texture": "#0"},
				"south": {"uv": [4.5, 10, 5, 10.5], "texture": "#0"},
				"west": {"uv": [9, 2, 10, 2.5], "texture": "#0"},
				"up": {"uv": [3, 10, 2.5, 9], "texture": "#0"},
				"down": {"uv": [9.5, 2.5, 9, 3.5], "texture": "#0"}
			}
		},
		{
			"from": [4, 0, 8],
			"to": [5, 1, 10],
			"faces": {
				"north": {"uv": [10, 4.5, 10.5, 5], "texture": "#0"},
				"east": {"uv": [9, 3.5, 10, 4], "texture": "#0"},
				"south": {"uv": [5, 10, 5.5, 10.5], "texture": "#0"},
				"west": {"uv": [4, 9, 5, 9.5], "texture": "#0"},
				"up": {"uv": [5.5, 10, 5, 9], "texture": "#0"},
				"down": {"uv": [9.5, 5, 9, 6], "texture": "#0"}
			}
		},
		{
			"from": [5, 0, 7],
			"to": [6, 1, 8],
			"faces": {
				"north": {"uv": [10, 5, 10.5, 5.5], "texture": "#0"},
				"east": {"uv": [5.5, 10, 6, 10.5], "texture": "#0"},
				"south": {"uv": [10, 5.5, 10.5, 6], "texture": "#0"},
				"west": {"uv": [6, 10, 6.5, 10.5], "texture": "#0"},
				"up": {"uv": [7, 10.5, 6.5, 10], "texture": "#0"},
				"down": {"uv": [7.5, 10, 7, 10.5], "texture": "#0"}
			}
		},
		{
			"from": [12, 0, 7],
			"to": [13, 1, 8],
			"faces": {
				"north": {"uv": [10, 7, 10.5, 7.5], "texture": "#0"},
				"east": {"uv": [7.5, 10, 8, 10.5], "texture": "#0"},
				"south": {"uv": [10, 7.5, 10.5, 8], "texture": "#0"},
				"west": {"uv": [10, 8, 10.5, 8.5], "texture": "#0"},
				"up": {"uv": [9, 10.5, 8.5, 10], "texture": "#0"},
				"down": {"uv": [9.5, 10, 9, 10.5], "texture": "#0"}
			}
		},
		{
			"from": [6, 0, 5],
			"to": [7, 1, 7],
			"faces": {
				"north": {"uv": [10, 9, 10.5, 9.5], "texture": "#0"},
				"east": {"uv": [5.5, 9, 6.5, 9.5], "texture": "#0"},
				"south": {"uv": [9.5, 10, 10, 10.5], "texture": "#0"},
				"west": {"uv": [6.5, 9, 7.5, 9.5], "texture": "#0"},
				"up": {"uv": [8, 10, 7.5, 9], "texture": "#0"},
				"down": {"uv": [9.5, 8, 9, 9], "texture": "#0"}
			}
		},
		{
			"from": [11, 0, 5],
			"to": [12, 1, 7],
			"faces": {
				"north": {"uv": [10, 9.5, 10.5, 10], "texture": "#0"},
				"east": {"uv": [9, 7, 10, 7.5], "texture": "#0"},
				"south": {"uv": [10, 10, 10.5, 10.5], "texture": "#0"},
				"west": {"uv": [8.5, 9, 9.5, 9.5], "texture": "#0"},
				"up": {"uv": [0.5, 10.5, 0, 9.5], "texture": "#0"},
				"down": {"uv": [1, 9.5, 0.5, 10.5], "texture": "#0"}
			}
		},
		{
			"from": [10, 0, 3],
			"to": [11, 1, 5],
			"faces": {
				"north": {"uv": [6.5, 6, 7, 6.5], "texture": "#0"},
				"east": {"uv": [8, 0, 9, 0.5], "texture": "#0"},
				"south": {"uv": [10, 0, 10.5, 0.5], "texture": "#0"},
				"west": {"uv": [8, 0.5, 9, 1], "texture": "#0"},
				"up": {"uv": [1.5, 9, 1, 8], "texture": "#0"},
				"down": {"uv": [2, 8, 1.5, 9], "texture": "#0"}
			}
		},
		{
			"from": [7, 0, 3],
			"to": [8, 1, 5],
			"faces": {
				"north": {"uv": [0, 10.5, 0.5, 11], "texture": "#0"},
				"east": {"uv": [9.5, 0.5, 10.5, 1], "texture": "#0"},
				"south": {"uv": [10.5, 0, 11, 0.5], "texture": "#0"},
				"west": {"uv": [9.5, 1, 10.5, 1.5], "texture": "#0"},
				"up": {"uv": [2, 10.5, 1.5, 9.5], "texture": "#0"},
				"down": {"uv": [2.5, 9.5, 2, 10.5], "texture": "#0"}
			}
		},
		{
			"from": [9, 0, 2],
			"to": [10, 1, 4],
			"faces": {
				"north": {"uv": [0.5, 10.5, 1, 11], "texture": "#0"},
				"east": {"uv": [9.5, 1.5, 10.5, 2], "texture": "#0"},
				"south": {"uv": [10.5, 0.5, 11, 1], "texture": "#0"},
				"west": {"uv": [9.5, 2.5, 10.5, 3], "texture": "#0"},
				"up": {"uv": [3.5, 10.5, 3, 9.5], "texture": "#0"},
				"down": {"uv": [4, 9.5, 3.5, 10.5], "texture": "#0"}
			}
		},
		{
			"from": [8, 0, 2],
			"to": [9, 1, 4],
			"faces": {
				"north": {"uv": [10.5, 1, 11, 1.5], "texture": "#0"},
				"east": {"uv": [9.5, 3, 10.5, 3.5], "texture": "#0"},
				"south": {"uv": [1.5, 10.5, 2, 11], "texture": "#0"},
				"west": {"uv": [4, 9.5, 5, 10], "texture": "#0"},
				"up": {"uv": [10, 5, 9.5, 4], "texture": "#0"},
				"down": {"uv": [10, 5, 9.5, 6], "texture": "#0"}
			}
		},
		{
			"from": [8, 0, 4],
			"to": [10, 1, 14],
			"faces": {
				"north": {"uv": [5.5, 9.5, 6.5, 10], "texture": "#0"},
				"east": {"uv": [2, 0, 7, 0.5], "texture": "#0"},
				"south": {"uv": [9.5, 6, 10.5, 6.5], "texture": "#0"},
				"west": {"uv": [2, 0.5, 7, 1], "texture": "#0"},
				"up": {"uv": [1, 5, 0, 0], "texture": "#0"},
				"down": {"uv": [2, 0, 1, 5], "texture": "#0"}
			}
		},
		{
			"from": [10, 0, 5],
			"to": [11, 1, 14],
			"faces": {
				"north": {"uv": [10.5, 1.5, 11, 2], "texture": "#0"},
				"east": {"uv": [2, 1, 6.5, 1.5], "texture": "#0"},
				"south": {"uv": [2, 10.5, 2.5, 11], "texture": "#0"},
				"west": {"uv": [2, 1.5, 6.5, 2], "texture": "#0"},
				"up": {"uv": [2.5, 6.5, 2, 2], "texture": "#0"},
				"down": {"uv": [3, 2, 2.5, 6.5], "texture": "#0"}
			}
		},
		{
			"from": [7, 0, 5],
			"to": [8, 1, 14],
			"faces": {
				"north": {"uv": [10.5, 2, 11, 2.5], "texture": "#0"},
				"east": {"uv": [3, 2, 7.5, 2.5], "texture": "#0"},
				"south": {"uv": [2.5, 10.5, 3, 11], "texture": "#0"},
				"west": {"uv": [3, 2.5, 7.5, 3], "texture": "#0"},
				"up": {"uv": [3.5, 7.5, 3, 3], "texture": "#0"},
				"down": {"uv": [4, 3, 3.5, 7.5], "texture": "#0"}
			}
		},
		{
			"from": [13, 0, 10],
			"to": [14, 1, 12],
			"faces": {
				"north": {"uv": [10.5, 2.5, 11, 3], "texture": "#0"},
				"east": {"uv": [6.5, 9.5, 7.5, 10], "texture": "#0"},
				"south": {"uv": [3, 10.5, 3.5, 11], "texture": "#0"},
				"west": {"uv": [9.5, 6.5, 10.5, 7], "texture": "#0"},
				"up": {"uv": [10, 8.5, 9.5, 7.5], "texture": "#0"},
				"down": {"uv": [8.5, 9.5, 8, 10.5], "texture": "#0"}
			}
		},
		{
			"from": [4, 0, 10],
			"to": [5, 1, 12],
			"faces": {
				"north": {"uv": [10.5, 3, 11, 3.5], "texture": "#0"},
				"east": {"uv": [8.5, 9.5, 9.5, 10], "texture": "#0"},
				"south": {"uv": [3.5, 10.5, 4, 11], "texture": "#0"},
				"west": {"uv": [9.5, 8.5, 10.5, 9], "texture": "#0"},
				"up": {"uv": [10, 10, 9.5, 9], "texture": "#0"},
				"down": {"uv": [1.5, 10, 1, 11], "texture": "#0"}
			}
		},
		{
			"from": [6, 0, 6],
			"to": [7, 1, 13],
			"faces": {
				"north": {"uv": [10.5, 3.5, 11, 4], "texture": "#0"},
				"east": {"uv": [4, 5, 7.5, 5.5], "texture": "#0"},
				"south": {"uv": [4, 10.5, 4.5, 11], "texture": "#0"},
				"west": {"uv": [4, 5.5, 7.5, 6], "texture": "#0"},
				"up": {"uv": [0.5, 8.5, 0, 5], "texture": "#0"},
				"down": {"uv": [1, 5, 0.5, 8.5], "texture": "#0"}
			}
		},
		{
			"from": [5, 0, 8],
			"to": [6, 1, 13],
			"faces": {
				"north": {"uv": [10.5, 4, 11, 4.5], "texture": "#0"},
				"east": {"uv": [4, 6, 6.5, 6.5], "texture": "#0"},
				"south": {"uv": [4.5, 10.5, 5, 11], "texture": "#0"},
				"west": {"uv": [6, 4, 8.5, 4.5], "texture": "#0"},
				"up": {"uv": [2.5, 9, 2, 6.5], "texture": "#0"},
				"down": {"uv": [3, 6.5, 2.5, 9], "texture": "#0"}
			}
		},
		{
			"from": [11, 0, 7],
			"to": [12, 1, 13],
			"faces": {
				"north": {"uv": [10.5, 4.5, 11, 5], "texture": "#0"},
				"east": {"uv": [6, 3, 9, 3.5], "texture": "#0"},
				"south": {"uv": [5, 10.5, 5.5, 11], "texture": "#0"},
				"west": {"uv": [6, 3.5, 9, 4], "texture": "#0"},
				"up": {"uv": [1.5, 8, 1, 5], "texture": "#0"},
				"down": {"uv": [2, 5, 1.5, 8], "texture": "#0"}
			}
		},
		{
			"from": [12, 0, 8],
			"to": [13, 1, 13],
			"faces": {
				"north": {"uv": [10.5, 5, 11, 5.5], "texture": "#0"},
				"east": {"uv": [6, 4.5, 8.5, 5], "texture": "#0"},
				"south": {"uv": [5.5, 10.5, 6, 11], "texture": "#0"},
				"west": {"uv": [6.5, 1, 9, 1.5], "texture": "#0"},
				"up": {"uv": [4.5, 9, 4, 6.5], "texture": "#0"},
				"down": {"uv": [5, 6.5, 4.5, 9], "texture": "#0"}
			}
		}
	],
	"display": {
		"thirdperson_righthand": {
			"translation": [0, 3, 0],
			"scale": [0.49609, 0.39258, 0.64648]
		},
		"thirdperson_lefthand": {
			"translation": [0, 3, 0],
			"scale": [0.49609, 0.39258, 0.64648]
		},
		"firstperson_righthand": {
			"rotation": [0, 30, 0],
			"translation": [0, 4.75, 0],
			"scale": [0.49609, 0.39258, 0.64648]
		},
		"firstperson_lefthand": {
			"rotation": [0, 30, 0],
			"translation": [0, 4.75, 0],
			"scale": [0.49609, 0.39258, 0.64648]
		},
		"ground": {
			"translation": [0, 2.25, 0],
			"scale": [0.49609, 0.39258, 0.64648]
		},
		"gui": {
			"rotation": [43, -127, 10],
			"translation": [2, 3.25, 0],
			"scale": [1, 0.8, 1.2]
		},
		"head": {
			"rotation": [0, 180, 0],
			"translation": [0, -2.75, -8.25],
			"scale": [0.49609, 0.39258, 0.64648]
		},
		"fixed": {
			"rotation": [-90, 36, 0],
			"translation": [-4.5, -5.75, -6.25],
			"scale": [1, 0.8, 1.2]
		}
	}
}