{
	"credit": "Made with Blockbench",
	"textures": {
		"1": "item/food/takoyaki/box",
		"2": "item/food/takoyaki/takoyaki",
		"particle": "item/food/takoyaki/takoyaki"
	},
	"elements": [
		{
			"from": [3.975, 0.5, 14],
			"to": [12, 1.1, 14.3],
			"faces": {
				"north": {"uv": [8, 1, 11.5, 2], "texture": "#1"},
				"east": {"uv": [3, 9, 3.5, 10], "texture": "#1"},
				"south": {"uv": [8, 2, 11.5, 3], "texture": "#1"},
				"west": {"uv": [5.5, 9, 6, 10], "texture": "#1"},
				"up": {"uv": [11.5, 6, 8, 5.5], "texture": "#1"},
				"down": {"uv": [9, 8.5, 5.5, 9], "texture": "#1"}
			}
		},
		{
			"from": [4, 0.5, 1.7],
			"to": [12, 1.1, 2],
			"faces": {
				"north": {"uv": [0, 8, 3.5, 9], "texture": "#1"},
				"east": {"uv": [2, 9, 2.5, 10], "texture": "#1"},
				"south": {"uv": [8, 0, 11.5, 1], "texture": "#1"},
				"west": {"uv": [2.5, 9, 3, 10], "texture": "#1"},
				"up": {"uv": [11.5, 5, 8, 4.5], "texture": "#1"},
				"down": {"uv": [11.5, 5, 8, 5.5], "texture": "#1"}
			}
		},
		{
			"from": [4, 1.1, 1.4],
			"to": [12.3, 2.2, 1.7],
			"faces": {
				"north": {"uv": [0, 8, 3.5, 9], "texture": "#1"},
				"east": {"uv": [2, 9, 2.5, 10], "texture": "#1"},
				"south": {"uv": [8, 0, 11.5, 1], "texture": "#1"},
				"west": {"uv": [2.5, 9, 3, 10], "texture": "#1"},
				"up": {"uv": [11.5, 5, 8, 4.5], "texture": "#1"},
				"down": {"uv": [11.5, 5, 8, 5.5], "texture": "#1"}
			}
		},
		{
			"from": [3.7, 2.2, 1.1],
			"to": [12.3, 3.3, 1.4],
			"faces": {
				"north": {"uv": [0, 8, 3.5, 9], "texture": "#1"},
				"east": {"uv": [2, 9, 2.5, 10], "texture": "#1"},
				"south": {"uv": [8, 0, 11.5, 1], "texture": "#1"},
				"west": {"uv": [2.5, 9, 3, 10], "texture": "#1"},
				"up": {"uv": [11.5, 5, 8, 4.5], "texture": "#1"},
				"down": {"uv": [11.5, 5, 8, 5.5], "texture": "#1"}
			}
		},
		{
			"from": [3.7, 2.2, 14.6],
			"to": [12.3, 3.3, 14.9],
			"faces": {
				"north": {"uv": [0, 8, 3.5, 9], "texture": "#1"},
				"east": {"uv": [2, 9, 2.5, 10], "texture": "#1"},
				"south": {"uv": [8, 0, 11.5, 1], "texture": "#1"},
				"west": {"uv": [2.5, 9, 3, 10], "texture": "#1"},
				"up": {"uv": [11.5, 5, 8, 4.5], "texture": "#1"},
				"down": {"uv": [11.5, 5, 8, 5.5], "texture": "#1"}
			}
		},
		{
			"from": [4, 1.1, 14.3],
			"to": [12.3, 2.2, 14.6],
			"faces": {
				"north": {"uv": [0, 8, 3.5, 9], "texture": "#1"},
				"east": {"uv": [2, 9, 2.5, 10], "texture": "#1"},
				"south": {"uv": [8, 0, 11.5, 1], "texture": "#1"},
				"west": {"uv": [2.5, 9, 3, 10], "texture": "#1"},
				"up": {"uv": [11.5, 5, 8, 4.5], "texture": "#1"},
				"down": {"uv": [11.5, 5, 8, 5.5], "texture": "#1"}
			}
		},
		{
			"from": [11.7, 0.5, 2],
			"to": [12, 1.1, 14],
			"faces": {
				"north": {"uv": [1, 9, 1.5, 10], "texture": "#1"},
				"east": {"uv": [0, 7, 6, 8], "texture": "#1"},
				"south": {"uv": [1.5, 9, 2, 10], "texture": "#1"},
				"west": {"uv": [6, 7, 12, 8], "texture": "#1"},
				"up": {"uv": [5, 14.5, 4.5, 8.5], "texture": "#1"},
				"down": {"uv": [5.5, 8.5, 5, 14.5], "texture": "#1"}
			}
		},
		{
			"from": [4, 0.5, 2],
			"to": [4.3, 1.1, 14],
			"faces": {
				"north": {"uv": [1, 9, 1.5, 10], "texture": "#1"},
				"east": {"uv": [0, 7, 6, 8], "texture": "#1"},
				"south": {"uv": [1.5, 9, 2, 10], "texture": "#1"},
				"west": {"uv": [6, 7, 12, 8], "texture": "#1"},
				"up": {"uv": [5, 14.5, 4.5, 8.5], "texture": "#1"},
				"down": {"uv": [5.5, 8.5, 5, 14.5], "texture": "#1"}
			}
		},
		{
			"from": [12, 1.1, 1.7],
			"to": [12.3, 2.2, 14.3],
			"faces": {
				"north": {"uv": [1, 9, 1.5, 10], "texture": "#1"},
				"east": {"uv": [0, 7, 6, 8], "texture": "#1"},
				"south": {"uv": [1.5, 9, 2, 10], "texture": "#1"},
				"west": {"uv": [6, 7, 12, 8], "texture": "#1"},
				"up": {"uv": [5, 14.5, 4.5, 8.5], "texture": "#1"},
				"down": {"uv": [5.5, 8.5, 5, 14.5], "texture": "#1"}
			}
		},
		{
			"from": [12.3, 2.2, 1.4],
			"to": [12.6, 3.3, 14.575],
			"faces": {
				"north": {"uv": [1, 9, 1.5, 10], "texture": "#1"},
				"east": {"uv": [0, 7, 6, 8], "texture": "#1"},
				"south": {"uv": [1.5, 9, 2, 10], "texture": "#1"},
				"west": {"uv": [6, 7, 12, 8], "texture": "#1"},
				"up": {"uv": [5, 14.5, 4.5, 8.5], "texture": "#1"},
				"down": {"uv": [5.5, 8.5, 5, 14.5], "texture": "#1"}
			}
		},
		{
			"from": [3.4, 2.2, 1.4],
			"to": [3.7, 3.3, 14.6],
			"faces": {
				"north": {"uv": [1, 9, 1.5, 10], "texture": "#1"},
				"east": {"uv": [0, 7, 6, 8], "texture": "#1"},
				"south": {"uv": [1.5, 9, 2, 10], "texture": "#1"},
				"west": {"uv": [6, 7, 12, 8], "texture": "#1"},
				"up": {"uv": [5, 14.5, 4.5, 8.5], "texture": "#1"},
				"down": {"uv": [5.5, 8.5, 5, 14.5], "texture": "#1"}
			}
		},
		{
			"from": [3.7, 1.1, 1.4],
			"to": [4, 2.2, 14.6],
			"faces": {
				"north": {"uv": [1, 9, 1.5, 10], "texture": "#1"},
				"east": {"uv": [0, 7, 6, 8], "texture": "#1"},
				"south": {"uv": [1.5, 9, 2, 10], "texture": "#1"},
				"west": {"uv": [6, 7, 12, 8], "texture": "#1"},
				"up": {"uv": [5, 14.5, 4.5, 8.5], "texture": "#1"},
				"down": {"uv": [5.5, 8.5, 5, 14.5], "texture": "#1"}
			}
		},
		{
			"from": [4, 0, 2],
			"to": [12, 0.5, 14],
			"faces": {
				"north": {"uv": [8, 3.5, 12, 4], "texture": "#1"},
				"east": {"uv": [8, 3, 14, 3.5], "texture": "#1"},
				"south": {"uv": [8, 4, 12, 4.5], "texture": "#1"},
				"west": {"uv": [3.5, 8, 9.5, 8.5], "texture": "#1"},
				"up": {"uv": [4, 6, 0, 0], "texture": "#1"},
				"down": {"uv": [8, 0, 4, 6], "texture": "#1"}
			}
		},
		{
			"from": [8.475, 0.4, 13.35],
			"to": [11.275, 3.2, 13.55],
			"faces": {
				"north": {"uv": [9, 6, 12, 9], "texture": "#2"},
				"east": {"uv": [1, 13, 1.5, 16], "texture": "#2"},
				"south": {"uv": [9, 9, 12, 12], "texture": "#2"},
				"west": {"uv": [2, 13, 2.5, 16], "texture": "#2"},
				"up": {"uv": [16, 3.5, 13, 3], "texture": "#2"},
				"down": {"uv": [7, 13, 4, 13.5], "texture": "#2"}
			}
		},
		{
			"from": [4.3, 0.4, 2.7],
			"to": [4.5, 3.2, 5.5],
			"faces": {
				"north": {"uv": [10, 12, 10.5, 15], "texture": "#2"},
				"east": {"uv": [9, 3, 12, 6], "texture": "#2"},
				"south": {"uv": [12, 10, 12.5, 13], "texture": "#2"},
				"west": {"uv": [6, 9, 9, 12], "texture": "#2"},
				"up": {"uv": [11.5, 15, 11, 12], "texture": "#2"},
				"down": {"uv": [0.5, 13, 0, 16], "texture": "#2"}
			}
		},
		{
			"from": [4.7, 0.4, 5.7],
			"to": [7.5, 3.2, 5.9],
			"faces": {
				"north": {"uv": [9, 6, 12, 9], "texture": "#2"},
				"east": {"uv": [1, 13, 1.5, 16], "texture": "#2"},
				"south": {"uv": [9, 9, 12, 12], "texture": "#2"},
				"west": {"uv": [2, 13, 2.5, 16], "texture": "#2"},
				"up": {"uv": [16, 3.5, 13, 3], "texture": "#2"},
				"down": {"uv": [7, 13, 4, 13.5], "texture": "#2"}
			}
		},
		{
			"from": [4.5, 0.2, 2.5],
			"to": [7.7, 3.4, 5.7],
			"faces": {
				"north": {"uv": [0, 6, 3, 9], "texture": "#2"},
				"east": {"uv": [6, 0, 9, 3], "texture": "#2"},
				"south": {"uv": [3, 6, 6, 9], "texture": "#2"},
				"west": {"uv": [6, 3, 9, 6], "texture": "#2"},
				"up": {"uv": [9, 9, 6, 6], "texture": "#2"},
				"down": {"uv": [3, 9, 0, 12], "texture": "#2"}
			}
		},
		{
			"from": [4.7, 3.4, 2.7],
			"to": [7.5, 3.7, 5.5],
			"faces": {
				"north": {"uv": [0, 12, 3, 12.5], "texture": "#2"},
				"east": {"uv": [12, 0, 15, 0.5], "texture": "#2"},
				"south": {"uv": [12, 1, 15, 1.5], "texture": "#2"},
				"west": {"uv": [12, 2, 15, 2.5], "texture": "#2"},
				"up": {"uv": [3, 3, 0, 0], "texture": "#2"},
				"down": {"uv": [3, 3, 0, 6], "texture": "#2"}
			}
		},
		{
			"from": [4.7, 0.4, 2.3],
			"to": [7.5, 3.2, 2.5],
			"faces": {
				"north": {"uv": [3, 0, 6, 3], "texture": "#2"},
				"east": {"uv": [3, 12, 3.5, 15], "texture": "#2"},
				"south": {"uv": [3, 3, 6, 6], "texture": "#2"},
				"west": {"uv": [12, 3, 12.5, 6], "texture": "#2"},
				"up": {"uv": [7, 12.5, 4, 12], "texture": "#2"},
				"down": {"uv": [15, 6, 12, 6.5], "texture": "#2"}
			}
		},
		{
			"from": [7.7, 0.4, 2.7],
			"to": [7.9, 3.2, 5.5],
			"faces": {
				"north": {"uv": [7, 12, 7.5, 15], "texture": "#2"},
				"east": {"uv": [9, 0, 12, 3], "texture": "#2"},
				"south": {"uv": [12, 7, 12.5, 10], "texture": "#2"},
				"west": {"uv": [3, 9, 6, 12], "texture": "#2"},
				"up": {"uv": [8.5, 15, 8, 12], "texture": "#2"},
				"down": {"uv": [9.5, 12, 9, 15], "texture": "#2"}
			}
		},
		{
			"from": [8.075, 0.4, 2.7],
			"to": [8.275, 3.2, 5.5],
			"faces": {
				"north": {"uv": [10, 12, 10.5, 15], "texture": "#2"},
				"east": {"uv": [9, 3, 12, 6], "texture": "#2"},
				"south": {"uv": [12, 10, 12.5, 13], "texture": "#2"},
				"west": {"uv": [6, 9, 9, 12], "texture": "#2"},
				"up": {"uv": [11.5, 15, 11, 12], "texture": "#2"},
				"down": {"uv": [0.5, 13, 0, 16], "texture": "#2"}
			}
		},
		{
			"from": [8.475, 0.4, 2.3],
			"to": [11.275, 3.2, 2.5],
			"faces": {
				"north": {"uv": [3, 0, 6, 3], "texture": "#2"},
				"east": {"uv": [3, 12, 3.5, 15], "texture": "#2"},
				"south": {"uv": [3, 3, 6, 6], "texture": "#2"},
				"west": {"uv": [12, 3, 12.5, 6], "texture": "#2"},
				"up": {"uv": [7, 12.5, 4, 12], "texture": "#2"},
				"down": {"uv": [15, 6, 12, 6.5], "texture": "#2"}
			}
		},
		{
			"from": [8.475, 3.4, 2.7],
			"to": [11.275, 3.7, 5.5],
			"faces": {
				"north": {"uv": [0, 12, 3, 12.5], "texture": "#2"},
				"east": {"uv": [12, 0, 15, 0.5], "texture": "#2"},
				"south": {"uv": [12, 1, 15, 1.5], "texture": "#2"},
				"west": {"uv": [12, 2, 15, 2.5], "texture": "#2"},
				"up": {"uv": [3, 3, 0, 0], "texture": "#2"},
				"down": {"uv": [3, 3, 0, 6], "texture": "#2"}
			}
		},
		{
			"from": [11.475, 0.4, 2.7],
			"to": [11.675, 3.2, 5.5],
			"faces": {
				"north": {"uv": [7, 12, 7.5, 15], "texture": "#2"},
				"east": {"uv": [9, 0, 12, 3], "texture": "#2"},
				"south": {"uv": [12, 7, 12.5, 10], "texture": "#2"},
				"west": {"uv": [3, 9, 6, 12], "texture": "#2"},
				"up": {"uv": [8.5, 15, 8, 12], "texture": "#2"},
				"down": {"uv": [9.5, 12, 9, 15], "texture": "#2"}
			}
		},
		{
			"from": [8.275, 0.2, 2.5],
			"to": [11.475, 3.4, 5.7],
			"faces": {
				"north": {"uv": [0, 6, 3, 9], "texture": "#2"},
				"east": {"uv": [6, 0, 9, 3], "texture": "#2"},
				"south": {"uv": [3, 6, 6, 9], "texture": "#2"},
				"west": {"uv": [6, 3, 9, 6], "texture": "#2"},
				"up": {"uv": [9, 9, 6, 6], "texture": "#2"},
				"down": {"uv": [3, 9, 0, 12], "texture": "#2"}
			}
		},
		{
			"from": [8.475, 0.4, 5.7],
			"to": [11.275, 3.2, 5.9],
			"faces": {
				"north": {"uv": [9, 6, 12, 9], "texture": "#2"},
				"east": {"uv": [1, 13, 1.5, 16], "texture": "#2"},
				"south": {"uv": [9, 9, 12, 12], "texture": "#2"},
				"west": {"uv": [2, 13, 2.5, 16], "texture": "#2"},
				"up": {"uv": [16, 3.5, 13, 3], "texture": "#2"},
				"down": {"uv": [7, 13, 4, 13.5], "texture": "#2"}
			}
		},
		{
			"from": [8.075, 0.4, 6.55],
			"to": [8.275, 3.2, 9.35],
			"faces": {
				"north": {"uv": [10, 12, 10.5, 15], "texture": "#2"},
				"east": {"uv": [9, 3, 12, 6], "texture": "#2"},
				"south": {"uv": [12, 10, 12.5, 13], "texture": "#2"},
				"west": {"uv": [6, 9, 9, 12], "texture": "#2"},
				"up": {"uv": [11.5, 15, 11, 12], "texture": "#2"},
				"down": {"uv": [0.5, 13, 0, 16], "texture": "#2"}
			}
		},
		{
			"from": [8.475, 0.4, 6.15],
			"to": [11.275, 3.2, 6.35],
			"faces": {
				"north": {"uv": [3, 0, 6, 3], "texture": "#2"},
				"east": {"uv": [3, 12, 3.5, 15], "texture": "#2"},
				"south": {"uv": [3, 3, 6, 6], "texture": "#2"},
				"west": {"uv": [12, 3, 12.5, 6], "texture": "#2"},
				"up": {"uv": [7, 12.5, 4, 12], "texture": "#2"},
				"down": {"uv": [15, 6, 12, 6.5], "texture": "#2"}
			}
		},
		{
			"from": [8.475, 3.4, 6.55],
			"to": [11.275, 3.7, 9.35],
			"faces": {
				"north": {"uv": [0, 12, 3, 12.5], "texture": "#2"},
				"east": {"uv": [12, 0, 15, 0.5], "texture": "#2"},
				"south": {"uv": [12, 1, 15, 1.5], "texture": "#2"},
				"west": {"uv": [12, 2, 15, 2.5], "texture": "#2"},
				"up": {"uv": [3, 3, 0, 0], "texture": "#2"},
				"down": {"uv": [3, 3, 0, 6], "texture": "#2"}
			}
		},
		{
			"from": [11.475, 0.4, 6.55],
			"to": [11.675, 3.2, 9.35],
			"faces": {
				"north": {"uv": [7, 12, 7.5, 15], "texture": "#2"},
				"east": {"uv": [9, 0, 12, 3], "texture": "#2"},
				"south": {"uv": [12, 7, 12.5, 10], "texture": "#2"},
				"west": {"uv": [3, 9, 6, 12], "texture": "#2"},
				"up": {"uv": [8.5, 15, 8, 12], "texture": "#2"},
				"down": {"uv": [9.5, 12, 9, 15], "texture": "#2"}
			}
		},
		{
			"from": [8.275, 0.2, 6.35],
			"to": [11.475, 3.4, 9.55],
			"faces": {
				"north": {"uv": [0, 6, 3, 9], "texture": "#2"},
				"east": {"uv": [6, 0, 9, 3], "texture": "#2"},
				"south": {"uv": [3, 6, 6, 9], "texture": "#2"},
				"west": {"uv": [6, 3, 9, 6], "texture": "#2"},
				"up": {"uv": [9, 9, 6, 6], "texture": "#2"},
				"down": {"uv": [3, 9, 0, 12], "texture": "#2"}
			}
		},
		{
			"from": [8.475, 0.4, 9.55],
			"to": [11.275, 3.2, 9.75],
			"faces": {
				"north": {"uv": [9, 6, 12, 9], "texture": "#2"},
				"east": {"uv": [1, 13, 1.5, 16], "texture": "#2"},
				"south": {"uv": [9, 9, 12, 12], "texture": "#2"},
				"west": {"uv": [2, 13, 2.5, 16], "texture": "#2"},
				"up": {"uv": [16, 3.5, 13, 3], "texture": "#2"},
				"down": {"uv": [7, 13, 4, 13.5], "texture": "#2"}
			}
		},
		{
			"from": [8.075, 0.4, 10.35],
			"to": [8.275, 3.2, 13.15],
			"faces": {
				"north": {"uv": [10, 12, 10.5, 15], "texture": "#2"},
				"east": {"uv": [9, 3, 12, 6], "texture": "#2"},
				"south": {"uv": [12, 10, 12.5, 13], "texture": "#2"},
				"west": {"uv": [6, 9, 9, 12], "texture": "#2"},
				"up": {"uv": [11.5, 15, 11, 12], "texture": "#2"},
				"down": {"uv": [0.5, 13, 0, 16], "texture": "#2"}
			}
		},
		{
			"from": [8.475, 0.4, 9.95],
			"to": [11.275, 3.2, 10.15],
			"faces": {
				"north": {"uv": [3, 0, 6, 3], "texture": "#2"},
				"east": {"uv": [3, 12, 3.5, 15], "texture": "#2"},
				"south": {"uv": [3, 3, 6, 6], "texture": "#2"},
				"west": {"uv": [12, 3, 12.5, 6], "texture": "#2"},
				"up": {"uv": [7, 12.5, 4, 12], "texture": "#2"},
				"down": {"uv": [15, 6, 12, 6.5], "texture": "#2"}
			}
		},
		{
			"from": [8.475, 3.4, 10.35],
			"to": [11.275, 3.7, 13.15],
			"faces": {
				"north": {"uv": [0, 12, 3, 12.5], "texture": "#2"},
				"east": {"uv": [12, 0, 15, 0.5], "texture": "#2"},
				"south": {"uv": [12, 1, 15, 1.5], "texture": "#2"},
				"west": {"uv": [12, 2, 15, 2.5], "texture": "#2"},
				"up": {"uv": [3, 3, 0, 0], "texture": "#2"},
				"down": {"uv": [3, 3, 0, 6], "texture": "#2"}
			}
		},
		{
			"from": [11.475, 0.4, 10.35],
			"to": [11.675, 3.2, 13.15],
			"faces": {
				"north": {"uv": [7, 12, 7.5, 15], "texture": "#2"},
				"east": {"uv": [9, 0, 12, 3], "texture": "#2"},
				"south": {"uv": [12, 7, 12.5, 10], "texture": "#2"},
				"west": {"uv": [3, 9, 6, 12], "texture": "#2"},
				"up": {"uv": [8.5, 15, 8, 12], "texture": "#2"},
				"down": {"uv": [9.5, 12, 9, 15], "texture": "#2"}
			}
		},
		{
			"from": [8.275, 0.2, 10.15],
			"to": [11.475, 3.4, 13.35],
			"faces": {
				"north": {"uv": [0, 6, 3, 9], "texture": "#2"},
				"east": {"uv": [6, 0, 9, 3], "texture": "#2"},
				"south": {"uv": [3, 6, 6, 9], "texture": "#2"},
				"west": {"uv": [6, 3, 9, 6], "texture": "#2"},
				"up": {"uv": [9, 9, 6, 6], "texture": "#2"},
				"down": {"uv": [3, 9, 0, 12], "texture": "#2"}
			}
		},
		{
			"from": [4.375, 0.4, 10.35],
			"to": [4.575, 3.2, 13.15],
			"faces": {
				"north": {"uv": [10, 12, 10.5, 15], "texture": "#2"},
				"east": {"uv": [9, 3, 12, 6], "texture": "#2"},
				"south": {"uv": [12, 10, 12.5, 13], "texture": "#2"},
				"west": {"uv": [6, 9, 9, 12], "texture": "#2"},
				"up": {"uv": [11.5, 15, 11, 12], "texture": "#2"},
				"down": {"uv": [0.5, 13, 0, 16], "texture": "#2"}
			}
		},
		{
			"from": [4.775, 0.4, 9.95],
			"to": [7.575, 3.2, 10.15],
			"faces": {
				"north": {"uv": [3, 0, 6, 3], "texture": "#2"},
				"east": {"uv": [3, 12, 3.5, 15], "texture": "#2"},
				"south": {"uv": [3, 3, 6, 6], "texture": "#2"},
				"west": {"uv": [12, 3, 12.5, 6], "texture": "#2"},
				"up": {"uv": [7, 12.5, 4, 12], "texture": "#2"},
				"down": {"uv": [15, 6, 12, 6.5], "texture": "#2"}
			}
		},
		{
			"from": [4.775, 3.4, 10.35],
			"to": [7.575, 3.7, 13.15],
			"faces": {
				"north": {"uv": [0, 12, 3, 12.5], "texture": "#2"},
				"east": {"uv": [12, 0, 15, 0.5], "texture": "#2"},
				"south": {"uv": [12, 1, 15, 1.5], "texture": "#2"},
				"west": {"uv": [12, 2, 15, 2.5], "texture": "#2"},
				"up": {"uv": [3, 3, 0, 0], "texture": "#2"},
				"down": {"uv": [3, 3, 0, 6], "texture": "#2"}
			}
		},
		{
			"from": [7.775, 0.4, 10.35],
			"to": [7.975, 3.2, 13.15],
			"faces": {
				"north": {"uv": [7, 12, 7.5, 15], "texture": "#2"},
				"east": {"uv": [9, 0, 12, 3], "texture": "#2"},
				"south": {"uv": [12, 7, 12.5, 10], "texture": "#2"},
				"west": {"uv": [3, 9, 6, 12], "texture": "#2"},
				"up": {"uv": [8.5, 15, 8, 12], "texture": "#2"},
				"down": {"uv": [9.5, 12, 9, 15], "texture": "#2"}
			}
		},
		{
			"from": [4.575, 0.2, 10.15],
			"to": [7.775, 3.4, 13.35],
			"faces": {
				"north": {"uv": [0, 6, 3, 9], "texture": "#2"},
				"east": {"uv": [6, 0, 9, 3], "texture": "#2"},
				"south": {"uv": [3, 6, 6, 9], "texture": "#2"},
				"west": {"uv": [6, 3, 9, 6], "texture": "#2"},
				"up": {"uv": [9, 9, 6, 6], "texture": "#2"},
				"down": {"uv": [3, 9, 0, 12], "texture": "#2"}
			}
		},
		{
			"from": [4.775, 0.4, 13.35],
			"to": [7.575, 3.2, 13.55],
			"faces": {
				"north": {"uv": [9, 6, 12, 9], "texture": "#2"},
				"east": {"uv": [1, 13, 1.5, 16], "texture": "#2"},
				"south": {"uv": [9, 9, 12, 12], "texture": "#2"},
				"west": {"uv": [2, 13, 2.5, 16], "texture": "#2"},
				"up": {"uv": [16, 3.5, 13, 3], "texture": "#2"},
				"down": {"uv": [7, 13, 4, 13.5], "texture": "#2"}
			}
		},
		{
			"from": [4.375, 0.4, 6.5],
			"to": [4.575, 3.2, 9.3],
			"faces": {
				"north": {"uv": [10, 12, 10.5, 15], "texture": "#2"},
				"east": {"uv": [9, 3, 12, 6], "texture": "#2"},
				"south": {"uv": [12, 10, 12.5, 13], "texture": "#2"},
				"west": {"uv": [6, 9, 9, 12], "texture": "#2"},
				"up": {"uv": [11.5, 15, 11, 12], "texture": "#2"},
				"down": {"uv": [0.5, 13, 0, 16], "texture": "#2"}
			}
		},
		{
			"from": [4.775, 0.4, 6.1],
			"to": [7.575, 3.2, 6.3],
			"faces": {
				"north": {"uv": [3, 0, 6, 3], "texture": "#2"},
				"east": {"uv": [3, 12, 3.5, 15], "texture": "#2"},
				"south": {"uv": [3, 3, 6, 6], "texture": "#2"},
				"west": {"uv": [12, 3, 12.5, 6], "texture": "#2"},
				"up": {"uv": [7, 12.5, 4, 12], "texture": "#2"},
				"down": {"uv": [15, 6, 12, 6.5], "texture": "#2"}
			}
		},
		{
			"from": [4.775, 3.4, 6.5],
			"to": [7.575, 3.7, 9.3],
			"faces": {
				"north": {"uv": [0, 12, 3, 12.5], "texture": "#2"},
				"east": {"uv": [12, 0, 15, 0.5], "texture": "#2"},
				"south": {"uv": [12, 1, 15, 1.5], "texture": "#2"},
				"west": {"uv": [12, 2, 15, 2.5], "texture": "#2"},
				"up": {"uv": [3, 3, 0, 0], "texture": "#2"},
				"down": {"uv": [3, 3, 0, 6], "texture": "#2"}
			}
		},
		{
			"from": [7.775, 0.4, 6.5],
			"to": [7.975, 3.2, 9.3],
			"faces": {
				"north": {"uv": [7, 12, 7.5, 15], "texture": "#2"},
				"east": {"uv": [9, 0, 12, 3], "texture": "#2"},
				"south": {"uv": [12, 7, 12.5, 10], "texture": "#2"},
				"west": {"uv": [3, 9, 6, 12], "texture": "#2"},
				"up": {"uv": [8.5, 15, 8, 12], "texture": "#2"},
				"down": {"uv": [9.5, 12, 9, 15], "texture": "#2"}
			}
		},
		{
			"from": [4.575, 0.2, 6.3],
			"to": [7.775, 3.4, 9.5],
			"faces": {
				"north": {"uv": [0, 6, 3, 9], "texture": "#2"},
				"east": {"uv": [6, 0, 9, 3], "texture": "#2"},
				"south": {"uv": [3, 6, 6, 9], "texture": "#2"},
				"west": {"uv": [6, 3, 9, 6], "texture": "#2"},
				"up": {"uv": [9, 9, 6, 6], "texture": "#2"},
				"down": {"uv": [3, 9, 0, 12], "texture": "#2"}
			}
		},
		{
			"from": [4.775, 0.4, 9.5],
			"to": [7.575, 3.2, 9.7],
			"faces": {
				"north": {"uv": [9, 6, 12, 9], "texture": "#2"},
				"east": {"uv": [1, 13, 1.5, 16], "texture": "#2"},
				"south": {"uv": [9, 9, 12, 12], "texture": "#2"},
				"west": {"uv": [2, 13, 2.5, 16], "texture": "#2"},
				"up": {"uv": [16, 3.5, 13, 3], "texture": "#2"},
				"down": {"uv": [7, 13, 4, 13.5], "texture": "#2"}
			}
		}
	],
	"display": {
		"thirdperson_righthand": {
			"rotation": [59, 0, 0],
			"translation": [0, 5.25, 1.25],
			"scale": [0.7, 0.7, 0.7]
		},
		"thirdperson_lefthand": {
			"rotation": [59, 0, 0],
			"translation": [0, 5.25, 1.25],
			"scale": [0.7, 0.7, 0.7]
		},
		"firstperson_righthand": {
			"rotation": [13, 28, 0],
			"translation": [0, 8.5, 0]
		},
		"firstperson_lefthand": {
			"rotation": [13, 28, 0],
			"translation": [0, 8.5, 0]
		},
		"ground": {
			"translation": [0, 2.75, 0],
			"scale": [0.7, 0.7, 0.7]
		},
		"gui": {
			"rotation": [36, 47, -5],
			"translation": [0.5, 3.75, 0]
		},
		"head": {
			"translation": [0, 14.25, 0]
		},
		"fixed": {
			"rotation": [-90, 0, 0],
			"translation": [0, 0, -10.25],
			"scale": [1.3, 1.3, 1.3]
		}
	},
	"groups": [
		{
			"name": "group",
			"origin": [0, 0, 0],
			"color": 0,
			"children": [0, 1, 2, 3, 4, 5, 6, 7, 8, 9, 10, 11, 12]
		},
		{
			"name": "group",
			"origin": [0, 0, 0],
			"color": 0,
			"children": [13, 14, 15, 16, 17, 18, 19, 20, 21, 22, 23, 24, 25, 26, 27, 28, 29, 30, 31, 32, 33, 34, 35, 36, 37, 38, 39, 40, 41, 42, 43, 44, 45, 46, 47, 48]
		}
	]
}