{
	"credit": "Made with Blockbench",
	"texture_size": [32, 32],
	"textures": {
		"0": "item/food/tofu_ramen",
		"particle": "item/food/ramen_particle"
	},
	"elements": [
		{
			"from": [6, 0, 7],
			"to": [7, 1, 9],
			"faces": {
				"north": {"uv": [1.25, 5.5, 1.5, 5.75], "texture": "#0"},
				"east": {"uv": [5, 4.75, 5.5, 5], "texture": "#0"},
				"south": {"uv": [1, 6.5, 1.25, 6.75], "texture": "#0"},
				"west": {"uv": [7.5, 8.75, 8, 9], "texture": "#0"},
				"up": {"uv": [6.25, 10, 6, 9.5], "texture": "#0"},
				"down": {"uv": [6.5, 9.5, 6.25, 10], "texture": "#0"}
			}
		},
		{
			"from": [9, 0, 7],
			"to": [10, 1, 9],
			"faces": {
				"north": {"uv": [10, 6.75, 10.25, 7], "texture": "#0"},
				"east": {"uv": [7.5, 9, 8, 9.25], "texture": "#0"},
				"south": {"uv": [10, 7, 10.25, 7.25], "texture": "#0"},
				"west": {"uv": [5, 9.75, 5.5, 10], "texture": "#0"},
				"up": {"uv": [10, 5.75, 9.75, 5.25], "texture": "#0"},
				"down": {"uv": [5.75, 9.75, 5.5, 10.25], "texture": "#0"}
			}
		},
		{
			"from": [6, 0, 6],
			"to": [10, 1, 7],
			"faces": {
				"north": {"uv": [0, 6.5, 1, 6.75], "texture": "#0"},
				"east": {"uv": [7.5, 10, 7.75, 10.25], "texture": "#0"},
				"south": {"uv": [2.75, 8.75, 3.75, 9], "texture": "#0"},
				"west": {"uv": [7.75, 10, 8, 10.25], "texture": "#0"},
				"up": {"uv": [5.75, 9, 4.75, 8.75], "texture": "#0"},
				"down": {"uv": [9.75, 4.75, 8.75, 5], "texture": "#0"}
			}
		},
		{
			"from": [6, 0, 9],
			"to": [10, 1, 10],
			"faces": {
				"north": {"uv": [8.75, 5, 9.75, 5.25], "texture": "#0"},
				"east": {"uv": [8, 10, 8.25, 10.25], "texture": "#0"},
				"south": {"uv": [8.75, 5.25, 9.75, 5.5], "texture": "#0"},
				"west": {"uv": [8.25, 10, 8.5, 10.25], "texture": "#0"},
				"up": {"uv": [9.75, 5.75, 8.75, 5.5], "texture": "#0"},
				"down": {"uv": [6.75, 8.75, 5.75, 9], "texture": "#0"}
			}
		},
		{
			"from": [5, 1, 5],
			"to": [11, 1.5, 11],
			"faces": {
				"north": {"uv": [9.5, 0.25, 11, 0.375], "texture": "#0"},
				"east": {"uv": [9.5, 0.5, 11, 0.625], "texture": "#0"},
				"south": {"uv": [9.5, 0.75, 11, 0.875], "texture": "#0"},
				"west": {"uv": [9.5, 1, 11, 1.125], "texture": "#0"},
				"up": {"uv": [1.5, 5.5, 0, 4], "texture": "#0"},
				"down": {"uv": [5.5, 0, 4, 1.5], "texture": "#0"}
			}
		},
		{
			"from": [4, 1.5, 4],
			"to": [12, 3.5, 12],
			"faces": {
				"north": {"uv": [5.5, 1, 7.5, 1.5], "texture": "#0"},
				"east": {"uv": [1.25, 5.75, 3.25, 6.25], "texture": "#0"},
				"south": {"uv": [3.25, 5.75, 5.25, 6.25], "texture": "#0"},
				"west": {"uv": [5.25, 5.75, 7.25, 6.25], "texture": "#0"},
				"up": {"uv": [2, 2, 0, 0], "texture": "#0"},
				"down": {"uv": [2, 2, 0, 4], "texture": "#0"}
			}
		},
		{
			"from": [5.5, 5, 6.5],
			"to": [6, 6.5, 7.5],
			"faces": {
				"north": {"uv": [2.75, 9, 3.375, 9.375], "texture": "#0"},
				"east": {"uv": [3.5, 4, 4, 4.375], "texture": "#0"},
				"south": {"uv": [2, 9.25, 2.625, 9.625], "texture": "#0"},
				"west": {"uv": [3.5, 4.5, 4, 4.875], "texture": "#0"},
				"up": {"uv": [14.25, 1.625, 13.625, 1], "texture": "#0"},
				"down": {"uv": [2.625, 8.75, 2, 9.25], "texture": "#0"}
			}
		},
		{
			"from": [3.5, 5, 5.5],
			"to": [5, 6.5, 6],
			"faces": {
				"north": {"uv": [2.75, 9, 3.375, 9.375], "texture": "#0"},
				"east": {"uv": [3.5, 4, 4, 4.375], "texture": "#0"},
				"south": {"uv": [2, 9.25, 2.625, 9.625], "texture": "#0"},
				"west": {"uv": [3.5, 4.5, 4, 4.875], "texture": "#0"},
				"up": {"uv": [14.25, 1.625, 13.625, 1], "texture": "#0"},
				"down": {"uv": [2.625, 8.75, 2, 9.25], "texture": "#0"}
			}
		},
		{
			"from": [2.5, 5, 6.5],
			"to": [3, 6.5, 7.5],
			"faces": {
				"north": {"uv": [2.75, 9, 3.375, 9.375], "texture": "#0"},
				"east": {"uv": [3.5, 4, 4, 4.375], "texture": "#0"},
				"south": {"uv": [2, 9.25, 2.625, 9.625], "texture": "#0"},
				"west": {"uv": [3.5, 4.5, 4, 4.875], "texture": "#0"},
				"up": {"uv": [14.25, 1.625, 13.625, 1], "texture": "#0"},
				"down": {"uv": [2.625, 8.75, 2, 9.25], "texture": "#0"}
			}
		},
		{
			"from": [3, 5, 6],
			"to": [5.5, 6.5, 8],
			"faces": {
				"north": {"uv": [2.75, 9, 3.375, 9.375], "texture": "#0"},
				"east": {"uv": [3.5, 4, 4, 4.375], "texture": "#0"},
				"south": {"uv": [2, 9.25, 2.625, 9.625], "texture": "#0"},
				"west": {"uv": [3.5, 4.5, 4, 4.875], "texture": "#0"},
				"up": {"uv": [9.375, 1, 8.75, 0.5], "texture": "#0"},
				"down": {"uv": [2.625, 8.75, 2, 9.25], "texture": "#0"}
			}
		},
		{
			"from": [3.5, 5, 8],
			"to": [5, 6.5, 8.5],
			"faces": {
				"north": {"uv": [2.75, 9, 3.375, 9.375], "texture": "#0"},
				"east": {"uv": [3.5, 4, 4, 4.375], "texture": "#0"},
				"south": {"uv": [2, 9.25, 2.625, 9.625], "texture": "#0"},
				"west": {"uv": [3.5, 4.5, 4, 4.875], "texture": "#0"},
				"up": {"uv": [14.25, 1.625, 13.625, 1], "texture": "#0"},
				"down": {"uv": [2.625, 8.75, 2, 9.25], "texture": "#0"}
			}
		},
		{
			"from": [3, 5.5, 3],
			"to": [4, 6, 4],
			"faces": {
				"north": {"uv": [1, 10.75, 1.25, 10.875], "texture": "#0"},
				"east": {"uv": [1.25, 10.75, 1.5, 10.875], "texture": "#0"},
				"south": {"uv": [10.75, 1.25, 11, 1.375], "texture": "#0"},
				"west": {"uv": [1.5, 10.75, 1.75, 10.875], "texture": "#0"},
				"up": {"uv": [10.75, 2.75, 10.5, 2.5], "texture": "#0"},
				"down": {"uv": [10.75, 2.75, 10.5, 3], "texture": "#0"}
			}
		},
		{
			"from": [3, 5.5, 12],
			"to": [4, 6, 13],
			"faces": {
				"north": {"uv": [0, 10.75, 0.25, 10.875], "texture": "#0"},
				"east": {"uv": [0.25, 10.75, 0.5, 10.875], "texture": "#0"},
				"south": {"uv": [0.5, 10.75, 0.75, 10.875], "texture": "#0"},
				"west": {"uv": [0.75, 10.75, 1, 10.875], "texture": "#0"},
				"up": {"uv": [10.75, 2.5, 10.5, 2.25], "texture": "#0"},
				"down": {"uv": [2.75, 10.5, 2.5, 10.75], "texture": "#0"}
			}
		},
		{
			"from": [2, 5.5, 4],
			"to": [4, 6, 12],
			"faces": {
				"north": {"uv": [0.5, 10.5, 1, 10.625], "texture": "#0"},
				"east": {"uv": [9.25, 6.5, 11.25, 6.625], "texture": "#0"},
				"south": {"uv": [1, 10.5, 1.5, 10.625], "texture": "#0"},
				"west": {"uv": [7.5, 9.25, 9.5, 9.375], "texture": "#0"},
				"up": {"uv": [3.5, 8.75, 3, 6.75], "texture": "#0"},
				"down": {"uv": [4, 6.75, 3.5, 8.75], "texture": "#0"}
			}
		},
		{
			"from": [6, 5, 7],
			"to": [9.5, 7, 10],
			"faces": {
				"north": {"uv": [8.25, 4.25, 9.125, 4.75], "texture": "#0"},
				"east": {"uv": [8.25, 8.25, 9, 8.75], "texture": "#0"},
				"south": {"uv": [4.75, 8.25, 5.625, 8.75], "texture": "#0"},
				"west": {"uv": [8.75, 0, 9.5, 0.5], "texture": "#0"},
				"up": {"uv": [7.875, 2.25, 7, 1.5], "texture": "#0"},
				"down": {"uv": [7.875, 2.25, 7, 3], "texture": "#0"}
			}
		},
		{
			"from": [4.5, 6, 9.5],
			"to": [9, 6.5, 13.5],
			"faces": {
				"north": {"uv": [9.5, 1.25, 10.625, 1.375], "texture": "#0"},
				"east": {"uv": [9.5, 1.25, 10.30556, 1.375], "texture": "#0"},
				"south": {"uv": [9.5, 1.25, 10.625, 1.375], "texture": "#0"},
				"west": {"uv": [9.5, 1.25, 10.30556, 1.375], "texture": "#0"},
				"up": {"uv": [6.625, 1, 5.5, 0], "texture": "#0"},
				"down": {"uv": [4.5, 4, 0, 8], "texture": "#0"}
			}
		},
		{
			"from": [12, 5.5, 12],
			"to": [13, 6, 13],
			"faces": {
				"north": {"uv": [1.75, 10.75, 2, 10.875], "texture": "#0"},
				"east": {"uv": [2, 10.75, 2.25, 10.875], "texture": "#0"},
				"south": {"uv": [2.25, 10.75, 2.5, 10.875], "texture": "#0"},
				"west": {"uv": [10.75, 2.25, 11, 2.375], "texture": "#0"},
				"up": {"uv": [10.75, 4, 10.5, 3.75], "texture": "#0"},
				"down": {"uv": [4.25, 10.5, 4, 10.75], "texture": "#0"}
			}
		},
		{
			"from": [4, 5.5, 12],
			"to": [12, 6, 14],
			"faces": {
				"north": {"uv": [9.25, 7.75, 11.25, 7.875], "texture": "#0"},
				"east": {"uv": [1.5, 10.5, 2, 10.625], "texture": "#0"},
				"south": {"uv": [9.25, 8, 11.25, 8.125], "texture": "#0"},
				"west": {"uv": [10.5, 1.75, 11, 1.875], "texture": "#0"},
				"up": {"uv": [6, 7.25, 4, 6.75], "texture": "#0"},
				"down": {"uv": [8.75, 4.75, 6.75, 5.25], "texture": "#0"}
			}
		},
		{
			"from": [9, 6, 8],
			"to": [13.5, 6.5, 12],
			"faces": {
				"north": {"uv": [9.5, 1.25, 10.625, 1.375], "texture": "#0"},
				"east": {"uv": [9.75, 7.25, 10.75, 7.375], "texture": "#0"},
				"south": {"uv": [4.75, 9.5, 5.875, 9.625], "texture": "#0"},
				"west": {"uv": [9.75, 7.5, 10.75, 7.625], "texture": "#0"},
				"up": {"uv": [6.625, 1, 5.5, 0], "texture": "#0"},
				"down": {"uv": [6.625, 4.75, 5.5, 5.75], "texture": "#0"}
			}
		},
		{
			"from": [12, 5.5, 4],
			"to": [14, 6, 12],
			"faces": {
				"north": {"uv": [10.25, 10.25, 10.75, 10.375], "texture": "#0"},
				"east": {"uv": [9.25, 6, 11.25, 6.125], "texture": "#0"},
				"south": {"uv": [0, 10.5, 0.5, 10.625], "texture": "#0"},
				"west": {"uv": [9.25, 6.25, 11.25, 6.375], "texture": "#0"},
				"up": {"uv": [2.5, 8.75, 2, 6.75], "texture": "#0"},
				"down": {"uv": [3, 6.75, 2.5, 8.75], "texture": "#0"}
			}
		},
		{
			"from": [12, 5.5, 3],
			"to": [13, 6, 4],
			"faces": {
				"north": {"uv": [2.5, 10.75, 2.75, 10.875], "texture": "#0"},
				"east": {"uv": [10.75, 2.5, 11, 2.625], "texture": "#0"},
				"south": {"uv": [10.75, 2.75, 11, 2.875], "texture": "#0"},
				"west": {"uv": [3.5, 10.75, 3.75, 10.875], "texture": "#0"},
				"up": {"uv": [10.75, 4.25, 10.5, 4], "texture": "#0"},
				"down": {"uv": [4.5, 10.5, 4.25, 10.75], "texture": "#0"}
			}
		},
		{
			"from": [4, 5.5, 2],
			"to": [12, 6, 4],
			"faces": {
				"north": {"uv": [0, 9.5, 2, 9.625], "texture": "#0"},
				"east": {"uv": [2, 10.5, 2.5, 10.625], "texture": "#0"},
				"south": {"uv": [9.5, 0, 11.5, 0.125], "texture": "#0"},
				"west": {"uv": [10.5, 2, 11, 2.125], "texture": "#0"},
				"up": {"uv": [8.75, 5.75, 6.75, 5.25], "texture": "#0"},
				"down": {"uv": [8, 6.75, 6, 7.25], "texture": "#0"}
			}
		},
		{
			"from": [4, 3.5, 4],
			"to": [12, 6, 12],
			"faces": {
				"north": {"uv": [5, 1.5, 7, 2.125], "texture": "#0"},
				"east": {"uv": [5, 2.25, 7, 2.875], "texture": "#0"},
				"south": {"uv": [5, 3, 7, 3.625], "texture": "#0"},
				"west": {"uv": [3.5, 5, 5.5, 5.625], "texture": "#0"},
				"up": {"uv": [4, 2, 2, 0], "texture": "#0"},
				"down": {"uv": [4, 2, 2, 4], "texture": "#0"}
			}
		},
		{
			"from": [4, 2.5, 12],
			"to": [12, 3.5, 13],
			"faces": {
				"north": {"uv": [7, 3, 9, 3.25], "texture": "#0"},
				"east": {"uv": [5.75, 9.75, 6, 10], "texture": "#0"},
				"south": {"uv": [7, 3.25, 9, 3.5], "texture": "#0"},
				"west": {"uv": [10, 1.75, 10.25, 2], "texture": "#0"},
				"up": {"uv": [9, 3.75, 7, 3.5], "texture": "#0"},
				"down": {"uv": [2, 7.25, 0, 7.5], "texture": "#0"}
			}
		},
		{
			"from": [4, 2.5, 3],
			"to": [12, 3.5, 4],
			"faces": {
				"north": {"uv": [4, 7.25, 6, 7.5], "texture": "#0"},
				"east": {"uv": [10, 2, 10.25, 2.25], "texture": "#0"},
				"south": {"uv": [7.25, 5.75, 9.25, 6], "texture": "#0"},
				"west": {"uv": [10, 2.25, 10.25, 2.5], "texture": "#0"},
				"up": {"uv": [8, 7.5, 6, 7.25], "texture": "#0"},
				"down": {"uv": [9.25, 6, 7.25, 6.25], "texture": "#0"}
			}
		},
		{
			"from": [4, 3.5, 2],
			"to": [12, 5.5, 3],
			"faces": {
				"north": {"uv": [1.25, 6.25, 3.25, 6.75], "texture": "#0"},
				"east": {"uv": [6.5, 9.5, 6.75, 10], "texture": "#0"},
				"south": {"uv": [3.25, 6.25, 5.25, 6.75], "texture": "#0"},
				"west": {"uv": [9.5, 7.25, 9.75, 7.75], "texture": "#0"},
				"up": {"uv": [6, 7.75, 4, 7.5], "texture": "#0"},
				"down": {"uv": [8, 7.5, 6, 7.75], "texture": "#0"}
			}
		},
		{
			"from": [4, 3.5, 13],
			"to": [12, 5.5, 14],
			"faces": {
				"north": {"uv": [6.25, 3.75, 8.25, 4.25], "texture": "#0"},
				"east": {"uv": [7.5, 9.5, 7.75, 10], "texture": "#0"},
				"south": {"uv": [6.25, 4.25, 8.25, 4.75], "texture": "#0"},
				"west": {"uv": [7.75, 9.5, 8, 10], "texture": "#0"},
				"up": {"uv": [6, 8, 4, 7.75], "texture": "#0"},
				"down": {"uv": [8, 7.75, 6, 8], "texture": "#0"}
			}
		},
		{
			"from": [4, 5.5, 14],
			"to": [12, 6.5, 15],
			"faces": {
				"north": {"uv": [8, 1.5, 10, 1.75], "texture": "#0"},
				"east": {"uv": [8.5, 10, 8.75, 10.25], "texture": "#0"},
				"south": {"uv": [8, 1.75, 10, 2], "texture": "#0"},
				"west": {"uv": [8.75, 10, 9, 10.25], "texture": "#0"},
				"up": {"uv": [10, 2.25, 8, 2], "texture": "#0"},
				"down": {"uv": [10, 2.25, 8, 2.5], "texture": "#0"}
			}
		},
		{
			"from": [4, 6.5, 1],
			"to": [12, 7, 1.5],
			"faces": {
				"north": {"uv": [4.75, 9, 6.75, 9.125], "texture": "#0"},
				"east": {"uv": [4.25, 10.75, 4.375, 10.875], "texture": "#0"},
				"south": {"uv": [8.25, 9, 10.25, 9.125], "texture": "#0"},
				"west": {"uv": [4.5, 10.75, 4.625, 10.875], "texture": "#0"},
				"up": {"uv": [11, 8.375, 9, 8.25], "texture": "#0"},
				"down": {"uv": [11, 8.5, 9, 8.625], "texture": "#0"}
			}
		},
		{
			"from": [3, 6.5, 2],
			"to": [4, 7, 2.5],
			"faces": {
				"north": {"uv": [7.75, 10.5, 8, 10.625], "texture": "#0"},
				"east": {"uv": [1.5, 11, 1.625, 11.125], "texture": "#0"},
				"south": {"uv": [8, 10.5, 8.25, 10.625], "texture": "#0"},
				"west": {"uv": [11, 1.5, 11.125, 1.625], "texture": "#0"},
				"up": {"uv": [8.5, 10.625, 8.25, 10.5], "texture": "#0"},
				"down": {"uv": [8.75, 10.5, 8.5, 10.625], "texture": "#0"}
			}
		},
		{
			"from": [2, 6.5, 3],
			"to": [3, 7, 3.5],
			"faces": {
				"north": {"uv": [8.75, 10.5, 9, 10.625], "texture": "#0"},
				"east": {"uv": [1.75, 11, 1.875, 11.125], "texture": "#0"},
				"south": {"uv": [10.5, 8.75, 10.75, 8.875], "texture": "#0"},
				"west": {"uv": [11, 1.75, 11.125, 1.875], "texture": "#0"},
				"up": {"uv": [9.25, 10.625, 9, 10.5], "texture": "#0"},
				"down": {"uv": [10.75, 9, 10.5, 9.125], "texture": "#0"}
			}
		},
		{
			"from": [13, 6.5, 3],
			"to": [14, 7, 3.5],
			"faces": {
				"north": {"uv": [9.25, 10.5, 9.5, 10.625], "texture": "#0"},
				"east": {"uv": [2, 11, 2.125, 11.125], "texture": "#0"},
				"south": {"uv": [9.5, 10.5, 9.75, 10.625], "texture": "#0"},
				"west": {"uv": [11, 2, 11.125, 2.125], "texture": "#0"},
				"up": {"uv": [10, 10.625, 9.75, 10.5], "texture": "#0"},
				"down": {"uv": [10.75, 9.75, 10.5, 9.875], "texture": "#0"}
			}
		},
		{
			"from": [12, 6.5, 2],
			"to": [13, 7, 2.5],
			"faces": {
				"north": {"uv": [10, 10.5, 10.25, 10.625], "texture": "#0"},
				"east": {"uv": [2.25, 11, 2.375, 11.125], "texture": "#0"},
				"south": {"uv": [10.5, 10, 10.75, 10.125], "texture": "#0"},
				"west": {"uv": [11, 2.25, 11.125, 2.375], "texture": "#0"},
				"up": {"uv": [10.5, 10.625, 10.25, 10.5], "texture": "#0"},
				"down": {"uv": [10.75, 10.5, 10.5, 10.625], "texture": "#0"}
			}
		},
		{
			"from": [2, 6.5, 12],
			"to": [2.5, 7, 12.5],
			"faces": {
				"north": {"uv": [2.5, 11, 2.625, 11.125], "texture": "#0"},
				"east": {"uv": [11, 2.5, 11.125, 2.625], "texture": "#0"},
				"south": {"uv": [11, 2.75, 11.125, 2.875], "texture": "#0"},
				"west": {"uv": [11, 3, 11.125, 3.125], "texture": "#0"},
				"up": {"uv": [11.125, 3.375, 11, 3.25], "texture": "#0"},
				"down": {"uv": [3.625, 11, 3.5, 11.125], "texture": "#0"}
			}
		},
		{
			"from": [3, 6.5, 13],
			"to": [3.5, 7, 13.5],
			"faces": {
				"north": {"uv": [11, 3.5, 11.125, 3.625], "texture": "#0"},
				"east": {"uv": [3.75, 11, 3.875, 11.125], "texture": "#0"},
				"south": {"uv": [11, 3.75, 11.125, 3.875], "texture": "#0"},
				"west": {"uv": [4, 11, 4.125, 11.125], "texture": "#0"},
				"up": {"uv": [11.125, 4.125, 11, 4], "texture": "#0"},
				"down": {"uv": [4.375, 11, 4.25, 11.125], "texture": "#0"}
			}
		},
		{
			"from": [4, 6.5, 14],
			"to": [4.5, 7, 14.5],
			"faces": {
				"north": {"uv": [4.5, 11, 4.625, 11.125], "texture": "#0"},
				"east": {"uv": [4.75, 11, 4.875, 11.125], "texture": "#0"},
				"south": {"uv": [11, 4.75, 11.125, 4.875], "texture": "#0"},
				"west": {"uv": [5, 11, 5.125, 11.125], "texture": "#0"},
				"up": {"uv": [11.125, 5.125, 11, 5], "texture": "#0"},
				"down": {"uv": [5.375, 11, 5.25, 11.125], "texture": "#0"}
			}
		},
		{
			"from": [14, 6.5, 4],
			"to": [14.5, 7, 4.5],
			"faces": {
				"north": {"uv": [11, 5.25, 11.125, 5.375], "texture": "#0"},
				"east": {"uv": [5.5, 11, 5.625, 11.125], "texture": "#0"},
				"south": {"uv": [11, 5.5, 11.125, 5.625], "texture": "#0"},
				"west": {"uv": [5.75, 11, 5.875, 11.125], "texture": "#0"},
				"up": {"uv": [6.125, 11.125, 6, 11], "texture": "#0"},
				"down": {"uv": [6.375, 11, 6.25, 11.125], "texture": "#0"}
			}
		},
		{
			"from": [13.5, 6.5, 12],
			"to": [14, 7, 12.5],
			"faces": {
				"north": {"uv": [6.5, 11, 6.625, 11.125], "texture": "#0"},
				"east": {"uv": [6.75, 11, 6.875, 11.125], "texture": "#0"},
				"south": {"uv": [11, 6.75, 11.125, 6.875], "texture": "#0"},
				"west": {"uv": [7, 11, 7.125, 11.125], "texture": "#0"},
				"up": {"uv": [11.125, 7.125, 11, 7], "texture": "#0"},
				"down": {"uv": [7.375, 11, 7.25, 11.125], "texture": "#0"}
			}
		},
		{
			"from": [12.5, 6.5, 13],
			"to": [13, 7, 13.5],
			"faces": {
				"north": {"uv": [11, 7.25, 11.125, 7.375], "texture": "#0"},
				"east": {"uv": [7.5, 11, 7.625, 11.125], "texture": "#0"},
				"south": {"uv": [11, 7.5, 11.125, 7.625], "texture": "#0"},
				"west": {"uv": [7.75, 11, 7.875, 11.125], "texture": "#0"},
				"up": {"uv": [8.125, 11.125, 8, 11], "texture": "#0"},
				"down": {"uv": [8.375, 11, 8.25, 11.125], "texture": "#0"}
			}
		},
		{
			"from": [11.5, 6.5, 14],
			"to": [12, 7, 14.5],
			"faces": {
				"north": {"uv": [11, 9, 11.125, 9.125], "texture": "#0"},
				"east": {"uv": [9.25, 11, 9.375, 11.125], "texture": "#0"},
				"south": {"uv": [11, 9.25, 11.125, 9.375], "texture": "#0"},
				"west": {"uv": [9.5, 11, 9.625, 11.125], "texture": "#0"},
				"up": {"uv": [11.125, 9.625, 11, 9.5], "texture": "#0"},
				"down": {"uv": [9.875, 11, 9.75, 11.125], "texture": "#0"}
			}
		},
		{
			"from": [1.5, 6.5, 4],
			"to": [2, 7, 4.5],
			"faces": {
				"north": {"uv": [11, 8.25, 11.125, 8.375], "texture": "#0"},
				"east": {"uv": [8.5, 11, 8.625, 11.125], "texture": "#0"},
				"south": {"uv": [11, 8.5, 11.125, 8.625], "texture": "#0"},
				"west": {"uv": [8.75, 11, 8.875, 11.125], "texture": "#0"},
				"up": {"uv": [11.125, 8.875, 11, 8.75], "texture": "#0"},
				"down": {"uv": [9.125, 11, 9, 11.125], "texture": "#0"}
			}
		},
		{
			"from": [4, 6.5, 14.5],
			"to": [12, 7, 15],
			"faces": {
				"north": {"uv": [9.25, 4.25, 11.25, 4.375], "texture": "#0"},
				"east": {"uv": [4.75, 10.75, 4.875, 10.875], "texture": "#0"},
				"south": {"uv": [9.25, 4.5, 11.25, 4.625], "texture": "#0"},
				"west": {"uv": [10.75, 4.75, 10.875, 4.875], "texture": "#0"},
				"up": {"uv": [6.75, 9.375, 4.75, 9.25], "texture": "#0"},
				"down": {"uv": [11.25, 5.75, 9.25, 5.875], "texture": "#0"}
			}
		},
		{
			"from": [8, 5.5, 13.75],
			"to": [12, 12, 14],
			"faces": {
				"north": {"uv": [1.5, 4, 2.5, 5.625], "texture": "#0"},
				"east": {"uv": [3.5, 9, 3.625, 10.625], "texture": "#0"},
				"south": {"uv": [4, 1.5, 5, 3.125], "texture": "#0"},
				"west": {"uv": [2.75, 9.5, 2.875, 11.125], "texture": "#0"},
				"up": {"uv": [10.75, 9.375, 9.75, 9.25], "texture": "#0"},
				"down": {"uv": [10.5, 9.75, 9.5, 9.875], "texture": "#0"}
			}
		},
		{
			"from": [4, 5.5, 13.5],
			"to": [8, 12, 13.75],
			"faces": {
				"north": {"uv": [2.5, 4, 3.5, 5.625], "texture": "#0"},
				"east": {"uv": [3, 9.5, 3.125, 11.125], "texture": "#0"},
				"south": {"uv": [4, 3.25, 5, 4.875], "texture": "#0"},
				"west": {"uv": [3.25, 9.5, 3.375, 11.125], "texture": "#0"},
				"up": {"uv": [10.75, 9.625, 9.75, 9.5], "texture": "#0"},
				"down": {"uv": [11, 1.5, 10, 1.625], "texture": "#0"}
			}
		},
		{
			"from": [3, 6.5, 13.5],
			"to": [4, 7, 14],
			"faces": {
				"north": {"uv": [4.5, 10.5, 4.75, 10.625], "texture": "#0"},
				"east": {"uv": [5, 10.75, 5.125, 10.875], "texture": "#0"},
				"south": {"uv": [4.75, 10.5, 5, 10.625], "texture": "#0"},
				"west": {"uv": [10.75, 5, 10.875, 5.125], "texture": "#0"},
				"up": {"uv": [10.75, 4.875, 10.5, 4.75], "texture": "#0"},
				"down": {"uv": [5.25, 10.5, 5, 10.625], "texture": "#0"}
			}
		},
		{
			"from": [2, 6.5, 12.5],
			"to": [3, 7, 13],
			"faces": {
				"north": {"uv": [10.5, 5, 10.75, 5.125], "texture": "#0"},
				"east": {"uv": [5.25, 10.75, 5.375, 10.875], "texture": "#0"},
				"south": {"uv": [5.25, 10.5, 5.5, 10.625], "texture": "#0"},
				"west": {"uv": [10.75, 5.25, 10.875, 5.375], "texture": "#0"},
				"up": {"uv": [10.75, 5.375, 10.5, 5.25], "texture": "#0"},
				"down": {"uv": [5.75, 10.5, 5.5, 10.625], "texture": "#0"}
			}
		},
		{
			"from": [13, 6.5, 12.5],
			"to": [14, 7, 13],
			"faces": {
				"north": {"uv": [10.5, 5.5, 10.75, 5.625], "texture": "#0"},
				"east": {"uv": [5.5, 10.75, 5.625, 10.875], "texture": "#0"},
				"south": {"uv": [5.75, 10.5, 6, 10.625], "texture": "#0"},
				"west": {"uv": [10.75, 5.5, 10.875, 5.625], "texture": "#0"},
				"up": {"uv": [6.25, 10.625, 6, 10.5], "texture": "#0"},
				"down": {"uv": [6.5, 10.5, 6.25, 10.625], "texture": "#0"}
			}
		},
		{
			"from": [12, 6.5, 13.5],
			"to": [13, 7, 14],
			"faces": {
				"north": {"uv": [6.5, 10.5, 6.75, 10.625], "texture": "#0"},
				"east": {"uv": [5.75, 10.75, 5.875, 10.875], "texture": "#0"},
				"south": {"uv": [10.5, 6.75, 10.75, 6.875], "texture": "#0"},
				"west": {"uv": [6, 10.75, 6.125, 10.875], "texture": "#0"},
				"up": {"uv": [10.75, 7.125, 10.5, 7], "texture": "#0"},
				"down": {"uv": [7.75, 10.5, 7.5, 10.625], "texture": "#0"}
			}
		},
		{
			"from": [14, 6.5, 11.5],
			"to": [14.5, 7, 12],
			"faces": {
				"north": {"uv": [6.25, 10.75, 6.375, 10.875], "texture": "#0"},
				"east": {"uv": [6.5, 10.75, 6.625, 10.875], "texture": "#0"},
				"south": {"uv": [6.75, 10.75, 6.875, 10.875], "texture": "#0"},
				"west": {"uv": [10.75, 6.75, 10.875, 6.875], "texture": "#0"},
				"up": {"uv": [7.125, 10.875, 7, 10.75], "texture": "#0"},
				"down": {"uv": [10.875, 7, 10.75, 7.125], "texture": "#0"}
			}
		},
		{
			"from": [2, 6.5, 3.5],
			"to": [2.5, 7, 4],
			"faces": {
				"north": {"uv": [7.25, 10.75, 7.375, 10.875], "texture": "#0"},
				"east": {"uv": [10.75, 7.25, 10.875, 7.375], "texture": "#0"},
				"south": {"uv": [7.5, 10.75, 7.625, 10.875], "texture": "#0"},
				"west": {"uv": [10.75, 7.5, 10.875, 7.625], "texture": "#0"},
				"up": {"uv": [7.875, 10.875, 7.75, 10.75], "texture": "#0"},
				"down": {"uv": [8.125, 10.75, 8, 10.875], "texture": "#0"}
			}
		},
		{
			"from": [3, 6.5, 2.5],
			"to": [3.5, 7, 3],
			"faces": {
				"north": {"uv": [8.25, 10.75, 8.375, 10.875], "texture": "#0"},
				"east": {"uv": [8.5, 10.75, 8.625, 10.875], "texture": "#0"},
				"south": {"uv": [8.75, 10.75, 8.875, 10.875], "texture": "#0"},
				"west": {"uv": [10.75, 8.75, 10.875, 8.875], "texture": "#0"},
				"up": {"uv": [9.125, 10.875, 9, 10.75], "texture": "#0"},
				"down": {"uv": [10.875, 9, 10.75, 9.125], "texture": "#0"}
			}
		},
		{
			"from": [4, 6.5, 1.5],
			"to": [4.5, 7, 2],
			"faces": {
				"north": {"uv": [9.25, 10.75, 9.375, 10.875], "texture": "#0"},
				"east": {"uv": [10.75, 9.25, 10.875, 9.375], "texture": "#0"},
				"south": {"uv": [9.5, 10.75, 9.625, 10.875], "texture": "#0"},
				"west": {"uv": [10.75, 9.5, 10.875, 9.625], "texture": "#0"},
				"up": {"uv": [9.875, 10.875, 9.75, 10.75], "texture": "#0"},
				"down": {"uv": [10.875, 9.75, 10.75, 9.875], "texture": "#0"}
			}
		},
		{
			"from": [12.5, 6.5, 2.5],
			"to": [13, 7, 3],
			"faces": {
				"north": {"uv": [10, 10.75, 10.125, 10.875], "texture": "#0"},
				"east": {"uv": [10.75, 10, 10.875, 10.125], "texture": "#0"},
				"south": {"uv": [10.25, 10.75, 10.375, 10.875], "texture": "#0"},
				"west": {"uv": [10.75, 10.25, 10.875, 10.375], "texture": "#0"},
				"up": {"uv": [10.625, 10.875, 10.5, 10.75], "texture": "#0"},
				"down": {"uv": [10.875, 10.5, 10.75, 10.625], "texture": "#0"}
			}
		},
		{
			"from": [11.5, 6.5, 1.5],
			"to": [12, 7, 2],
			"faces": {
				"north": {"uv": [11, 9.75, 11.125, 9.875], "texture": "#0"},
				"east": {"uv": [10, 11, 10.125, 11.125], "texture": "#0"},
				"south": {"uv": [11, 10, 11.125, 10.125], "texture": "#0"},
				"west": {"uv": [10.25, 11, 10.375, 11.125], "texture": "#0"},
				"up": {"uv": [11.125, 10.375, 11, 10.25], "texture": "#0"},
				"down": {"uv": [10.625, 11, 10.5, 11.125], "texture": "#0"}
			}
		},
		{
			"from": [13.5, 6.5, 3.5],
			"to": [14, 7, 4],
			"faces": {
				"north": {"uv": [10.75, 10.75, 10.875, 10.875], "texture": "#0"},
				"east": {"uv": [0, 11, 0.125, 11.125], "texture": "#0"},
				"south": {"uv": [0.25, 11, 0.375, 11.125], "texture": "#0"},
				"west": {"uv": [11, 0.25, 11.125, 0.375], "texture": "#0"},
				"up": {"uv": [0.625, 11.125, 0.5, 11], "texture": "#0"},
				"down": {"uv": [11.125, 0.5, 11, 0.625], "texture": "#0"}
			}
		},
		{
			"from": [1.5, 6.5, 11.5],
			"to": [2, 7, 12],
			"faces": {
				"north": {"uv": [0.75, 11, 0.875, 11.125], "texture": "#0"},
				"east": {"uv": [11, 0.75, 11.125, 0.875], "texture": "#0"},
				"south": {"uv": [1, 11, 1.125, 11.125], "texture": "#0"},
				"west": {"uv": [11, 1, 11.125, 1.125], "texture": "#0"},
				"up": {"uv": [1.375, 11.125, 1.25, 11], "texture": "#0"},
				"down": {"uv": [11.125, 1.25, 11, 1.375], "texture": "#0"}
			}
		},
		{
			"from": [4, 5.5, 1],
			"to": [12, 6.5, 2],
			"faces": {
				"north": {"uv": [8, 2.5, 10, 2.75], "texture": "#0"},
				"east": {"uv": [9, 10, 9.25, 10.25], "texture": "#0"},
				"south": {"uv": [8, 2.75, 10, 3], "texture": "#0"},
				"west": {"uv": [9.25, 10, 9.5, 10.25], "texture": "#0"},
				"up": {"uv": [6, 8.25, 4, 8], "texture": "#0"},
				"down": {"uv": [8, 8, 6, 8.25], "texture": "#0"}
			}
		},
		{
			"from": [1, 5.5, 4],
			"to": [2, 6.5, 12],
			"faces": {
				"north": {"uv": [9.5, 10, 9.75, 10.25], "texture": "#0"},
				"east": {"uv": [8, 6.75, 10, 7], "texture": "#0"},
				"south": {"uv": [9.75, 10, 10, 10.25], "texture": "#0"},
				"west": {"uv": [8, 7, 10, 7.25], "texture": "#0"},
				"up": {"uv": [8.25, 9.25, 8, 7.25], "texture": "#0"},
				"down": {"uv": [4.25, 8.25, 4, 10.25], "texture": "#0"}
			}
		},
		{
			"from": [14, 5.5, 4],
			"to": [15, 6.5, 12],
			"faces": {
				"north": {"uv": [10, 10, 10.25, 10.25], "texture": "#0"},
				"east": {"uv": [8.25, 3.75, 10.25, 4], "texture": "#0"},
				"south": {"uv": [0, 10.25, 0.25, 10.5], "texture": "#0"},
				"west": {"uv": [8.25, 4, 10.25, 4.25], "texture": "#0"},
				"up": {"uv": [4.5, 10.25, 4.25, 8.25], "texture": "#0"},
				"down": {"uv": [4.75, 8.25, 4.5, 10.25], "texture": "#0"}
			}
		},
		{
			"from": [14.5, 6.5, 4],
			"to": [15, 7, 12],
			"faces": {
				"north": {"uv": [3.75, 10.75, 3.875, 10.875], "texture": "#0"},
				"east": {"uv": [8.25, 8.75, 10.25, 8.875], "texture": "#0"},
				"south": {"uv": [10.75, 3.75, 10.875, 3.875], "texture": "#0"},
				"west": {"uv": [9, 3, 11, 3.125], "texture": "#0"},
				"up": {"uv": [3.875, 10.75, 3.75, 8.75], "texture": "#0"},
				"down": {"uv": [6.875, 8.75, 6.75, 10.75], "texture": "#0"}
			}
		},
		{
			"from": [1, 6.5, 4],
			"to": [1.5, 7, 12],
			"faces": {
				"north": {"uv": [4, 10.75, 4.125, 10.875], "texture": "#0"},
				"east": {"uv": [9, 3.25, 11, 3.375], "texture": "#0"},
				"south": {"uv": [10.75, 4, 10.875, 4.125], "texture": "#0"},
				"west": {"uv": [9, 3.5, 11, 3.625], "texture": "#0"},
				"up": {"uv": [7.125, 10.75, 7, 8.75], "texture": "#0"},
				"down": {"uv": [7.375, 8.75, 7.25, 10.75], "texture": "#0"}
			}
		},
		{
			"from": [2, 3.5, 4],
			"to": [3, 5.5, 12],
			"rotation": {"angle": 0, "axis": "y", "origin": [16, 0, 16]},
			"faces": {
				"north": {"uv": [8, 9.5, 8.25, 10], "texture": "#0"},
				"east": {"uv": [5.25, 6.25, 7.25, 6.75], "texture": "#0"},
				"south": {"uv": [8.25, 9.5, 8.5, 10], "texture": "#0"},
				"west": {"uv": [0, 6.75, 2, 7.25], "texture": "#0"},
				"up": {"uv": [1.25, 9.5, 1, 7.5], "texture": "#0"},
				"down": {"uv": [1.5, 7.5, 1.25, 9.5], "texture": "#0"}
			}
		},
		{
			"from": [13, 3.5, 4],
			"to": [14, 5.5, 12],
			"rotation": {"angle": 0, "axis": "y", "origin": [16, 0, 16]},
			"faces": {
				"north": {"uv": [8.5, 9.5, 8.75, 10], "texture": "#0"},
				"east": {"uv": [6.75, 0, 8.75, 0.5], "texture": "#0"},
				"south": {"uv": [8.75, 9.5, 9, 10], "texture": "#0"},
				"west": {"uv": [6.75, 0.5, 8.75, 1], "texture": "#0"},
				"up": {"uv": [1.75, 9.5, 1.5, 7.5], "texture": "#0"},
				"down": {"uv": [2, 7.5, 1.75, 9.5], "texture": "#0"}
			}
		},
		{
			"from": [12, 3.5, 12],
			"to": [13, 5.5, 13],
			"rotation": {"angle": 0, "axis": "y", "origin": [16, 0, 16]},
			"faces": {
				"north": {"uv": [9, 9.5, 9.25, 10], "texture": "#0"},
				"east": {"uv": [9.25, 9.5, 9.5, 10], "texture": "#0"},
				"south": {"uv": [9.5, 9.25, 9.75, 9.75], "texture": "#0"},
				"west": {"uv": [0, 9.75, 0.25, 10.25], "texture": "#0"},
				"up": {"uv": [10.25, 5.25, 10, 5], "texture": "#0"},
				"down": {"uv": [5.5, 10, 5.25, 10.25], "texture": "#0"}
			}
		},
		{
			"from": [12, 3.5, 3],
			"to": [13, 5.5, 4],
			"rotation": {"angle": 0, "axis": "y", "origin": [16, 0, 16]},
			"faces": {
				"north": {"uv": [0.25, 9.75, 0.5, 10.25], "texture": "#0"},
				"east": {"uv": [0.5, 9.75, 0.75, 10.25], "texture": "#0"},
				"south": {"uv": [0.75, 9.75, 1, 10.25], "texture": "#0"},
				"west": {"uv": [1, 9.75, 1.25, 10.25], "texture": "#0"},
				"up": {"uv": [10.25, 5.5, 10, 5.25], "texture": "#0"},
				"down": {"uv": [10.25, 5.5, 10, 5.75], "texture": "#0"}
			}
		},
		{
			"from": [3, 3.5, 3],
			"to": [4, 5.5, 4],
			"rotation": {"angle": 0, "axis": "y", "origin": [16, 0, 16]},
			"faces": {
				"north": {"uv": [1.25, 9.75, 1.5, 10.25], "texture": "#0"},
				"east": {"uv": [1.5, 9.75, 1.75, 10.25], "texture": "#0"},
				"south": {"uv": [1.75, 9.75, 2, 10.25], "texture": "#0"},
				"west": {"uv": [2, 9.75, 2.25, 10.25], "texture": "#0"},
				"up": {"uv": [6, 10.25, 5.75, 10], "texture": "#0"},
				"down": {"uv": [6.25, 10, 6, 10.25], "texture": "#0"}
			}
		},
		{
			"from": [3, 3.5, 12],
			"to": [4, 5.5, 13],
			"rotation": {"angle": 0, "axis": "y", "origin": [16, 0, 16]},
			"faces": {
				"north": {"uv": [2.25, 9.75, 2.5, 10.25], "texture": "#0"},
				"east": {"uv": [2.5, 9.75, 2.75, 10.25], "texture": "#0"},
				"south": {"uv": [4.75, 9.75, 5, 10.25], "texture": "#0"},
				"west": {"uv": [9.75, 4.75, 10, 5.25], "texture": "#0"},
				"up": {"uv": [6.5, 10.25, 6.25, 10], "texture": "#0"},
				"down": {"uv": [6.75, 10, 6.5, 10.25], "texture": "#0"}
			}
		},
		{
			"from": [3, 2.5, 4],
			"to": [4, 3.5, 12],
			"faces": {
				"north": {"uv": [10, 2.5, 10.25, 2.75], "texture": "#0"},
				"east": {"uv": [7.25, 6.25, 9.25, 6.5], "texture": "#0"},
				"south": {"uv": [10, 2.75, 10.25, 3], "texture": "#0"},
				"west": {"uv": [7.25, 6.5, 9.25, 6.75], "texture": "#0"},
				"up": {"uv": [0.25, 9.5, 0, 7.5], "texture": "#0"},
				"down": {"uv": [0.5, 7.5, 0.25, 9.5], "texture": "#0"}
			}
		},
		{
			"from": [12, 2.5, 4],
			"to": [13, 3.5, 12],
			"faces": {
				"north": {"uv": [10, 4.75, 10.25, 5], "texture": "#0"},
				"east": {"uv": [7.5, 1, 9.5, 1.25], "texture": "#0"},
				"south": {"uv": [5, 10, 5.25, 10.25], "texture": "#0"},
				"west": {"uv": [7.5, 1.25, 9.5, 1.5], "texture": "#0"},
				"up": {"uv": [0.75, 9.5, 0.5, 7.5], "texture": "#0"},
				"down": {"uv": [1, 7.5, 0.75, 9.5], "texture": "#0"}
			}
		},
		{
			"from": [12, 5.5, 2],
			"to": [13, 6.5, 3],
			"faces": {
				"north": {"uv": [0.25, 10.25, 0.5, 10.5], "texture": "#0"},
				"east": {"uv": [0.5, 10.25, 0.75, 10.5], "texture": "#0"},
				"south": {"uv": [0.75, 10.25, 1, 10.5], "texture": "#0"},
				"west": {"uv": [1, 10.25, 1.25, 10.5], "texture": "#0"},
				"up": {"uv": [1.5, 10.5, 1.25, 10.25], "texture": "#0"},
				"down": {"uv": [1.75, 10.25, 1.5, 10.5], "texture": "#0"}
			}
		},
		{
			"from": [13, 5.5, 3],
			"to": [14, 6.5, 4],
			"faces": {
				"north": {"uv": [1.75, 10.25, 2, 10.5], "texture": "#0"},
				"east": {"uv": [10.25, 1.75, 10.5, 2], "texture": "#0"},
				"south": {"uv": [2, 10.25, 2.25, 10.5], "texture": "#0"},
				"west": {"uv": [10.25, 2, 10.5, 2.25], "texture": "#0"},
				"up": {"uv": [2.5, 10.5, 2.25, 10.25], "texture": "#0"},
				"down": {"uv": [10.5, 2.25, 10.25, 2.5], "texture": "#0"}
			}
		},
		{
			"from": [13, 5.5, 12],
			"to": [14, 6.5, 13],
			"faces": {
				"north": {"uv": [2.5, 10.25, 2.75, 10.5], "texture": "#0"},
				"east": {"uv": [10.25, 2.5, 10.5, 2.75], "texture": "#0"},
				"south": {"uv": [10.25, 2.75, 10.5, 3], "texture": "#0"},
				"west": {"uv": [10.25, 3.75, 10.5, 4], "texture": "#0"},
				"up": {"uv": [4.25, 10.5, 4, 10.25], "texture": "#0"},
				"down": {"uv": [10.5, 4, 10.25, 4.25], "texture": "#0"}
			}
		},
		{
			"from": [12, 5.5, 13],
			"to": [13, 6.5, 14],
			"faces": {
				"north": {"uv": [4.25, 10.25, 4.5, 10.5], "texture": "#0"},
				"east": {"uv": [4.5, 10.25, 4.75, 10.5], "texture": "#0"},
				"south": {"uv": [4.75, 10.25, 5, 10.5], "texture": "#0"},
				"west": {"uv": [10.25, 4.75, 10.5, 5], "texture": "#0"},
				"up": {"uv": [5.25, 10.5, 5, 10.25], "texture": "#0"},
				"down": {"uv": [10.5, 5, 10.25, 5.25], "texture": "#0"}
			}
		},
		{
			"from": [3, 5.5, 13],
			"to": [4, 6.5, 14],
			"faces": {
				"north": {"uv": [5.25, 10.25, 5.5, 10.5], "texture": "#0"},
				"east": {"uv": [10.25, 5.25, 10.5, 5.5], "texture": "#0"},
				"south": {"uv": [5.5, 10.25, 5.75, 10.5], "texture": "#0"},
				"west": {"uv": [10.25, 5.5, 10.5, 5.75], "texture": "#0"},
				"up": {"uv": [6, 10.5, 5.75, 10.25], "texture": "#0"},
				"down": {"uv": [6.25, 10.25, 6, 10.5], "texture": "#0"}
			}
		},
		{
			"from": [2, 5.5, 12],
			"to": [3, 6.5, 13],
			"faces": {
				"north": {"uv": [6.25, 10.25, 6.5, 10.5], "texture": "#0"},
				"east": {"uv": [6.5, 10.25, 6.75, 10.5], "texture": "#0"},
				"south": {"uv": [10.25, 6.75, 10.5, 7], "texture": "#0"},
				"west": {"uv": [10.25, 7, 10.5, 7.25], "texture": "#0"},
				"up": {"uv": [7.75, 10.5, 7.5, 10.25], "texture": "#0"},
				"down": {"uv": [8, 10.25, 7.75, 10.5], "texture": "#0"}
			}
		},
		{
			"from": [2, 5.5, 3],
			"to": [3, 6.5, 4],
			"faces": {
				"north": {"uv": [8, 10.25, 8.25, 10.5], "texture": "#0"},
				"east": {"uv": [8.25, 10.25, 8.5, 10.5], "texture": "#0"},
				"south": {"uv": [8.5, 10.25, 8.75, 10.5], "texture": "#0"},
				"west": {"uv": [8.75, 10.25, 9, 10.5], "texture": "#0"},
				"up": {"uv": [10.5, 9, 10.25, 8.75], "texture": "#0"},
				"down": {"uv": [9.25, 10.25, 9, 10.5], "texture": "#0"}
			}
		},
		{
			"from": [3, 5.5, 2],
			"to": [4, 6.5, 3],
			"faces": {
				"north": {"uv": [10.25, 9, 10.5, 9.25], "texture": "#0"},
				"east": {"uv": [9.25, 10.25, 9.5, 10.5], "texture": "#0"},
				"south": {"uv": [9.5, 10.25, 9.75, 10.5], "texture": "#0"},
				"west": {"uv": [9.75, 10.25, 10, 10.5], "texture": "#0"},
				"up": {"uv": [10.25, 10.5, 10, 10.25], "texture": "#0"},
				"down": {"uv": [10.5, 10, 10.25, 10.25], "texture": "#0"}
			}
		}
	],
	"display": {
		"thirdperson_righthand": {
			"rotation": [66, 77, 0],
			"translation": [0, 6.75, 1]
		},
		"thirdperson_lefthand": {
			"rotation": [66, 77, 0],
			"translation": [0, 6.75, 1]
		},
		"firstperson_righthand": {
			"rotation": [-7, 91, -2],
			"translation": [0, 4.25, 0]
		},
		"firstperson_lefthand": {
			"rotation": [-7, 91, 17],
			"translation": [0, 4.25, 0]
		},
		"ground": {
			"translation": [0, 5.25, 0]
		},
		"gui": {
			"rotation": [13, -155, -12],
			"translation": [0, 0.75, 0]
		},
		"head": {
			"translation": [0, 16, 0],
			"scale": [1.25, 1.25, 1.25]
		},
		"fixed": {
			"rotation": [-90, 0, 0],
			"translation": [0, 0, -13.75],
			"scale": [2, 2, 2]
		}
	}
}