{
	"credit": "Made with Blockbench",
	"texture_size": [32, 32],
	"textures": {
		"0": "item/special_event/april_fools_2025/trophy/head",
		"1": "item/special_event/april_fools_2025/trophy/brozen",
		"particle": "item/special_event/april_fools_2025/trophy/head"
	},
	"elements": [
		{
			"from": [6, 0, 6],
			"to": [10, 1, 10],
			"rotation": {"angle": 0, "axis": "y", "origin": [7, 0, 7]},
			"faces": {
				"north": {"uv": [7.5, 2, 9.5, 2.5], "texture": "#1"},
				"east": {"uv": [7.5, 6.5, 9.5, 7], "texture": "#1"},
				"south": {"uv": [7.5, 7, 9.5, 7.5], "texture": "#1"},
				"west": {"uv": [7.5, 7.5, 9.5, 8], "texture": "#1"},
				"up": {"uv": [4.5, 7, 2.5, 5], "texture": "#1"},
				"down": {"uv": [7, 2.5, 5, 4.5], "texture": "#1"}
			}
		},
		{
			"from": [6, 5, 6],
			"to": [10, 7, 10],
			"rotation": {"angle": 0, "axis": "y", "origin": [7, 5, 7]},
			"faces": {
				"north": {"uv": [4.5, 7, 6.5, 8], "texture": "#1"},
				"east": {"uv": [0, 7.5, 2, 8.5], "texture": "#1"},
				"south": {"uv": [7.5, 0, 9.5, 1], "texture": "#1"},
				"west": {"uv": [7.5, 1, 9.5, 2], "texture": "#1"},
				"up": {"uv": [6.5, 7, 4.5, 5], "texture": "#1"},
				"down": {"uv": [8.5, 4.5, 6.5, 6.5], "texture": "#1"}
			}
		},
		{
			"from": [5.5, 7, 5.5],
			"to": [10.5, 12, 10.5],
			"rotation": {"angle": 0, "axis": "y", "origin": [7, 7, 7]},
			"faces": {
				"north": {"uv": [0, 0, 2.5, 2.5], "texture": "#1"},
				"east": {"uv": [0, 2.5, 2.5, 5], "texture": "#1"},
				"south": {"uv": [2.5, 0, 5, 2.5], "texture": "#1"},
				"west": {"uv": [2.5, 2.5, 5, 5], "texture": "#1"},
				"up": {"uv": [2.5, 7.5, 0, 5], "texture": "#1"},
				"down": {"uv": [7.5, 0, 5, 2.5], "texture": "#1"}
			}
		},
		{
			"from": [4, 12, 4],
			"to": [12, 20, 12],
			"rotation": {"angle": 0, "axis": "y", "origin": [6.5, 12, 7.5]},
			"faces": {
				"north": {"uv": [2, 4, 4, 8], "texture": "#0"},
				"east": {"uv": [0, 4, 2, 8], "texture": "#0"},
				"south": {"uv": [6, 4, 8, 8], "texture": "#0"},
				"west": {"uv": [4, 4, 6, 8], "texture": "#0"},
				"up": {"uv": [2, 0, 4, 4], "texture": "#0"},
				"down": {"uv": [4, 0, 6, 4], "texture": "#0"}
			}
		},
		{
			"from": [6, 13, 3],
			"to": [10, 16, 4],
			"rotation": {"angle": 0, "axis": "y", "origin": [6.5, 12, 6.5]},
			"faces": {
				"north": {"uv": [4, 8.5, 5.5, 10], "texture": "#0"},
				"east": {"uv": [4, 8.5, 4.25, 10], "texture": "#0"},
				"south": {"uv": [0, 0, 4, 3], "texture": "#0"},
				"west": {"uv": [5.25, 8.5, 5.5, 10], "texture": "#0"},
				"up": {"uv": [4, 8.5, 5.5, 9], "texture": "#0"},
				"down": {"uv": [4, 9.5, 5.5, 10], "texture": "#0"}
			}
		},
		{
			"from": [7, 1, 7],
			"to": [9, 5, 9],
			"rotation": {"angle": 0, "axis": "y", "origin": [7, 1, 7]},
			"faces": {
				"north": {"uv": [6.5, 6.5, 7.5, 8.5], "texture": "#1"},
				"east": {"uv": [2.5, 7, 3.5, 9], "texture": "#1"},
				"south": {"uv": [7, 2.5, 8, 4.5], "texture": "#1"},
				"west": {"uv": [3.5, 7, 4.5, 9], "texture": "#1"},
				"up": {"uv": [9, 3.5, 8, 2.5], "texture": "#1"},
				"down": {"uv": [9, 3.5, 8, 4.5], "texture": "#1"}
			}
		},
		{
			"from": [10.5, 7, 7],
			"to": [11.5, 8, 9],
			"rotation": {"angle": 0, "axis": "y", "origin": [11.5, 6, 7]},
			"faces": {
				"north": {"uv": [0.5, 0, 0, 1], "texture": "#1"},
				"east": {"uv": [1, 0, 0, 1], "texture": "#1"},
				"south": {"uv": [0.5, 0, 0, 1], "texture": "#1"},
				"west": {"uv": [1, 0, 0, 1], "texture": "#1"},
				"up": {"uv": [0.5, 0, 0, 1], "texture": "#1"},
				"down": {"uv": [0.5, 0, 0, 1], "texture": "#1"}
			}
		},
		{
			"from": [11.5, 8, 7],
			"to": [12.5, 10, 9],
			"rotation": {"angle": 0, "axis": "y", "origin": [12.5, 8, 7]},
			"faces": {
				"north": {"uv": [0.5, 0, 0, 1], "texture": "#1"},
				"east": {"uv": [1, 0, 0, 1], "texture": "#1"},
				"south": {"uv": [0.5, 0, 0, 1], "texture": "#1"},
				"west": {"uv": [1, 0, 0, 1], "texture": "#1"},
				"up": {"uv": [0.5, 0, 0, 1], "texture": "#1"},
				"down": {"uv": [0.5, 0, 0, 1], "texture": "#1"}
			}
		},
		{
			"from": [10.5, 10, 7],
			"to": [11.5, 11, 9],
			"rotation": {"angle": 0, "axis": "y", "origin": [11.5, 9, 7]},
			"faces": {
				"north": {"uv": [0.5, 0, 0, 0.5], "texture": "#1"},
				"east": {"uv": [1, 0, 0, 0.5], "texture": "#1"},
				"south": {"uv": [0.5, 0, 0, 0.5], "texture": "#1"},
				"west": {"uv": [1, 0, 0, 0.5], "texture": "#1"},
				"up": {"uv": [0.5, 0, 0, 1], "texture": "#1"},
				"down": {"uv": [0.5, 0, 0, 1], "texture": "#1"}
			}
		},
		{
			"from": [4.5, 7, 7],
			"to": [5.5, 8, 9],
			"rotation": {"angle": 0, "axis": "y", "origin": [4.5, 6, 7]},
			"faces": {
				"north": {"uv": [0, 0, 0.5, 0.5], "texture": "#1"},
				"east": {"uv": [0, 0, 1, 0.5], "texture": "#1"},
				"south": {"uv": [0, 0, 0.5, 0.5], "texture": "#1"},
				"west": {"uv": [0, 0, 1, 0.5], "texture": "#1"},
				"up": {"uv": [0, 0, 0.5, 1], "texture": "#1"},
				"down": {"uv": [0, 0, 0.5, 1], "texture": "#1"}
			}
		},
		{
			"from": [4.5, 10, 7],
			"to": [5.5, 11, 9],
			"rotation": {"angle": 0, "axis": "y", "origin": [4.5, 9, 7]},
			"faces": {
				"north": {"uv": [0, 0, 0.5, 0.5], "texture": "#1"},
				"east": {"uv": [0, 0, 1, 0.5], "texture": "#1"},
				"south": {"uv": [0, 0, 0.5, 0.5], "texture": "#1"},
				"west": {"uv": [0, 0, 1, 0.5], "texture": "#1"},
				"up": {"uv": [0, 0, 0.5, 1], "texture": "#1"},
				"down": {"uv": [0, 0, 0.5, 1], "texture": "#1"}
			}
		},
		{
			"from": [3.5, 8, 7],
			"to": [4.5, 10, 9],
			"rotation": {"angle": 0, "axis": "y", "origin": [3.5, 8, 7]},
			"faces": {
				"north": {"uv": [0, 0, 0.5, 1], "texture": "#1"},
				"east": {"uv": [0, 0, 1, 1], "texture": "#1"},
				"south": {"uv": [0, 0, 0.5, 1], "texture": "#1"},
				"west": {"uv": [0, 0, 1, 1], "texture": "#1"},
				"up": {"uv": [0, 0, 0.5, 1], "texture": "#1"},
				"down": {"uv": [0, 0, 0.5, 1], "texture": "#1"}
			}
		}
	],
	"display": {
		"thirdperson_righthand": {
			"rotation": [39, 0, 0],
			"translation": [0, 2, 2.5],
			"scale": [0.5, 0.5, 0.5]
		},
		"thirdperson_lefthand": {
			"rotation": [39, 0, 0],
			"translation": [0, 2, 2.5],
			"scale": [0.5, 0.5, 0.5]
		},
		"firstperson_righthand": {
			"rotation": [0, 131, 0],
			"translation": [1.5, 3, 0],
			"scale": [0.5, 0.5, 0.5]
		},
		"firstperson_lefthand": {
			"rotation": [39, 0, 0],
			"translation": [0, 2, 2.5],
			"scale": [0.5, 0.5, 0.5]
		},
		"ground": {
			"translation": [0, 3, 0],
			"scale": [0.4, 0.4, 0.4]
		},
		"gui": {
			"rotation": [-20, -168, -32],
			"translation": [0.5, -1.25, 0],
			"scale": [0.5, 0.5, 0.5]
		},
		"head": {
			"translation": [0, 14.25, 0]
		},
		"fixed": {
			"rotation": [-90, 0, 0],
			"translation": [0, 0, -16],
			"scale": [2, 2, 2]
		}
	}
}