{
  "parent": "item/generated",
  "textures": {
    "layer0": "item/paper"
  },
  "overrides": [
    {
      "predicate": { "custom_model_data": 1337001 },
      "model": "paper/paper_red"
    },
    {
      "predicate": { "custom_model_data": 1337002 },
      "model": "paper/paper_orange"
    },
    {
      "predicate": { "custom_model_data": 1337003 },
      "model": "paper/paper_yellow"
    },
    {
      "predicate": { "custom_model_data": 1337004 },
      "model": "paper/paper_green"
    },
    {
      "predicate": { "custom_model_data": 1337005 },
      "model": "paper/paper_blue"
    },
    {
      "predicate": { "custom_model_data": 1337006 },
      "model": "paper/paper_purple"
    },
    {
      "predicate": { "custom_model_data": 1337007 },
      "model": "paper/paper_black"
    },
    {
      "predicate": { "custom_model_data": 1337008 },
      "model": "paper/paper_rainbow"
    }
  ]
}
