{
	"credit": "Made with Blockbench",
	"texture_size": [32, 32],
	"textures": {
		"1": "item/vip/howbrella/shaft2",
		"3": "item/vip/howbrella/panel",
		"4": "item/vip/howbrella/bind",
		"5": "item/vip/howbrella/handle",
		"6": "item/vip/howbrella/string",
		"7": "item/vip/howbrella/hold",
		"8": "item/vip/howbrella/panel2",
		"particle": "item/vip/howbrella/panel"
	},
	"elements": [
		{
			"from": [3.54315, 5.825, 8.50163],
			"to": [8.04315, 6.025, 8.75163],
			"rotation": {"angle": 22.5, "axis": "y", "origin": [8.4, 6.025, 8.5]},
			"faces": {
				"north": {"uv": [16, 16, 14, 9], "rotation": 270, "texture": "#1"},
				"east": {"uv": [16, 13, 14, 9], "texture": "#1"},
				"south": {"uv": [12, 14, 16, 16], "texture": "#1"},
				"west": {"uv": [0, 1, 1, 2], "texture": "#1"},
				"up": {"uv": [14, 9, 16, 14], "rotation": 180, "texture": "#1"},
				"down": {"uv": [14, 9, 16, 12], "rotation": 180, "texture": "#1"}
			}
		},
		{
			"from": [3.64315, 5.825, 8.27663],
			"to": [8.14315, 6.025, 8.52663],
			"rotation": {"angle": -22.5, "axis": "y", "origin": [8.5, 6.025, 8.275]},
			"faces": {
				"north": {"uv": [14, 9, 16, 12], "texture": "#1"},
				"east": {"uv": [16, 13, 14, 9], "texture": "#1"},
				"south": {"uv": [14, 9, 16, 12], "texture": "#1"},
				"west": {"uv": [0, 1, 1, 2], "texture": "#1"},
				"up": {"uv": [14, 9, 16, 14], "rotation": 180, "texture": "#1"},
				"down": {"uv": [12, 14, 16, 16], "rotation": 180, "texture": "#1"}
			}
		},
		{
			"from": [8.24837, 5.825, 3.54315],
			"to": [8.49837, 6.025, 8.04315],
			"rotation": {"angle": 22.5, "axis": "y", "origin": [8.5, 6.025, 8.4]},
			"faces": {
				"north": {"uv": [14, 13, 16, 9], "texture": "#1"},
				"east": {"uv": [16, 16, 14, 9], "rotation": 270, "texture": "#1"},
				"south": {"uv": [16, 13, 14, 9], "texture": "#1"},
				"west": {"uv": [14, 9, 16, 12], "texture": "#1"},
				"up": {"uv": [14, 9, 16, 14], "rotation": 270, "texture": "#1"},
				"down": {"uv": [14, 9, 16, 12], "rotation": 90, "texture": "#1"}
			}
		},
		{
			"from": [8.45624, 5.825, 3.55705],
			"to": [8.70624, 6.025, 8.05705],
			"rotation": {"angle": -22.5, "axis": "y", "origin": [8.5, 6.025, 8.5]},
			"faces": {
				"north": {"uv": [14, 13, 16, 9], "texture": "#1"},
				"east": {"uv": [14, 9, 16, 12], "texture": "#1"},
				"south": {"uv": [16, 13, 14, 9], "texture": "#1"},
				"west": {"uv": [14, 9, 16, 12], "texture": "#1"},
				"up": {"uv": [14, 9, 16, 14], "rotation": 270, "texture": "#1"},
				"down": {"uv": [14, 9, 16, 12], "rotation": 90, "texture": "#1"}
			}
		},
		{
			"from": [8.80685, 2.975, 8.54837],
			"to": [13.30685, 6.025, 8.54837],
			"rotation": {"angle": 22.5, "axis": "y", "origin": [8.45, 6.025, 8.6]},
			"faces": {
				"north": {"uv": [2.5, 0, 5, 2], "texture": "#7"},
				"east": {"uv": [0, 0, 0, 2], "texture": "#7"},
				"south": {"uv": [2.5, 2, 5, 4], "texture": "#7"},
				"west": {"uv": [0, 0, 0, 2], "texture": "#7"},
				"up": {"uv": [2.5, 0, 0, 0], "texture": "#7"},
				"down": {"uv": [2.5, 0, 0, 0], "texture": "#7"}
			}
		},
		{
			"from": [8.81795, 2.975, 8.40624],
			"to": [13.31795, 6.025, 8.40624],
			"rotation": {"angle": -22.5, "axis": "y", "origin": [8.375, 6.025, 8.25]},
			"faces": {
				"north": {"uv": [0, 0, 2.5, 2], "texture": "#7"},
				"east": {"uv": [0, 0, 0, 2], "texture": "#7"},
				"south": {"uv": [0, 2, 2.5, 4], "texture": "#7"},
				"west": {"uv": [0, 0, 0, 2], "texture": "#7"},
				"up": {"uv": [2.5, 0, 0, 0], "texture": "#7"},
				"down": {"uv": [2.5, 0, 0, 0], "texture": "#7"}
			}
		},
		{
			"from": [8.52663, 2.975, 8.78185],
			"to": [8.52663, 6.025, 13.28185],
			"rotation": {"angle": 22.5, "axis": "y", "origin": [8.525, 6.025, 8.425]},
			"faces": {
				"north": {"uv": [0, 0, 0, 2], "texture": "#7"},
				"east": {"uv": [7.5, 4, 10, 6], "texture": "#7"},
				"south": {"uv": [0, 0, 0, 2], "texture": "#7"},
				"west": {"uv": [7.5, 6, 10, 8], "texture": "#7"},
				"up": {"uv": [0, 2.5, 0, 0], "texture": "#7"},
				"down": {"uv": [0, 0, 0, 2.5], "texture": "#7"}
			}
		},
		{
			"from": [8.46876, 2.975, 8.76795],
			"to": [8.46876, 6.025, 13.26795],
			"rotation": {"angle": -22.5, "axis": "y", "origin": [8.675, 6.025, 8.325]},
			"faces": {
				"north": {"uv": [0, 0, 0, 2], "texture": "#7"},
				"east": {"uv": [7.5, 0, 10, 2], "texture": "#7"},
				"south": {"uv": [0, 0, 0, 2], "texture": "#7"},
				"west": {"uv": [7.5, 2, 10, 4], "texture": "#7"},
				"up": {"uv": [0, 2.5, 0, 0], "texture": "#7"},
				"down": {"uv": [0, 0, 0, 2.5], "texture": "#7"}
			}
		},
		{
			"from": [3.84315, 2.975, 8.45163],
			"to": [8.34315, 6.025, 8.45163],
			"rotation": {"angle": 22.5, "axis": "y", "origin": [8.7, 6.025, 8.25]},
			"faces": {
				"north": {"uv": [2.5, 6, 5, 8], "texture": "#7"},
				"east": {"uv": [0, 0, 0, 2], "texture": "#7"},
				"south": {"uv": [5, 6, 7.5, 8], "texture": "#7"},
				"west": {"uv": [0, 0, 0, 2], "texture": "#7"},
				"up": {"uv": [2.5, 0, 0, 0], "texture": "#7"},
				"down": {"uv": [2.5, 0, 0, 0], "texture": "#7"}
			}
		},
		{
			"from": [3.94315, 2.975, 8.57663],
			"to": [8.44315, 6.025, 8.57663],
			"rotation": {"angle": -22.5, "axis": "y", "origin": [8.8, 6.025, 8.375]},
			"faces": {
				"north": {"uv": [5, 4, 7.5, 6], "texture": "#7"},
				"east": {"uv": [0, 0, 0, 2], "texture": "#7"},
				"south": {"uv": [0, 6, 2.5, 8], "texture": "#7"},
				"west": {"uv": [0, 0, 0, 2], "texture": "#7"},
				"up": {"uv": [2.5, 0, 0, 0], "texture": "#7"},
				"down": {"uv": [2.5, 0, 0, 0], "texture": "#7"}
			}
		},
		{
			"from": [8.42337, 2.975, 3.69315],
			"to": [8.42337, 6.025, 8.19315],
			"rotation": {"angle": 22.5, "axis": "y", "origin": [8.675, 6.025, 8.55]},
			"faces": {
				"north": {"uv": [0, 0, 0, 2], "texture": "#7"},
				"east": {"uv": [5, 0, 7.5, 2], "texture": "#7"},
				"south": {"uv": [0, 0, 0, 2], "texture": "#7"},
				"west": {"uv": [5, 2, 7.5, 4], "texture": "#7"},
				"up": {"uv": [0, 2.5, 0, 0], "texture": "#7"},
				"down": {"uv": [0, 0, 0, 2.5], "texture": "#7"}
			}
		},
		{
			"from": [8.48124, 2.975, 3.93205],
			"to": [8.48124, 6.025, 8.43205],
			"rotation": {"angle": -22.5, "axis": "y", "origin": [8.525, 6.025, 8.875]},
			"faces": {
				"north": {"uv": [0, 0, 0, 2], "texture": "#7"},
				"east": {"uv": [0, 4, 2.5, 6], "texture": "#7"},
				"south": {"uv": [0, 0, 0, 2], "texture": "#7"},
				"west": {"uv": [2.5, 4, 5, 6], "texture": "#7"},
				"up": {"uv": [0, 2.5, 0, 0], "texture": "#7"},
				"down": {"uv": [0, 0, 0, 2.5], "texture": "#7"}
			}
		},
		{
			"from": [8.95685, 5.825, 8.24837],
			"to": [13.45685, 6.025, 8.49837],
			"rotation": {"angle": 22.5, "axis": "y", "origin": [8.6, 6.025, 8.5]},
			"faces": {
				"north": {"uv": [0, 0, 1, 1], "texture": "#1"},
				"east": {"uv": [0, 1, 1, 2], "texture": "#1"},
				"south": {"uv": [1, 0, 0, 1], "texture": "#1"},
				"west": {"uv": [1, 1, 2, 2], "texture": "#1"},
				"up": {"uv": [1, 3, 0, 2], "texture": "#1"},
				"down": {"uv": [3, 0, 2, 1], "texture": "#1"}
			}
		},
		{
			"from": [8.96795, 5.825, 8.45624],
			"to": [13.46795, 6.025, 8.70624],
			"rotation": {"angle": -22.5, "axis": "y", "origin": [8.525, 6.025, 8.5]},
			"faces": {
				"north": {"uv": [14, 9, 16, 12], "texture": "#1"},
				"east": {"uv": [14, 13, 16, 9], "texture": "#1"},
				"south": {"uv": [12, 16, 16, 14], "rotation": 270, "texture": "#1"},
				"west": {"uv": [1, 1, 2, 2], "texture": "#1"},
				"up": {"uv": [14, 9, 16, 14], "texture": "#1"},
				"down": {"uv": [14, 9, 16, 12], "texture": "#1"}
			}
		},
		{
			"from": [12.1, 1.80705, 10.28124],
			"to": [12.3, 5.75705, 10.53124],
			"rotation": {"angle": 45, "axis": "z", "origin": [12.3, 6.2, 10.325]},
			"faces": {
				"north": {"uv": [14, 9, 16, 12], "rotation": 270, "texture": "#1"},
				"east": {"uv": [14, 9, 16, 14], "rotation": 90, "texture": "#1"},
				"south": {"uv": [16, 16, 14, 9], "rotation": 270, "texture": "#1"},
				"west": {"uv": [14, 9, 16, 12], "rotation": 90, "texture": "#1"},
				"up": {"uv": [16, 13, 14, 9], "rotation": 90, "texture": "#1"},
				"down": {"uv": [14, 13, 16, 9], "rotation": 90, "texture": "#1"}
			}
		},
		{
			"from": [12.1, 1.80705, 6.43124],
			"to": [12.3, 5.75705, 6.68124],
			"rotation": {"angle": 45, "axis": "z", "origin": [12.3, 6.2, 6.475]},
			"faces": {
				"north": {"uv": [14, 9, 16, 12], "rotation": 270, "texture": "#1"},
				"east": {"uv": [14, 9, 16, 14], "rotation": 90, "texture": "#1"},
				"south": {"uv": [12, 14, 16, 16], "rotation": 90, "texture": "#1"},
				"west": {"uv": [12, 6, 14, 16], "rotation": 270, "texture": "#1"},
				"up": {"uv": [16, 13, 14, 9], "rotation": 90, "texture": "#1"},
				"down": {"uv": [14, 13, 16, 9], "rotation": 90, "texture": "#1"}
			}
		},
		{
			"from": [10.33124, -1.29295, 3.325],
			"to": [10.58124, 2.83205, 3.525],
			"rotation": {"angle": 45, "axis": "x", "origin": [8.55, 3.1, 7.625]},
			"faces": {
				"north": {"uv": [14, 9, 16, 14], "rotation": 90, "texture": "#1"},
				"east": {"uv": [16, 16, 14, 9], "rotation": 270, "texture": "#1"},
				"south": {"uv": [14, 9, 16, 12], "rotation": 90, "texture": "#1"},
				"west": {"uv": [14, 9, 16, 12], "rotation": 270, "texture": "#1"},
				"up": {"uv": [16, 13, 14, 9], "texture": "#1"},
				"down": {"uv": [14, 13, 16, 9], "rotation": 180, "texture": "#1"}
			}
		},
		{
			"from": [6.48124, -1.29295, 3.325],
			"to": [6.73124, 2.83205, 3.525],
			"rotation": {"angle": 45, "axis": "x", "origin": [8.55, 3.1, 7.625]},
			"faces": {
				"north": {"uv": [14, 9, 16, 14], "rotation": 90, "texture": "#1"},
				"east": {"uv": [16, 16, 14, 9], "rotation": 270, "texture": "#1"},
				"south": {"uv": [12, 14, 16, 16], "rotation": 90, "texture": "#1"},
				"west": {"uv": [0, 0, 1, 1], "rotation": 270, "texture": "#1"},
				"up": {"uv": [16, 13, 14, 9], "texture": "#1"},
				"down": {"uv": [14, 13, 16, 9], "rotation": 180, "texture": "#1"}
			}
		},
		{
			"from": [3.625, -1.41795, 6.44376],
			"to": [3.825, 2.80705, 6.69376],
			"rotation": {"angle": -45, "axis": "z", "origin": [7.925, 3.25, 8.475]},
			"faces": {
				"north": {"uv": [14, 9, 16, 12], "rotation": 90, "texture": "#1"},
				"east": {"uv": [16, 16, 14, 9], "rotation": 270, "texture": "#1"},
				"south": {"uv": [12, 14, 16, 16], "rotation": 270, "texture": "#1"},
				"west": {"uv": [1, 3, 0, 2], "rotation": 90, "texture": "#1"},
				"up": {"uv": [16, 13, 14, 9], "rotation": 270, "texture": "#1"},
				"down": {"uv": [14, 13, 16, 9], "rotation": 270, "texture": "#1"}
			}
		},
		{
			"from": [3.625, -1.41795, 10.29376],
			"to": [3.825, 2.80705, 10.54376],
			"rotation": {"angle": -45, "axis": "z", "origin": [7.925, 3.25, 8.475]},
			"faces": {
				"north": {"uv": [16, 16, 14, 9], "rotation": 270, "texture": "#1"},
				"east": {"uv": [12, 14, 16, 16], "rotation": 90, "texture": "#1"},
				"south": {"uv": [14, 9, 16, 12], "rotation": 270, "texture": "#1"},
				"west": {"uv": [1, 3, 0, 2], "rotation": 90, "texture": "#1"},
				"up": {"uv": [16, 13, 14, 9], "rotation": 270, "texture": "#1"},
				"down": {"uv": [14, 13, 16, 9], "rotation": 270, "texture": "#1"}
			}
		},
		{
			"from": [6.46876, -1.14295, 13.35],
			"to": [6.71876, 2.80705, 13.55],
			"rotation": {"angle": -45, "axis": "x", "origin": [8.5, 3.25, 9.25]},
			"faces": {
				"north": {"uv": [12, 14, 16, 16], "rotation": 90, "texture": "#1"},
				"east": {"uv": [14, 9, 16, 12], "rotation": 270, "texture": "#1"},
				"south": {"uv": [14, 9, 16, 14], "rotation": 90, "texture": "#1"},
				"west": {"uv": [15, 6, 12, 15], "rotation": 270, "texture": "#1"},
				"up": {"uv": [16, 13, 14, 9], "rotation": 180, "texture": "#1"},
				"down": {"uv": [14, 13, 16, 9], "texture": "#1"}
			}
		},
		{
			"from": [10.31876, -1.14295, 13.35],
			"to": [10.56876, 2.80705, 13.55],
			"rotation": {"angle": -45, "axis": "x", "origin": [8.5, 3.25, 9.25]},
			"faces": {
				"north": {"uv": [12, 14, 16, 16], "rotation": 90, "texture": "#1"},
				"east": {"uv": [14, 9, 16, 12], "rotation": 270, "texture": "#1"},
				"south": {"uv": [14, 9, 16, 14], "rotation": 90, "texture": "#1"},
				"west": {"uv": [1, 0, 0, 1], "rotation": 90, "texture": "#1"},
				"up": {"uv": [16, 13, 14, 9], "rotation": 180, "texture": "#1"},
				"down": {"uv": [14, 13, 16, 9], "texture": "#1"}
			}
		},
		{
			"from": [8.50163, 5.825, 8.98185],
			"to": [8.75163, 6.025, 13.48185],
			"rotation": {"angle": 22.5, "axis": "y", "origin": [8.5, 6.025, 8.625]},
			"faces": {
				"north": {"uv": [16, 13, 14, 9], "texture": "#1"},
				"east": {"uv": [14, 9, 16, 12], "texture": "#1"},
				"south": {"uv": [14, 13, 16, 9], "texture": "#1"},
				"west": {"uv": [14, 9, 16, 12], "texture": "#1"},
				"up": {"uv": [14, 9, 16, 14], "rotation": 90, "texture": "#1"},
				"down": {"uv": [16, 9, 14, 16], "rotation": 270, "texture": "#1"}
			}
		},
		{
			"from": [8.29376, 5.825, 8.96795],
			"to": [8.54376, 6.025, 13.46795],
			"rotation": {"angle": -22.5, "axis": "y", "origin": [8.5, 6.025, 8.525]},
			"faces": {
				"north": {"uv": [16, 13, 14, 9], "texture": "#1"},
				"east": {"uv": [12, 16, 16, 14], "rotation": 270, "texture": "#1"},
				"south": {"uv": [14, 13, 16, 9], "texture": "#1"},
				"west": {"uv": [1, 0, 0, 1], "texture": "#1"},
				"up": {"uv": [14, 9, 16, 14], "rotation": 90, "texture": "#1"},
				"down": {"uv": [14, 9, 16, 12], "rotation": 270, "texture": "#1"}
			}
		},
		{
			"from": [8.15, -4.5, 8.15],
			"to": [8.85, -3.275, 8.85],
			"rotation": {"angle": 0, "axis": "y", "origin": [7, -5.075, 8]},
			"faces": {
				"north": {"uv": [0, 0, 4, 8], "texture": "#5"},
				"east": {"uv": [4, 0, 8, 8], "texture": "#5"},
				"south": {"uv": [0, 8, 4, 16], "texture": "#5"},
				"west": {"uv": [8, 0, 12, 8], "texture": "#5"},
				"up": {"uv": [8, 12, 4, 8], "texture": "#5"},
				"down": {"uv": [10, 7, 6.66667, 10.5], "texture": "#5"}
			}
		},
		{
			"from": [8.25, -4.575, 8.2],
			"to": [8.75, -4.5, 8.8],
			"rotation": {"angle": 0, "axis": "y", "origin": [7, -4.75, 8]},
			"faces": {
				"north": {"uv": [0, 0, 4, 8], "texture": "#5"},
				"east": {"uv": [4, 0, 8, 8], "texture": "#5"},
				"south": {"uv": [0, 8, 4, 16], "texture": "#5"},
				"west": {"uv": [8, 0, 12, 8], "texture": "#5"},
				"up": {"uv": [8, 12, 4, 8], "texture": "#5"},
				"down": {"uv": [10, 7, 6.66667, 10.5], "texture": "#5"}
			}
		},
		{
			"from": [8.575, -4.725, 8.15],
			"to": [8.725, -4.55, 8.25],
			"rotation": {"angle": 45, "axis": "x", "origin": [8.675, -4.625, 8.2]},
			"faces": {
				"north": {"uv": [0, 4, 1, 5], "texture": "#6"},
				"east": {"uv": [4, 0, 5, 1], "texture": "#6"},
				"south": {"uv": [1, 4, 2, 5], "texture": "#6"},
				"west": {"uv": [4, 1, 5, 2], "texture": "#6"},
				"up": {"uv": [3, 5, 2, 4], "texture": "#6"},
				"down": {"uv": [5, 2, 4, 3], "texture": "#6"}
			}
		},
		{
			"from": [8.575, -4.875, 8.125],
			"to": [8.725, -4.75, 8.2],
			"rotation": {"angle": 45, "axis": "x", "origin": [8.675, -4.575, 8.25]},
			"faces": {
				"north": {"uv": [3, 4, 4, 5], "texture": "#6"},
				"east": {"uv": [4, 3, 5, 4], "texture": "#6"},
				"south": {"uv": [4, 4, 5, 5], "texture": "#6"},
				"west": {"uv": [0, 5, 1, 6], "texture": "#6"},
				"up": {"uv": [6, 1, 5, 0], "texture": "#6"},
				"down": {"uv": [2, 5, 1, 6], "texture": "#6"}
			}
		},
		{
			"from": [8.575, -4.825, 8.3],
			"to": [8.725, -4.7, 8.4],
			"rotation": {"angle": 45, "axis": "x", "origin": [8.675, -4.55, 8.2]},
			"faces": {
				"north": {"uv": [5, 1, 6, 2], "texture": "#6"},
				"east": {"uv": [2, 5, 3, 6], "texture": "#6"},
				"south": {"uv": [5, 2, 6, 3], "texture": "#6"},
				"west": {"uv": [3, 5, 4, 6], "texture": "#6"},
				"up": {"uv": [6, 4, 5, 3], "texture": "#6"},
				"down": {"uv": [5, 5, 4, 6], "texture": "#6"}
			}
		},
		{
			"from": [8.575, -5.65, 8.4],
			"to": [8.725, -4.825, 8.475],
			"rotation": {"angle": 45, "axis": "x", "origin": [8.675, -4.55, 8.225]},
			"faces": {
				"north": {"uv": [0, 0, 1, 2], "texture": "#6"},
				"east": {"uv": [1, 0, 2, 2], "texture": "#6"},
				"south": {"uv": [0, 2, 1, 4], "texture": "#6"},
				"west": {"uv": [2, 0, 3, 2], "texture": "#6"},
				"up": {"uv": [6, 5, 5, 4], "texture": "#6"},
				"down": {"uv": [6, 5, 5, 6], "texture": "#6"}
			}
		},
		{
			"from": [8.575, -5.65, 8.05],
			"to": [8.725, -4.85, 8.125],
			"rotation": {"angle": 45, "axis": "x", "origin": [8.675, -4.575, 8.225]},
			"faces": {
				"north": {"uv": [1, 2, 2, 4], "texture": "#6"},
				"east": {"uv": [2, 2, 3, 4], "texture": "#6"},
				"south": {"uv": [3, 0, 4, 2], "texture": "#6"},
				"west": {"uv": [3, 2, 4, 4], "texture": "#6"},
				"up": {"uv": [1, 7, 0, 6], "texture": "#6"},
				"down": {"uv": [7, 0, 6, 1], "texture": "#6"}
			}
		},
		{
			"from": [8.575, -5.975, 8.85],
			"to": [8.725, -5.9, 9.125],
			"rotation": {"angle": 45, "axis": "x", "origin": [8.675, -3.825, 8.9]},
			"faces": {
				"north": {"uv": [1, 6, 2, 7], "texture": "#6"},
				"east": {"uv": [6, 1, 7, 2], "texture": "#6"},
				"south": {"uv": [2, 6, 3, 7], "texture": "#6"},
				"west": {"uv": [6, 2, 7, 3], "texture": "#6"},
				"up": {"uv": [4, 7, 3, 6], "texture": "#6"},
				"down": {"uv": [7, 3, 6, 4], "texture": "#6"}
			}
		},
		{
			"from": [7.775, 8.05, 7.775],
			"to": [9.225, 8.4, 9.225],
			"rotation": {"angle": 0, "axis": "y", "origin": [7, 7.825, 7]},
			"faces": {
				"north": {"uv": [5, 12, 6.5, 12.5], "texture": "#3"},
				"east": {"uv": [12, 5, 13.5, 5.5], "texture": "#3"},
				"south": {"uv": [12, 6, 13.5, 6.5], "texture": "#3"},
				"west": {"uv": [7, 12, 8.5, 12.5], "texture": "#3"},
				"up": {"uv": [1.5, 13.5, 0, 12], "texture": "#3"},
				"down": {"uv": [13.5, 0, 12, 1.5], "texture": "#3"}
			}
		},
		{
			"from": [8.3, 8.225, 8.3],
			"to": [8.7, 8.675, 8.7],
			"rotation": {"angle": 0, "axis": "y", "origin": [7, 1.65, 8]},
			"faces": {
				"north": {"uv": [5, 0, 6, 1], "texture": "#1"},
				"east": {"uv": [5, 1, 6, 2], "texture": "#1"},
				"south": {"uv": [6, 0, 7, 1], "texture": "#1"},
				"west": {"uv": [6, 1, 7, 2], "texture": "#1"},
				"up": {"uv": [6, 3, 5, 2], "texture": "#1"},
				"down": {"uv": [8, 0, 7, 1], "texture": "#1"}
			}
		},
		{
			"from": [8.325, -3.275, 8.325],
			"to": [8.7, 8.45, 8.675],
			"rotation": {"angle": 0, "axis": "y", "origin": [7, 1.275, 8]},
			"faces": {
				"north": {"uv": [0, 0, 1, 16], "texture": "#1"},
				"east": {"uv": [0, 0, 1, 16], "texture": "#1"},
				"south": {"uv": [1, 0, 2, 16], "texture": "#1"},
				"west": {"uv": [1, 0, 2, 16], "texture": "#1"},
				"up": {"uv": [1, 3, 0, 2], "texture": "#1"},
				"down": {"uv": [3, 0, 2, 1], "texture": "#1"}
			}
		},
		{
			"from": [7.55, 5.725, 7.75],
			"to": [9.45, 6.125, 9.25],
			"rotation": {"angle": 0, "axis": "y", "origin": [6.95, 2.4, 8]},
			"faces": {
				"north": {"uv": [2, 0, 4, 1], "texture": "#4"},
				"east": {"uv": [2, 4, 5, 5], "texture": "#4"},
				"south": {"uv": [2, 2, 4, 3], "texture": "#4"},
				"west": {"uv": [2, 3, 4, 4], "texture": "#4"},
				"up": {"uv": [2, 2, 0, 0], "texture": "#4"},
				"down": {"uv": [2, 2, 0, 4], "texture": "#4"}
			}
		},
		{
			"from": [14.2, 4.95, 5],
			"to": [14.45, 5.35, 7.8],
			"rotation": {"angle": 0, "axis": "y", "origin": [11.95, 1.625, 6.55]},
			"faces": {
				"north": {"uv": [2, 0, 4, 1], "texture": "#4"},
				"east": {"uv": [2, 4, 5, 5], "texture": "#4"},
				"south": {"uv": [2, 2, 4, 3], "texture": "#4"},
				"west": {"uv": [2, 3, 4, 4], "texture": "#4"},
				"up": {"uv": [2, 2, 0, 0], "texture": "#4"},
				"down": {"uv": [2, 2, 0, 4], "texture": "#4"}
			}
		},
		{
			"from": [7.75, 5.725, 7.55],
			"to": [9.25, 6.125, 9.45],
			"rotation": {"angle": 0, "axis": "y", "origin": [6.95, 2.4, 7.8]},
			"faces": {
				"north": {"uv": [2, 0, 4, 1], "texture": "#4"},
				"east": {"uv": [2, 1, 4, 2], "texture": "#4"},
				"south": {"uv": [2, 2, 4, 3], "texture": "#4"},
				"west": {"uv": [2, 3, 4, 4], "texture": "#4"},
				"up": {"uv": [2, 2, 0, 0], "texture": "#4"},
				"down": {"uv": [2, 2, 0, 4], "texture": "#4"}
			}
		},
		{
			"from": [7, 7.45, 7],
			"to": [10, 8.05, 10],
			"rotation": {"angle": 0, "axis": "y", "origin": [7, 6.05, 7]},
			"faces": {
				"north": {"uv": [11, 5, 12.5, 5.5], "texture": "#8"},
				"east": {"uv": [11, 5.5, 12.5, 6], "texture": "#8"},
				"south": {"uv": [11, 6, 12.5, 6.5], "texture": "#8"},
				"west": {"uv": [10, 11, 11.5, 11.5], "texture": "#8"},
				"up": {"uv": [1.5, 9.5, 0, 8], "texture": "#8"},
				"down": {"uv": [3, 8, 1.5, 9.5], "texture": "#8"}
			}
		},
		{
			"from": [10, 6.85, 7],
			"to": [13, 7.45, 10],
			"rotation": {"angle": 0, "axis": "y", "origin": [10, 5.45, 7]},
			"faces": {
				"north": {"uv": [1, 11.5, 2.5, 12], "texture": "#8"},
				"east": {"uv": [2.5, 11.5, 4, 12], "texture": "#8"},
				"south": {"uv": [4, 11.5, 5.5, 12], "texture": "#8"},
				"west": {"uv": [10, 11.5, 11.5, 12], "texture": "#8"},
				"up": {"uv": [4.5, 9.5, 3, 8], "texture": "#8"},
				"down": {"uv": [6, 8, 4.5, 9.5], "texture": "#8"}
			}
		},
		{
			"from": [4.025, 6.85, 7],
			"to": [7.025, 7.45, 10],
			"rotation": {"angle": 0, "axis": "y", "origin": [4.025, 5.45, 7]},
			"faces": {
				"north": {"uv": [11.5, 11, 13, 11.5], "texture": "#8"},
				"east": {"uv": [11.5, 11.5, 13, 12], "texture": "#8"},
				"south": {"uv": [1, 12, 2.5, 12.5], "texture": "#8"},
				"west": {"uv": [2.5, 12, 4, 12.5], "texture": "#8"},
				"up": {"uv": [7.5, 9.5, 6, 8], "texture": "#8"},
				"down": {"uv": [9, 8, 7.5, 9.5], "texture": "#8"}
			}
		},
		{
			"from": [7, 6.85, 4],
			"to": [10, 7.45, 7],
			"rotation": {"angle": 0, "axis": "y", "origin": [7, 5.45, 4]},
			"faces": {
				"north": {"uv": [4, 12, 5.5, 12.5], "texture": "#8"},
				"east": {"uv": [10, 12, 11.5, 12.5], "texture": "#8"},
				"south": {"uv": [11.5, 12, 13, 12.5], "texture": "#8"},
				"west": {"uv": [1, 12.5, 2.5, 13], "texture": "#8"},
				"up": {"uv": [10.5, 1.5, 9, 0], "texture": "#8"},
				"down": {"uv": [10.5, 1.5, 9, 3], "texture": "#8"}
			}
		},
		{
			"from": [7, 6.85, 10],
			"to": [10, 7.45, 13],
			"rotation": {"angle": 0, "axis": "y", "origin": [7, 5.45, 10]},
			"faces": {
				"north": {"uv": [2.5, 12.5, 4, 13], "texture": "#8"},
				"east": {"uv": [4, 12.5, 5.5, 13], "texture": "#8"},
				"south": {"uv": [12.5, 5, 14, 5.5], "texture": "#8"},
				"west": {"uv": [12.5, 5.5, 14, 6], "texture": "#8"},
				"up": {"uv": [10.5, 4.5, 9, 3], "texture": "#8"},
				"down": {"uv": [10.5, 4.5, 9, 6], "texture": "#8"}
			}
		},
		{
			"from": [9.975, 6.275, 10],
			"to": [12.975, 6.875, 13],
			"rotation": {"angle": 0, "axis": "y", "origin": [9.975, 4.875, 10]},
			"faces": {
				"north": {"uv": [12.5, 6, 14, 6.5], "texture": "#8"},
				"east": {"uv": [10, 12.5, 11.5, 13], "texture": "#8"},
				"south": {"uv": [11.5, 12.5, 13, 13], "texture": "#8"},
				"west": {"uv": [1, 13, 2.5, 13.5], "texture": "#8"},
				"up": {"uv": [10.5, 7.5, 9, 6], "texture": "#8"},
				"down": {"uv": [10.5, 7.5, 9, 9], "texture": "#8"}
			}
		},
		{
			"from": [4, 6.275, 10],
			"to": [7, 6.875, 13],
			"rotation": {"angle": 0, "axis": "y", "origin": [4, 4.875, 10]},
			"faces": {
				"north": {"uv": [2.5, 13, 4, 13.5], "texture": "#8"},
				"east": {"uv": [4, 13, 5.5, 13.5], "texture": "#8"},
				"south": {"uv": [10, 13, 11.5, 13.5], "texture": "#8"},
				"west": {"uv": [13, 11, 14.5, 11.5], "texture": "#8"},
				"up": {"uv": [10.5, 10.5, 9, 9], "texture": "#8"},
				"down": {"uv": [1.5, 9.5, 0, 11], "texture": "#8"}
			}
		},
		{
			"from": [4, 6.275, 4],
			"to": [7, 6.875, 7],
			"rotation": {"angle": 0, "axis": "y", "origin": [4, 4.875, 4]},
			"faces": {
				"north": {"uv": [11.5, 13, 13, 13.5], "texture": "#8"},
				"east": {"uv": [13, 11.5, 14.5, 12], "texture": "#8"},
				"south": {"uv": [13, 12, 14.5, 12.5], "texture": "#8"},
				"west": {"uv": [13, 12.5, 14.5, 13], "texture": "#8"},
				"up": {"uv": [3, 11, 1.5, 9.5], "texture": "#8"},
				"down": {"uv": [4.5, 9.5, 3, 11], "texture": "#8"}
			}
		},
		{
			"from": [10, 6.275, 4],
			"to": [13, 6.875, 7],
			"rotation": {"angle": 0, "axis": "y", "origin": [10, 4.875, 4]},
			"faces": {
				"north": {"uv": [13, 13, 14.5, 13.5], "texture": "#8"},
				"east": {"uv": [1, 13.5, 2.5, 14], "texture": "#8"},
				"south": {"uv": [2.5, 13.5, 4, 14], "texture": "#8"},
				"west": {"uv": [4, 13.5, 5.5, 14], "texture": "#8"},
				"up": {"uv": [6, 11, 4.5, 9.5], "texture": "#8"},
				"down": {"uv": [7.5, 9.5, 6, 11], "texture": "#8"}
			}
		},
		{
			"from": [13, 5.35, 4],
			"to": [13.625, 6.9, 13],
			"rotation": {"angle": 0, "axis": "z", "origin": [13.625, 6.875, 8.625]},
			"faces": {
				"north": {"uv": [10, 13.5, 10.5, 14.5], "texture": "#8"},
				"east": {"uv": [0, 0, 4.5, 1], "texture": "#8"},
				"south": {"uv": [10.5, 13.5, 11, 14.5], "texture": "#8"},
				"west": {"uv": [0, 1, 4.5, 2], "texture": "#8"},
				"up": {"uv": [8, 14, 7.5, 9.5], "texture": "#8"},
				"down": {"uv": [8.5, 9.5, 8, 14], "texture": "#8"}
			}
		},
		{
			"from": [4, 5.35, 3.375],
			"to": [13, 6.9, 4],
			"rotation": {"angle": 0, "axis": "x", "origin": [8.625, 6.875, 3.375]},
			"faces": {
				"north": {"uv": [0, 2, 4.5, 3], "texture": "#8"},
				"east": {"uv": [11, 13.5, 11.5, 14.5], "texture": "#8"},
				"south": {"uv": [0, 3, 4.5, 4], "texture": "#8"},
				"west": {"uv": [11.5, 13.5, 12, 14.5], "texture": "#8"},
				"up": {"uv": [15, 0.5, 10.5, 0], "texture": "#8"},
				"down": {"uv": [15, 0.5, 10.5, 1], "texture": "#8"}
			}
		},
		{
			"from": [4, 5.35, 13],
			"to": [13, 6.9, 13.625],
			"rotation": {"angle": 0, "axis": "x", "origin": [8.375, 6.875, 13.625]},
			"faces": {
				"north": {"uv": [0, 4, 4.5, 5], "texture": "#8"},
				"east": {"uv": [12, 13.5, 12.5, 14.5], "texture": "#8"},
				"south": {"uv": [4.5, 0, 9, 1], "texture": "#8"},
				"west": {"uv": [12.5, 13.5, 13, 14.5], "texture": "#8"},
				"up": {"uv": [15, 1.5, 10.5, 1], "texture": "#8"},
				"down": {"uv": [15, 1.5, 10.5, 2], "texture": "#8"}
			}
		},
		{
			"from": [3.375, 5.35, 4],
			"to": [4, 6.9, 13],
			"rotation": {"angle": 0, "axis": "z", "origin": [3.375, 6.875, 8.625]},
			"faces": {
				"north": {"uv": [13, 13.5, 13.5, 14.5], "texture": "#8"},
				"east": {"uv": [4.5, 1, 9, 2], "texture": "#8"},
				"south": {"uv": [13.5, 13.5, 14, 14.5], "texture": "#8"},
				"west": {"uv": [4.5, 2, 9, 3], "texture": "#8"},
				"up": {"uv": [9, 14, 8.5, 9.5], "texture": "#8"},
				"down": {"uv": [11, 2, 10.5, 6.5], "texture": "#8"}
			}
		},
		{
			"from": [4, 4.65, 13.625],
			"to": [13, 5.35, 15.25],
			"rotation": {"angle": 0, "axis": "y", "origin": [8.375, 5.35, 14.25]},
			"faces": {
				"north": {"uv": [10.5, 6.5, 15, 7], "texture": "#8"},
				"east": {"uv": [13.5, 10.5, 14, 11], "texture": "#8"},
				"south": {"uv": [10.5, 7, 15, 7.5], "texture": "#8"},
				"west": {"uv": [14, 6, 14.5, 6.5], "texture": "#8"},
				"up": {"uv": [15, 8, 10.5, 7.5], "texture": "#8"},
				"down": {"uv": [15, 8, 10.5, 8.5], "texture": "#8"}
			}
		},
		{
			"from": [1.75, 4.65, 4],
			"to": [3.375, 5.35, 13],
			"rotation": {"angle": 0, "axis": "y", "origin": [2.75, 5.35, 8.625]},
			"faces": {
				"north": {"uv": [14, 10.5, 14.5, 11], "texture": "#8"},
				"east": {"uv": [10.5, 8.5, 15, 9], "texture": "#8"},
				"south": {"uv": [14.5, 6, 15, 6.5], "texture": "#8"},
				"west": {"uv": [9, 10.5, 13.5, 11], "texture": "#8"},
				"up": {"uv": [0.5, 15.5, 0, 11], "texture": "#8"},
				"down": {"uv": [1, 11, 0.5, 15.5], "texture": "#8"}
			}
		},
		{
			"from": [4, 4.65, 1.75],
			"to": [13, 5.35, 3.375],
			"rotation": {"angle": 0, "axis": "y", "origin": [8.625, 5.35, 2.75]},
			"faces": {
				"north": {"uv": [10.5, 9, 15, 9.5], "texture": "#8"},
				"east": {"uv": [15, 5, 15.5, 5.5], "texture": "#8"},
				"south": {"uv": [10.5, 9.5, 15, 10], "texture": "#8"},
				"west": {"uv": [15, 5.5, 15.5, 6], "texture": "#8"},
				"up": {"uv": [15, 10.5, 10.5, 10], "texture": "#8"},
				"down": {"uv": [5.5, 11, 1, 11.5], "texture": "#8"}
			}
		},
		{
			"from": [13.625, 4.65, 4],
			"to": [15.25, 5.35, 13],
			"rotation": {"angle": 0, "axis": "y", "origin": [14.25, 5.35, 8.625]},
			"faces": {
				"north": {"uv": [15, 6, 15.5, 6.5], "texture": "#8"},
				"east": {"uv": [11, 2, 15.5, 2.5], "texture": "#8"},
				"south": {"uv": [15, 6.5, 15.5, 7], "texture": "#8"},
				"west": {"uv": [11, 2.5, 15.5, 3], "texture": "#8"},
				"up": {"uv": [6, 15.5, 5.5, 11], "texture": "#8"},
				"down": {"uv": [6.5, 11, 6, 15.5], "texture": "#8"}
			}
		},
		{
			"from": [2.375, 4.65, 2.375],
			"to": [4, 5.35, 4],
			"rotation": {"angle": 0, "axis": "y", "origin": [3.375, 5.35, 8.625]},
			"faces": {
				"north": {"uv": [15, 7, 15.5, 7.5], "texture": "#8"},
				"east": {"uv": [7.5, 15, 8, 15.5], "texture": "#8"},
				"south": {"uv": [15, 7.5, 15.5, 8], "texture": "#8"},
				"west": {"uv": [8, 15, 8.5, 15.5], "texture": "#8"},
				"up": {"uv": [15.5, 8.5, 15, 8], "texture": "#8"},
				"down": {"uv": [9, 15, 8.5, 15.5], "texture": "#8"}
			}
		},
		{
			"from": [13, 4.65, 2.375],
			"to": [14.625, 5.35, 4],
			"rotation": {"angle": 0, "axis": "y", "origin": [13, 5.35, 8.625]},
			"faces": {
				"north": {"uv": [15, 8.5, 15.5, 9], "texture": "#8"},
				"east": {"uv": [15, 9, 15.5, 9.5], "texture": "#8"},
				"south": {"uv": [15, 9.5, 15.5, 10], "texture": "#8"},
				"west": {"uv": [15, 10, 15.5, 10.5], "texture": "#8"},
				"up": {"uv": [15.5, 11, 15, 10.5], "texture": "#8"},
				"down": {"uv": [15.5, 11, 15, 11.5], "texture": "#8"}
			}
		},
		{
			"from": [13, 4.65, 13],
			"to": [14.625, 5.35, 14.625],
			"rotation": {"angle": 0, "axis": "y", "origin": [13, 5.35, 18.25]},
			"faces": {
				"north": {"uv": [15, 11.5, 15.5, 12], "texture": "#8"},
				"east": {"uv": [15, 12, 15.5, 12.5], "texture": "#8"},
				"south": {"uv": [15, 12.5, 15.5, 13], "texture": "#8"},
				"west": {"uv": [15, 13, 15.5, 13.5], "texture": "#8"},
				"up": {"uv": [15.5, 14, 15, 13.5], "texture": "#8"},
				"down": {"uv": [15.5, 14, 15, 14.5], "texture": "#8"}
			}
		},
		{
			"from": [2.375, 4.65, 13],
			"to": [4, 5.35, 14.625],
			"rotation": {"angle": 0, "axis": "y", "origin": [3.375, 5.35, 18.25]},
			"faces": {
				"north": {"uv": [15, 14.5, 15.5, 15], "texture": "#8"},
				"east": {"uv": [15, 15, 15.5, 15.5], "texture": "#8"},
				"south": {"uv": [0, 15.5, 0.5, 16], "texture": "#8"},
				"west": {"uv": [15.5, 0, 16, 0.5], "texture": "#8"},
				"up": {"uv": [1, 16, 0.5, 15.5], "texture": "#8"},
				"down": {"uv": [16, 0.5, 15.5, 1], "texture": "#8"}
			}
		},
		{
			"from": [15.25, 2.45, 4],
			"to": [15.875, 4.65, 13],
			"rotation": {"angle": 0, "axis": "y", "origin": [9.525, 4.65, 8.475]},
			"faces": {
				"north": {"uv": [1, 14, 1.5, 15], "texture": "#8"},
				"east": {"uv": [4.5, 3, 9, 4], "texture": "#8"},
				"south": {"uv": [1.5, 14, 2, 15], "texture": "#8"},
				"west": {"uv": [4.5, 4, 9, 5], "texture": "#8"},
				"up": {"uv": [7, 15.5, 6.5, 11], "texture": "#8"},
				"down": {"uv": [7.5, 11, 7, 15.5], "texture": "#8"}
			}
		},
		{
			"from": [1.125, 2.45, 4],
			"to": [1.75, 4.65, 13],
			"rotation": {"angle": 0, "axis": "y", "origin": [7.525, 4.65, 8.475]},
			"faces": {
				"north": {"uv": [2, 14, 2.5, 15], "texture": "#8"},
				"east": {"uv": [0, 5, 4.5, 6], "texture": "#8"},
				"south": {"uv": [2.5, 14, 3, 15], "texture": "#8"},
				"west": {"uv": [4.5, 5, 9, 6], "texture": "#8"},
				"up": {"uv": [9.5, 15.5, 9, 11], "texture": "#8"},
				"down": {"uv": [10, 11, 9.5, 15.5], "texture": "#8"}
			}
		},
		{
			"from": [4, 2.45, 15.25],
			"to": [13, 4.65, 15.875],
			"rotation": {"angle": 0, "axis": "y", "origin": [8.475, 4.65, 9.475]},
			"faces": {
				"north": {"uv": [0, 6, 4.5, 7], "texture": "#8"},
				"east": {"uv": [3, 14, 3.5, 15], "texture": "#8"},
				"south": {"uv": [4.5, 6, 9, 7], "texture": "#8"},
				"west": {"uv": [3.5, 14, 4, 15], "texture": "#8"},
				"up": {"uv": [15.5, 3.5, 11, 3], "texture": "#8"},
				"down": {"uv": [15.5, 3.5, 11, 4], "texture": "#8"}
			}
		},
		{
			"from": [2.375, 1.975, 14.625],
			"to": [3.575, 2.45, 15.25],
			"rotation": {"angle": 0, "axis": "y", "origin": [7.2, 2.45, 8.85]},
			"faces": {
				"north": {"uv": [11.5, 13.93478, 11.5, 13.80435], "texture": "#8"},
				"east": {"uv": [11.77273, 13.93478, 11.5, 14.5], "texture": "#8"},
				"south": {"uv": [12, 13.93478, 12.31818, 13.80435], "texture": "#8"},
				"west": {"uv": [11.81818, 13.93478, 11.5, 14.5], "texture": "#8"},
				"up": {"uv": [11.95455, 13.5, 12.5, 13.93478], "texture": "#8"},
				"down": {"uv": [11.95455, 13.93478, 12.5, 13.54348], "texture": "#8"}
			}
		},
		{
			"from": [13.4, 1.975, 14.625],
			"to": [14.625, 2.45, 15.25],
			"rotation": {"angle": 0, "axis": "y", "origin": [8.5, 2.45, 8.5]},
			"faces": {
				"north": {"uv": [11.90909, 13.93478, 11.5, 13.80435], "texture": "#8"},
				"east": {"uv": [11.81818, 13.93478, 11.5, 14.5], "texture": "#8"},
				"south": {"uv": [12, 13.93478, 11.90909, 13.80435], "texture": "#8"},
				"west": {"uv": [11.77273, 13.93478, 11.5, 14.5], "texture": "#8"},
				"up": {"uv": [11.95455, 13.5, 12.5, 13.93478], "rotation": 180, "texture": "#8"},
				"down": {"uv": [11.95455, 13.93478, 12.5, 13.54348], "rotation": 180, "texture": "#8"}
			}
		},
		{
			"from": [14.625, 1.975, 13.425],
			"to": [15.25, 2.45, 14.625],
			"rotation": {"angle": 0, "axis": "y", "origin": [8.475, 2.45, 8.5]},
			"faces": {
				"north": {"uv": [11.77273, 13.93478, 11.5, 14.5], "texture": "#8"},
				"east": {"uv": [11.90909, 13.93478, 11.5, 13.80435], "texture": "#8"},
				"south": {"uv": [12, 13.93478, 11.86364, 14.5], "texture": "#8"},
				"west": {"uv": [11.5, 13.93478, 11.5, 13.80435], "texture": "#8"},
				"up": {"uv": [11.95455, 13.5, 12.5, 13.93478], "rotation": 270, "texture": "#8"},
				"down": {"uv": [11.95455, 13.93478, 12.5, 13.54348], "rotation": 90, "texture": "#8"}
			}
		},
		{
			"from": [14.625, 1.975, 2.375],
			"to": [15.25, 2.45, 3.6],
			"rotation": {"angle": 0, "axis": "y", "origin": [8.5, 2.45, 8.5]},
			"faces": {
				"north": {"uv": [12, 13.93478, 11.86364, 14.5], "texture": "#8"},
				"east": {"uv": [11.5, 13.93478, 11.5, 13.80435], "texture": "#8"},
				"south": {"uv": [11.77273, 13.93478, 11.5, 14.5], "texture": "#8"},
				"west": {"uv": [11.90909, 13.93478, 11.5, 13.80435], "texture": "#8"},
				"up": {"uv": [11.95455, 13.5, 12.5, 13.93478], "rotation": 90, "texture": "#8"},
				"down": {"uv": [11.95455, 13.93478, 12.5, 13.54348], "rotation": 270, "texture": "#8"}
			}
		},
		{
			"from": [13.425, 1.975, 1.75],
			"to": [14.625, 2.45, 2.375],
			"rotation": {"angle": 0, "axis": "y", "origin": [8.5, 2.45, 8.5]},
			"faces": {
				"north": {"uv": [12, 13.93478, 12.31818, 13.80435], "texture": "#8"},
				"east": {"uv": [11.81818, 13.93478, 11.5, 14.5], "texture": "#8"},
				"south": {"uv": [11.5, 13.93478, 11.5, 13.80435], "texture": "#8"},
				"west": {"uv": [11.77273, 13.93478, 11.5, 14.5], "texture": "#8"},
				"up": {"uv": [11.95455, 13.5, 12.5, 13.93478], "rotation": 180, "texture": "#8"},
				"down": {"uv": [11.95455, 13.93478, 12.5, 13.54348], "rotation": 180, "texture": "#8"}
			}
		},
		{
			"from": [2.375, 1.975, 1.75],
			"to": [3.6, 2.45, 2.375],
			"rotation": {"angle": 0, "axis": "y", "origin": [8.5, 2.45, 8.5]},
			"faces": {
				"north": {"uv": [12, 13.93478, 11.90909, 13.80435], "texture": "#8"},
				"east": {"uv": [11.77273, 13.93478, 11.5, 14.5], "texture": "#8"},
				"south": {"uv": [11.90909, 13.93478, 11.5, 13.80435], "texture": "#8"},
				"west": {"uv": [11.81818, 13.93478, 11.5, 14.5], "texture": "#8"},
				"up": {"uv": [11.95455, 13.5, 12.5, 13.93478], "texture": "#8"},
				"down": {"uv": [11.95455, 13.93478, 12.5, 13.54348], "texture": "#8"}
			}
		},
		{
			"from": [1.75, 1.975, 2.375],
			"to": [2.375, 2.45, 3.575],
			"rotation": {"angle": 0, "axis": "y", "origin": [8.525, 2.45, 8.5]},
			"faces": {
				"north": {"uv": [11.81818, 13.93478, 11.5, 14.5], "texture": "#8"},
				"east": {"uv": [11.5, 13.93478, 11.5, 13.80435], "texture": "#8"},
				"south": {"uv": [11.77273, 13.93478, 11.5, 14.5], "texture": "#8"},
				"west": {"uv": [12, 13.93478, 12.31818, 13.80435], "texture": "#8"},
				"up": {"uv": [11.95455, 13.5, 12.5, 13.93478], "rotation": 90, "texture": "#8"},
				"down": {"uv": [11.95455, 13.93478, 12.5, 13.54348], "rotation": 270, "texture": "#8"}
			}
		},
		{
			"from": [5.275, 1.975, 15.25],
			"to": [7.725, 2.45, 15.875],
			"rotation": {"angle": 0, "axis": "y", "origin": [10.55, 2.45, 9.475]},
			"faces": {
				"north": {"uv": [11.5, 13.93478, 11.5, 13.80435], "texture": "#8"},
				"east": {"uv": [11.77273, 13.93478, 11.5, 14.5], "texture": "#8"},
				"south": {"uv": [12, 13.93478, 12.31818, 13.80435], "texture": "#8"},
				"west": {"uv": [11.81818, 13.93478, 11.5, 14.5], "texture": "#8"},
				"up": {"uv": [11.95455, 13.5, 12.5, 13.93478], "texture": "#8"},
				"down": {"uv": [11.95455, 13.93478, 12.5, 13.54348], "texture": "#8"}
			}
		},
		{
			"from": [9.275, 1.975, 15.25],
			"to": [11.725, 2.45, 15.875],
			"rotation": {"angle": 0, "axis": "y", "origin": [14.55, 2.45, 9.475]},
			"faces": {
				"north": {"uv": [11.5, 13.93478, 11.5, 13.80435], "texture": "#8"},
				"east": {"uv": [11.77273, 13.93478, 11.5, 14.5], "texture": "#8"},
				"south": {"uv": [12, 13.93478, 12.31818, 13.80435], "texture": "#8"},
				"west": {"uv": [11.81818, 13.93478, 11.5, 14.5], "texture": "#8"},
				"up": {"uv": [11.95455, 13.5, 12.5, 13.93478], "texture": "#8"},
				"down": {"uv": [11.95455, 13.93478, 12.5, 13.54348], "texture": "#8"}
			}
		},
		{
			"from": [5.275, 1.975, 1.125],
			"to": [7.725, 2.45, 1.75],
			"rotation": {"angle": 0, "axis": "y", "origin": [10.55, 2.45, -4.65]},
			"faces": {
				"north": {"uv": [12, 13.93478, 11.90909, 13.80435], "texture": "#8"},
				"east": {"uv": [11.77273, 13.93478, 11.5, 14.5], "texture": "#8"},
				"south": {"uv": [11.90909, 13.93478, 11.5, 13.80435], "texture": "#8"},
				"west": {"uv": [11.81818, 13.93478, 11.5, 14.5], "texture": "#8"},
				"up": {"uv": [11.95455, 13.5, 12.5, 13.93478], "texture": "#8"},
				"down": {"uv": [11.95455, 13.93478, 12.5, 13.54348], "texture": "#8"}
			}
		},
		{
			"from": [9.275, 1.975, 1.125],
			"to": [11.725, 2.45, 1.75],
			"rotation": {"angle": 0, "axis": "y", "origin": [14.55, 2.45, -4.65]},
			"faces": {
				"north": {"uv": [12, 13.93478, 11.90909, 13.80435], "texture": "#8"},
				"east": {"uv": [11.77273, 13.93478, 11.5, 14.5], "texture": "#8"},
				"south": {"uv": [11.90909, 13.93478, 11.5, 13.80435], "texture": "#8"},
				"west": {"uv": [11.81818, 13.93478, 11.5, 14.5], "texture": "#8"},
				"up": {"uv": [11.95455, 13.5, 12.5, 13.93478], "texture": "#8"},
				"down": {"uv": [11.95455, 13.93478, 12.5, 13.54348], "texture": "#8"}
			}
		},
		{
			"from": [15.25, 1.975, 9.275],
			"to": [15.875, 2.45, 11.725],
			"rotation": {"angle": 0, "axis": "y", "origin": [8.5, 2.45, 8.5]},
			"faces": {
				"north": {"uv": [12, 13.93478, 11.81818, 14.5], "texture": "#8"},
				"east": {"uv": [11.90909, 13.93478, 11.5, 13.80435], "texture": "#8"},
				"south": {"uv": [11.81818, 13.93478, 11.5, 14.5], "texture": "#8"},
				"west": {"uv": [11.5, 13.93478, 11.5, 13.80435], "texture": "#8"},
				"up": {"uv": [11.95455, 13.5, 12.5, 13.93478], "rotation": 270, "texture": "#8"},
				"down": {"uv": [11.95455, 13.93478, 12.5, 13.54348], "rotation": 90, "texture": "#8"}
			}
		},
		{
			"from": [15.25, 1.975, 5.275],
			"to": [15.875, 2.45, 7.725],
			"rotation": {"angle": 0, "axis": "y", "origin": [8.5, 2.45, 8.5]},
			"faces": {
				"north": {"uv": [12, 13.93478, 11.81818, 14.5], "texture": "#8"},
				"east": {"uv": [11.90909, 13.93478, 11.5, 13.80435], "texture": "#8"},
				"south": {"uv": [11.81818, 13.93478, 11.5, 14.5], "texture": "#8"},
				"west": {"uv": [11.5, 13.93478, 11.5, 13.80435], "texture": "#8"},
				"up": {"uv": [11.95455, 13.5, 12.5, 13.93478], "rotation": 270, "texture": "#8"},
				"down": {"uv": [11.95455, 13.93478, 12.5, 13.54348], "rotation": 90, "texture": "#8"}
			}
		},
		{
			"from": [1.75, 1.975, 13.425],
			"to": [2.375, 2.45, 14.625],
			"rotation": {"angle": 0, "axis": "y", "origin": [9.125, 2.45, 9.75]},
			"faces": {
				"north": {"uv": [11.77273, 13.93478, 11.5, 14.5], "texture": "#8"},
				"east": {"uv": [11.90909, 13.93478, 11.5, 13.80435], "texture": "#8"},
				"south": {"uv": [11.81818, 13.93478, 11.5, 14.5], "texture": "#8"},
				"west": {"uv": [12, 13.93478, 11.90909, 13.80435], "texture": "#8"},
				"up": {"uv": [11.95455, 13.5, 12.5, 13.93478], "rotation": 270, "texture": "#8"},
				"down": {"uv": [11.95455, 13.93478, 12.5, 13.54348], "rotation": 90, "texture": "#8"}
			}
		},
		{
			"from": [1.125, 1.975, 9.275],
			"to": [1.75, 2.45, 11.725],
			"rotation": {"angle": 0, "axis": "y", "origin": [8.5, 2.45, 8.5]},
			"faces": {
				"north": {"uv": [11.77273, 13.93478, 11.5, 14.5], "texture": "#8"},
				"east": {"uv": [11.90909, 13.93478, 11.5, 13.80435], "texture": "#8"},
				"south": {"uv": [11.81818, 13.93478, 11.5, 14.5], "texture": "#8"},
				"west": {"uv": [12, 13.93478, 11.90909, 13.80435], "texture": "#8"},
				"up": {"uv": [11.95455, 13.5, 12.5, 13.93478], "rotation": 270, "texture": "#8"},
				"down": {"uv": [11.95455, 13.93478, 12.5, 13.54348], "rotation": 90, "texture": "#8"}
			}
		},
		{
			"from": [1.125, 1.975, 5.275],
			"to": [1.75, 2.45, 7.725],
			"rotation": {"angle": 0, "axis": "y", "origin": [8.5, 2.45, 8.5]},
			"faces": {
				"north": {"uv": [11.77273, 13.93478, 11.5, 14.5], "texture": "#8"},
				"east": {"uv": [11.90909, 13.93478, 11.5, 13.80435], "texture": "#8"},
				"south": {"uv": [11.81818, 13.93478, 11.5, 14.5], "texture": "#8"},
				"west": {"uv": [12, 13.93478, 11.90909, 13.80435], "texture": "#8"},
				"up": {"uv": [11.95455, 13.5, 12.5, 13.93478], "rotation": 270, "texture": "#8"},
				"down": {"uv": [11.95455, 13.93478, 12.5, 13.54348], "rotation": 90, "texture": "#8"}
			}
		},
		{
			"from": [4, 2.45, 1.125],
			"to": [13, 4.65, 1.75],
			"rotation": {"angle": 0, "axis": "y", "origin": [8.475, 4.65, 7.475]},
			"faces": {
				"north": {"uv": [0, 7, 4.5, 8], "texture": "#8"},
				"east": {"uv": [4, 14, 4.5, 15], "texture": "#8"},
				"south": {"uv": [4.5, 7, 9, 8], "texture": "#8"},
				"west": {"uv": [4.5, 14, 5, 15], "texture": "#8"},
				"up": {"uv": [15.5, 4.5, 11, 4], "texture": "#8"},
				"down": {"uv": [15.5, 4.5, 11, 5], "texture": "#8"}
			}
		},
		{
			"from": [13, 2.45, 14.625],
			"to": [14.625, 4.65, 15.25],
			"rotation": {"angle": 0, "axis": "y", "origin": [8.6, 4.65, 9.6]},
			"faces": {
				"north": {"uv": [5, 14, 5.5, 15], "texture": "#8"},
				"east": {"uv": [14, 5, 14.5, 6], "texture": "#8"},
				"south": {"uv": [7.5, 14, 8, 15], "texture": "#8"},
				"west": {"uv": [8, 14, 8.5, 15], "texture": "#8"},
				"up": {"uv": [16, 1.5, 15.5, 1], "texture": "#8"},
				"down": {"uv": [16, 1.5, 15.5, 2], "texture": "#8"}
			}
		},
		{
			"from": [14.625, 2.45, 13],
			"to": [15.25, 4.65, 14.625],
			"rotation": {"angle": 0, "axis": "y", "origin": [9.6, 4.65, 8.6]},
			"faces": {
				"north": {"uv": [8.5, 14, 9, 15], "texture": "#8"},
				"east": {"uv": [14, 13.5, 14.5, 14.5], "texture": "#8"},
				"south": {"uv": [14.5, 5, 15, 6], "texture": "#8"},
				"west": {"uv": [10, 14.5, 10.5, 15.5], "texture": "#8"},
				"up": {"uv": [16, 2.5, 15.5, 2], "texture": "#8"},
				"down": {"uv": [16, 2.5, 15.5, 3], "texture": "#8"}
			}
		},
		{
			"from": [1.75, 2.45, 13],
			"to": [2.375, 4.65, 14.625],
			"rotation": {"angle": 0, "axis": "y", "origin": [7.6, 4.65, 8.6]},
			"faces": {
				"north": {"uv": [10.5, 14.5, 11, 15.5], "texture": "#8"},
				"east": {"uv": [14.5, 10.5, 15, 11.5], "texture": "#8"},
				"south": {"uv": [11, 14.5, 11.5, 15.5], "texture": "#8"},
				"west": {"uv": [11.5, 14.5, 12, 15.5], "texture": "#8"},
				"up": {"uv": [16, 3.5, 15.5, 3], "texture": "#8"},
				"down": {"uv": [16, 3.5, 15.5, 4], "texture": "#8"}
			}
		},
		{
			"from": [2.375, 2.45, 14.625],
			"to": [4, 4.65, 15.25],
			"rotation": {"angle": 0, "axis": "y", "origin": [8.6, 4.65, 9.6]},
			"faces": {
				"north": {"uv": [14.5, 11.5, 15, 12.5], "texture": "#8"},
				"east": {"uv": [12, 14.5, 12.5, 15.5], "texture": "#8"},
				"south": {"uv": [12.5, 14.5, 13, 15.5], "texture": "#8"},
				"west": {"uv": [14.5, 12.5, 15, 13.5], "texture": "#8"},
				"up": {"uv": [16, 4.5, 15.5, 4], "texture": "#8"},
				"down": {"uv": [16, 4.5, 15.5, 5], "texture": "#8"}
			}
		},
		{
			"from": [13, 2.45, 1.75],
			"to": [14.625, 4.65, 2.375],
			"rotation": {"angle": 0, "axis": "y", "origin": [8.4, 4.65, 7.4]},
			"faces": {
				"north": {"uv": [13, 14.5, 13.5, 15.5], "texture": "#8"},
				"east": {"uv": [13.5, 14.5, 14, 15.5], "texture": "#8"},
				"south": {"uv": [14.5, 13.5, 15, 14.5], "texture": "#8"},
				"west": {"uv": [14, 14.5, 14.5, 15.5], "texture": "#8"},
				"up": {"uv": [16, 5.5, 15.5, 5], "texture": "#8"},
				"down": {"uv": [6, 15.5, 5.5, 16], "texture": "#8"}
			}
		},
		{
			"from": [14.625, 2.45, 2.375],
			"to": [15.25, 4.65, 4],
			"rotation": {"angle": 0, "axis": "y", "origin": [9.4, 4.65, 8.4]},
			"faces": {
				"north": {"uv": [14.5, 14.5, 15, 15.5], "texture": "#8"},
				"east": {"uv": [15, 0, 15.5, 1], "texture": "#8"},
				"south": {"uv": [1, 15, 1.5, 16], "texture": "#8"},
				"west": {"uv": [15, 1, 15.5, 2], "texture": "#8"},
				"up": {"uv": [16, 6, 15.5, 5.5], "texture": "#8"},
				"down": {"uv": [6.5, 15.5, 6, 16], "texture": "#8"}
			}
		},
		{
			"from": [2.375, 2.45, 1.75],
			"to": [4, 4.65, 2.375],
			"rotation": {"angle": 0, "axis": "y", "origin": [8.4, 4.65, 7.4]},
			"faces": {
				"north": {"uv": [1.5, 15, 2, 16], "texture": "#8"},
				"east": {"uv": [2, 15, 2.5, 16], "texture": "#8"},
				"south": {"uv": [2.5, 15, 3, 16], "texture": "#8"},
				"west": {"uv": [3, 15, 3.5, 16], "texture": "#8"},
				"up": {"uv": [16, 6.5, 15.5, 6], "texture": "#8"},
				"down": {"uv": [7, 15.5, 6.5, 16], "texture": "#8"}
			}
		},
		{
			"from": [1.75, 2.45, 2.375],
			"to": [2.375, 4.65, 4],
			"rotation": {"angle": 0, "axis": "y", "origin": [7.4, 4.65, 8.4]},
			"faces": {
				"north": {"uv": [3.5, 15, 4, 16], "texture": "#8"},
				"east": {"uv": [4, 15, 4.5, 16], "texture": "#8"},
				"south": {"uv": [4.5, 15, 5, 16], "texture": "#8"},
				"west": {"uv": [5, 15, 5.5, 16], "texture": "#8"},
				"up": {"uv": [16, 7, 15.5, 6.5], "texture": "#8"},
				"down": {"uv": [7.5, 15.5, 7, 16], "texture": "#8"}
			}
		}
	],
	"display": {
		"thirdperson_righthand": {
			"rotation": [15, 180, 12],
			"translation": [3.75, 18.5, 13.5],
			"scale": [2.25, 2.25, 2.25]
		},
		"thirdperson_lefthand": {
			"rotation": [15, 180, 10],
			"translation": [1, 18.75, 13.5],
			"scale": [2.25, 2.25, 2.25]
		},
		"firstperson_righthand": {
			"rotation": [23, -178, -1],
			"translation": [9, 25, 10],
			"scale": [2, 2.24, 2]
		},
		"firstperson_lefthand": {
			"rotation": [16, -157, 6],
			"translation": [-2, 28, 9.75],
			"scale": [2, 2.32, 2]
		},
		"ground": {
			"rotation": [-54, 0, 0],
			"translation": [-0.75, 15.25, -10.25],
			"scale": [2, 2, 2]
		},
		"gui": {
			"rotation": [-168, 180, -139],
			"translation": [-3.75, 3.25, 0]
		},
		"head": {
			"rotation": [0, 90, 0],
			"translation": [-1, 14.75, 0.5],
			"scale": [2.3, 2.3, 2.3]
		},
		"fixed": {
			"rotation": [-41, -90, 0],
			"translation": [0.75, 13.75, -26.25],
			"scale": [3, 3, 3]
		}
	},
	"groups": [
		{
			"name": "group",
			"origin": [8.55, 3.225, 8.425],
			"color": 0,
			"children": [0, 1, 2, 3, 4, 5, 6, 7, 8, 9, 10, 11, 12, 13, 14, 15, 16, 17, 18, 19, 20, 21, 22, 23]
		},
		{
			"name": "group",
			"origin": [7, 0.425, 8],
			"color": 0,
			"children": [24, 25, 26, 27, 28, 29, 30, 31, 32, 33, 34, 35, 36, 37]
		},
		{
			"name": "panel",
			"origin": [8.4, 3.425, 8.4],
			"color": 0,
			"children": [
				38,
				39,
				40,
				41,
				42,
				43,
				44,
				45,
				46,
				47,
				48,
				49,
				50,
				51,
				52,
				53,
				54,
				55,
				56,
				57,
				58,
				59,
				60,
				61,
				62,
				63,
				64,
				65,
				66,
				67,
				68,
				69,
				70,
				71,
				72,
				73,
				74,
				75,
				76,
				77,
				78,
				79,
				80,
				81,
				82,
				83,
				84,
				85,
				86
			]
		}
	]
}