{
  "parent": "item/handheld",
  "textures": {
    "layer0": "item/iron_pickaxe"
  },
  "overrides": [
    {
      "predicate": { "custom_model_data": 1337001, "damage": 0.988 },
      "model": "custom/lucky_iron_pickaxe"
    },
    {
      "predicate": { "custom_model_data": 1337001, "damage": 0.992 },
      "model": "custom/lucky_iron_pickaxe_1"
    },
    {
      "predicate": { "custom_model_data": 1337001, "damage": 0.996 },
      "model": "custom/lucky_iron_pickaxe_2"
    },
    {
      "predicate": { "custom_model_data": 1337002 },
      "model": "custom/how_iron_pickaxe"
    }
  ]
}
