{
	"credit": "Made with Blockbench",
	"texture_size": [64, 64],
	"textures": {
		"1": "item/vip/how_keyboard",
		"particle": "item/vip/how_keyboard"
	},
	"elements": [
		{
			"from": [-6.6, -0.1, 3.4],
			"to": [23.9, 1.6, 13],
			"rotation": {"angle": 0, "axis": "y", "origin": [-7, 0, 3]},
			"faces": {
				"north": {"uv": [7.75, 0, 15.5, 0.5], "texture": "#1"},
				"east": {"uv": [7.75, 7.5, 10.25, 8], "texture": "#1"},
				"south": {"uv": [7.75, 0.5, 15.5, 1], "texture": "#1"},
				"west": {"uv": [0, 8, 2.5, 8.5], "texture": "#1"},
				"up": {"uv": [7.75, 2.5, 0, 0], "texture": "#1"},
				"down": {"uv": [7.75, 2.5, 0, 5], "texture": "#1"}
			}
		},
		{
			"from": [23.9, 0, 3.4],
			"to": [24.3, 2.4, 13],
			"rotation": {"angle": 0, "axis": "y", "origin": [-6, 0, 3]},
			"faces": {
				"north": {"uv": [10.75, 15.25, 11, 16], "texture": "#1"},
				"east": {"uv": [0, 5, 7.75, 6.5], "texture": "#1"},
				"south": {"uv": [12, 15.25, 12.25, 16], "texture": "#1"},
				"west": {"uv": [7.75, 4.25, 10.25, 5], "texture": "#1"},
				"up": {"uv": [0.25, 11, 0, 8.5], "texture": "#1"},
				"down": {"uv": [0.5, 8.5, 0.25, 11], "texture": "#1"}
			}
		},
		{
			"from": [-7, 0, 3.4],
			"to": [-6.6, 2.4, 13],
			"rotation": {"angle": 0, "axis": "y", "origin": [-37, 0, 3]},
			"faces": {
				"north": {"uv": [12.25, 15.25, 12.5, 16], "texture": "#1"},
				"east": {"uv": [0, 4.75, 2.5, 5.5], "texture": "#1"},
				"south": {"uv": [12.5, 15.25, 12.75, 16], "texture": "#1"},
				"west": {"uv": [0, 5, 7.75, 6.5], "texture": "#1"},
				"up": {"uv": [0.75, 11, 0.5, 8.5], "texture": "#1"},
				"down": {"uv": [1, 8.5, 0.75, 11], "texture": "#1"}
			}
		},
		{
			"from": [-7, 0, 3],
			"to": [24.3, 2.4, 3.4],
			"rotation": {"angle": 0, "axis": "y", "origin": [-7, 0, 3]},
			"faces": {
				"north": {"uv": [0, 5, 7.75, 6.5], "texture": "#1"},
				"east": {"uv": [15.25, 9.5, 15.5, 10.25], "texture": "#1"},
				"south": {"uv": [0, 5, 7.75, 5.75], "texture": "#1"},
				"west": {"uv": [10, 15.25, 10.25, 16], "texture": "#1"},
				"up": {"uv": [7.75, 5.75, 0, 5.5], "texture": "#1"},
				"down": {"uv": [7.75, 5.5, 0, 5.75], "texture": "#1"}
			}
		},
		{
			"from": [-7, 0, 13],
			"to": [24.3, 2.4, 13.4],
			"rotation": {"angle": 0, "axis": "y", "origin": [-7, 0, 13]},
			"faces": {
				"north": {"uv": [0, 6.5, 7.75, 7.25], "texture": "#1"},
				"east": {"uv": [10.25, 15.25, 10.5, 16], "texture": "#1"},
				"south": {"uv": [0, 6.5, 7.75, 5], "texture": "#1"},
				"west": {"uv": [10.5, 15.25, 10.75, 16], "texture": "#1"},
				"up": {"uv": [15.5, 3.25, 7.75, 3], "texture": "#1"},
				"down": {"uv": [15.5, 3.25, 7.75, 3.5], "texture": "#1"}
			}
		},
		{
			"from": [-6.5, 0, 11.1],
			"to": [-4.7, 2.5, 12.9],
			"rotation": {"angle": 0, "axis": "y", "origin": [-7, 0, 11]},
			"faces": {
				"north": {"uv": [2, 9.25, 2.5, 10], "texture": "#1"},
				"east": {"uv": [9.25, 8, 9.75, 8.75], "texture": "#1"},
				"south": {"uv": [8.25, 9.25, 8.75, 10], "texture": "#1"},
				"west": {"uv": [8.75, 9.25, 9.25, 10], "texture": "#1"},
				"up": {"uv": [14.75, 4, 14.25, 3.5], "texture": "#1"},
				"down": {"uv": [14.75, 4, 14.25, 4.5], "texture": "#1"}
			}
		},
		{
			"from": [22, 0, 11.1],
			"to": [23.8, 2.5, 12.9],
			"rotation": {"angle": 0, "axis": "y", "origin": [21, 0, 11]},
			"faces": {
				"north": {"uv": [9.75, 8.75, 10.25, 9.5], "texture": "#1"},
				"east": {"uv": [9.75, 9.5, 10.25, 10.25], "texture": "#1"},
				"south": {"uv": [2, 10, 2.5, 10.75], "texture": "#1"},
				"west": {"uv": [8, 10, 8.5, 10.75], "texture": "#1"},
				"up": {"uv": [7.5, 14.75, 7, 14.25], "texture": "#1"},
				"down": {"uv": [14.75, 7, 14.25, 7.5], "texture": "#1"}
			}
		},
		{
			"from": [20.1, 0, 11.1],
			"to": [21.9, 2.5, 12.9],
			"rotation": {"angle": 0, "axis": "y", "origin": [19, 0, 11]},
			"faces": {
				"north": {"uv": [8.5, 10, 9, 10.75], "texture": "#1"},
				"east": {"uv": [2.5, 10.25, 3, 11], "texture": "#1"},
				"south": {"uv": [3, 10.25, 3.5, 11], "texture": "#1"},
				"west": {"uv": [3.5, 10.25, 4, 11], "texture": "#1"},
				"up": {"uv": [14.75, 8, 14.25, 7.5], "texture": "#1"},
				"down": {"uv": [14.75, 9.5, 14.25, 10], "texture": "#1"}
			}
		},
		{
			"from": [19.2, 0, 9.2],
			"to": [21, 2.5, 11],
			"rotation": {"angle": 0, "axis": "y", "origin": [18, 0, 9]},
			"faces": {
				"north": {"uv": [11.25, 9, 11.75, 9.75], "texture": "#1"},
				"east": {"uv": [10, 11.25, 10.5, 12], "texture": "#1"},
				"south": {"uv": [10.5, 11.25, 11, 12], "texture": "#1"},
				"west": {"uv": [1.75, 11.5, 2.25, 12.25], "texture": "#1"},
				"up": {"uv": [15.25, 2, 14.75, 1.5], "texture": "#1"},
				"down": {"uv": [2.5, 14.75, 2, 15.25], "texture": "#1"}
			}
		},
		{
			"from": [17.3, 0, 9.2],
			"to": [19.1, 2.5, 11],
			"rotation": {"angle": 0, "axis": "y", "origin": [16, 0, 9]},
			"faces": {
				"north": {"uv": [8, 11.5, 8.5, 12.25], "texture": "#1"},
				"east": {"uv": [8.5, 11.5, 9, 12.25], "texture": "#1"},
				"south": {"uv": [11.5, 9.75, 12, 10.5], "texture": "#1"},
				"west": {"uv": [11, 11.5, 11.5, 12.25], "texture": "#1"},
				"up": {"uv": [15.25, 2.5, 14.75, 2], "texture": "#1"},
				"down": {"uv": [3, 14.75, 2.5, 15.25], "texture": "#1"}
			}
		},
		{
			"from": [15.4, 0, 9.2],
			"to": [17.2, 2.5, 11],
			"rotation": {"angle": 0, "axis": "y", "origin": [14, 0, 9]},
			"faces": {
				"north": {"uv": [11.5, 11.5, 12, 12.25], "texture": "#1"},
				"east": {"uv": [0, 11.75, 0.5, 12.5], "texture": "#1"},
				"south": {"uv": [0.5, 11.75, 1, 12.5], "texture": "#1"},
				"west": {"uv": [1, 11.75, 1.5, 12.5], "texture": "#1"},
				"up": {"uv": [3.5, 15.25, 3, 14.75], "texture": "#1"},
				"down": {"uv": [4, 14.75, 3.5, 15.25], "texture": "#1"}
			}
		},
		{
			"from": [13.5, 0, 9.2],
			"to": [15.3, 2.5, 11],
			"rotation": {"angle": 0, "axis": "y", "origin": [12, 0, 9]},
			"faces": {
				"north": {"uv": [11.75, 1, 12.25, 1.75], "texture": "#1"},
				"east": {"uv": [11.75, 1.75, 12.25, 2.5], "texture": "#1"},
				"south": {"uv": [2.25, 11.75, 2.75, 12.5], "texture": "#1"},
				"west": {"uv": [2.75, 11.75, 3.25, 12.5], "texture": "#1"},
				"up": {"uv": [15.25, 4, 14.75, 3.5], "texture": "#1"},
				"down": {"uv": [4.5, 14.75, 4, 15.25], "texture": "#1"}
			}
		},
		{
			"from": [11.6, 0, 9.2],
			"to": [13.4, 2.5, 11],
			"rotation": {"angle": 0, "axis": "y", "origin": [10, 0, 9]},
			"faces": {
				"north": {"uv": [3.25, 11.75, 3.75, 12.5], "texture": "#1"},
				"east": {"uv": [11.75, 3.5, 12.25, 4.25], "texture": "#1"},
				"south": {"uv": [3.75, 11.75, 4.25, 12.5], "texture": "#1"},
				"west": {"uv": [4.25, 11.75, 4.75, 12.5], "texture": "#1"},
				"up": {"uv": [15.25, 4.5, 14.75, 4], "texture": "#1"},
				"down": {"uv": [5, 14.75, 4.5, 15.25], "texture": "#1"}
			}
		},
		{
			"from": [9.7, 0, 9.2],
			"to": [11.5, 2.5, 11],
			"rotation": {"angle": 0, "axis": "y", "origin": [8, 0, 9]},
			"faces": {
				"north": {"uv": [11.75, 4.25, 12.25, 5], "texture": "#1"},
				"east": {"uv": [4.75, 11.75, 5.25, 12.5], "texture": "#1"},
				"south": {"uv": [11.75, 5, 12.25, 5.75], "texture": "#1"},
				"west": {"uv": [5.25, 11.75, 5.75, 12.5], "texture": "#1"},
				"up": {"uv": [15.25, 5, 14.75, 4.5], "texture": "#1"},
				"down": {"uv": [5.5, 14.75, 5, 15.25], "texture": "#1"}
			}
		},
		{
			"from": [7.8, 0, 9.2],
			"to": [9.6, 2.5, 11],
			"rotation": {"angle": 0, "axis": "y", "origin": [6, 0, 9]},
			"faces": {
				"north": {"uv": [11.75, 5.75, 12.25, 6.5], "texture": "#1"},
				"east": {"uv": [11.75, 6.5, 12.25, 7.25], "texture": "#1"},
				"south": {"uv": [11.75, 7.25, 12.25, 8], "texture": "#1"},
				"west": {"uv": [9, 11.75, 9.5, 12.5], "texture": "#1"},
				"up": {"uv": [15.25, 5.5, 14.75, 5], "texture": "#1"},
				"down": {"uv": [6, 14.75, 5.5, 15.25], "texture": "#1"}
			}
		},
		{
			"from": [5.9, 0, 9.2],
			"to": [7.7, 2.5, 11],
			"rotation": {"angle": 0, "axis": "y", "origin": [4, 0, 9]},
			"faces": {
				"north": {"uv": [11.75, 9, 12.25, 9.75], "texture": "#1"},
				"east": {"uv": [9.5, 11.75, 10, 12.5], "texture": "#1"},
				"south": {"uv": [11.75, 10.5, 12.25, 11.25], "texture": "#1"},
				"west": {"uv": [5.75, 12, 6.25, 12.75], "texture": "#1"},
				"up": {"uv": [15.25, 6, 14.75, 5.5], "texture": "#1"},
				"down": {"uv": [6.5, 14.75, 6, 15.25], "texture": "#1"}
			}
		},
		{
			"from": [4, 0, 9.2],
			"to": [5.8, 2.5, 11],
			"rotation": {"angle": 0, "axis": "y", "origin": [2, 0, 9]},
			"faces": {
				"north": {"uv": [6.25, 12, 6.75, 12.75], "texture": "#1"},
				"east": {"uv": [6.75, 12, 7.25, 12.75], "texture": "#1"},
				"south": {"uv": [7.25, 12, 7.75, 12.75], "texture": "#1"},
				"west": {"uv": [12, 8, 12.5, 8.75], "texture": "#1"},
				"up": {"uv": [15.25, 6.5, 14.75, 6], "texture": "#1"},
				"down": {"uv": [7, 14.75, 6.5, 15.25], "texture": "#1"}
			}
		},
		{
			"from": [2.1, 0, 9.2],
			"to": [3.9, 2.5, 11],
			"rotation": {"angle": 0, "axis": "y", "origin": [0, 0, 9]},
			"faces": {
				"north": {"uv": [12, 9.75, 12.5, 10.5], "texture": "#1"},
				"east": {"uv": [10, 12, 10.5, 12.75], "texture": "#1"},
				"south": {"uv": [10.5, 12, 11, 12.75], "texture": "#1"},
				"west": {"uv": [12, 11.25, 12.5, 12], "texture": "#1"},
				"up": {"uv": [15.25, 7, 14.75, 6.5], "texture": "#1"},
				"down": {"uv": [7.5, 14.75, 7, 15.25], "texture": "#1"}
			}
		},
		{
			"from": [0.2, 0, 9.2],
			"to": [2, 2.5, 11],
			"rotation": {"angle": 0, "axis": "y", "origin": [-2, 0, 9]},
			"faces": {
				"north": {"uv": [12, 12, 12.5, 12.75], "texture": "#1"},
				"east": {"uv": [12.25, 1, 12.75, 1.75], "texture": "#1"},
				"south": {"uv": [1.5, 12.25, 2, 13], "texture": "#1"},
				"west": {"uv": [12.25, 1.75, 12.75, 2.5], "texture": "#1"},
				"up": {"uv": [15.25, 7.5, 14.75, 7], "texture": "#1"},
				"down": {"uv": [15.25, 7.5, 14.75, 8], "texture": "#1"}
			}
		},
		{
			"from": [-1.7, 0, 9.2],
			"to": [0.1, 2.5, 11],
			"rotation": {"angle": 0, "axis": "y", "origin": [-4, 0, 9]},
			"faces": {
				"north": {"uv": [12.25, 3.5, 12.75, 4.25], "texture": "#1"},
				"east": {"uv": [12.25, 4.25, 12.75, 5], "texture": "#1"},
				"south": {"uv": [12.25, 5, 12.75, 5.75], "texture": "#1"},
				"west": {"uv": [12.25, 5.75, 12.75, 6.5], "texture": "#1"},
				"up": {"uv": [9, 15.25, 8.5, 14.75], "texture": "#1"},
				"down": {"uv": [9.5, 14.75, 9, 15.25], "texture": "#1"}
			}
		},
		{
			"from": [18.2, 0, 11.1],
			"to": [20, 2.5, 12.9],
			"rotation": {"angle": 0, "axis": "y", "origin": [17, 0, 11]},
			"faces": {
				"north": {"uv": [10.25, 4.25, 10.75, 5], "texture": "#1"},
				"east": {"uv": [4.5, 10.25, 5, 11], "texture": "#1"},
				"south": {"uv": [5, 10.25, 5.5, 11], "texture": "#1"},
				"west": {"uv": [10.25, 5, 10.75, 5.75], "texture": "#1"},
				"up": {"uv": [14.75, 10.5, 14.25, 10], "texture": "#1"},
				"down": {"uv": [11, 14.25, 10.5, 14.75], "texture": "#1"}
			}
		},
		{
			"from": [16.3, 0, 11.1],
			"to": [18.1, 2.5, 12.9],
			"rotation": {"angle": 0, "axis": "y", "origin": [15, 0, 11]},
			"faces": {
				"north": {"uv": [5.5, 10.25, 6, 11], "texture": "#1"},
				"east": {"uv": [10.25, 5.75, 10.75, 6.5], "texture": "#1"},
				"south": {"uv": [10.25, 7.5, 10.75, 8.25], "texture": "#1"},
				"west": {"uv": [10.25, 8.25, 10.75, 9], "texture": "#1"},
				"up": {"uv": [12.5, 14.75, 12, 14.25], "texture": "#1"},
				"down": {"uv": [14.75, 12.25, 14.25, 12.75], "texture": "#1"}
			}
		},
		{
			"from": [14.4, 0, 11.1],
			"to": [16.2, 2.5, 12.9],
			"rotation": {"angle": 0, "axis": "y", "origin": [13, 0, 11]},
			"faces": {
				"north": {"uv": [9, 10.25, 9.5, 11], "texture": "#1"},
				"east": {"uv": [10.25, 9, 10.75, 9.75], "texture": "#1"},
				"south": {"uv": [9.5, 10.25, 10, 11], "texture": "#1"},
				"west": {"uv": [10.25, 9.75, 10.75, 10.5], "texture": "#1"},
				"up": {"uv": [13, 14.75, 12.5, 14.25], "texture": "#1"},
				"down": {"uv": [14, 14.25, 13.5, 14.75], "texture": "#1"}
			}
		},
		{
			"from": [12.5, 0, 11.1],
			"to": [14.3, 2.5, 12.9],
			"rotation": {"angle": 0, "axis": "y", "origin": [11, 0, 11]},
			"faces": {
				"north": {"uv": [1, 10.5, 1.5, 11.25], "texture": "#1"},
				"east": {"uv": [1.5, 10.5, 2, 11.25], "texture": "#1"},
				"south": {"uv": [6, 10.5, 6.5, 11.25], "texture": "#1"},
				"west": {"uv": [6.5, 10.5, 7, 11.25], "texture": "#1"},
				"up": {"uv": [14.5, 14.75, 14, 14.25], "texture": "#1"},
				"down": {"uv": [2, 14.5, 1.5, 15], "texture": "#1"}
			}
		},
		{
			"from": [10.6, 0, 11.1],
			"to": [12.4, 2.5, 12.9],
			"rotation": {"angle": 0, "axis": "y", "origin": [9, 0, 11]},
			"faces": {
				"north": {"uv": [7, 10.5, 7.5, 11.25], "texture": "#1"},
				"east": {"uv": [7.5, 10.5, 8, 11.25], "texture": "#1"},
				"south": {"uv": [10, 10.5, 10.5, 11.25], "texture": "#1"},
				"west": {"uv": [10.5, 10.5, 11, 11.25], "texture": "#1"},
				"up": {"uv": [8, 15, 7.5, 14.5], "texture": "#1"},
				"down": {"uv": [8.5, 14.5, 8, 15], "texture": "#1"}
			}
		},
		{
			"from": [8.7, 0, 11.1],
			"to": [10.5, 2.5, 12.9],
			"rotation": {"angle": 0, "axis": "y", "origin": [7, 0, 11]},
			"faces": {
				"north": {"uv": [10.75, 1, 11.25, 1.75], "texture": "#1"},
				"east": {"uv": [10.75, 1.75, 11.25, 2.5], "texture": "#1"},
				"south": {"uv": [2, 10.75, 2.5, 11.5], "texture": "#1"},
				"west": {"uv": [10.75, 3.5, 11.25, 4.25], "texture": "#1"},
				"up": {"uv": [15, 8.5, 14.5, 8], "texture": "#1"},
				"down": {"uv": [15, 8.5, 14.5, 9], "texture": "#1"}
			}
		},
		{
			"from": [6.8, 0, 11.1],
			"to": [8.6, 2.5, 12.9],
			"rotation": {"angle": 0, "axis": "y", "origin": [5, 0, 11]},
			"faces": {
				"north": {"uv": [10.75, 4.25, 11.25, 5], "texture": "#1"},
				"east": {"uv": [10.75, 5, 11.25, 5.75], "texture": "#1"},
				"south": {"uv": [10.75, 5.75, 11.25, 6.5], "texture": "#1"},
				"west": {"uv": [10.75, 6.5, 11.25, 7.25], "texture": "#1"},
				"up": {"uv": [15, 9.5, 14.5, 9], "texture": "#1"},
				"down": {"uv": [15, 10.5, 14.5, 11], "texture": "#1"}
			}
		},
		{
			"from": [4.9, 0, 11.1],
			"to": [6.7, 2.5, 12.9],
			"rotation": {"angle": 0, "axis": "y", "origin": [3, 0, 11]},
			"faces": {
				"north": {"uv": [10.75, 7.25, 11.25, 8], "texture": "#1"},
				"east": {"uv": [8, 10.75, 8.5, 11.5], "texture": "#1"},
				"south": {"uv": [10.75, 8, 11.25, 8.75], "texture": "#1"},
				"west": {"uv": [8.5, 10.75, 9, 11.5], "texture": "#1"},
				"up": {"uv": [11.5, 15, 11, 14.5], "texture": "#1"},
				"down": {"uv": [15, 11, 14.5, 11.5], "texture": "#1"}
			}
		},
		{
			"from": [3, 0, 11.1],
			"to": [4.8, 2.5, 12.9],
			"rotation": {"angle": 0, "axis": "y", "origin": [1, 0, 11]},
			"faces": {
				"north": {"uv": [10.75, 8.75, 11.25, 9.5], "texture": "#1"},
				"east": {"uv": [10.75, 9.5, 11.25, 10.25], "texture": "#1"},
				"south": {"uv": [0, 11, 0.5, 11.75], "texture": "#1"},
				"west": {"uv": [0.5, 11, 1, 11.75], "texture": "#1"},
				"up": {"uv": [12, 15, 11.5, 14.5], "texture": "#1"},
				"down": {"uv": [15, 11.5, 14.5, 12], "texture": "#1"}
			}
		},
		{
			"from": [1.1, 0, 11.1],
			"to": [2.9, 2.5, 12.9],
			"rotation": {"angle": 0, "axis": "y", "origin": [-1, 0, 11]},
			"faces": {
				"north": {"uv": [2.5, 11, 3, 11.75], "texture": "#1"},
				"east": {"uv": [3, 11, 3.5, 11.75], "texture": "#1"},
				"south": {"uv": [3.5, 11, 4, 11.75], "texture": "#1"},
				"west": {"uv": [4, 11, 4.5, 11.75], "texture": "#1"},
				"up": {"uv": [15, 13.25, 14.5, 12.75], "texture": "#1"},
				"down": {"uv": [15, 13.25, 14.5, 13.75], "texture": "#1"}
			}
		},
		{
			"from": [-0.8, 0, 11.1],
			"to": [1, 2.5, 12.9],
			"rotation": {"angle": 0, "axis": "y", "origin": [-3, 0, 11]},
			"faces": {
				"north": {"uv": [4.5, 11, 5, 11.75], "texture": "#1"},
				"east": {"uv": [5, 11, 5.5, 11.75], "texture": "#1"},
				"south": {"uv": [5.5, 11, 6, 11.75], "texture": "#1"},
				"west": {"uv": [9, 11, 9.5, 11.75], "texture": "#1"},
				"up": {"uv": [15, 14.25, 14.5, 13.75], "texture": "#1"},
				"down": {"uv": [15, 14.25, 14.5, 14.75], "texture": "#1"}
			}
		},
		{
			"from": [-4.6, 0, 11.1],
			"to": [-0.9, 2.5, 12.9],
			"rotation": {"angle": 0, "axis": "y", "origin": [-5, 0, 11]},
			"faces": {
				"north": {"uv": [2.5, 8, 3.5, 8.75], "texture": "#1"},
				"east": {"uv": [10.25, 3.5, 10.75, 4.25], "texture": "#1"},
				"south": {"uv": [3.5, 8, 4.5, 8.75], "texture": "#1"},
				"west": {"uv": [4, 10.25, 4.5, 11], "texture": "#1"},
				"up": {"uv": [7.25, 9.25, 6.25, 8.75], "texture": "#1"},
				"down": {"uv": [8.25, 8.75, 7.25, 9.25], "texture": "#1"}
			}
		},
		{
			"from": [-6.5, 0, 9.2],
			"to": [-4.7, 2.5, 11],
			"rotation": {"angle": 0, "axis": "y", "origin": [-7, 0, 9]},
			"faces": {
				"north": {"uv": [9.25, 8.75, 9.75, 9.5], "texture": "#1"},
				"east": {"uv": [2.5, 9.5, 3, 10.25], "texture": "#1"},
				"south": {"uv": [3, 9.5, 3.5, 10.25], "texture": "#1"},
				"west": {"uv": [3.5, 9.5, 4, 10.25], "texture": "#1"},
				"up": {"uv": [14.75, 5, 14.25, 4.5], "texture": "#1"},
				"down": {"uv": [14.75, 5, 14.25, 5.5], "texture": "#1"}
			}
		},
		{
			"from": [-4.6, 0, 9.2],
			"to": [-1.8, 2.5, 11],
			"rotation": {"angle": 0, "axis": "y", "origin": [-5, 0, 9]},
			"faces": {
				"north": {"uv": [1, 8.5, 1.75, 9.25], "texture": "#1"},
				"east": {"uv": [9.5, 11, 10, 11.75], "texture": "#1"},
				"south": {"uv": [1.75, 8.5, 2.5, 9.25], "texture": "#1"},
				"west": {"uv": [11, 10.25, 11.5, 11], "texture": "#1"},
				"up": {"uv": [11.75, 11.5, 11, 11], "texture": "#1"},
				"down": {"uv": [1.75, 11.25, 1, 11.75], "texture": "#1"}
			}
		},
		{
			"from": [-2.7, 0, 5.4],
			"to": [0.5, 2.5, 7.2],
			"rotation": {"angle": 0, "axis": "y", "origin": [-3, 0, 5]},
			"faces": {
				"north": {"uv": [3.25, 8.75, 4, 9.5], "texture": "#1"},
				"east": {"uv": [7, 12.75, 7.5, 13.5], "texture": "#1"},
				"south": {"uv": [4, 8.75, 4.75, 9.5], "texture": "#1"},
				"west": {"uv": [12.75, 7.25, 13.25, 8], "texture": "#1"},
				"up": {"uv": [13.5, 9.25, 12.75, 8.75], "texture": "#1"},
				"down": {"uv": [10.5, 12.75, 9.75, 13.25], "texture": "#1"}
			}
		},
		{
			"from": [21.1, 0, 9.2],
			"to": [23.8, 2.5, 11],
			"rotation": {"angle": 0, "axis": "y", "origin": [20, 0, 9]},
			"faces": {
				"north": {"uv": [8.5, 8, 9.25, 8.75], "texture": "#1"},
				"east": {"uv": [11.25, 7.25, 11.75, 8], "texture": "#1"},
				"south": {"uv": [2.5, 8.75, 3.25, 9.5], "texture": "#1"},
				"west": {"uv": [7.5, 11.25, 8, 12], "texture": "#1"},
				"up": {"uv": [12, 8.5, 11.25, 8], "texture": "#1"},
				"down": {"uv": [12, 8.5, 11.25, 9], "texture": "#1"}
			}
		},
		{
			"from": [20.5, 0, 7.3],
			"to": [23.8, 2.5, 9.1],
			"rotation": {"angle": 0, "axis": "y", "origin": [20, 0, 7]},
			"faces": {
				"north": {"uv": [4.75, 8.75, 5.5, 9.5], "texture": "#1"},
				"east": {"uv": [13.5, 11.5, 14, 12.25], "texture": "#1"},
				"south": {"uv": [5.5, 8.75, 6.25, 9.5], "texture": "#1"},
				"west": {"uv": [12, 13.5, 12.5, 14.25], "texture": "#1"},
				"up": {"uv": [14.25, 10, 13.5, 9.5], "texture": "#1"},
				"down": {"uv": [14.25, 12.25, 13.5, 12.75], "texture": "#1"}
			}
		},
		{
			"from": [-4.6, 0, 7.3],
			"to": [-0.5, 2.5, 9.1],
			"rotation": {"angle": 0, "axis": "y", "origin": [-5, 0, 7]},
			"faces": {
				"north": {"uv": [4.5, 8, 5.5, 8.75], "texture": "#1"},
				"east": {"uv": [11.25, 1, 11.75, 1.75], "texture": "#1"},
				"south": {"uv": [5.5, 8, 6.5, 8.75], "texture": "#1"},
				"west": {"uv": [11.25, 1.75, 11.75, 2.5], "texture": "#1"},
				"up": {"uv": [9.25, 9.25, 8.25, 8.75], "texture": "#1"},
				"down": {"uv": [2, 9.25, 1, 9.75], "texture": "#1"}
			}
		},
		{
			"from": [-6.5, 0, 7.3],
			"to": [-4.7, 2.5, 9.1],
			"rotation": {"angle": 0, "axis": "y", "origin": [-7, 0, 7]},
			"faces": {
				"north": {"uv": [4, 9.5, 4.5, 10.25], "texture": "#1"},
				"east": {"uv": [4.5, 9.5, 5, 10.25], "texture": "#1"},
				"south": {"uv": [5, 9.5, 5.5, 10.25], "texture": "#1"},
				"west": {"uv": [5.5, 9.5, 6, 10.25], "texture": "#1"},
				"up": {"uv": [6, 14.75, 5.5, 14.25], "texture": "#1"},
				"down": {"uv": [14.75, 5.5, 14.25, 6], "texture": "#1"}
			}
		},
		{
			"from": [-0.4, 0, 7.3],
			"to": [1.4, 2.5, 9.1],
			"rotation": {"angle": 0, "axis": "y", "origin": [-1, 0, 7]},
			"faces": {
				"north": {"uv": [12.75, 5.75, 13.25, 6.5], "texture": "#1"},
				"east": {"uv": [6, 12.75, 6.5, 13.5], "texture": "#1"},
				"south": {"uv": [6.5, 12.75, 7, 13.5], "texture": "#1"},
				"west": {"uv": [12.75, 6.5, 13.25, 7.25], "texture": "#1"},
				"up": {"uv": [8.5, 15.5, 8, 15], "texture": "#1"},
				"down": {"uv": [15.5, 8, 15, 8.5], "texture": "#1"}
			}
		},
		{
			"from": [1.5, 0, 7.3],
			"to": [3.3, 2.5, 9.1],
			"rotation": {"angle": 0, "axis": "y", "origin": [1, 0, 7]},
			"faces": {
				"north": {"uv": [1.5, 13.75, 2, 14.5], "texture": "#1"},
				"east": {"uv": [13.75, 1.75, 14.25, 2.5], "texture": "#1"},
				"south": {"uv": [13.75, 3.5, 14.25, 4.25], "texture": "#1"},
				"west": {"uv": [13.75, 4.25, 14.25, 5], "texture": "#1"},
				"up": {"uv": [4.5, 15.75, 4, 15.25], "texture": "#1"},
				"down": {"uv": [15.75, 4, 15.25, 4.5], "texture": "#1"}
			}
		},
		{
			"from": [3.4, 0, 7.3],
			"to": [5.2, 2.5, 9.1],
			"rotation": {"angle": 0, "axis": "y", "origin": [3, 0, 7]},
			"faces": {
				"north": {"uv": [13.75, 5, 14.25, 5.75], "texture": "#1"},
				"east": {"uv": [13.75, 5.75, 14.25, 6.5], "texture": "#1"},
				"south": {"uv": [13.75, 6.5, 14.25, 7.25], "texture": "#1"},
				"west": {"uv": [13.75, 7.25, 14.25, 8], "texture": "#1"},
				"up": {"uv": [5, 15.75, 4.5, 15.25], "texture": "#1"},
				"down": {"uv": [15.75, 4.5, 15.25, 5], "texture": "#1"}
			}
		},
		{
			"from": [5.3, 0, 7.3],
			"to": [7.1, 2.5, 9.1],
			"rotation": {"angle": 0, "axis": "y", "origin": [5, 0, 7]},
			"faces": {
				"north": {"uv": [7.5, 13.75, 8, 14.5], "texture": "#1"},
				"east": {"uv": [8, 13.75, 8.5, 14.5], "texture": "#1"},
				"south": {"uv": [13.75, 10, 14.25, 10.75], "texture": "#1"},
				"west": {"uv": [11, 13.75, 11.5, 14.5], "texture": "#1"},
				"up": {"uv": [5.5, 15.75, 5, 15.25], "texture": "#1"},
				"down": {"uv": [15.75, 5, 15.25, 5.5], "texture": "#1"}
			}
		},
		{
			"from": [7.2, 0, 7.3],
			"to": [9, 2.5, 9.1],
			"rotation": {"angle": 0, "axis": "y", "origin": [7, 0, 7]},
			"faces": {
				"north": {"uv": [11.5, 13.75, 12, 14.5], "texture": "#1"},
				"east": {"uv": [0, 14, 0.5, 14.75], "texture": "#1"},
				"south": {"uv": [0.5, 14, 1, 14.75], "texture": "#1"},
				"west": {"uv": [1, 14, 1.5, 14.75], "texture": "#1"},
				"up": {"uv": [6, 15.75, 5.5, 15.25], "texture": "#1"},
				"down": {"uv": [15.75, 5.5, 15.25, 6], "texture": "#1"}
			}
		},
		{
			"from": [9.1, 0, 7.3],
			"to": [10.9, 2.5, 9.1],
			"rotation": {"angle": 0, "axis": "y", "origin": [9, 0, 7]},
			"faces": {
				"north": {"uv": [2, 14, 2.5, 14.75], "texture": "#1"},
				"east": {"uv": [2.5, 14, 3, 14.75], "texture": "#1"},
				"south": {"uv": [3, 14, 3.5, 14.75], "texture": "#1"},
				"west": {"uv": [3.5, 14, 4, 14.75], "texture": "#1"},
				"up": {"uv": [6.5, 15.75, 6, 15.25], "texture": "#1"},
				"down": {"uv": [15.75, 6, 15.25, 6.5], "texture": "#1"}
			}
		},
		{
			"from": [11, 0, 7.3],
			"to": [12.8, 2.5, 9.1],
			"rotation": {"angle": 0, "axis": "y", "origin": [11, 0, 7]},
			"faces": {
				"north": {"uv": [4, 14, 4.5, 14.75], "texture": "#1"},
				"east": {"uv": [4.5, 14, 5, 14.75], "texture": "#1"},
				"south": {"uv": [5, 14, 5.5, 14.75], "texture": "#1"},
				"west": {"uv": [14, 8, 14.5, 8.75], "texture": "#1"},
				"up": {"uv": [7, 15.75, 6.5, 15.25], "texture": "#1"},
				"down": {"uv": [15.75, 6.5, 15.25, 7], "texture": "#1"}
			}
		},
		{
			"from": [12.9, 0, 7.3],
			"to": [14.7, 2.5, 9.1],
			"rotation": {"angle": 0, "axis": "y", "origin": [13, 0, 7]},
			"faces": {
				"north": {"uv": [8.5, 14, 9, 14.75], "texture": "#1"},
				"east": {"uv": [14, 8.75, 14.5, 9.5], "texture": "#1"},
				"south": {"uv": [9, 14, 9.5, 14.75], "texture": "#1"},
				"west": {"uv": [9.5, 14, 10, 14.75], "texture": "#1"},
				"up": {"uv": [7.5, 15.75, 7, 15.25], "texture": "#1"},
				"down": {"uv": [15.75, 7, 15.25, 7.5], "texture": "#1"}
			}
		},
		{
			"from": [14.8, 0, 7.3],
			"to": [16.6, 2.5, 9.1],
			"rotation": {"angle": 0, "axis": "y", "origin": [15, 0, 7]},
			"faces": {
				"north": {"uv": [10, 14, 10.5, 14.75], "texture": "#1"},
				"east": {"uv": [14, 10.75, 14.5, 11.5], "texture": "#1"},
				"south": {"uv": [14, 11.5, 14.5, 12.25], "texture": "#1"},
				"west": {"uv": [14, 12.75, 14.5, 13.5], "texture": "#1"},
				"up": {"uv": [15.75, 8, 15.25, 7.5], "texture": "#1"},
				"down": {"uv": [9, 15.25, 8.5, 15.75], "texture": "#1"}
			}
		},
		{
			"from": [16.7, 0, 7.3],
			"to": [18.5, 2.5, 9.1],
			"rotation": {"angle": 0, "axis": "y", "origin": [17, 0, 7]},
			"faces": {
				"north": {"uv": [13, 14, 13.5, 14.75], "texture": "#1"},
				"east": {"uv": [14, 13.5, 14.5, 14.25], "texture": "#1"},
				"south": {"uv": [14.25, 1, 14.75, 1.75], "texture": "#1"},
				"west": {"uv": [14.25, 1.75, 14.75, 2.5], "texture": "#1"},
				"up": {"uv": [9.5, 15.75, 9, 15.25], "texture": "#1"},
				"down": {"uv": [10, 15.25, 9.5, 15.75], "texture": "#1"}
			}
		},
		{
			"from": [18.6, 0, 7.3],
			"to": [20.4, 2.5, 9.1],
			"rotation": {"angle": 0, "axis": "y", "origin": [18, 0, 7]},
			"faces": {
				"north": {"uv": [12.5, 13.5, 13, 14.25], "texture": "#1"},
				"east": {"uv": [13.5, 12.75, 14, 13.5], "texture": "#1"},
				"south": {"uv": [13.5, 13.5, 14, 14.25], "texture": "#1"},
				"west": {"uv": [13.75, 1, 14.25, 1.75], "texture": "#1"},
				"up": {"uv": [4, 15.75, 3.5, 15.25], "texture": "#1"},
				"down": {"uv": [15.75, 3.5, 15.25, 4], "texture": "#1"}
			}
		},
		{
			"from": [-6.5, 0, 5.4],
			"to": [-4.7, 2.5, 7.2],
			"rotation": {"angle": 0, "axis": "y", "origin": [-7, 0, 5]},
			"faces": {
				"north": {"uv": [9.25, 9.5, 9.75, 10.25], "texture": "#1"},
				"east": {"uv": [1, 9.75, 1.5, 10.5], "texture": "#1"},
				"south": {"uv": [1.5, 9.75, 2, 10.5], "texture": "#1"},
				"west": {"uv": [6, 9.75, 6.5, 10.5], "texture": "#1"},
				"up": {"uv": [6.5, 14.75, 6, 14.25], "texture": "#1"},
				"down": {"uv": [14.75, 6, 14.25, 6.5], "texture": "#1"}
			}
		},
		{
			"from": [2.5, 0, 5.4],
			"to": [4.3, 2.5, 7.2],
			"rotation": {"angle": 0, "axis": "y", "origin": [2, 0, 5]},
			"faces": {
				"north": {"uv": [13, 9.25, 13.5, 10], "texture": "#1"},
				"east": {"uv": [11, 13, 11.5, 13.75], "texture": "#1"},
				"south": {"uv": [13, 11, 13.5, 11.75], "texture": "#1"},
				"west": {"uv": [11.5, 13, 12, 13.75], "texture": "#1"},
				"up": {"uv": [15.5, 11.5, 15, 11], "texture": "#1"},
				"down": {"uv": [12, 15, 11.5, 15.5], "texture": "#1"}
			}
		},
		{
			"from": [4.4, 0, 5.4],
			"to": [6.2, 2.5, 7.2],
			"rotation": {"angle": 0, "axis": "y", "origin": [4, 0, 5]},
			"faces": {
				"north": {"uv": [4, 13.25, 4.5, 14], "texture": "#1"},
				"east": {"uv": [13.25, 4.25, 13.75, 5], "texture": "#1"},
				"south": {"uv": [4.5, 13.25, 5, 14], "texture": "#1"},
				"west": {"uv": [5, 13.25, 5.5, 14], "texture": "#1"},
				"up": {"uv": [15.5, 15.5, 15, 15], "texture": "#1"},
				"down": {"uv": [0.5, 15.25, 0, 15.75], "texture": "#1"}
			}
		},
		{
			"from": [6.3, 0, 5.4],
			"to": [8.1, 2.5, 7.2],
			"rotation": {"angle": 0, "axis": "y", "origin": [6, 0, 5]},
			"faces": {
				"north": {"uv": [13.25, 5, 13.75, 5.75], "texture": "#1"},
				"east": {"uv": [13.25, 5.75, 13.75, 6.5], "texture": "#1"},
				"south": {"uv": [13.25, 6.5, 13.75, 7.25], "texture": "#1"},
				"west": {"uv": [13.25, 7.25, 13.75, 8], "texture": "#1"},
				"up": {"uv": [1, 15.75, 0.5, 15.25], "texture": "#1"},
				"down": {"uv": [1.5, 15.25, 1, 15.75], "texture": "#1"}
			}
		},
		{
			"from": [8.2, 0, 5.4],
			"to": [10, 2.5, 7.2],
			"rotation": {"angle": 0, "axis": "y", "origin": [8, 0, 5]},
			"faces": {
				"north": {"uv": [8.5, 13.25, 9, 14], "texture": "#1"},
				"east": {"uv": [9, 13.25, 9.5, 14], "texture": "#1"},
				"south": {"uv": [9.5, 13.25, 10, 14], "texture": "#1"},
				"west": {"uv": [10, 13.25, 10.5, 14], "texture": "#1"},
				"up": {"uv": [15.75, 1.5, 15.25, 1], "texture": "#1"},
				"down": {"uv": [15.75, 1.5, 15.25, 2], "texture": "#1"}
			}
		},
		{
			"from": [10.1, 0, 5.4],
			"to": [11.9, 2.5, 7.2],
			"rotation": {"angle": 0, "axis": "y", "origin": [10, 0, 5]},
			"faces": {
				"north": {"uv": [13.25, 10, 13.75, 10.75], "texture": "#1"},
				"east": {"uv": [13, 13.25, 13.5, 14], "texture": "#1"},
				"south": {"uv": [5.5, 13.5, 6, 14.25], "texture": "#1"},
				"west": {"uv": [6, 13.5, 6.5, 14.25], "texture": "#1"},
				"up": {"uv": [2.5, 15.75, 2, 15.25], "texture": "#1"},
				"down": {"uv": [15.75, 2, 15.25, 2.5], "texture": "#1"}
			}
		},
		{
			"from": [12, 0, 5.4],
			"to": [13.8, 2.5, 7.2],
			"rotation": {"angle": 0, "axis": "y", "origin": [12, 0, 5]},
			"faces": {
				"north": {"uv": [6.5, 13.5, 7, 14.25], "texture": "#1"},
				"east": {"uv": [7, 13.5, 7.5, 14.25], "texture": "#1"},
				"south": {"uv": [13.5, 8, 14, 8.75], "texture": "#1"},
				"west": {"uv": [13.5, 8.75, 14, 9.5], "texture": "#1"},
				"up": {"uv": [3, 15.75, 2.5, 15.25], "texture": "#1"},
				"down": {"uv": [3.5, 15.25, 3, 15.75], "texture": "#1"}
			}
		},
		{
			"from": [19.6, 0, 5.4],
			"to": [23.8, 2.5, 7.2],
			"rotation": {"angle": 0, "axis": "y", "origin": [20, 0, 5]},
			"faces": {
				"north": {"uv": [6.5, 8, 7.5, 8.75], "texture": "#1"},
				"east": {"uv": [10.5, 13.5, 11, 14.25], "texture": "#1"},
				"south": {"uv": [7.5, 8, 8.5, 8.75], "texture": "#1"},
				"west": {"uv": [13.5, 10.75, 14, 11.5], "texture": "#1"},
				"up": {"uv": [7.25, 9.75, 6.25, 9.25], "texture": "#1"},
				"down": {"uv": [8.25, 9.25, 7.25, 9.75], "texture": "#1"}
			}
		},
		{
			"from": [-4.6, 0, 5.4],
			"to": [-2.8, 2.5, 7.2],
			"rotation": {"angle": 0, "axis": "y", "origin": [-5, 0, 5]},
			"faces": {
				"north": {"uv": [11.25, 3.5, 11.75, 4.25], "texture": "#1"},
				"east": {"uv": [11.25, 4.25, 11.75, 5], "texture": "#1"},
				"south": {"uv": [11.25, 5, 11.75, 5.75], "texture": "#1"},
				"west": {"uv": [11.25, 5.75, 11.75, 6.5], "texture": "#1"},
				"up": {"uv": [0.5, 15.25, 0, 14.75], "texture": "#1"},
				"down": {"uv": [1, 14.75, 0.5, 15.25], "texture": "#1"}
			}
		},
		{
			"from": [13.9, 0, 5.4],
			"to": [15.7, 2.5, 7.2],
			"rotation": {"angle": 0, "axis": "y", "origin": [13, 0, 5]},
			"faces": {
				"north": {"uv": [13, 11.75, 13.5, 12.5], "texture": "#1"},
				"east": {"uv": [13, 12.5, 13.5, 13.25], "texture": "#1"},
				"south": {"uv": [0, 13.25, 0.5, 14], "texture": "#1"},
				"west": {"uv": [0.5, 13.25, 1, 14], "texture": "#1"},
				"up": {"uv": [15.5, 12, 15, 11.5], "texture": "#1"},
				"down": {"uv": [15.5, 12.5, 15, 13], "texture": "#1"}
			}
		},
		{
			"from": [15.8, 0, 5.4],
			"to": [17.6, 2.5, 7.2],
			"rotation": {"angle": 0, "axis": "y", "origin": [15, 0, 5]},
			"faces": {
				"north": {"uv": [1, 13.25, 1.5, 14], "texture": "#1"},
				"east": {"uv": [13.25, 1, 13.75, 1.75], "texture": "#1"},
				"south": {"uv": [13.25, 1.75, 13.75, 2.5], "texture": "#1"},
				"west": {"uv": [2, 13.25, 2.5, 14], "texture": "#1"},
				"up": {"uv": [15.5, 13.5, 15, 13], "texture": "#1"},
				"down": {"uv": [15.5, 13.5, 15, 14], "texture": "#1"}
			}
		},
		{
			"from": [17.7, 0, 5.4],
			"to": [19.5, 2.5, 7.2],
			"rotation": {"angle": 0, "axis": "y", "origin": [17, 0, 5]},
			"faces": {
				"north": {"uv": [1.5, 13, 2, 13.75], "texture": "#1"},
				"east": {"uv": [7.5, 13, 8, 13.75], "texture": "#1"},
				"south": {"uv": [8, 13, 8.5, 13.75], "texture": "#1"},
				"west": {"uv": [13, 8, 13.5, 8.75], "texture": "#1"},
				"up": {"uv": [15.5, 11, 15, 10.5], "texture": "#1"},
				"down": {"uv": [11.5, 15, 11, 15.5], "texture": "#1"}
			}
		},
		{
			"from": [0.6, 0, 5.4],
			"to": [2.4, 2.5, 7.2],
			"rotation": {"angle": 0, "axis": "y", "origin": [0, 0, 5]},
			"faces": {
				"north": {"uv": [2.5, 13.25, 3, 14], "texture": "#1"},
				"east": {"uv": [3, 13.25, 3.5, 14], "texture": "#1"},
				"south": {"uv": [3.5, 13.25, 4, 14], "texture": "#1"},
				"west": {"uv": [13.25, 3.5, 13.75, 4.25], "texture": "#1"},
				"up": {"uv": [15.5, 14.5, 15, 14], "texture": "#1"},
				"down": {"uv": [15.5, 14.5, 15, 15], "texture": "#1"}
			}
		},
		{
			"from": [-4.6, 0, 3.5],
			"to": [-2.8, 2.5, 5.3],
			"rotation": {"angle": 0, "axis": "y", "origin": [-5, 0, 3]},
			"faces": {
				"north": {"uv": [6, 11.25, 6.5, 12], "texture": "#1"},
				"east": {"uv": [6.5, 11.25, 7, 12], "texture": "#1"},
				"south": {"uv": [11.25, 6.5, 11.75, 7.25], "texture": "#1"},
				"west": {"uv": [7, 11.25, 7.5, 12], "texture": "#1"},
				"up": {"uv": [1.5, 15.25, 1, 14.75], "texture": "#1"},
				"down": {"uv": [15.25, 1, 14.75, 1.5], "texture": "#1"}
			}
		},
		{
			"from": [-2.7, 0, 3.5],
			"to": [-0.9, 2.5, 5.3],
			"rotation": {"angle": 0, "axis": "y", "origin": [-3, 0, 3]},
			"faces": {
				"north": {"uv": [12.25, 6.5, 12.75, 7.25], "texture": "#1"},
				"east": {"uv": [12.25, 7.25, 12.75, 8], "texture": "#1"},
				"south": {"uv": [7.75, 12.25, 8.25, 13], "texture": "#1"},
				"west": {"uv": [8.25, 12.25, 8.75, 13], "texture": "#1"},
				"up": {"uv": [10, 15.25, 9.5, 14.75], "texture": "#1"},
				"down": {"uv": [15.25, 9.5, 14.75, 10], "texture": "#1"}
			}
		},
		{
			"from": [-0.8, 0, 3.5],
			"to": [1, 2.5, 5.3],
			"rotation": {"angle": 0, "axis": "y", "origin": [-1, 0, 3]},
			"faces": {
				"north": {"uv": [12.25, 8.75, 12.75, 9.5], "texture": "#1"},
				"east": {"uv": [12.25, 10.5, 12.75, 11.25], "texture": "#1"},
				"south": {"uv": [11, 12.25, 11.5, 13], "texture": "#1"},
				"west": {"uv": [11.5, 12.25, 12, 13], "texture": "#1"},
				"up": {"uv": [10.5, 15.25, 10, 14.75], "texture": "#1"},
				"down": {"uv": [15.25, 10, 14.75, 10.5], "texture": "#1"}
			}
		},
		{
			"from": [1.1, 0, 3.5],
			"to": [2.9, 2.5, 5.3],
			"rotation": {"angle": 0, "axis": "y", "origin": [1, 0, 3]},
			"faces": {
				"north": {"uv": [0, 12.5, 0.5, 13.25], "texture": "#1"},
				"east": {"uv": [0.5, 12.5, 1, 13.25], "texture": "#1"},
				"south": {"uv": [1, 12.5, 1.5, 13.25], "texture": "#1"},
				"west": {"uv": [2, 12.5, 2.5, 13.25], "texture": "#1"},
				"up": {"uv": [11, 15.25, 10.5, 14.75], "texture": "#1"},
				"down": {"uv": [12.5, 14.75, 12, 15.25], "texture": "#1"}
			}
		},
		{
			"from": [3, 0, 3.5],
			"to": [4.8, 2.5, 5.3],
			"rotation": {"angle": 0, "axis": "y", "origin": [3, 0, 3]},
			"faces": {
				"north": {"uv": [2.5, 12.5, 3, 13.25], "texture": "#1"},
				"east": {"uv": [3, 12.5, 3.5, 13.25], "texture": "#1"},
				"south": {"uv": [3.5, 12.5, 4, 13.25], "texture": "#1"},
				"west": {"uv": [4, 12.5, 4.5, 13.25], "texture": "#1"},
				"up": {"uv": [15.25, 12.5, 14.75, 12], "texture": "#1"},
				"down": {"uv": [13, 14.75, 12.5, 15.25], "texture": "#1"}
			}
		},
		{
			"from": [21.6, 0, 3.5],
			"to": [23.8, 2.5, 5.3],
			"rotation": {"angle": 0, "axis": "y", "origin": [21, 0, 3]},
			"faces": {
				"north": {"uv": [4.5, 12.5, 5, 13.25], "texture": "#1"},
				"east": {"uv": [5, 12.5, 5.5, 13.25], "texture": "#1"},
				"south": {"uv": [12.5, 8, 13, 8.75], "texture": "#1"},
				"west": {"uv": [8.75, 12.5, 9.25, 13.25], "texture": "#1"},
				"up": {"uv": [13.5, 15.25, 13, 14.75], "texture": "#1"},
				"down": {"uv": [14, 14.75, 13.5, 15.25], "texture": "#1"}
			}
		},
		{
			"from": [19.3, 0, 3.5],
			"to": [21.5, 2.5, 5.3],
			"rotation": {"angle": 0, "axis": "y", "origin": [18, 0, 3]},
			"faces": {
				"north": {"uv": [9.25, 12.5, 9.75, 13.25], "texture": "#1"},
				"east": {"uv": [12.5, 9.5, 13, 10.25], "texture": "#1"},
				"south": {"uv": [12.5, 11.25, 13, 12], "texture": "#1"},
				"west": {"uv": [12.5, 12, 13, 12.75], "texture": "#1"},
				"up": {"uv": [14.5, 15.25, 14, 14.75], "texture": "#1"},
				"down": {"uv": [15, 14.75, 14.5, 15.25], "texture": "#1"}
			}
		},
		{
			"from": [17, 0, 3.5],
			"to": [19.2, 2.5, 5.3],
			"rotation": {"angle": 0, "axis": "y", "origin": [15, 0, 3]},
			"faces": {
				"north": {"uv": [12.75, 1, 13.25, 1.75], "texture": "#1"},
				"east": {"uv": [12.75, 1.75, 13.25, 2.5], "texture": "#1"},
				"south": {"uv": [12.75, 3.5, 13.25, 4.25], "texture": "#1"},
				"west": {"uv": [12.75, 4.25, 13.25, 5], "texture": "#1"},
				"up": {"uv": [2, 15.5, 1.5, 15], "texture": "#1"},
				"down": {"uv": [8, 15, 7.5, 15.5], "texture": "#1"}
			}
		},
		{
			"from": [4.9, 0, 3.5],
			"to": [16.9, 2.5, 5.3],
			"rotation": {"angle": 0, "axis": "y", "origin": [12, 0, 3]},
			"faces": {
				"north": {"uv": [7.75, 1, 10.75, 1.75], "texture": "#1"},
				"east": {"uv": [12.75, 5, 13.25, 5.75], "texture": "#1"},
				"south": {"uv": [7.75, 1.75, 10.75, 2.5], "texture": "#1"},
				"west": {"uv": [5.5, 12.75, 6, 13.5], "texture": "#1"},
				"up": {"uv": [10.75, 7, 7.75, 6.5], "texture": "#1"},
				"down": {"uv": [10.75, 7, 7.75, 7.5], "texture": "#1"}
			}
		},
		{
			"from": [-6.5, 0, 3.5],
			"to": [-4.7, 2.5, 5.3],
			"rotation": {"angle": 0, "axis": "y", "origin": [-7, 0, 3]},
			"faces": {
				"north": {"uv": [6.5, 9.75, 7, 10.5], "texture": "#1"},
				"east": {"uv": [7, 9.75, 7.5, 10.5], "texture": "#1"},
				"south": {"uv": [7.5, 9.75, 8, 10.5], "texture": "#1"},
				"west": {"uv": [9.75, 8, 10.25, 8.75], "texture": "#1"},
				"up": {"uv": [7, 14.75, 6.5, 14.25], "texture": "#1"},
				"down": {"uv": [14.75, 6.5, 14.25, 7], "texture": "#1"}
			}
		},
		{
			"from": [-6.4, 0.1, 11.2],
			"to": [-4.8, 3.6, 12.8],
			"rotation": {"angle": 0, "axis": "y", "origin": [-7, 0, 11]},
			"faces": {
				"north": {"uv": [14.75, 4, 14.25, 3.5], "texture": "#1"},
				"east": {"uv": [14.75, 4, 14.25, 3.5], "texture": "#1"},
				"south": {"uv": [14.75, 4, 14.25, 3.5], "texture": "#1"},
				"west": {"uv": [14.75, 4, 14.25, 3.5], "texture": "#1"},
				"up": {"uv": [14.75, 4, 14.25, 3.5], "texture": "#1"},
				"down": {"uv": [14.75, 4, 14.25, 3.5], "texture": "#1"}
			}
		},
		{
			"from": [-6.4, 0.1, 9.3],
			"to": [-4.8, 3.6, 10.9],
			"rotation": {"angle": 0, "axis": "y", "origin": [-7, 0, 9]},
			"faces": {
				"north": {"uv": [14.75, 5, 14.25, 4.5], "texture": "#1"},
				"east": {"uv": [14.75, 5, 14.25, 4.5], "texture": "#1"},
				"south": {"uv": [14.75, 5, 14.25, 4.5], "texture": "#1"},
				"west": {"uv": [14.75, 5, 14.25, 4.5], "texture": "#1"},
				"up": {"uv": [14.75, 5, 14.25, 4.5], "texture": "#1"},
				"down": {"uv": [14.75, 5, 14.25, 4.5], "texture": "#1"}
			}
		},
		{
			"from": [-6.4, 0.1, 7.4],
			"to": [-4.8, 3.6, 9],
			"rotation": {"angle": 0, "axis": "y", "origin": [-7, 0, 7]},
			"faces": {
				"north": {"uv": [6, 14.75, 5.5, 14.25], "texture": "#1"},
				"east": {"uv": [6, 14.75, 5.5, 14.25], "texture": "#1"},
				"south": {"uv": [6, 14.75, 5.5, 14.25], "texture": "#1"},
				"west": {"uv": [6, 14.75, 5.5, 14.25], "texture": "#1"},
				"up": {"uv": [6, 14.75, 5.5, 14.25], "texture": "#1"},
				"down": {"uv": [6, 14.75, 5.5, 14.25], "texture": "#1"}
			}
		},
		{
			"from": [-6.4, 0.1, 5.5],
			"to": [-4.8, 3.6, 7.1],
			"rotation": {"angle": 0, "axis": "y", "origin": [-7, 0, 5]},
			"faces": {
				"north": {"uv": [6.5, 14.75, 6, 14.25], "texture": "#1"},
				"east": {"uv": [6.5, 14.75, 6, 14.25], "texture": "#1"},
				"south": {"uv": [6.5, 14.75, 6, 14.25], "texture": "#1"},
				"west": {"uv": [6.5, 14.75, 6, 14.25], "texture": "#1"},
				"up": {"uv": [6.5, 14.75, 6, 14.25], "texture": "#1"},
				"down": {"uv": [6.5, 14.75, 6, 14.25], "texture": "#1"}
			}
		},
		{
			"from": [-6.4, 0.1, 3.6],
			"to": [-4.8, 3.6, 5.2],
			"rotation": {"angle": 0, "axis": "y", "origin": [-7, 0, 3]},
			"faces": {
				"north": {"uv": [7, 14.75, 6.5, 14.25], "texture": "#1"},
				"east": {"uv": [7, 14.75, 6.5, 14.25], "texture": "#1"},
				"south": {"uv": [7, 14.75, 6.5, 14.25], "texture": "#1"},
				"west": {"uv": [7, 14.75, 6.5, 14.25], "texture": "#1"},
				"up": {"uv": [7, 14.75, 6.5, 14.25], "texture": "#1"},
				"down": {"uv": [7, 14.75, 6.5, 14.25], "texture": "#1"}
			}
		},
		{
			"from": [22.1, 0.1, 11.2],
			"to": [23.7, 3.6, 12.8],
			"rotation": {"angle": 0, "axis": "y", "origin": [21, 0, 11]},
			"faces": {
				"north": {"uv": [7.5, 14.75, 7, 14.25], "texture": "#1"},
				"east": {"uv": [7.5, 14.75, 7, 14.25], "texture": "#1"},
				"south": {"uv": [7.5, 14.75, 7, 14.25], "texture": "#1"},
				"west": {"uv": [7.5, 14.75, 7, 14.25], "texture": "#1"},
				"up": {"uv": [7.5, 14.75, 7, 14.25], "texture": "#1"},
				"down": {"uv": [7.5, 14.75, 7, 14.25], "texture": "#1"}
			}
		},
		{
			"from": [20.2, 0.1, 11.2],
			"to": [21.8, 3.6, 12.8],
			"rotation": {"angle": 0, "axis": "y", "origin": [19, 0, 11]},
			"faces": {
				"north": {"uv": [14.75, 8, 14.25, 7.5], "texture": "#1"},
				"east": {"uv": [14.75, 8, 14.25, 7.5], "texture": "#1"},
				"south": {"uv": [14.75, 8, 14.25, 7.5], "texture": "#1"},
				"west": {"uv": [14.75, 8, 14.25, 7.5], "texture": "#1"},
				"up": {"uv": [14.75, 8, 14.25, 7.5], "texture": "#1"},
				"down": {"uv": [14.75, 8, 14.25, 7.5], "texture": "#1"}
			}
		},
		{
			"from": [-4.5, 0.1, 11.2],
			"to": [-1, 3.6, 12.8],
			"rotation": {"angle": 0, "axis": "y", "origin": [-5, 0, 11]},
			"faces": {
				"north": {"uv": [7.25, 9.25, 6.25, 8.75], "texture": "#1"},
				"east": {"uv": [7.25, 9.25, 6.25, 8.75], "texture": "#1"},
				"south": {"uv": [7.25, 9.25, 6.25, 8.75], "texture": "#1"},
				"west": {"uv": [7.25, 9.25, 6.25, 8.75], "texture": "#1"},
				"up": {"uv": [7.25, 9.25, 6.25, 8.75], "texture": "#1"},
				"down": {"uv": [7.25, 9.25, 6.25, 8.75], "texture": "#1"}
			}
		},
		{
			"from": [18.3, 0.1, 11.2],
			"to": [19.9, 3.6, 12.8],
			"rotation": {"angle": 0, "axis": "y", "origin": [17, 0, 11]},
			"faces": {
				"north": {"uv": [14.75, 10.5, 14.25, 10], "texture": "#1"},
				"east": {"uv": [14.75, 10.5, 14.25, 10], "texture": "#1"},
				"south": {"uv": [14.75, 10.5, 14.25, 10], "texture": "#1"},
				"west": {"uv": [14.75, 10.5, 14.25, 10], "texture": "#1"},
				"up": {"uv": [14.75, 10.5, 14.25, 10], "texture": "#1"},
				"down": {"uv": [14.75, 10.5, 14.25, 10], "texture": "#1"}
			}
		},
		{
			"from": [16.4, 0.1, 11.2],
			"to": [18, 3.6, 12.8],
			"rotation": {"angle": 0, "axis": "y", "origin": [15, 0, 11]},
			"faces": {
				"north": {"uv": [12.5, 14.75, 12, 14.25], "texture": "#1"},
				"east": {"uv": [12.5, 14.75, 12, 14.25], "texture": "#1"},
				"south": {"uv": [12.5, 14.75, 12, 14.25], "texture": "#1"},
				"west": {"uv": [12.5, 14.75, 12, 14.25], "texture": "#1"},
				"up": {"uv": [12.5, 14.75, 12, 14.25], "texture": "#1"},
				"down": {"uv": [12.5, 14.75, 12, 14.25], "texture": "#1"}
			}
		},
		{
			"from": [14.5, 0.1, 11.2],
			"to": [16.1, 3.6, 12.8],
			"rotation": {"angle": 0, "axis": "y", "origin": [13, 0, 11]},
			"faces": {
				"north": {"uv": [13, 14.75, 12.5, 14.25], "texture": "#1"},
				"east": {"uv": [13, 14.75, 12.5, 14.25], "texture": "#1"},
				"south": {"uv": [13, 14.75, 12.5, 14.25], "texture": "#1"},
				"west": {"uv": [13, 14.75, 12.5, 14.25], "texture": "#1"},
				"up": {"uv": [13, 14.75, 12.5, 14.25], "texture": "#1"},
				"down": {"uv": [13, 14.75, 12.5, 14.25], "texture": "#1"}
			}
		},
		{
			"from": [12.6, 0.1, 11.2],
			"to": [14.2, 3.6, 12.8],
			"rotation": {"angle": 0, "axis": "y", "origin": [11, 0, 11]},
			"faces": {
				"north": {"uv": [14.5, 14.75, 14, 14.25], "texture": "#1"},
				"east": {"uv": [14.5, 14.75, 14, 14.25], "texture": "#1"},
				"south": {"uv": [14.5, 14.75, 14, 14.25], "texture": "#1"},
				"west": {"uv": [14.5, 14.75, 14, 14.25], "texture": "#1"},
				"up": {"uv": [14.5, 14.75, 14, 14.25], "texture": "#1"},
				"down": {"uv": [14.5, 14.75, 14, 14.25], "texture": "#1"}
			}
		},
		{
			"from": [10.7, 0.1, 11.2],
			"to": [12.3, 3.6, 12.8],
			"rotation": {"angle": 0, "axis": "y", "origin": [9, 0, 11]},
			"faces": {
				"north": {"uv": [8, 15, 7.5, 14.5], "texture": "#1"},
				"east": {"uv": [8, 15, 7.5, 14.5], "texture": "#1"},
				"south": {"uv": [8, 15, 7.5, 14.5], "texture": "#1"},
				"west": {"uv": [8, 15, 7.5, 14.5], "texture": "#1"},
				"up": {"uv": [8, 15, 7.5, 14.5], "texture": "#1"},
				"down": {"uv": [8, 15, 7.5, 14.5], "texture": "#1"}
			}
		},
		{
			"from": [8.8, 0.1, 11.2],
			"to": [10.4, 3.6, 12.8],
			"rotation": {"angle": 0, "axis": "y", "origin": [7, 0, 11]},
			"faces": {
				"north": {"uv": [15, 8.5, 14.5, 8], "texture": "#1"},
				"east": {"uv": [15, 8.5, 14.5, 8], "texture": "#1"},
				"south": {"uv": [15, 8.5, 14.5, 8], "texture": "#1"},
				"west": {"uv": [15, 8.5, 14.5, 8], "texture": "#1"},
				"up": {"uv": [15, 8.5, 14.5, 8], "texture": "#1"},
				"down": {"uv": [15, 8.5, 14.5, 8], "texture": "#1"}
			}
		},
		{
			"from": [6.9, 0.1, 11.2],
			"to": [8.5, 3.6, 12.8],
			"rotation": {"angle": 0, "axis": "y", "origin": [5, 0, 11]},
			"faces": {
				"north": {"uv": [15, 9.5, 14.5, 9], "texture": "#1"},
				"east": {"uv": [15, 9.5, 14.5, 9], "texture": "#1"},
				"south": {"uv": [15, 9.5, 14.5, 9], "texture": "#1"},
				"west": {"uv": [15, 9.5, 14.5, 9], "texture": "#1"},
				"up": {"uv": [15, 9.5, 14.5, 9], "texture": "#1"},
				"down": {"uv": [15, 9.5, 14.5, 9], "texture": "#1"}
			}
		},
		{
			"from": [5, 0.1, 11.2],
			"to": [6.6, 3.6, 12.8],
			"rotation": {"angle": 0, "axis": "y", "origin": [3, 0, 11]},
			"faces": {
				"north": {"uv": [11.5, 15, 11, 14.5], "texture": "#1"},
				"east": {"uv": [11.5, 15, 11, 14.5], "texture": "#1"},
				"south": {"uv": [11.5, 15, 11, 14.5], "texture": "#1"},
				"west": {"uv": [11.5, 15, 11, 14.5], "texture": "#1"},
				"up": {"uv": [11.5, 15, 11, 14.5], "texture": "#1"},
				"down": {"uv": [11.5, 15, 11, 14.5], "texture": "#1"}
			}
		},
		{
			"from": [3.1, 0.1, 11.2],
			"to": [4.7, 3.6, 12.8],
			"rotation": {"angle": 0, "axis": "y", "origin": [1, 0, 11]},
			"faces": {
				"north": {"uv": [12, 15, 11.5, 14.5], "texture": "#1"},
				"east": {"uv": [12, 15, 11.5, 14.5], "texture": "#1"},
				"south": {"uv": [12, 15, 11.5, 14.5], "texture": "#1"},
				"west": {"uv": [12, 15, 11.5, 14.5], "texture": "#1"},
				"up": {"uv": [12, 15, 11.5, 14.5], "texture": "#1"},
				"down": {"uv": [12, 15, 11.5, 14.5], "texture": "#1"}
			}
		},
		{
			"from": [1.2, 0.1, 11.2],
			"to": [2.8, 3.6, 12.8],
			"rotation": {"angle": 0, "axis": "y", "origin": [-1, 0, 11]},
			"faces": {
				"north": {"uv": [15, 13.25, 14.5, 12.75], "texture": "#1"},
				"east": {"uv": [15, 13.25, 14.5, 12.75], "texture": "#1"},
				"south": {"uv": [15, 13.25, 14.5, 12.75], "texture": "#1"},
				"west": {"uv": [15, 13.25, 14.5, 12.75], "texture": "#1"},
				"up": {"uv": [15, 13.25, 14.5, 12.75], "texture": "#1"},
				"down": {"uv": [15, 13.25, 14.5, 12.75], "texture": "#1"}
			}
		},
		{
			"from": [-0.7, 0.1, 11.2],
			"to": [0.9, 3.6, 12.8],
			"rotation": {"angle": 0, "axis": "y", "origin": [-3, 0, 11]},
			"faces": {
				"north": {"uv": [15, 14.25, 14.5, 13.75], "texture": "#1"},
				"east": {"uv": [15, 14.25, 14.5, 13.75], "texture": "#1"},
				"south": {"uv": [15, 14.25, 14.5, 13.75], "texture": "#1"},
				"west": {"uv": [15, 14.25, 14.5, 13.75], "texture": "#1"},
				"up": {"uv": [15, 14.25, 14.5, 13.75], "texture": "#1"},
				"down": {"uv": [15, 14.25, 14.5, 13.75], "texture": "#1"}
			}
		},
		{
			"from": [-4.5, 0.1, 9.3],
			"to": [-1.9, 3.6, 10.9],
			"rotation": {"angle": 0, "axis": "y", "origin": [-5, 0, 9]},
			"faces": {
				"north": {"uv": [11.75, 11.5, 11, 11], "texture": "#1"},
				"east": {"uv": [11.75, 11.5, 11, 11], "texture": "#1"},
				"south": {"uv": [11.75, 11.5, 11, 11], "texture": "#1"},
				"west": {"uv": [11.75, 11.5, 11, 11], "texture": "#1"},
				"up": {"uv": [11.75, 11.5, 11, 11], "texture": "#1"},
				"down": {"uv": [11.75, 11.5, 11, 11], "texture": "#1"}
			}
		},
		{
			"from": [-4.5, 0.1, 7.4],
			"to": [-0.6, 3.6, 9],
			"rotation": {"angle": 0, "axis": "y", "origin": [-5, 0, 7]},
			"faces": {
				"north": {"uv": [9.25, 9.25, 8.25, 8.75], "texture": "#1"},
				"east": {"uv": [9.25, 9.25, 8.25, 8.75], "texture": "#1"},
				"south": {"uv": [9.25, 9.25, 8.25, 8.75], "texture": "#1"},
				"west": {"uv": [9.25, 9.25, 8.25, 8.75], "texture": "#1"},
				"up": {"uv": [9.25, 9.25, 8.25, 8.75], "texture": "#1"},
				"down": {"uv": [9.25, 9.25, 8.25, 8.75], "texture": "#1"}
			}
		},
		{
			"from": [-4.5, 0.1, 3.6],
			"to": [-2.9, 3.6, 5.2],
			"rotation": {"angle": 0, "axis": "y", "origin": [-5, 0, 3]},
			"faces": {
				"north": {"uv": [1.5, 15.25, 1, 14.75], "texture": "#1"},
				"east": {"uv": [1.5, 15.25, 1, 14.75], "texture": "#1"},
				"south": {"uv": [1.5, 15.25, 1, 14.75], "texture": "#1"},
				"west": {"uv": [1.5, 15.25, 1, 14.75], "texture": "#1"},
				"up": {"uv": [1.5, 15.25, 1, 14.75], "texture": "#1"},
				"down": {"uv": [1.5, 15.25, 1, 14.75], "texture": "#1"}
			}
		},
		{
			"from": [21.2, 0.1, 9.3],
			"to": [23.7, 3.6, 10.9],
			"rotation": {"angle": 0, "axis": "y", "origin": [20, 0, 9]},
			"faces": {
				"north": {"uv": [12, 8.5, 11.25, 8], "texture": "#1"},
				"east": {"uv": [12, 8.5, 11.25, 8], "texture": "#1"},
				"south": {"uv": [12, 8.5, 11.25, 8], "texture": "#1"},
				"west": {"uv": [12, 8.5, 11.25, 8], "texture": "#1"},
				"up": {"uv": [12, 8.5, 11.25, 8], "texture": "#1"},
				"down": {"uv": [12, 8.5, 11.25, 8], "texture": "#1"}
			}
		},
		{
			"from": [19.3, 0.1, 9.3],
			"to": [20.9, 3.6, 10.9],
			"rotation": {"angle": 0, "axis": "y", "origin": [18, 0, 9]},
			"faces": {
				"north": {"uv": [15.25, 2, 14.75, 1.5], "texture": "#1"},
				"east": {"uv": [15.25, 2, 14.75, 1.5], "texture": "#1"},
				"south": {"uv": [15.25, 2, 14.75, 1.5], "texture": "#1"},
				"west": {"uv": [15.25, 2, 14.75, 1.5], "texture": "#1"},
				"up": {"uv": [15.25, 2, 14.75, 1.5], "texture": "#1"},
				"down": {"uv": [15.25, 2, 14.75, 1.5], "texture": "#1"}
			}
		},
		{
			"from": [17.4, 0.1, 9.3],
			"to": [19, 3.6, 10.9],
			"rotation": {"angle": 0, "axis": "y", "origin": [16, 0, 9]},
			"faces": {
				"north": {"uv": [15.25, 2.5, 14.75, 2], "texture": "#1"},
				"east": {"uv": [15.25, 2.5, 14.75, 2], "texture": "#1"},
				"south": {"uv": [15.25, 2.5, 14.75, 2], "texture": "#1"},
				"west": {"uv": [15.25, 2.5, 14.75, 2], "texture": "#1"},
				"up": {"uv": [15.25, 2.5, 14.75, 2], "texture": "#1"},
				"down": {"uv": [15.25, 2.5, 14.75, 2], "texture": "#1"}
			}
		},
		{
			"from": [15.5, 0.1, 9.3],
			"to": [17.1, 3.6, 10.9],
			"rotation": {"angle": 0, "axis": "y", "origin": [14, 0, 9]},
			"faces": {
				"north": {"uv": [3.5, 15.25, 3, 14.75], "texture": "#1"},
				"east": {"uv": [3.5, 15.25, 3, 14.75], "texture": "#1"},
				"south": {"uv": [3.5, 15.25, 3, 14.75], "texture": "#1"},
				"west": {"uv": [3.5, 15.25, 3, 14.75], "texture": "#1"},
				"up": {"uv": [3.5, 15.25, 3, 14.75], "texture": "#1"},
				"down": {"uv": [3.5, 15.25, 3, 14.75], "texture": "#1"}
			}
		},
		{
			"from": [13.6, 0.1, 9.3],
			"to": [15.2, 3.6, 10.9],
			"rotation": {"angle": 0, "axis": "y", "origin": [12, 0, 9]},
			"faces": {
				"north": {"uv": [15.25, 4, 14.75, 3.5], "texture": "#1"},
				"east": {"uv": [15.25, 4, 14.75, 3.5], "texture": "#1"},
				"south": {"uv": [15.25, 4, 14.75, 3.5], "texture": "#1"},
				"west": {"uv": [15.25, 4, 14.75, 3.5], "texture": "#1"},
				"up": {"uv": [15.25, 4, 14.75, 3.5], "texture": "#1"},
				"down": {"uv": [15.25, 4, 14.75, 3.5], "texture": "#1"}
			}
		},
		{
			"from": [11.7, 0.1, 9.3],
			"to": [13.3, 3.6, 10.9],
			"rotation": {"angle": 0, "axis": "y", "origin": [10, 0, 9]},
			"faces": {
				"north": {"uv": [15.25, 4.5, 14.75, 4], "texture": "#1"},
				"east": {"uv": [15.25, 4.5, 14.75, 4], "texture": "#1"},
				"south": {"uv": [15.25, 4.5, 14.75, 4], "texture": "#1"},
				"west": {"uv": [15.25, 4.5, 14.75, 4], "texture": "#1"},
				"up": {"uv": [15.25, 4.5, 14.75, 4], "texture": "#1"},
				"down": {"uv": [15.25, 4.5, 14.75, 4], "texture": "#1"}
			}
		},
		{
			"from": [9.8, 0.1, 9.3],
			"to": [11.4, 3.6, 10.9],
			"rotation": {"angle": 0, "axis": "y", "origin": [8, 0, 9]},
			"faces": {
				"north": {"uv": [15.25, 5, 14.75, 4.5], "texture": "#1"},
				"east": {"uv": [15.25, 5, 14.75, 4.5], "texture": "#1"},
				"south": {"uv": [15.25, 5, 14.75, 4.5], "texture": "#1"},
				"west": {"uv": [15.25, 5, 14.75, 4.5], "texture": "#1"},
				"up": {"uv": [15.25, 5, 14.75, 4.5], "texture": "#1"},
				"down": {"uv": [15.25, 5, 14.75, 4.5], "texture": "#1"}
			}
		},
		{
			"from": [7.9, 0.1, 9.3],
			"to": [9.5, 3.6, 10.9],
			"rotation": {"angle": 0, "axis": "y", "origin": [6, 0, 9]},
			"faces": {
				"north": {"uv": [15.25, 5.5, 14.75, 5], "texture": "#1"},
				"east": {"uv": [15.25, 5.5, 14.75, 5], "texture": "#1"},
				"south": {"uv": [15.25, 5.5, 14.75, 5], "texture": "#1"},
				"west": {"uv": [15.25, 5.5, 14.75, 5], "texture": "#1"},
				"up": {"uv": [15.25, 5.5, 14.75, 5], "texture": "#1"},
				"down": {"uv": [15.25, 5.5, 14.75, 5], "texture": "#1"}
			}
		},
		{
			"from": [6, 0.1, 9.3],
			"to": [7.6, 3.6, 10.9],
			"rotation": {"angle": 0, "axis": "y", "origin": [4, 0, 9]},
			"faces": {
				"north": {"uv": [15.25, 6, 14.75, 5.5], "texture": "#1"},
				"east": {"uv": [15.25, 6, 14.75, 5.5], "texture": "#1"},
				"south": {"uv": [15.25, 6, 14.75, 5.5], "texture": "#1"},
				"west": {"uv": [15.25, 6, 14.75, 5.5], "texture": "#1"},
				"up": {"uv": [15.25, 6, 14.75, 5.5], "texture": "#1"},
				"down": {"uv": [15.25, 6, 14.75, 5.5], "texture": "#1"}
			}
		},
		{
			"from": [4.1, 0.1, 9.3],
			"to": [5.7, 3.6, 10.9],
			"rotation": {"angle": 0, "axis": "y", "origin": [2, 0, 9]},
			"faces": {
				"north": {"uv": [15.25, 6.5, 14.75, 6], "texture": "#1"},
				"east": {"uv": [15.25, 6.5, 14.75, 6], "texture": "#1"},
				"south": {"uv": [15.25, 6.5, 14.75, 6], "texture": "#1"},
				"west": {"uv": [15.25, 6.5, 14.75, 6], "texture": "#1"},
				"up": {"uv": [15.25, 6.5, 14.75, 6], "texture": "#1"},
				"down": {"uv": [15.25, 6.5, 14.75, 6], "texture": "#1"}
			}
		},
		{
			"from": [2.2, 0.1, 9.3],
			"to": [3.8, 3.6, 10.9],
			"rotation": {"angle": 0, "axis": "y", "origin": [0, 0, 9]},
			"faces": {
				"north": {"uv": [15.25, 7, 14.75, 6.5], "texture": "#1"},
				"east": {"uv": [15.25, 7, 14.75, 6.5], "texture": "#1"},
				"south": {"uv": [15.25, 7, 14.75, 6.5], "texture": "#1"},
				"west": {"uv": [15.25, 7, 14.75, 6.5], "texture": "#1"},
				"up": {"uv": [15.25, 7, 14.75, 6.5], "texture": "#1"},
				"down": {"uv": [15.25, 7, 14.75, 6.5], "texture": "#1"}
			}
		},
		{
			"from": [0.3, 0.1, 9.3],
			"to": [1.9, 3.6, 10.9],
			"rotation": {"angle": 0, "axis": "y", "origin": [-2, 0, 9]},
			"faces": {
				"north": {"uv": [15.25, 7.5, 14.75, 7], "texture": "#1"},
				"east": {"uv": [15.25, 7.5, 14.75, 7], "texture": "#1"},
				"south": {"uv": [15.25, 7.5, 14.75, 7], "texture": "#1"},
				"west": {"uv": [15.25, 7.5, 14.75, 7], "texture": "#1"},
				"up": {"uv": [15.25, 7.5, 14.75, 7], "texture": "#1"},
				"down": {"uv": [15.25, 7.5, 14.75, 7], "texture": "#1"}
			}
		},
		{
			"from": [-1.6, 0.1, 9.3],
			"to": [0, 3.6, 10.9],
			"rotation": {"angle": 0, "axis": "y", "origin": [-4, 0, 9]},
			"faces": {
				"north": {"uv": [9, 15.25, 8.5, 14.75], "texture": "#1"},
				"east": {"uv": [9, 15.25, 8.5, 14.75], "texture": "#1"},
				"south": {"uv": [9, 15.25, 8.5, 14.75], "texture": "#1"},
				"west": {"uv": [9, 15.25, 8.5, 14.75], "texture": "#1"},
				"up": {"uv": [9, 15.25, 8.5, 14.75], "texture": "#1"},
				"down": {"uv": [9, 15.25, 8.5, 14.75], "texture": "#1"}
			}
		},
		{
			"from": [-2.6, 0.1, 3.6],
			"to": [-1, 3.6, 5.2],
			"rotation": {"angle": 0, "axis": "y", "origin": [-3, 0, 3]},
			"faces": {
				"north": {"uv": [10, 15.25, 9.5, 14.75], "texture": "#1"},
				"east": {"uv": [10, 15.25, 9.5, 14.75], "texture": "#1"},
				"south": {"uv": [10, 15.25, 9.5, 14.75], "texture": "#1"},
				"west": {"uv": [10, 15.25, 9.5, 14.75], "texture": "#1"},
				"up": {"uv": [10, 15.25, 9.5, 14.75], "texture": "#1"},
				"down": {"uv": [10, 15.25, 9.5, 14.75], "texture": "#1"}
			}
		},
		{
			"from": [-0.7, 0.1, 3.6],
			"to": [0.9, 3.6, 5.2],
			"rotation": {"angle": 0, "axis": "y", "origin": [-1, 0, 3]},
			"faces": {
				"north": {"uv": [10.5, 15.25, 10, 14.75], "texture": "#1"},
				"east": {"uv": [10.5, 15.25, 10, 14.75], "texture": "#1"},
				"south": {"uv": [10.5, 15.25, 10, 14.75], "texture": "#1"},
				"west": {"uv": [10.5, 15.25, 10, 14.75], "texture": "#1"},
				"up": {"uv": [10.5, 15.25, 10, 14.75], "texture": "#1"},
				"down": {"uv": [10.5, 15.25, 10, 14.75], "texture": "#1"}
			}
		},
		{
			"from": [1.2, 0.1, 3.6],
			"to": [2.8, 3.6, 5.2],
			"rotation": {"angle": 0, "axis": "y", "origin": [1, 0, 3]},
			"faces": {
				"north": {"uv": [11, 15.25, 10.5, 14.75], "texture": "#1"},
				"east": {"uv": [11, 15.25, 10.5, 14.75], "texture": "#1"},
				"south": {"uv": [11, 15.25, 10.5, 14.75], "texture": "#1"},
				"west": {"uv": [11, 15.25, 10.5, 14.75], "texture": "#1"},
				"up": {"uv": [11, 15.25, 10.5, 14.75], "texture": "#1"},
				"down": {"uv": [11, 15.25, 10.5, 14.75], "texture": "#1"}
			}
		},
		{
			"from": [3.1, 0.1, 3.6],
			"to": [4.7, 3.6, 5.2],
			"rotation": {"angle": 0, "axis": "y", "origin": [3, 0, 3]},
			"faces": {
				"north": {"uv": [15.25, 12.5, 14.75, 12], "texture": "#1"},
				"east": {"uv": [15.25, 12.5, 14.75, 12], "texture": "#1"},
				"south": {"uv": [15.25, 12.5, 14.75, 12], "texture": "#1"},
				"west": {"uv": [15.25, 12.5, 14.75, 12], "texture": "#1"},
				"up": {"uv": [15.25, 12.5, 14.75, 12], "texture": "#1"},
				"down": {"uv": [15.25, 12.5, 14.75, 12], "texture": "#1"}
			}
		},
		{
			"from": [21.7, 0.1, 3.6],
			"to": [23.7, 3.6, 5.2],
			"rotation": {"angle": 0, "axis": "y", "origin": [21, 0, 3]},
			"faces": {
				"north": {"uv": [13.5, 15.25, 13, 14.75], "texture": "#1"},
				"east": {"uv": [13.5, 15.25, 13, 14.75], "texture": "#1"},
				"south": {"uv": [13.5, 15.25, 13, 14.75], "texture": "#1"},
				"west": {"uv": [13.5, 15.25, 13, 14.75], "texture": "#1"},
				"up": {"uv": [13.5, 15.25, 13, 14.75], "texture": "#1"},
				"down": {"uv": [13.5, 15.25, 13, 14.75], "texture": "#1"}
			}
		},
		{
			"from": [19.4, 0.1, 3.6],
			"to": [21.4, 3.6, 5.2],
			"rotation": {"angle": 0, "axis": "y", "origin": [18, 0, 3]},
			"faces": {
				"north": {"uv": [14.5, 15.25, 14, 14.75], "texture": "#1"},
				"east": {"uv": [14.5, 15.25, 14, 14.75], "texture": "#1"},
				"south": {"uv": [14.5, 15.25, 14, 14.75], "texture": "#1"},
				"west": {"uv": [14.5, 15.25, 14, 14.75], "texture": "#1"},
				"up": {"uv": [14.5, 15.25, 14, 14.75], "texture": "#1"},
				"down": {"uv": [14.5, 15.25, 14, 14.75], "texture": "#1"}
			}
		},
		{
			"from": [17.1, 0.1, 3.6],
			"to": [19.1, 3.6, 5.2],
			"rotation": {"angle": 0, "axis": "y", "origin": [15, 0, 3]},
			"faces": {
				"north": {"uv": [2, 15.5, 1.5, 15], "texture": "#1"},
				"east": {"uv": [2, 15.5, 1.5, 15], "texture": "#1"},
				"south": {"uv": [2, 15.5, 1.5, 15], "texture": "#1"},
				"west": {"uv": [2, 15.5, 1.5, 15], "texture": "#1"},
				"up": {"uv": [2, 15.5, 1.5, 15], "texture": "#1"},
				"down": {"uv": [2, 15.5, 1.5, 15], "texture": "#1"}
			}
		},
		{
			"from": [5, 0.1, 3.6],
			"to": [16.8, 3.6, 5.2],
			"rotation": {"angle": 0, "axis": "y", "origin": [12, 0, 3]},
			"faces": {
				"north": {"uv": [10.75, 7, 7.75, 6.5], "texture": "#1"},
				"east": {"uv": [10.75, 7, 7.75, 6.5], "texture": "#1"},
				"south": {"uv": [10.75, 7, 7.75, 6.5], "texture": "#1"},
				"west": {"uv": [10.75, 7, 7.75, 6.5], "texture": "#1"},
				"up": {"uv": [10.75, 7, 7.75, 6.5], "texture": "#1"},
				"down": {"uv": [10.75, 7, 7.75, 6.5], "texture": "#1"}
			}
		},
		{
			"from": [-0.3, 0.1, 7.4],
			"to": [1.3, 3.6, 9],
			"rotation": {"angle": 0, "axis": "y", "origin": [-1, 0, 7]},
			"faces": {
				"north": {"uv": [8.5, 15.5, 8, 15], "texture": "#1"},
				"east": {"uv": [8.5, 15.5, 8, 15], "texture": "#1"},
				"south": {"uv": [8.5, 15.5, 8, 15], "texture": "#1"},
				"west": {"uv": [8.5, 15.5, 8, 15], "texture": "#1"},
				"up": {"uv": [8.5, 15.5, 8, 15], "texture": "#1"},
				"down": {"uv": [8.5, 15.5, 8, 15], "texture": "#1"}
			}
		},
		{
			"from": [-2.6, 0.1, 5.5],
			"to": [0.4, 3.6, 7.1],
			"rotation": {"angle": 0, "axis": "y", "origin": [-3, 0, 5]},
			"faces": {
				"north": {"uv": [13.5, 9.25, 12.75, 8.75], "texture": "#1"},
				"east": {"uv": [13.5, 9.25, 12.75, 8.75], "texture": "#1"},
				"south": {"uv": [13.5, 9.25, 12.75, 8.75], "texture": "#1"},
				"west": {"uv": [13.5, 9.25, 12.75, 8.75], "texture": "#1"},
				"up": {"uv": [13.5, 9.25, 12.75, 8.75], "texture": "#1"},
				"down": {"uv": [13.5, 9.25, 12.75, 8.75], "texture": "#1"}
			}
		},
		{
			"from": [-4.5, 0.1, 5.5],
			"to": [-2.9, 3.6, 7.1],
			"rotation": {"angle": 0, "axis": "y", "origin": [-5, 0, 5]},
			"faces": {
				"north": {"uv": [15.5, 9, 15, 8.5], "texture": "#1"},
				"east": {"uv": [15.5, 9, 15, 8.5], "texture": "#1"},
				"south": {"uv": [15.5, 9, 15, 8.5], "texture": "#1"},
				"west": {"uv": [15.5, 9, 15, 8.5], "texture": "#1"},
				"up": {"uv": [15.5, 9, 15, 8.5], "texture": "#1"},
				"down": {"uv": [15.5, 9, 15, 8.5], "texture": "#1"}
			}
		},
		{
			"from": [17.8, 0.1, 5.5],
			"to": [19.4, 3.6, 7.1],
			"rotation": {"angle": 0, "axis": "y", "origin": [17, 0, 5]},
			"faces": {
				"north": {"uv": [15.5, 11, 15, 10.5], "texture": "#1"},
				"east": {"uv": [15.5, 11, 15, 10.5], "texture": "#1"},
				"south": {"uv": [15.5, 11, 15, 10.5], "texture": "#1"},
				"west": {"uv": [15.5, 11, 15, 10.5], "texture": "#1"},
				"up": {"uv": [15.5, 11, 15, 10.5], "texture": "#1"},
				"down": {"uv": [15.5, 11, 15, 10.5], "texture": "#1"}
			}
		},
		{
			"from": [2.6, 0.1, 5.5],
			"to": [4.2, 3.6, 7.1],
			"rotation": {"angle": 0, "axis": "y", "origin": [2, 0, 5]},
			"faces": {
				"north": {"uv": [15.5, 11.5, 15, 11], "texture": "#1"},
				"east": {"uv": [15.5, 11.5, 15, 11], "texture": "#1"},
				"south": {"uv": [15.5, 11.5, 15, 11], "texture": "#1"},
				"west": {"uv": [15.5, 11.5, 15, 11], "texture": "#1"},
				"up": {"uv": [15.5, 11.5, 15, 11], "texture": "#1"},
				"down": {"uv": [15.5, 11.5, 15, 11], "texture": "#1"}
			}
		},
		{
			"from": [14, 0.1, 5.5],
			"to": [15.6, 3.6, 7.1],
			"rotation": {"angle": 0, "axis": "y", "origin": [13, 0, 5]},
			"faces": {
				"north": {"uv": [15.5, 12, 15, 11.5], "texture": "#1"},
				"east": {"uv": [15.5, 12, 15, 11.5], "texture": "#1"},
				"south": {"uv": [15.5, 12, 15, 11.5], "texture": "#1"},
				"west": {"uv": [15.5, 12, 15, 11.5], "texture": "#1"},
				"up": {"uv": [15.5, 12, 15, 11.5], "texture": "#1"},
				"down": {"uv": [15.5, 12, 15, 11.5], "texture": "#1"}
			}
		},
		{
			"from": [15.9, 0.1, 5.5],
			"to": [17.5, 3.6, 7.1],
			"rotation": {"angle": 0, "axis": "y", "origin": [15, 0, 5]},
			"faces": {
				"north": {"uv": [15.5, 13.5, 15, 13], "texture": "#1"},
				"east": {"uv": [15.5, 13.5, 15, 13], "texture": "#1"},
				"south": {"uv": [15.5, 13.5, 15, 13], "texture": "#1"},
				"west": {"uv": [15.5, 13.5, 15, 13], "texture": "#1"},
				"up": {"uv": [15.5, 13.5, 15, 13], "texture": "#1"},
				"down": {"uv": [15.5, 13.5, 15, 13], "texture": "#1"}
			}
		},
		{
			"from": [0.7, 0.1, 5.5],
			"to": [2.3, 3.6, 7.1],
			"rotation": {"angle": 0, "axis": "y", "origin": [0, 0, 5]},
			"faces": {
				"north": {"uv": [15.5, 14.5, 15, 14], "texture": "#1"},
				"east": {"uv": [15.5, 14.5, 15, 14], "texture": "#1"},
				"south": {"uv": [15.5, 14.5, 15, 14], "texture": "#1"},
				"west": {"uv": [15.5, 14.5, 15, 14], "texture": "#1"},
				"up": {"uv": [15.5, 14.5, 15, 14], "texture": "#1"},
				"down": {"uv": [15.5, 14.5, 15, 14], "texture": "#1"}
			}
		},
		{
			"from": [4.5, 0.1, 5.5],
			"to": [6.1, 3.6, 7.1],
			"rotation": {"angle": 0, "axis": "y", "origin": [4, 0, 5]},
			"faces": {
				"north": {"uv": [15.5, 15.5, 15, 15], "texture": "#1"},
				"east": {"uv": [15.5, 15.5, 15, 15], "texture": "#1"},
				"south": {"uv": [15.5, 15.5, 15, 15], "texture": "#1"},
				"west": {"uv": [15.5, 15.5, 15, 15], "texture": "#1"},
				"up": {"uv": [15.5, 15.5, 15, 15], "texture": "#1"},
				"down": {"uv": [15.5, 15.5, 15, 15], "texture": "#1"}
			}
		},
		{
			"from": [6.4, 0.1, 5.5],
			"to": [8, 3.6, 7.1],
			"rotation": {"angle": 0, "axis": "y", "origin": [6, 0, 5]},
			"faces": {
				"north": {"uv": [1, 15.75, 0.5, 15.25], "texture": "#1"},
				"east": {"uv": [1, 15.75, 0.5, 15.25], "texture": "#1"},
				"south": {"uv": [1, 15.75, 0.5, 15.25], "texture": "#1"},
				"west": {"uv": [1, 15.75, 0.5, 15.25], "texture": "#1"},
				"up": {"uv": [1, 15.75, 0.5, 15.25], "texture": "#1"},
				"down": {"uv": [1, 15.75, 0.5, 15.25], "texture": "#1"}
			}
		},
		{
			"from": [8.3, 0.1, 5.5],
			"to": [9.9, 3.6, 7.1],
			"rotation": {"angle": 0, "axis": "y", "origin": [8, 0, 5]},
			"faces": {
				"north": {"uv": [15.75, 1.5, 15.25, 1], "texture": "#1"},
				"east": {"uv": [15.75, 1.5, 15.25, 1], "texture": "#1"},
				"south": {"uv": [15.75, 1.5, 15.25, 1], "texture": "#1"},
				"west": {"uv": [15.75, 1.5, 15.25, 1], "texture": "#1"},
				"up": {"uv": [15.75, 1.5, 15.25, 1], "texture": "#1"},
				"down": {"uv": [15.75, 1.5, 15.25, 1], "texture": "#1"}
			}
		},
		{
			"from": [10.2, 0.1, 5.5],
			"to": [11.8, 3.6, 7.1],
			"rotation": {"angle": 0, "axis": "y", "origin": [10, 0, 5]},
			"faces": {
				"north": {"uv": [2.5, 15.75, 2, 15.25], "texture": "#1"},
				"east": {"uv": [2.5, 15.75, 2, 15.25], "texture": "#1"},
				"south": {"uv": [2.5, 15.75, 2, 15.25], "texture": "#1"},
				"west": {"uv": [2.5, 15.75, 2, 15.25], "texture": "#1"},
				"up": {"uv": [2.5, 15.75, 2, 15.25], "texture": "#1"},
				"down": {"uv": [2.5, 15.75, 2, 15.25], "texture": "#1"}
			}
		},
		{
			"from": [12.1, 0.1, 5.5],
			"to": [13.7, 3.6, 7.1],
			"rotation": {"angle": 0, "axis": "y", "origin": [12, 0, 5]},
			"faces": {
				"north": {"uv": [3, 15.75, 2.5, 15.25], "texture": "#1"},
				"east": {"uv": [3, 15.75, 2.5, 15.25], "texture": "#1"},
				"south": {"uv": [3, 15.75, 2.5, 15.25], "texture": "#1"},
				"west": {"uv": [3, 15.75, 2.5, 15.25], "texture": "#1"},
				"up": {"uv": [3, 15.75, 2.5, 15.25], "texture": "#1"},
				"down": {"uv": [3, 15.75, 2.5, 15.25], "texture": "#1"}
			}
		},
		{
			"from": [19.7, 0.1, 5.5],
			"to": [23.7, 3.6, 7.1],
			"rotation": {"angle": 0, "axis": "y", "origin": [20, 0, 5]},
			"faces": {
				"north": {"uv": [7.25, 9.75, 6.25, 9.25], "texture": "#1"},
				"east": {"uv": [7.25, 9.75, 6.25, 9.25], "texture": "#1"},
				"south": {"uv": [7.25, 9.75, 6.25, 9.25], "texture": "#1"},
				"west": {"uv": [7.25, 9.75, 6.25, 9.25], "texture": "#1"},
				"up": {"uv": [7.25, 9.75, 6.25, 9.25], "texture": "#1"},
				"down": {"uv": [7.25, 9.75, 6.25, 9.25], "texture": "#1"}
			}
		},
		{
			"from": [20.6, 0.1, 7.4],
			"to": [23.7, 3.6, 9],
			"rotation": {"angle": 0, "axis": "y", "origin": [20, 0, 7]},
			"faces": {
				"north": {"uv": [14.25, 10, 13.5, 9.5], "texture": "#1"},
				"east": {"uv": [14.25, 10, 13.5, 9.5], "texture": "#1"},
				"south": {"uv": [14.25, 10, 13.5, 9.5], "texture": "#1"},
				"west": {"uv": [14.25, 10, 13.5, 9.5], "texture": "#1"},
				"up": {"uv": [14.25, 10, 13.5, 9.5], "texture": "#1"},
				"down": {"uv": [14.25, 10, 13.5, 9.5], "texture": "#1"}
			}
		},
		{
			"from": [18.7, 0.1, 7.4],
			"to": [20.3, 3.6, 9],
			"rotation": {"angle": 0, "axis": "y", "origin": [18, 0, 7]},
			"faces": {
				"north": {"uv": [4, 15.75, 3.5, 15.25], "texture": "#1"},
				"east": {"uv": [4, 15.75, 3.5, 15.25], "texture": "#1"},
				"south": {"uv": [4, 15.75, 3.5, 15.25], "texture": "#1"},
				"west": {"uv": [4, 15.75, 3.5, 15.25], "texture": "#1"},
				"up": {"uv": [4, 15.75, 3.5, 15.25], "texture": "#1"},
				"down": {"uv": [4, 15.75, 3.5, 15.25], "texture": "#1"}
			}
		},
		{
			"from": [1.6, 0.1, 7.4],
			"to": [3.2, 3.6, 9],
			"rotation": {"angle": 0, "axis": "y", "origin": [1, 0, 7]},
			"faces": {
				"north": {"uv": [4.5, 15.75, 4, 15.25], "texture": "#1"},
				"east": {"uv": [4.5, 15.75, 4, 15.25], "texture": "#1"},
				"south": {"uv": [4.5, 15.75, 4, 15.25], "texture": "#1"},
				"west": {"uv": [4.5, 15.75, 4, 15.25], "texture": "#1"},
				"up": {"uv": [4.5, 15.75, 4, 15.25], "texture": "#1"},
				"down": {"uv": [4.5, 15.75, 4, 15.25], "texture": "#1"}
			}
		},
		{
			"from": [3.5, 0.1, 7.4],
			"to": [5.1, 3.6, 9],
			"rotation": {"angle": 0, "axis": "y", "origin": [3, 0, 7]},
			"faces": {
				"north": {"uv": [5, 15.75, 4.5, 15.25], "texture": "#1"},
				"east": {"uv": [5, 15.75, 4.5, 15.25], "texture": "#1"},
				"south": {"uv": [5, 15.75, 4.5, 15.25], "texture": "#1"},
				"west": {"uv": [5, 15.75, 4.5, 15.25], "texture": "#1"},
				"up": {"uv": [5, 15.75, 4.5, 15.25], "texture": "#1"},
				"down": {"uv": [5, 15.75, 4.5, 15.25], "texture": "#1"}
			}
		},
		{
			"from": [5.4, 0.1, 7.4],
			"to": [7, 3.6, 9],
			"rotation": {"angle": 0, "axis": "y", "origin": [5, 0, 7]},
			"faces": {
				"north": {"uv": [5.5, 15.75, 5, 15.25], "texture": "#1"},
				"east": {"uv": [5.5, 15.75, 5, 15.25], "texture": "#1"},
				"south": {"uv": [5.5, 15.75, 5, 15.25], "texture": "#1"},
				"west": {"uv": [5.5, 15.75, 5, 15.25], "texture": "#1"},
				"up": {"uv": [5.5, 15.75, 5, 15.25], "texture": "#1"},
				"down": {"uv": [5.5, 15.75, 5, 15.25], "texture": "#1"}
			}
		},
		{
			"from": [7.3, 0.1, 7.4],
			"to": [8.9, 3.6, 9],
			"rotation": {"angle": 0, "axis": "y", "origin": [7, 0, 7]},
			"faces": {
				"north": {"uv": [6, 15.75, 5.5, 15.25], "texture": "#1"},
				"east": {"uv": [6, 15.75, 5.5, 15.25], "texture": "#1"},
				"south": {"uv": [6, 15.75, 5.5, 15.25], "texture": "#1"},
				"west": {"uv": [6, 15.75, 5.5, 15.25], "texture": "#1"},
				"up": {"uv": [6, 15.75, 5.5, 15.25], "texture": "#1"},
				"down": {"uv": [6, 15.75, 5.5, 15.25], "texture": "#1"}
			}
		},
		{
			"from": [9.2, 0.1, 7.4],
			"to": [10.8, 3.6, 9],
			"rotation": {"angle": 0, "axis": "y", "origin": [9, 0, 7]},
			"faces": {
				"north": {"uv": [6.5, 15.75, 6, 15.25], "texture": "#1"},
				"east": {"uv": [6.5, 15.75, 6, 15.25], "texture": "#1"},
				"south": {"uv": [6.5, 15.75, 6, 15.25], "texture": "#1"},
				"west": {"uv": [6.5, 15.75, 6, 15.25], "texture": "#1"},
				"up": {"uv": [6.5, 15.75, 6, 15.25], "texture": "#1"},
				"down": {"uv": [6.5, 15.75, 6, 15.25], "texture": "#1"}
			}
		},
		{
			"from": [11.1, 0.1, 7.4],
			"to": [12.7, 3.6, 9],
			"rotation": {"angle": 0, "axis": "y", "origin": [11, 0, 7]},
			"faces": {
				"north": {"uv": [7, 15.75, 6.5, 15.25], "texture": "#1"},
				"east": {"uv": [7, 15.75, 6.5, 15.25], "texture": "#1"},
				"south": {"uv": [7, 15.75, 6.5, 15.25], "texture": "#1"},
				"west": {"uv": [7, 15.75, 6.5, 15.25], "texture": "#1"},
				"up": {"uv": [7, 15.75, 6.5, 15.25], "texture": "#1"},
				"down": {"uv": [7, 15.75, 6.5, 15.25], "texture": "#1"}
			}
		},
		{
			"from": [13, 0.1, 7.4],
			"to": [14.6, 3.6, 9],
			"rotation": {"angle": 0, "axis": "y", "origin": [13, 0, 7]},
			"faces": {
				"north": {"uv": [7.5, 15.75, 7, 15.25], "texture": "#1"},
				"east": {"uv": [7.5, 15.75, 7, 15.25], "texture": "#1"},
				"south": {"uv": [7.5, 15.75, 7, 15.25], "texture": "#1"},
				"west": {"uv": [7.5, 15.75, 7, 15.25], "texture": "#1"},
				"up": {"uv": [7.5, 15.75, 7, 15.25], "texture": "#1"},
				"down": {"uv": [7.5, 15.75, 7, 15.25], "texture": "#1"}
			}
		},
		{
			"from": [14.9, 0.1, 7.4],
			"to": [16.5, 3.6, 9],
			"rotation": {"angle": 0, "axis": "y", "origin": [15, 0, 7]},
			"faces": {
				"north": {"uv": [15.75, 8, 15.25, 7.5], "texture": "#1"},
				"east": {"uv": [15.75, 8, 15.25, 7.5], "texture": "#1"},
				"south": {"uv": [15.75, 8, 15.25, 7.5], "texture": "#1"},
				"west": {"uv": [15.75, 8, 15.25, 7.5], "texture": "#1"},
				"up": {"uv": [15.75, 8, 15.25, 7.5], "texture": "#1"},
				"down": {"uv": [15.75, 8, 15.25, 7.5], "texture": "#1"}
			}
		},
		{
			"from": [16.8, 0.1, 7.4],
			"to": [18.4, 3.6, 9],
			"rotation": {"angle": 0, "axis": "y", "origin": [17, 0, 7]},
			"faces": {
				"north": {"uv": [9.5, 15.75, 9, 15.25], "texture": "#1"},
				"east": {"uv": [9.5, 15.75, 9, 15.25], "texture": "#1"},
				"south": {"uv": [9.5, 15.75, 9, 15.25], "texture": "#1"},
				"west": {"uv": [9.5, 15.75, 9, 15.25], "texture": "#1"},
				"up": {"uv": [9.5, 15.75, 9, 15.25], "texture": "#1"},
				"down": {"uv": [9.5, 15.75, 9, 15.25], "texture": "#1"}
			}
		}
	],
	"display": {
		"thirdperson_righthand": {
			"rotation": [25, 0, 90],
			"translation": [-5, 10.5, 4.75],
			"scale": [0.8, 0.58, 0.8]
		},
		"thirdperson_lefthand": {
			"rotation": [84, 180, 0],
			"translation": [-6, 3.5, 4],
			"scale": [0.8, 0.58, 0.8]
		},
		"firstperson_righthand": {
			"rotation": [140, 180, -95],
			"translation": [-0.12, 6.95, -4.37],
			"scale": [0.7, 0.57, 0.7]
		},
		"firstperson_lefthand": {
			"rotation": [21, 180, 0],
			"translation": [-9.5, 4.25, -4.5]
		},
		"ground": {
			"translation": [0, 3.25, 0],
			"scale": [1, 0.7, 1]
		},
		"gui": {
			"rotation": [84, 140, -15],
			"translation": [-0.5, 0.75, 0],
			"scale": [0.5, 0.5, 0.5]
		},
		"head": {
			"rotation": [-90, -90, 0],
			"translation": [0.25, 9, -4.25],
			"scale": [1, 0.7, 1]
		},
		"fixed": {
			"rotation": [-90, 0, 0],
			"translation": [-1.75, -0.5, -10.25],
			"scale": [2, 1.4, 2]
		}
	}
}