{
	"format_version": "1.21.6",
	"credit": "Made with Blockbench",
	"texture_size": [32, 32],
	"textures": {
		"0": "item/vip/how_hammer/stick",
		"1": "item/vip/how_hammer/middle",
		"2": "item/vip/how_hammer/punch",
		"3": "item/vip/how_hammer/lid",
		"4": "item/vip/how_hammer/e",
		"particle": "item/vip/how_hammer/stick"
	},
	"elements": [
		{
			"from": [7.5, -11.3, 7.5],
			"to": [8.5, 11, 8.5],
			"rotation": {"angle": 0, "axis": "y", "origin": [7, 6, 7]},
			"faces": {
				"north": {"uv": [0, 0, 0.5, 11], "texture": "#0"},
				"east": {"uv": [0.5, 0, 1, 11], "texture": "#0"},
				"south": {"uv": [1, 0, 1.5, 11], "texture": "#0"},
				"west": {"uv": [1.5, 0, 2, 11], "texture": "#0"},
				"up": {"uv": [2.5, 0.5, 2, 0], "texture": "#0"},
				"down": {"uv": [2.5, 0.5, 2, 1], "texture": "#0"}
			}
		},
		{
			"from": [7, 11, 7],
			"to": [9, 19.5, 9],
			"rotation": {"angle": 0, "axis": "y", "origin": [7, 8, 7]},
			"faces": {
				"north": {"uv": [0, 0, 2, 9], "texture": "#1"},
				"east": {"uv": [2, 0, 4, 9], "texture": "#1"},
				"south": {"uv": [4, 0, 6, 9], "texture": "#1"},
				"west": {"uv": [6, 0, 8, 9], "texture": "#1"},
				"up": {"uv": [10, 2, 8, 0], "texture": "#1"},
				"down": {"uv": [10, 2, 8, 4], "texture": "#1"}
			}
		},
		{
			"from": [19.125, 12, 9.5],
			"to": [20.125, 20, 11.5],
			"rotation": {"angle": 0, "axis": "y", "origin": [19.125, 15, 9.5]},
			"faces": {
				"north": {"uv": [6, 6, 6.5, 10], "texture": "#4"},
				"east": {"uv": [2, 0, 3, 4], "texture": "#4"},
				"south": {"uv": [6.5, 0, 7, 4], "texture": "#4"},
				"west": {"uv": [3, 0, 4, 4], "texture": "#4"},
				"up": {"uv": [7.5, 8, 7, 7], "texture": "#4"},
				"down": {"uv": [8, 0, 7.5, 1], "texture": "#4"}
			}
		},
		{
			"from": [19.125, 15, 4.5],
			"to": [20.125, 17, 9.5],
			"rotation": {"angle": 0, "axis": "y", "origin": [19.125, 12, 7.5]},
			"faces": {
				"north": {"uv": [7.5, 1, 8, 2], "texture": "#4"},
				"east": {"uv": [0, 4, 2.5, 5], "texture": "#4"},
				"south": {"uv": [7.5, 2, 8, 3], "texture": "#4"},
				"west": {"uv": [4, 0, 6.5, 1], "texture": "#4"},
				"up": {"uv": [7, 8.5, 6.5, 6], "texture": "#4"},
				"down": {"uv": [0.5, 7, 0, 9.5], "texture": "#4"}
			}
		},
		{
			"from": [19.125, 12, 4.5],
			"to": [20.125, 14, 9.5],
			"rotation": {"angle": 0, "axis": "y", "origin": [19.125, 9, 7.5]},
			"faces": {
				"north": {"uv": [7.5, 3, 8, 4], "texture": "#4"},
				"east": {"uv": [4, 1, 6.5, 2], "texture": "#4"},
				"south": {"uv": [7.5, 4, 8, 5], "texture": "#4"},
				"west": {"uv": [4, 2, 6.5, 3], "texture": "#4"},
				"up": {"uv": [7.5, 2.5, 7, 0], "texture": "#4"},
				"down": {"uv": [1, 7, 0.5, 9.5], "texture": "#4"}
			}
		},
		{
			"from": [19.125, 18, 4.5],
			"to": [20.125, 20, 9.5],
			"rotation": {"angle": 0, "axis": "y", "origin": [19.125, 15, 7.5]},
			"faces": {
				"north": {"uv": [7.5, 5, 8, 6], "texture": "#4"},
				"east": {"uv": [2.5, 4, 5, 5], "texture": "#4"},
				"south": {"uv": [7.5, 6, 8, 7], "texture": "#4"},
				"west": {"uv": [4, 3, 6.5, 4], "texture": "#4"},
				"up": {"uv": [1.5, 9.5, 1, 7], "texture": "#4"},
				"down": {"uv": [2, 7, 1.5, 9.5], "texture": "#4"}
			}
		},
		{
			"from": [-4.15, 12, 4.5],
			"to": [-3.15, 20, 6.5],
			"rotation": {"angle": 0, "axis": "y", "origin": [-3.15, 16, 4.5]},
			"faces": {
				"north": {"uv": [5, 6, 5.5, 10], "texture": "#4"},
				"east": {"uv": [0, 0, 1, 4], "texture": "#4"},
				"south": {"uv": [5.5, 6, 6, 10], "texture": "#4"},
				"west": {"uv": [1, 0, 2, 4], "texture": "#4"},
				"up": {"uv": [7.5, 3.5, 7, 2.5], "texture": "#4"},
				"down": {"uv": [7.5, 6, 7, 7], "texture": "#4"}
			}
		},
		{
			"from": [-4.15, 18, 6.5],
			"to": [-3.15, 20, 11.5],
			"rotation": {"angle": 0, "axis": "y", "origin": [-3.15, 16, 4.5]},
			"faces": {
				"north": {"uv": [7.5, 7, 8, 8], "texture": "#4"},
				"east": {"uv": [0, 5, 2.5, 6], "texture": "#4"},
				"south": {"uv": [8, 0, 8.5, 1], "texture": "#4"},
				"west": {"uv": [2.5, 5, 5, 6], "texture": "#4"},
				"up": {"uv": [2.5, 9.5, 2, 7], "texture": "#4"},
				"down": {"uv": [3, 7, 2.5, 9.5], "texture": "#4"}
			}
		},
		{
			"from": [-4.15, 15, 6.5],
			"to": [-3.15, 17, 11.5],
			"rotation": {"angle": 0, "axis": "y", "origin": [-3.15, 16, 4.5]},
			"faces": {
				"north": {"uv": [8, 1, 8.5, 2], "texture": "#4"},
				"east": {"uv": [5, 4, 7.5, 5], "texture": "#4"},
				"south": {"uv": [8, 2, 8.5, 3], "texture": "#4"},
				"west": {"uv": [5, 5, 7.5, 6], "texture": "#4"},
				"up": {"uv": [3.5, 9.5, 3, 7], "texture": "#4"},
				"down": {"uv": [4, 7, 3.5, 9.5], "texture": "#4"}
			}
		},
		{
			"from": [-4.15, 12, 6.5],
			"to": [-3.15, 14, 11.5],
			"rotation": {"angle": 0, "axis": "y", "origin": [-3.15, 16, 4.5]},
			"faces": {
				"north": {"uv": [8, 3, 8.5, 4], "texture": "#4"},
				"east": {"uv": [0, 6, 2.5, 7], "texture": "#4"},
				"south": {"uv": [8, 4, 8.5, 5], "texture": "#4"},
				"west": {"uv": [2.5, 6, 5, 7], "texture": "#4"},
				"up": {"uv": [4.5, 9.5, 4, 7], "texture": "#4"},
				"down": {"uv": [5, 7, 4.5, 9.5], "texture": "#4"}
			}
		},
		{
			"from": [19.6, 9.7, 1.7],
			"to": [20.1, 22.3, 14.3],
			"rotation": {"angle": 0, "axis": "y", "origin": [19.1, 13, 7]},
			"faces": {
				"north": {"uv": [0, 6.5, 0.25, 9.75], "texture": "#3"},
				"east": {"uv": [0, 0, 3.25, 3.25], "texture": "#3"},
				"south": {"uv": [6.5, 0, 6.75, 3.25], "texture": "#3"},
				"west": {"uv": [0, 3.25, 3.25, 6.5], "texture": "#3"},
				"up": {"uv": [0.5, 9.75, 0.25, 6.5], "texture": "#3"},
				"down": {"uv": [0.75, 6.5, 0.5, 9.75], "texture": "#3"}
			}
		},
		{
			"from": [-4.1, 9.7, 1.7],
			"to": [-3.6, 22.3, 14.3],
			"rotation": {"angle": 0, "axis": "y", "origin": [-4.6, 13, 7]},
			"faces": {
				"north": {"uv": [0, 6.5, 0.25, 9.75], "texture": "#3"},
				"east": {"uv": [0, 0, 3.25, 3.25], "texture": "#3"},
				"south": {"uv": [6.5, 0, 6.75, 3.25], "texture": "#3"},
				"west": {"uv": [0, 3.25, 3.25, 6.5], "texture": "#3"},
				"up": {"uv": [0.5, 9.75, 0.25, 6.5], "texture": "#3"},
				"down": {"uv": [0.75, 6.5, 0.5, 9.75], "texture": "#3"}
			}
		},
		{
			"from": [18.8, 21.7, 1.7],
			"to": [19.6, 22.3, 3.2],
			"rotation": {"angle": 0, "axis": "y", "origin": [18.6, 13, 7]},
			"faces": {
				"north": {"uv": [7, 4.5, 7.25, 4.75], "texture": "#3"},
				"east": {"uv": [2.75, 6.5, 3.25, 6.75], "texture": "#3"},
				"south": {"uv": [7, 5.25, 7.25, 5.5], "texture": "#3"},
				"west": {"uv": [3.25, 6.5, 3.75, 6.75], "texture": "#3"},
				"up": {"uv": [6.75, 3.75, 6.5, 3.25], "texture": "#3"},
				"down": {"uv": [4, 6.5, 3.75, 7], "texture": "#3"}
			}
		},
		{
			"from": [-3.6, 19.7, 1.7],
			"to": [-2.8, 21.3, 2.3],
			"rotation": {"angle": 0, "axis": "y", "origin": [-3.8, 11, 7]},
			"faces": {
				"north": {"uv": [8.25, 1, 8.5, 1.5], "texture": "#3"},
				"east": {"uv": [8.25, 1.5, 8.5, 2], "texture": "#3"},
				"south": {"uv": [8.25, 2, 8.5, 2.5], "texture": "#3"},
				"west": {"uv": [8.25, 2.5, 8.5, 3], "texture": "#3"},
				"up": {"uv": [9, 1, 8.75, 0.75], "texture": "#3"},
				"down": {"uv": [9, 1, 8.75, 1.25], "texture": "#3"}
			}
		},
		{
			"from": [-3.6, 17.7, 1.7],
			"to": [-2.8, 19.3, 2.3],
			"rotation": {"angle": 0, "axis": "y", "origin": [-3.8, 9, 7]},
			"faces": {
				"north": {"uv": [8, 6.5, 8.25, 7], "texture": "#3"},
				"east": {"uv": [7.25, 8, 7.5, 8.5], "texture": "#3"},
				"south": {"uv": [7.5, 8, 7.75, 8.5], "texture": "#3"},
				"west": {"uv": [8, 7.5, 8.25, 8], "texture": "#3"},
				"up": {"uv": [8.75, 8.75, 8.5, 8.5], "texture": "#3"},
				"down": {"uv": [9, 0, 8.75, 0.25], "texture": "#3"}
			}
		},
		{
			"from": [-3.6, 15.7, 1.7],
			"to": [-2.8, 17.3, 2.3],
			"rotation": {"angle": 0, "axis": "y", "origin": [-3.8, 7, 7]},
			"faces": {
				"north": {"uv": [5, 8, 5.25, 8.5], "texture": "#3"},
				"east": {"uv": [8, 5, 8.25, 5.5], "texture": "#3"},
				"south": {"uv": [5.25, 8, 5.5, 8.5], "texture": "#3"},
				"west": {"uv": [5.5, 8, 5.75, 8.5], "texture": "#3"},
				"up": {"uv": [8.25, 8.75, 8, 8.5], "texture": "#3"},
				"down": {"uv": [8.75, 8, 8.5, 8.25], "texture": "#3"}
			}
		},
		{
			"from": [-3.6, 13.7, 1.7],
			"to": [-2.8, 15.3, 2.3],
			"rotation": {"angle": 0, "axis": "y", "origin": [-3.8, 5, 7]},
			"faces": {
				"north": {"uv": [8, 3.5, 8.25, 4], "texture": "#3"},
				"east": {"uv": [3.75, 8, 4, 8.5], "texture": "#3"},
				"south": {"uv": [4, 8, 4.25, 8.5], "texture": "#3"},
				"west": {"uv": [8, 4, 8.25, 4.5], "texture": "#3"},
				"up": {"uv": [7.75, 8.75, 7.5, 8.5], "texture": "#3"},
				"down": {"uv": [8.75, 7.5, 8.5, 7.75], "texture": "#3"}
			}
		},
		{
			"from": [-3.6, 11.7, 1.7],
			"to": [-2.8, 13.3, 2.3],
			"rotation": {"angle": 0, "axis": "y", "origin": [-3.8, 3, 7]},
			"faces": {
				"north": {"uv": [1.75, 8, 2, 8.5], "texture": "#3"},
				"east": {"uv": [2, 8, 2.25, 8.5], "texture": "#3"},
				"south": {"uv": [2.25, 8, 2.5, 8.5], "texture": "#3"},
				"west": {"uv": [2.5, 8, 2.75, 8.5], "texture": "#3"},
				"up": {"uv": [7.25, 8.75, 7, 8.5], "texture": "#3"},
				"down": {"uv": [8.75, 7, 8.5, 7.25], "texture": "#3"}
			}
		},
		{
			"from": [-3.6, 9.7, 1.7],
			"to": [-2.8, 11.3, 2.3],
			"rotation": {"angle": 0, "axis": "y", "origin": [-3.8, 1, 7]},
			"faces": {
				"north": {"uv": [6.5, 7.75, 6.75, 8.25], "texture": "#3"},
				"east": {"uv": [7.75, 6.5, 8, 7], "texture": "#3"},
				"south": {"uv": [6.75, 7.75, 7, 8.25], "texture": "#3"},
				"west": {"uv": [7, 7.75, 7.25, 8.25], "texture": "#3"},
				"up": {"uv": [6.75, 8.75, 6.5, 8.5], "texture": "#3"},
				"down": {"uv": [8.75, 6.5, 8.5, 6.75], "texture": "#3"}
			}
		},
		{
			"from": [-3.6, 9.7, 2.7],
			"to": [-2.8, 10.3, 4.3],
			"rotation": {"angle": 0, "axis": "y", "origin": [-3.8, 1, 9]},
			"faces": {
				"north": {"uv": [6, 8.5, 6.25, 8.75], "texture": "#3"},
				"east": {"uv": [7.75, 2.25, 8.25, 2.5], "texture": "#3"},
				"south": {"uv": [8.5, 6, 8.75, 6.25], "texture": "#3"},
				"west": {"uv": [4, 7.75, 4.5, 8], "texture": "#3"},
				"up": {"uv": [3.75, 8.25, 3.5, 7.75], "texture": "#3"},
				"down": {"uv": [8, 4.5, 7.75, 5], "texture": "#3"}
			}
		},
		{
			"from": [-3.6, 9.7, 4.7],
			"to": [-2.8, 10.3, 6.3],
			"rotation": {"angle": 0, "axis": "y", "origin": [-3.8, 1, 11]},
			"faces": {
				"north": {"uv": [5.5, 8.5, 5.75, 8.75], "texture": "#3"},
				"east": {"uv": [7.75, 0, 8.25, 0.25], "texture": "#3"},
				"south": {"uv": [8.5, 5.5, 8.75, 5.75], "texture": "#3"},
				"west": {"uv": [7.75, 0.25, 8.25, 0.5], "texture": "#3"},
				"up": {"uv": [8, 1, 7.75, 0.5], "texture": "#3"},
				"down": {"uv": [8, 1.5, 7.75, 2], "texture": "#3"}
			}
		},
		{
			"from": [-3.6, 9.7, 6.7],
			"to": [-2.8, 10.3, 8.3],
			"rotation": {"angle": 0, "axis": "y", "origin": [-3.8, 1, 13]},
			"faces": {
				"north": {"uv": [5, 8.5, 5.25, 8.75], "texture": "#3"},
				"east": {"uv": [7.5, 6, 8, 6.25], "texture": "#3"},
				"south": {"uv": [8.5, 5, 8.75, 5.25], "texture": "#3"},
				"west": {"uv": [7.5, 6.25, 8, 6.5], "texture": "#3"},
				"up": {"uv": [6.25, 8, 6, 7.5], "texture": "#3"},
				"down": {"uv": [7.75, 6.5, 7.5, 7], "texture": "#3"}
			}
		},
		{
			"from": [-3.6, 9.7, 8.7],
			"to": [-2.8, 10.3, 10.3],
			"rotation": {"angle": 0, "axis": "y", "origin": [-3.8, 1, 15]},
			"faces": {
				"north": {"uv": [4.5, 8.5, 4.75, 8.75], "texture": "#3"},
				"east": {"uv": [7.5, 4, 8, 4.25], "texture": "#3"},
				"south": {"uv": [8.5, 4.5, 8.75, 4.75], "texture": "#3"},
				"west": {"uv": [7.5, 4.25, 8, 4.5], "texture": "#3"},
				"up": {"uv": [4.75, 8, 4.5, 7.5], "texture": "#3"},
				"down": {"uv": [7.75, 4.5, 7.5, 5], "texture": "#3"}
			}
		},
		{
			"from": [-3.6, 9.7, 10.7],
			"to": [-2.8, 10.3, 12.3],
			"rotation": {"angle": 0, "axis": "y", "origin": [-3.8, 1, 17]},
			"faces": {
				"north": {"uv": [4, 8.5, 4.25, 8.75], "texture": "#3"},
				"east": {"uv": [7.5, 2.5, 8, 2.75], "texture": "#3"},
				"south": {"uv": [8.5, 4, 8.75, 4.25], "texture": "#3"},
				"west": {"uv": [7.5, 2.75, 8, 3], "texture": "#3"},
				"up": {"uv": [3.25, 8, 3, 7.5], "texture": "#3"},
				"down": {"uv": [7.75, 3, 7.5, 3.5], "texture": "#3"}
			}
		},
		{
			"from": [-3.6, 9.7, 12.7],
			"to": [-2.8, 10.3, 14.3],
			"rotation": {"angle": 0, "axis": "y", "origin": [-3.8, 1, 19]},
			"faces": {
				"north": {"uv": [8.5, 3.25, 8.75, 3.5], "texture": "#3"},
				"east": {"uv": [7.25, 1, 7.75, 1.25], "texture": "#3"},
				"south": {"uv": [8.5, 3.5, 8.75, 3.75], "texture": "#3"},
				"west": {"uv": [7.5, 1.25, 8, 1.5], "texture": "#3"},
				"up": {"uv": [7.75, 2, 7.5, 1.5], "texture": "#3"},
				"down": {"uv": [2, 7.5, 1.75, 8], "texture": "#3"}
			}
		},
		{
			"from": [-3.6, 10.7, 13.7],
			"to": [-2.8, 12.3, 14.3],
			"rotation": {"angle": 0, "axis": "y", "origin": [-3.8, 3, 19]},
			"faces": {
				"north": {"uv": [5.75, 7.25, 6, 7.75], "texture": "#3"},
				"east": {"uv": [7.25, 6, 7.5, 6.5], "texture": "#3"},
				"south": {"uv": [6.25, 7.25, 6.5, 7.75], "texture": "#3"},
				"west": {"uv": [6.5, 7.25, 6.75, 7.75], "texture": "#3"},
				"up": {"uv": [8.75, 3, 8.5, 2.75], "texture": "#3"},
				"down": {"uv": [3.25, 8.5, 3, 8.75], "texture": "#3"}
			}
		},
		{
			"from": [-3.6, 12.7, 13.7],
			"to": [-2.8, 14.3, 14.3],
			"rotation": {"angle": 0, "axis": "y", "origin": [-3.8, 5, 19]},
			"faces": {
				"north": {"uv": [7.25, 4, 7.5, 4.5], "texture": "#3"},
				"east": {"uv": [4.25, 7.25, 4.5, 7.75], "texture": "#3"},
				"south": {"uv": [7.25, 4.5, 7.5, 5], "texture": "#3"},
				"west": {"uv": [4.75, 7.25, 5, 7.75], "texture": "#3"},
				"up": {"uv": [2.5, 8.75, 2.25, 8.5], "texture": "#3"},
				"down": {"uv": [8.75, 2.25, 8.5, 2.5], "texture": "#3"}
			}
		},
		{
			"from": [-3.6, 14.7, 13.7],
			"to": [-2.8, 16.3, 14.3],
			"rotation": {"angle": 0, "axis": "y", "origin": [-3.8, 7, 19]},
			"faces": {
				"north": {"uv": [7.25, 1.5, 7.5, 2], "texture": "#3"},
				"east": {"uv": [7.25, 2, 7.5, 2.5], "texture": "#3"},
				"south": {"uv": [7.25, 2.5, 7.5, 3], "texture": "#3"},
				"west": {"uv": [2.75, 7.25, 3, 7.75], "texture": "#3"},
				"up": {"uv": [2, 8.75, 1.75, 8.5], "texture": "#3"},
				"down": {"uv": [8.75, 1.75, 8.5, 2], "texture": "#3"}
			}
		},
		{
			"from": [-3.6, 16.7, 13.7],
			"to": [-2.8, 18.3, 14.3],
			"rotation": {"angle": 0, "axis": "y", "origin": [-3.8, 9, 19]},
			"faces": {
				"north": {"uv": [5.25, 7, 5.5, 7.5], "texture": "#3"},
				"east": {"uv": [6, 7, 6.25, 7.5], "texture": "#3"},
				"south": {"uv": [7, 6, 7.25, 6.5], "texture": "#3"},
				"west": {"uv": [7, 6.5, 7.25, 7], "texture": "#3"},
				"up": {"uv": [8.75, 1, 8.5, 0.75], "texture": "#3"},
				"down": {"uv": [8.75, 1, 8.5, 1.25], "texture": "#3"}
			}
		},
		{
			"from": [-3.6, 18.7, 13.7],
			"to": [-2.8, 20.3, 14.3],
			"rotation": {"angle": 0, "axis": "y", "origin": [-3.8, 11, 19]},
			"faces": {
				"north": {"uv": [2, 7, 2.25, 7.5], "texture": "#3"},
				"east": {"uv": [2.25, 7, 2.5, 7.5], "texture": "#3"},
				"south": {"uv": [2.5, 7, 2.75, 7.5], "texture": "#3"},
				"west": {"uv": [7, 2.75, 7.25, 3.25], "texture": "#3"},
				"up": {"uv": [8.5, 8.5, 8.25, 8.25], "texture": "#3"},
				"down": {"uv": [8.75, 0, 8.5, 0.25], "texture": "#3"}
			}
		},
		{
			"from": [-3.6, 20.7, 13.7],
			"to": [-2.8, 22.3, 14.3],
			"rotation": {"angle": 0, "axis": "y", "origin": [-3.8, 13, 19]},
			"faces": {
				"north": {"uv": [6.5, 6.75, 6.75, 7.25], "texture": "#3"},
				"east": {"uv": [6.75, 6.5, 7, 7], "texture": "#3"},
				"south": {"uv": [7, 0, 7.25, 0.5], "texture": "#3"},
				"west": {"uv": [7, 0.5, 7.25, 1], "texture": "#3"},
				"up": {"uv": [8.5, 7.5, 8.25, 7.25], "texture": "#3"},
				"down": {"uv": [8.5, 7.5, 8.25, 7.75], "texture": "#3"}
			}
		},
		{
			"from": [-3.6, 21.7, 11.7],
			"to": [-2.8, 22.3, 13.2],
			"rotation": {"angle": 0, "axis": "y", "origin": [-3.8, 13, 17]},
			"faces": {
				"north": {"uv": [6.75, 8.25, 7, 8.5], "texture": "#3"},
				"east": {"uv": [6.75, 4.25, 7.25, 4.5], "texture": "#3"},
				"south": {"uv": [8.25, 6.75, 8.5, 7], "texture": "#3"},
				"west": {"uv": [6.75, 4.75, 7.25, 5], "texture": "#3"},
				"up": {"uv": [5.25, 7.25, 5, 6.75], "texture": "#3"},
				"down": {"uv": [5.75, 6.75, 5.5, 7.25], "texture": "#3"}
			}
		},
		{
			"from": [-3.6, 21.7, 9.7],
			"to": [-2.8, 22.3, 11.2],
			"rotation": {"angle": 0, "axis": "y", "origin": [-3.8, 13, 15]},
			"faces": {
				"north": {"uv": [6.25, 8.25, 6.5, 8.5], "texture": "#3"},
				"east": {"uv": [3, 6.75, 3.5, 7], "texture": "#3"},
				"south": {"uv": [8.25, 6.25, 8.5, 6.5], "texture": "#3"},
				"west": {"uv": [6.75, 3.25, 7.25, 3.5], "texture": "#3"},
				"up": {"uv": [3.75, 7.25, 3.5, 6.75], "texture": "#3"},
				"down": {"uv": [4.25, 6.75, 4, 7.25], "texture": "#3"}
			}
		},
		{
			"from": [-3.6, 21.7, 7.7],
			"to": [-2.8, 22.3, 9.2],
			"rotation": {"angle": 0, "axis": "y", "origin": [-3.8, 13, 13]},
			"faces": {
				"north": {"uv": [8.25, 5.25, 8.5, 5.5], "texture": "#3"},
				"east": {"uv": [6.5, 6.25, 7, 6.5], "texture": "#3"},
				"south": {"uv": [8.25, 5.5, 8.5, 5.75], "texture": "#3"},
				"west": {"uv": [6.75, 1, 7.25, 1.25], "texture": "#3"},
				"up": {"uv": [7, 1.75, 6.75, 1.25], "texture": "#3"},
				"down": {"uv": [7, 1.75, 6.75, 2.25], "texture": "#3"}
			}
		},
		{
			"from": [-3.6, 21.7, 5.7],
			"to": [-2.8, 22.3, 7.2],
			"rotation": {"angle": 0, "axis": "y", "origin": [-3.8, 13, 11]},
			"faces": {
				"north": {"uv": [8.25, 4.25, 8.5, 4.5], "texture": "#3"},
				"east": {"uv": [6.5, 5.25, 7, 5.5], "texture": "#3"},
				"south": {"uv": [8.25, 4.5, 8.5, 4.75], "texture": "#3"},
				"west": {"uv": [5.5, 6.5, 6, 6.75], "texture": "#3"},
				"up": {"uv": [6.75, 6, 6.5, 5.5], "texture": "#3"},
				"down": {"uv": [6.25, 6.5, 6, 7], "texture": "#3"}
			}
		},
		{
			"from": [-3.6, 21.7, 3.7],
			"to": [-2.8, 22.3, 5.2],
			"rotation": {"angle": 0, "axis": "y", "origin": [-3.8, 13, 9]},
			"faces": {
				"north": {"uv": [7.75, 7.5, 8, 7.75], "texture": "#3"},
				"east": {"uv": [6.5, 3.75, 7, 4], "texture": "#3"},
				"south": {"uv": [8, 1.75, 8.25, 2], "texture": "#3"},
				"west": {"uv": [4, 6.5, 4.5, 6.75], "texture": "#3"},
				"up": {"uv": [6.75, 4.5, 6.5, 4], "texture": "#3"},
				"down": {"uv": [4.75, 6.5, 4.5, 7], "texture": "#3"}
			}
		},
		{
			"from": [-3.6, 21.7, 1.7],
			"to": [-2.8, 22.3, 3.2],
			"rotation": {"angle": 0, "axis": "y", "origin": [-3.8, 13, 7]},
			"faces": {
				"north": {"uv": [7, 4.5, 7.25, 4.75], "texture": "#3"},
				"east": {"uv": [2.75, 6.5, 3.25, 6.75], "texture": "#3"},
				"south": {"uv": [7, 5.25, 7.25, 5.5], "texture": "#3"},
				"west": {"uv": [3.25, 6.5, 3.75, 6.75], "texture": "#3"},
				"up": {"uv": [6.75, 3.75, 6.5, 3.25], "texture": "#3"},
				"down": {"uv": [4, 6.5, 3.75, 7], "texture": "#3"}
			}
		},
		{
			"from": [18.8, 21.7, 3.7],
			"to": [19.6, 22.3, 5.2],
			"rotation": {"angle": 0, "axis": "y", "origin": [18.6, 13, 9]},
			"faces": {
				"north": {"uv": [7.75, 7.5, 8, 7.75], "texture": "#3"},
				"east": {"uv": [6.5, 3.75, 7, 4], "texture": "#3"},
				"south": {"uv": [8, 1.75, 8.25, 2], "texture": "#3"},
				"west": {"uv": [4, 6.5, 4.5, 6.75], "texture": "#3"},
				"up": {"uv": [6.75, 4.5, 6.5, 4], "texture": "#3"},
				"down": {"uv": [4.75, 6.5, 4.5, 7], "texture": "#3"}
			}
		},
		{
			"from": [18.8, 21.7, 5.7],
			"to": [19.6, 22.3, 7.2],
			"rotation": {"angle": 0, "axis": "y", "origin": [18.6, 13, 11]},
			"faces": {
				"north": {"uv": [8.25, 4.25, 8.5, 4.5], "texture": "#3"},
				"east": {"uv": [6.5, 5.25, 7, 5.5], "texture": "#3"},
				"south": {"uv": [8.25, 4.5, 8.5, 4.75], "texture": "#3"},
				"west": {"uv": [5.5, 6.5, 6, 6.75], "texture": "#3"},
				"up": {"uv": [6.75, 6, 6.5, 5.5], "texture": "#3"},
				"down": {"uv": [6.25, 6.5, 6, 7], "texture": "#3"}
			}
		},
		{
			"from": [18.8, 21.7, 7.7],
			"to": [19.6, 22.3, 9.2],
			"rotation": {"angle": 0, "axis": "y", "origin": [18.6, 13, 13]},
			"faces": {
				"north": {"uv": [8.25, 5.25, 8.5, 5.5], "texture": "#3"},
				"east": {"uv": [6.5, 6.25, 7, 6.5], "texture": "#3"},
				"south": {"uv": [8.25, 5.5, 8.5, 5.75], "texture": "#3"},
				"west": {"uv": [6.75, 1, 7.25, 1.25], "texture": "#3"},
				"up": {"uv": [7, 1.75, 6.75, 1.25], "texture": "#3"},
				"down": {"uv": [7, 1.75, 6.75, 2.25], "texture": "#3"}
			}
		},
		{
			"from": [18.8, 21.7, 9.7],
			"to": [19.6, 22.3, 11.2],
			"rotation": {"angle": 0, "axis": "y", "origin": [18.6, 13, 15]},
			"faces": {
				"north": {"uv": [6.25, 8.25, 6.5, 8.5], "texture": "#3"},
				"east": {"uv": [3, 6.75, 3.5, 7], "texture": "#3"},
				"south": {"uv": [8.25, 6.25, 8.5, 6.5], "texture": "#3"},
				"west": {"uv": [6.75, 3.25, 7.25, 3.5], "texture": "#3"},
				"up": {"uv": [3.75, 7.25, 3.5, 6.75], "texture": "#3"},
				"down": {"uv": [4.25, 6.75, 4, 7.25], "texture": "#3"}
			}
		},
		{
			"from": [18.8, 21.7, 11.7],
			"to": [19.6, 22.3, 13.2],
			"rotation": {"angle": 0, "axis": "y", "origin": [18.6, 13, 17]},
			"faces": {
				"north": {"uv": [6.75, 8.25, 7, 8.5], "texture": "#3"},
				"east": {"uv": [6.75, 4.25, 7.25, 4.5], "texture": "#3"},
				"south": {"uv": [8.25, 6.75, 8.5, 7], "texture": "#3"},
				"west": {"uv": [6.75, 4.75, 7.25, 5], "texture": "#3"},
				"up": {"uv": [5.25, 7.25, 5, 6.75], "texture": "#3"},
				"down": {"uv": [5.75, 6.75, 5.5, 7.25], "texture": "#3"}
			}
		},
		{
			"from": [18.8, 20.7, 13.7],
			"to": [19.6, 22.3, 14.3],
			"rotation": {"angle": 0, "axis": "y", "origin": [18.6, 13, 19]},
			"faces": {
				"north": {"uv": [6.5, 6.75, 6.75, 7.25], "texture": "#3"},
				"east": {"uv": [6.75, 6.5, 7, 7], "texture": "#3"},
				"south": {"uv": [7, 0, 7.25, 0.5], "texture": "#3"},
				"west": {"uv": [7, 0.5, 7.25, 1], "texture": "#3"},
				"up": {"uv": [8.5, 7.5, 8.25, 7.25], "texture": "#3"},
				"down": {"uv": [8.5, 7.5, 8.25, 7.75], "texture": "#3"}
			}
		},
		{
			"from": [18.8, 18.7, 13.7],
			"to": [19.6, 20.3, 14.3],
			"rotation": {"angle": 0, "axis": "y", "origin": [18.6, 11, 19]},
			"faces": {
				"north": {"uv": [2, 7, 2.25, 7.5], "texture": "#3"},
				"east": {"uv": [2.25, 7, 2.5, 7.5], "texture": "#3"},
				"south": {"uv": [2.5, 7, 2.75, 7.5], "texture": "#3"},
				"west": {"uv": [7, 2.75, 7.25, 3.25], "texture": "#3"},
				"up": {"uv": [8.5, 8.5, 8.25, 8.25], "texture": "#3"},
				"down": {"uv": [8.75, 0, 8.5, 0.25], "texture": "#3"}
			}
		},
		{
			"from": [18.8, 16.7, 13.7],
			"to": [19.6, 18.3, 14.3],
			"rotation": {"angle": 0, "axis": "y", "origin": [18.6, 9, 19]},
			"faces": {
				"north": {"uv": [5.25, 7, 5.5, 7.5], "texture": "#3"},
				"east": {"uv": [6, 7, 6.25, 7.5], "texture": "#3"},
				"south": {"uv": [7, 6, 7.25, 6.5], "texture": "#3"},
				"west": {"uv": [7, 6.5, 7.25, 7], "texture": "#3"},
				"up": {"uv": [8.75, 1, 8.5, 0.75], "texture": "#3"},
				"down": {"uv": [8.75, 1, 8.5, 1.25], "texture": "#3"}
			}
		},
		{
			"from": [18.8, 14.7, 13.7],
			"to": [19.6, 16.3, 14.3],
			"rotation": {"angle": 0, "axis": "y", "origin": [18.6, 7, 19]},
			"faces": {
				"north": {"uv": [7.25, 1.5, 7.5, 2], "texture": "#3"},
				"east": {"uv": [7.25, 2, 7.5, 2.5], "texture": "#3"},
				"south": {"uv": [7.25, 2.5, 7.5, 3], "texture": "#3"},
				"west": {"uv": [2.75, 7.25, 3, 7.75], "texture": "#3"},
				"up": {"uv": [2, 8.75, 1.75, 8.5], "texture": "#3"},
				"down": {"uv": [8.75, 1.75, 8.5, 2], "texture": "#3"}
			}
		},
		{
			"from": [18.8, 12.7, 13.7],
			"to": [19.6, 14.3, 14.3],
			"rotation": {"angle": 0, "axis": "y", "origin": [18.6, 5, 19]},
			"faces": {
				"north": {"uv": [7.25, 4, 7.5, 4.5], "texture": "#3"},
				"east": {"uv": [4.25, 7.25, 4.5, 7.75], "texture": "#3"},
				"south": {"uv": [7.25, 4.5, 7.5, 5], "texture": "#3"},
				"west": {"uv": [4.75, 7.25, 5, 7.75], "texture": "#3"},
				"up": {"uv": [2.5, 8.75, 2.25, 8.5], "texture": "#3"},
				"down": {"uv": [8.75, 2.25, 8.5, 2.5], "texture": "#3"}
			}
		},
		{
			"from": [18.8, 10.7, 13.7],
			"to": [19.6, 12.3, 14.3],
			"rotation": {"angle": 0, "axis": "y", "origin": [18.6, 3, 19]},
			"faces": {
				"north": {"uv": [5.75, 7.25, 6, 7.75], "texture": "#3"},
				"east": {"uv": [7.25, 6, 7.5, 6.5], "texture": "#3"},
				"south": {"uv": [6.25, 7.25, 6.5, 7.75], "texture": "#3"},
				"west": {"uv": [6.5, 7.25, 6.75, 7.75], "texture": "#3"},
				"up": {"uv": [8.75, 3, 8.5, 2.75], "texture": "#3"},
				"down": {"uv": [3.25, 8.5, 3, 8.75], "texture": "#3"}
			}
		},
		{
			"from": [18.8, 9.7, 12.7],
			"to": [19.6, 10.3, 14.3],
			"rotation": {"angle": 0, "axis": "y", "origin": [18.6, 1, 19]},
			"faces": {
				"north": {"uv": [8.5, 3.25, 8.75, 3.5], "texture": "#3"},
				"east": {"uv": [7.25, 1, 7.75, 1.25], "texture": "#3"},
				"south": {"uv": [8.5, 3.5, 8.75, 3.75], "texture": "#3"},
				"west": {"uv": [7.5, 1.25, 8, 1.5], "texture": "#3"},
				"up": {"uv": [7.75, 2, 7.5, 1.5], "texture": "#3"},
				"down": {"uv": [2, 7.5, 1.75, 8], "texture": "#3"}
			}
		},
		{
			"from": [18.8, 9.7, 10.7],
			"to": [19.6, 10.3, 12.3],
			"rotation": {"angle": 0, "axis": "y", "origin": [18.6, 1, 17]},
			"faces": {
				"north": {"uv": [4, 8.5, 4.25, 8.75], "texture": "#3"},
				"east": {"uv": [7.5, 2.5, 8, 2.75], "texture": "#3"},
				"south": {"uv": [8.5, 4, 8.75, 4.25], "texture": "#3"},
				"west": {"uv": [7.5, 2.75, 8, 3], "texture": "#3"},
				"up": {"uv": [3.25, 8, 3, 7.5], "texture": "#3"},
				"down": {"uv": [7.75, 3, 7.5, 3.5], "texture": "#3"}
			}
		},
		{
			"from": [18.8, 9.7, 8.7],
			"to": [19.6, 10.3, 10.3],
			"rotation": {"angle": 0, "axis": "y", "origin": [18.6, 1, 15]},
			"faces": {
				"north": {"uv": [4.5, 8.5, 4.75, 8.75], "texture": "#3"},
				"east": {"uv": [7.5, 4, 8, 4.25], "texture": "#3"},
				"south": {"uv": [8.5, 4.5, 8.75, 4.75], "texture": "#3"},
				"west": {"uv": [7.5, 4.25, 8, 4.5], "texture": "#3"},
				"up": {"uv": [4.75, 8, 4.5, 7.5], "texture": "#3"},
				"down": {"uv": [7.75, 4.5, 7.5, 5], "texture": "#3"}
			}
		},
		{
			"from": [18.8, 9.7, 6.7],
			"to": [19.6, 10.3, 8.3],
			"rotation": {"angle": 0, "axis": "y", "origin": [18.6, 1, 13]},
			"faces": {
				"north": {"uv": [5, 8.5, 5.25, 8.75], "texture": "#3"},
				"east": {"uv": [7.5, 6, 8, 6.25], "texture": "#3"},
				"south": {"uv": [8.5, 5, 8.75, 5.25], "texture": "#3"},
				"west": {"uv": [7.5, 6.25, 8, 6.5], "texture": "#3"},
				"up": {"uv": [6.25, 8, 6, 7.5], "texture": "#3"},
				"down": {"uv": [7.75, 6.5, 7.5, 7], "texture": "#3"}
			}
		},
		{
			"from": [18.8, 9.7, 4.7],
			"to": [19.6, 10.3, 6.3],
			"rotation": {"angle": 0, "axis": "y", "origin": [18.6, 1, 11]},
			"faces": {
				"north": {"uv": [5.5, 8.5, 5.75, 8.75], "texture": "#3"},
				"east": {"uv": [7.75, 0, 8.25, 0.25], "texture": "#3"},
				"south": {"uv": [8.5, 5.5, 8.75, 5.75], "texture": "#3"},
				"west": {"uv": [7.75, 0.25, 8.25, 0.5], "texture": "#3"},
				"up": {"uv": [8, 1, 7.75, 0.5], "texture": "#3"},
				"down": {"uv": [8, 1.5, 7.75, 2], "texture": "#3"}
			}
		},
		{
			"from": [18.8, 9.7, 2.7],
			"to": [19.6, 10.3, 4.3],
			"rotation": {"angle": 0, "axis": "y", "origin": [18.6, 1, 9]},
			"faces": {
				"north": {"uv": [6, 8.5, 6.25, 8.75], "texture": "#3"},
				"east": {"uv": [7.75, 2.25, 8.25, 2.5], "texture": "#3"},
				"south": {"uv": [8.5, 6, 8.75, 6.25], "texture": "#3"},
				"west": {"uv": [4, 7.75, 4.5, 8], "texture": "#3"},
				"up": {"uv": [3.75, 8.25, 3.5, 7.75], "texture": "#3"},
				"down": {"uv": [8, 4.5, 7.75, 5], "texture": "#3"}
			}
		},
		{
			"from": [18.8, 9.7, 1.7],
			"to": [19.6, 11.3, 2.3],
			"rotation": {"angle": 0, "axis": "y", "origin": [18.6, 1, 7]},
			"faces": {
				"north": {"uv": [6.5, 7.75, 6.75, 8.25], "texture": "#3"},
				"east": {"uv": [7.75, 6.5, 8, 7], "texture": "#3"},
				"south": {"uv": [6.75, 7.75, 7, 8.25], "texture": "#3"},
				"west": {"uv": [7, 7.75, 7.25, 8.25], "texture": "#3"},
				"up": {"uv": [6.75, 8.75, 6.5, 8.5], "texture": "#3"},
				"down": {"uv": [8.75, 6.5, 8.5, 6.75], "texture": "#3"}
			}
		},
		{
			"from": [18.8, 11.7, 1.7],
			"to": [19.6, 13.3, 2.3],
			"rotation": {"angle": 0, "axis": "y", "origin": [18.6, 3, 7]},
			"faces": {
				"north": {"uv": [1.75, 8, 2, 8.5], "texture": "#3"},
				"east": {"uv": [2, 8, 2.25, 8.5], "texture": "#3"},
				"south": {"uv": [2.25, 8, 2.5, 8.5], "texture": "#3"},
				"west": {"uv": [2.5, 8, 2.75, 8.5], "texture": "#3"},
				"up": {"uv": [7.25, 8.75, 7, 8.5], "texture": "#3"},
				"down": {"uv": [8.75, 7, 8.5, 7.25], "texture": "#3"}
			}
		},
		{
			"from": [18.8, 13.7, 1.7],
			"to": [19.6, 15.3, 2.3],
			"rotation": {"angle": 0, "axis": "y", "origin": [18.6, 5, 7]},
			"faces": {
				"north": {"uv": [8, 3.5, 8.25, 4], "texture": "#3"},
				"east": {"uv": [3.75, 8, 4, 8.5], "texture": "#3"},
				"south": {"uv": [4, 8, 4.25, 8.5], "texture": "#3"},
				"west": {"uv": [8, 4, 8.25, 4.5], "texture": "#3"},
				"up": {"uv": [7.75, 8.75, 7.5, 8.5], "texture": "#3"},
				"down": {"uv": [8.75, 7.5, 8.5, 7.75], "texture": "#3"}
			}
		},
		{
			"from": [18.8, 15.7, 1.7],
			"to": [19.6, 17.3, 2.3],
			"rotation": {"angle": 0, "axis": "y", "origin": [18.6, 7, 7]},
			"faces": {
				"north": {"uv": [5, 8, 5.25, 8.5], "texture": "#3"},
				"east": {"uv": [8, 5, 8.25, 5.5], "texture": "#3"},
				"south": {"uv": [5.25, 8, 5.5, 8.5], "texture": "#3"},
				"west": {"uv": [5.5, 8, 5.75, 8.5], "texture": "#3"},
				"up": {"uv": [8.25, 8.75, 8, 8.5], "texture": "#3"},
				"down": {"uv": [8.75, 8, 8.5, 8.25], "texture": "#3"}
			}
		},
		{
			"from": [18.8, 17.7, 1.7],
			"to": [19.6, 19.3, 2.3],
			"rotation": {"angle": 0, "axis": "y", "origin": [18.6, 9, 7]},
			"faces": {
				"north": {"uv": [8, 6.5, 8.25, 7], "texture": "#3"},
				"east": {"uv": [7.25, 8, 7.5, 8.5], "texture": "#3"},
				"south": {"uv": [7.5, 8, 7.75, 8.5], "texture": "#3"},
				"west": {"uv": [8, 7.5, 8.25, 8], "texture": "#3"},
				"up": {"uv": [8.75, 8.75, 8.5, 8.5], "texture": "#3"},
				"down": {"uv": [9, 0, 8.75, 0.25], "texture": "#3"}
			}
		},
		{
			"from": [18.8, 19.7, 1.7],
			"to": [19.6, 21.3, 2.3],
			"rotation": {"angle": 0, "axis": "y", "origin": [18.6, 11, 7]},
			"faces": {
				"north": {"uv": [8.25, 1, 8.5, 1.5], "texture": "#3"},
				"east": {"uv": [8.25, 1.5, 8.5, 2], "texture": "#3"},
				"south": {"uv": [8.25, 2, 8.5, 2.5], "texture": "#3"},
				"west": {"uv": [8.25, 2.5, 8.5, 3], "texture": "#3"},
				"up": {"uv": [9, 1, 8.75, 0.75], "texture": "#3"},
				"down": {"uv": [9, 1, 8.75, 1.25], "texture": "#3"}
			}
		},
		{
			"from": [4, 13, 5],
			"to": [12, 19, 11],
			"rotation": {"angle": 0, "axis": "y", "origin": [7, 13, 7]},
			"faces": {
				"north": {"uv": [5, 6, 7, 7.5], "texture": "#2"},
				"east": {"uv": [10, 7.5, 11.5, 9], "texture": "#2"},
				"south": {"uv": [7, 5, 9, 6.5], "texture": "#2"},
				"west": {"uv": [10, 9, 11.5, 10.5], "texture": "#2"},
				"up": {"uv": [9, 8, 7, 6.5], "texture": "#2"},
				"down": {"uv": [7, 7.5, 5, 9], "texture": "#2"}
			}
		},
		{
			"from": [0, 11, 3],
			"to": [3.9, 21, 13],
			"rotation": {"angle": 0, "axis": "y", "origin": [1, 13, 7]},
			"faces": {
				"north": {"uv": [9, 3, 10, 5.5], "texture": "#2"},
				"east": {"uv": [0, 6, 2.5, 8.5], "texture": "#2"},
				"south": {"uv": [5, 9, 6, 11.5], "texture": "#2"},
				"west": {"uv": [6, 0, 8.5, 2.5], "texture": "#2"},
				"up": {"uv": [10, 8, 9, 5.5], "texture": "#2"},
				"down": {"uv": [7, 9, 6, 11.5], "texture": "#2"}
			}
		},
		{
			"from": [12.1, 11, 3],
			"to": [16, 21, 13],
			"rotation": {"angle": 0, "axis": "y", "origin": [15, 13, 7]},
			"faces": {
				"north": {"uv": [9, 8, 10, 10.5], "texture": "#2"},
				"east": {"uv": [2.5, 6, 5, 8.5], "texture": "#2"},
				"south": {"uv": [9.5, 0, 10.5, 2.5], "texture": "#2"},
				"west": {"uv": [6, 2.5, 8.5, 5], "texture": "#2"},
				"up": {"uv": [11, 5, 10, 2.5], "texture": "#2"},
				"down": {"uv": [11, 5, 10, 7.5], "texture": "#2"}
			}
		},
		{
			"from": [16.1, 10, 2],
			"to": [20, 22, 14],
			"rotation": {"angle": 0, "axis": "y", "origin": [19, 13, 7]},
			"faces": {
				"north": {"uv": [7, 8, 8, 11], "texture": "#2"},
				"east": {"uv": [0, 0, 3, 3], "texture": "#2"},
				"south": {"uv": [8, 8, 9, 11], "texture": "#2"},
				"west": {"uv": [0, 3, 3, 6], "texture": "#2"},
				"up": {"uv": [1, 11.5, 0, 8.5], "texture": "#2"},
				"down": {"uv": [9.5, 0, 8.5, 3], "texture": "#2"}
			}
		},
		{
			"from": [-4, 10, 2],
			"to": [-0.1, 22, 14],
			"rotation": {"angle": 0, "axis": "y", "origin": [-3, 13, 7]},
			"faces": {
				"north": {"uv": [1, 8.5, 2, 11.5], "texture": "#2"},
				"east": {"uv": [3, 0, 6, 3], "texture": "#2"},
				"south": {"uv": [2, 8.5, 3, 11.5], "texture": "#2"},
				"west": {"uv": [3, 3, 6, 6], "texture": "#2"},
				"up": {"uv": [4, 11.5, 3, 8.5], "texture": "#2"},
				"down": {"uv": [5, 8.5, 4, 11.5], "texture": "#2"}
			}
		}
	],
	"display": {
		"thirdperson_righthand": {
			"rotation": [0, 90, 0],
			"translation": [0, 9.5, 1.5]
		},
		"thirdperson_lefthand": {
			"translation": [0, 12.25, 0]
		},
		"firstperson_righthand": {
			"rotation": [-29, -79, 0],
			"translation": [-0.5, 2.25, 0],
			"scale": [0.6, 0.6, 0.6]
		},
		"firstperson_lefthand": {
			"translation": [2.5, 0.75, -0.5],
			"scale": [0.6, 0.6, 0.6]
		},
		"ground": {
			"rotation": [-59, 69, 4],
			"translation": [0, 7.25, 0],
			"scale": [0.6, 0.6, 0.6]
		},
		"gui": {
			"rotation": [4, 37, 50],
			"translation": [0.75, -1, 0],
			"scale": [0.45, 0.45, 0.45]
		},
		"head": {
			"translation": [0, 0.75, 1.5]
		},
		"fixed": {
			"translation": [0, 0, -6.25]
		}
	},
	"groups": [
		{
			"name": "stick",
			"origin": [7, 8, 7],
			"color": 0,
			"children": [0, 1]
		},
		{
			"name": "E",
			"origin": [-4, 16, 4.5],
			"color": 0,
			"children": [2, 3, 4, 5, 6, 7, 8, 9]
		},
		{
			"name": "lid",
			"origin": [-2.6, 9, 7],
			"color": 0,
			"children": [
				10,
				11,
				12,
				13,
				14,
				15,
				16,
				17,
				18,
				19,
				20,
				21,
				22,
				23,
				24,
				25,
				26,
				27,
				28,
				29,
				30,
				31,
				32,
				33,
				34,
				35,
				36,
				37,
				38,
				39,
				40,
				41,
				42,
				43,
				44,
				45,
				46,
				47,
				48,
				49,
				50,
				51,
				52,
				53,
				54,
				55,
				56,
				57,
				58,
				59
			]
		},
		{
			"name": "group",
			"origin": [-3, 13, 7],
			"color": 0,
			"children": [60, 61, 62, 63, 64]
		}
	]
}