{
	"credit": "Made with Blockbench",
	"texture_size": [128, 128],
	"textures": {
		"0": "item/vip/how_card",
		"particle": "item/vip/how_card"
	},
	"elements": [
		{
			"from": [-6.6, 0, -3],
			"to": [22.7, 0.4, 16],
			"faces": {
				"north": {"uv": [3.75, 0, 7.5, 0.125], "texture": "#0"},
				"east": {"uv": [3.75, 0.25, 5.75, 0.375], "texture": "#0"},
				"south": {"uv": [3.75, 0.125, 7.5, 0.25], "texture": "#0"},
				"west": {"uv": [3.75, 0.375, 5.75, 0.5], "texture": "#0"},
				"up": {"uv": [12.75, 15.75, 2.5, 9.25], "texture": "#0"},
				"down": {"uv": [13.125, 2.625, 2.25, 9.125], "texture": "#0"}
			}
		},
		{
			"from": [22.7, 0, -2.7],
			"to": [23, 0.4, 15.7],
			"faces": {
				"north": {"uv": [3.875, 0.75, 4, 0.875], "texture": "#0"},
				"east": {"uv": [3.75, 0.5, 5.625, 0.625], "texture": "#0"},
				"south": {"uv": [3.875, 0.875, 4, 1], "texture": "#0"},
				"west": {"uv": [3.75, 0.625, 5.625, 0.75], "texture": "#0"},
				"up": {"uv": [5.625, 7, 5.5, 5.125], "texture": "#0"},
				"down": {"uv": [3.875, 2.625, 3.75, 4.5], "texture": "#0"}
			}
		},
		{
			"from": [-6.9, 0, -2.7],
			"to": [-6.6, 0.4, 15.7],
			"rotation": {"angle": 0, "axis": "y", "origin": [16, 0, 0]},
			"faces": {
				"north": {"uv": [4, 0.75, 3.875, 0.875], "texture": "#0"},
				"east": {"uv": [5.625, 0.625, 3.75, 0.75], "texture": "#0"},
				"south": {"uv": [4, 0.875, 3.875, 1], "texture": "#0"},
				"west": {"uv": [5.625, 0.5, 3.75, 0.625], "texture": "#0"},
				"up": {"uv": [5.5, 7, 5.625, 5.125], "texture": "#0"},
				"down": {"uv": [3.75, 2.625, 3.875, 4.5], "texture": "#0"}
			}
		}
	],
	"display": {
		"thirdperson_righthand": {
			"rotation": [68, 90, 0],
			"translation": [0.25, 1, 1.25],
			"scale": [0.2, 0.2, 0.2]
		},
		"thirdperson_lefthand": {
			"rotation": [68, 90, 0],
			"translation": [0.25, 1, 1.25],
			"scale": [0.2, 0.2, 0.2]
		},
		"firstperson_righthand": {
			"rotation": [72, 90, 0],
			"translation": [4, 0.75, 0],
			"scale": [0.3, 0.3, 0.3]
		},
		"firstperson_lefthand": {
			"rotation": [72, -90, 0],
			"translation": [3.25, 0.75, 0],
			"scale": [0.3, 0.3, 0.3]
		},
		"ground": {
			"translation": [0, 2.75, 0],
			"scale": [0.2, 0.2, 0.2]
		},
		"gui": {
			"rotation": [56, -137, -11],
			"translation": [-0.5, 1.75, 0],
			"scale": [0.45, 0.45, 0.45]
		},
		"head": {
			"rotation": [0, 180, 0],
			"translation": [0, -3, -7.5],
			"scale": [0.2, 0.2, 0.2]
		},
		"fixed": {
			"rotation": [-90, 0, 0],
			"translation": [0, 0, -3.25],
			"scale": [0.4, 0.4, 0.4]
		}
	}
}