{
	"credit": "Made with Blockbench",
	"texture_size": [64, 64],
	"textures": {
		"0": "item/vip/how_hat",
		"particle": "item/vip/how_hat"
	},
	"elements": [
		{
			"from": [2, 1, 2],
			"to": [3, 6, 14],
			"faces": {
				"north": {"uv": [4, 8.5, 4.25, 10], "texture": "#0"},
				"east": {"uv": [2.5, 0, 5.5, 1.5], "texture": "#0"},
				"south": {"uv": [8.25, 8.5, 8.5, 10], "texture": "#0"},
				"west": {"uv": [2.5, 1.5, 5.5, 3], "texture": "#0"},
				"up": {"uv": [8.25, 11, 8, 8], "texture": "#0"},
				"down": {"uv": [8.5, 0, 8.25, 3], "texture": "#0"}
			}
		},
		{
			"from": [13, 1, 2],
			"to": [14, 6, 14],
			"faces": {
				"north": {"uv": [8.5, 8.5, 8.75, 10], "texture": "#0"},
				"east": {"uv": [2.5, 3, 5.5, 4.5], "texture": "#0"},
				"south": {"uv": [0, 8.75, 0.25, 10.25], "texture": "#0"},
				"west": {"uv": [2.5, 4.5, 5.5, 6], "texture": "#0"},
				"up": {"uv": [1.25, 11.25, 1, 8.25], "texture": "#0"},
				"down": {"uv": [1.5, 8.25, 1.25, 11.25], "texture": "#0"}
			}
		},
		{
			"from": [3, 1, 2],
			"to": [13, 6, 3],
			"faces": {
				"north": {"uv": [0, 5, 2.5, 6.5], "texture": "#0"},
				"east": {"uv": [0.25, 8.75, 0.5, 10.25], "texture": "#0"},
				"south": {"uv": [5.5, 0, 8, 1.5], "texture": "#0"},
				"west": {"uv": [0.5, 8.75, 0.75, 10.25], "texture": "#0"},
				"up": {"uv": [2.5, 6.75, 0, 6.5], "texture": "#0"},
				"down": {"uv": [11, 1, 8.5, 1.25], "texture": "#0"}
			}
		},
		{
			"from": [3, 1, 13],
			"to": [13, 6, 14],
			"faces": {
				"north": {"uv": [5.5, 1.5, 8, 3], "texture": "#0"},
				"east": {"uv": [0.75, 8.75, 1, 10.25], "texture": "#0"},
				"south": {"uv": [5.5, 3, 8, 4.5], "texture": "#0"},
				"west": {"uv": [1.5, 8.75, 1.75, 10.25], "texture": "#0"},
				"up": {"uv": [11, 1.5, 8.5, 1.25], "texture": "#0"},
				"down": {"uv": [4, 8.5, 1.5, 8.75], "texture": "#0"}
			}
		},
		{
			"from": [3, 6, 3],
			"to": [13, 7, 13],
			"faces": {
				"north": {"uv": [8.5, 1.5, 11, 1.75], "texture": "#0"},
				"east": {"uv": [8.5, 1.75, 11, 2], "texture": "#0"},
				"south": {"uv": [8.5, 2, 11, 2.25], "texture": "#0"},
				"west": {"uv": [8.5, 2.25, 11, 2.5], "texture": "#0"},
				"up": {"uv": [2.5, 2.5, 0, 0], "texture": "#0"},
				"down": {"uv": [2.5, 2.5, 0, 5], "texture": "#0"}
			}
		},
		{
			"from": [7, 6.6, 7],
			"to": [9, 7.6, 9],
			"faces": {
				"north": {"uv": [8.5, 2.5, 9.5, 2.75], "texture": "#0"},
				"east": {"uv": [8.5, 2.75, 9.5, 3], "texture": "#0"},
				"south": {"uv": [8.5, 6.75, 9.5, 7], "texture": "#0"},
				"west": {"uv": [8.5, 7, 9.5, 7.25], "texture": "#0"},
				"up": {"uv": [8.5, 7.75, 7.5, 6.75], "texture": "#0"},
				"down": {"uv": [1, 7.75, 0, 8.75], "texture": "#0"}
			}
		},
		{
			"from": [-0.625, 0, -0.625],
			"to": [16.625, 0.575, 2],
			"faces": {
				"north": {"uv": [0, 7.5, 4.25, 7.75], "texture": "#0"},
				"east": {"uv": [8.5, 7.25, 9.25, 7.5], "texture": "#0"},
				"south": {"uv": [7.5, 6, 11.75, 6.25], "texture": "#0"},
				"west": {"uv": [8.5, 7.5, 9.25, 7.75], "texture": "#0"},
				"up": {"uv": [9.75, 5.25, 5.5, 4.5], "texture": "#0"},
				"down": {"uv": [9.75, 5.25, 5.5, 6], "texture": "#0"}
			}
		},
		{
			"from": [-0.625, 0, 14],
			"to": [16.625, 0.575, 16.625],
			"faces": {
				"north": {"uv": [7.5, 6.25, 11.75, 6.5], "texture": "#0"},
				"east": {"uv": [1.75, 8.75, 2.5, 9], "texture": "#0"},
				"south": {"uv": [7.5, 6.5, 11.75, 6.75], "texture": "#0"},
				"west": {"uv": [2.5, 8.75, 3.25, 9], "texture": "#0"},
				"up": {"uv": [6.75, 6.75, 2.5, 6], "texture": "#0"},
				"down": {"uv": [4.25, 6.75, 0, 7.5], "texture": "#0"}
			}
		},
		{
			"from": [-0.625, 0, 2],
			"to": [2, 0.575, 14],
			"faces": {
				"north": {"uv": [3.25, 8.75, 4, 9], "texture": "#0"},
				"east": {"uv": [8, 3.5, 11, 3.75], "texture": "#0"},
				"south": {"uv": [8.75, 8.5, 9.5, 8.75], "texture": "#0"},
				"west": {"uv": [8, 3.75, 11, 4], "texture": "#0"},
				"up": {"uv": [5, 9.75, 4.25, 6.75], "texture": "#0"},
				"down": {"uv": [5.75, 6.75, 5, 9.75], "texture": "#0"}
			}
		},
		{
			"from": [14, 0, 2],
			"to": [16.625, 0.575, 14],
			"faces": {
				"north": {"uv": [8.75, 8.75, 9.5, 9], "texture": "#0"},
				"east": {"uv": [8, 4, 11, 4.25], "texture": "#0"},
				"south": {"uv": [1.75, 9, 2.5, 9.25], "texture": "#0"},
				"west": {"uv": [8, 4.25, 11, 4.5], "texture": "#0"},
				"up": {"uv": [6.5, 9.75, 5.75, 6.75], "texture": "#0"},
				"down": {"uv": [7.5, 6, 6.75, 9], "texture": "#0"}
			}
		},
		{
			"from": [1.5, 0.55, 1.5],
			"to": [2.5, 1.55, 14.5],
			"faces": {
				"north": {"uv": [2.5, 9, 2.75, 9.25], "texture": "#0"},
				"east": {"uv": [1, 7.75, 4.25, 8], "texture": "#0"},
				"south": {"uv": [2.75, 9, 3, 9.25], "texture": "#0"},
				"west": {"uv": [7.5, 7.75, 10.75, 8], "texture": "#0"},
				"up": {"uv": [6.75, 10, 6.5, 6.75], "texture": "#0"},
				"down": {"uv": [8.25, 0, 8, 3.25], "texture": "#0"}
			}
		},
		{
			"from": [13.5, 0.55, 1.5],
			"to": [14.5, 1.55, 14.5],
			"faces": {
				"north": {"uv": [3, 9, 3.25, 9.25], "texture": "#0"},
				"east": {"uv": [1, 8, 4.25, 8.25], "texture": "#0"},
				"south": {"uv": [3.25, 9, 3.5, 9.25], "texture": "#0"},
				"west": {"uv": [8, 3.25, 11.25, 3.5], "texture": "#0"},
				"up": {"uv": [7.75, 11.25, 7.5, 8], "texture": "#0"},
				"down": {"uv": [8, 8, 7.75, 11.25], "texture": "#0"}
			}
		},
		{
			"from": [2.5, 0.55, 1.5],
			"to": [13.5, 1.55, 2.5],
			"faces": {
				"north": {"uv": [1.5, 8.25, 4.25, 8.5], "texture": "#0"},
				"east": {"uv": [3.5, 9, 3.75, 9.25], "texture": "#0"},
				"south": {"uv": [8.25, 3, 11, 3.25], "texture": "#0"},
				"west": {"uv": [3.75, 9, 4, 9.25], "texture": "#0"},
				"up": {"uv": [11, 8.25, 8.25, 8], "texture": "#0"},
				"down": {"uv": [11, 8.25, 8.25, 8.5], "texture": "#0"}
			}
		},
		{
			"from": [2.5, 0.55, 13.5],
			"to": [13.5, 1.55, 14.5],
			"faces": {
				"north": {"uv": [8.5, 0, 11.25, 0.25], "texture": "#0"},
				"east": {"uv": [6.75, 9, 7, 9.25], "texture": "#0"},
				"south": {"uv": [8.5, 0.25, 11.25, 0.5], "texture": "#0"},
				"west": {"uv": [7, 9, 7.25, 9.25], "texture": "#0"},
				"up": {"uv": [11.25, 0.75, 8.5, 0.5], "texture": "#0"},
				"down": {"uv": [11.25, 0.75, 8.5, 1], "texture": "#0"}
			}
		}
	],
	"display": {
		"thirdperson_righthand": {
			"translation": [0, 2.5, -2],
			"scale": [0.5, 0.5, 0.5]
		},
		"thirdperson_lefthand": {
			"translation": [0, 2.5, -2],
			"scale": [0.5, 0.5, 0.5]
		},
		"firstperson_righthand": {
			"translation": [0, 4, 0],
			"scale": [0.7, 0.7, 0.7]
		},
		"firstperson_lefthand": {
			"translation": [0, 4, 0],
			"scale": [0.7, 0.7, 0.7]
		},
		"ground": {
			"translation": [0, 1.75, 0],
			"scale": [0.6, 0.6, 0.6]
		},
		"gui": {
			"rotation": [23, 23, 0],
			"translation": [0, 2, 0],
			"scale": [0.6, 0.6, 0.6]
		},
		"head": {
			"rotation": [0, 180, 0],
			"translation": [0, 10.25, 0],
			"scale": [1.21, 1.21, 1.21]
		},
		"fixed": {
			"rotation": [-90, 180, 0],
			"translation": [0, 0, -8]
		}
	}
}