{
	"credit": "Made with Blockbench",
	"texture_size": [64, 64],
	"textures": {
		"0": "item/vip/how_helmet",
		"particle": "item/vip/how_helmet"
	},
	"elements": [
		{
			"from": [6, 0, 11],
			"to": [11, 4, 12],
			"rotation": {"angle": 0, "axis": "y", "origin": [10, 0, 10]},
			"faces": {
				"north": {"uv": [3, 4.5, 4.25, 5.5], "texture": "#0"},
				"east": {"uv": [3.5, 6, 3.75, 7], "texture": "#0"},
				"south": {"uv": [4.5, 3, 5.75, 4], "texture": "#0"},
				"west": {"uv": [3.75, 6, 4, 7], "texture": "#0"},
				"up": {"uv": [7, 4.75, 5.75, 4.5], "texture": "#0"},
				"down": {"uv": [7, 4.75, 5.75, 5], "texture": "#0"}
			}
		},
		{
			"from": [5, 0, 11],
			"to": [6, 4, 12],
			"rotation": {"angle": 0, "axis": "y", "origin": [5, 0, 10]},
			"faces": {
				"north": {"uv": [4, 6, 4.25, 7], "texture": "#0"},
				"east": {"uv": [6.25, 1.25, 6.5, 2.25], "texture": "#0"},
				"south": {"uv": [6.25, 5.5, 6.5, 6.5], "texture": "#0"},
				"west": {"uv": [6.5, 1.25, 6.75, 2.25], "texture": "#0"},
				"up": {"uv": [8, 1.75, 7.75, 1.5], "texture": "#0"},
				"down": {"uv": [8, 1.75, 7.75, 2], "texture": "#0"}
			}
		},
		{
			"from": [4, 0, 5],
			"to": [5, 4, 11],
			"rotation": {"angle": 0, "axis": "y", "origin": [4, 0, 4]},
			"faces": {
				"north": {"uv": [6.5, 3, 6.75, 4], "texture": "#0"},
				"east": {"uv": [3, 3.5, 4.5, 4.5], "texture": "#0"},
				"south": {"uv": [6.5, 5.5, 6.75, 6.5], "texture": "#0"},
				"west": {"uv": [4.25, 0, 5.75, 1], "texture": "#0"},
				"up": {"uv": [4.5, 7.25, 4.25, 5.75], "texture": "#0"},
				"down": {"uv": [4.75, 5.75, 4.5, 7.25], "texture": "#0"}
			}
		},
		{
			"from": [4, 4, 3.875],
			"to": [12, 5, 4.5],
			"rotation": {"angle": 0, "axis": "y", "origin": [4, 4, 3.5]},
			"faces": {
				"north": {"uv": [5.5, 5, 7.5, 5.25], "texture": "#0"},
				"east": {"uv": [8, 6.25, 8.125, 6.5], "texture": "#0"},
				"south": {"uv": [5.5, 5.25, 7.5, 5.5], "texture": "#0"},
				"west": {"uv": [6.5, 8, 6.625, 8.25], "texture": "#0"},
				"up": {"uv": [8, 4.125, 6, 4], "texture": "#0"},
				"down": {"uv": [8, 4.25, 6, 4.375], "texture": "#0"}
			}
		},
		{
			"from": [4, 4, 11.5],
			"to": [12, 5, 12.25],
			"rotation": {"angle": 0, "axis": "y", "origin": [4, 4, 12]},
			"faces": {
				"north": {"uv": [0, 5.75, 2, 6], "texture": "#0"},
				"east": {"uv": [4.75, 7.75, 5, 8], "texture": "#0"},
				"south": {"uv": [5.75, 0, 7.75, 0.25], "texture": "#0"},
				"west": {"uv": [5, 7.75, 5.25, 8], "texture": "#0"},
				"up": {"uv": [7.75, 0.5, 5.75, 0.25], "texture": "#0"},
				"down": {"uv": [7.75, 0.5, 5.75, 0.75], "texture": "#0"}
			}
		},
		{
			"from": [3.65, 4, 4.5],
			"to": [12.35, 5, 11.5],
			"rotation": {"angle": 0, "axis": "y", "origin": [4, 4, 5.5]},
			"faces": {
				"north": {"uv": [1.25, 5.5, 3.375, 5.75], "texture": "#0"},
				"east": {"uv": [1.25, 5.25, 3, 5.5], "texture": "#0"},
				"south": {"uv": [3.5, 5.5, 5.625, 5.75], "texture": "#0"},
				"west": {"uv": [2.5, 5.75, 4.25, 6], "texture": "#0"},
				"up": {"uv": [2.125, 1.75, 0, 0], "texture": "#0"},
				"down": {"uv": [2.125, 1.75, 0, 3.5], "texture": "#0"}
			}
		},
		{
			"from": [4, 5, 4.5],
			"to": [12, 6, 11.5],
			"rotation": {"angle": 0, "axis": "y", "origin": [3.5, 5, 5.5]},
			"faces": {
				"north": {"uv": [5.75, 0.75, 7.75, 1], "texture": "#0"},
				"east": {"uv": [5.75, 2.5, 7.5, 2.75], "texture": "#0"},
				"south": {"uv": [5.75, 1, 7.75, 1.25], "texture": "#0"},
				"west": {"uv": [5.75, 2.75, 7.5, 3], "texture": "#0"},
				"up": {"uv": [4.25, 1.75, 2.25, 0], "texture": "#0"},
				"down": {"uv": [4.25, 1.75, 2.25, 3.5], "texture": "#0"}
			}
		},
		{
			"from": [5, 6, 5.5],
			"to": [11, 8, 10.5],
			"rotation": {"angle": 0, "axis": "y", "origin": [3.5, 6, 5.5]},
			"faces": {
				"north": {"uv": [4.5, 4, 6, 4.5], "texture": "#0"},
				"east": {"uv": [0, 4.75, 1.25, 5.25], "texture": "#0"},
				"south": {"uv": [4.25, 4.5, 5.75, 5], "texture": "#0"},
				"west": {"uv": [1.25, 4.75, 2.5, 5.25], "texture": "#0"},
				"up": {"uv": [1.5, 4.75, 0, 3.5], "texture": "#0"},
				"down": {"uv": [3, 3.5, 1.5, 4.75], "texture": "#0"}
			}
		},
		{
			"from": [11, 0, 5],
			"to": [12, 4, 11],
			"rotation": {"angle": 0, "axis": "y", "origin": [11, 0, 4]},
			"faces": {
				"north": {"uv": [5.75, 6.5, 6, 7.5], "texture": "#0"},
				"east": {"uv": [4.25, 1, 5.75, 2], "texture": "#0"},
				"south": {"uv": [6, 6.5, 6.25, 7.5], "texture": "#0"},
				"west": {"uv": [4.25, 2, 5.75, 3], "texture": "#0"},
				"up": {"uv": [5, 7.25, 4.75, 5.75], "texture": "#0"},
				"down": {"uv": [5.25, 5.75, 5, 7.25], "texture": "#0"}
			}
		},
		{
			"from": [10, 0, 4],
			"to": [11, 1.8, 5],
			"rotation": {"angle": 0, "axis": "y", "origin": [10, 0, 3]},
			"faces": {
				"north": {"uv": [4.25, 3, 4.5, 3.5], "texture": "#0"},
				"east": {"uv": [3.25, 7.25, 3.5, 7.75], "texture": "#0"},
				"south": {"uv": [7.25, 7, 7.5, 7.5], "texture": "#0"},
				"west": {"uv": [0, 7.5, 0.25, 8], "texture": "#0"},
				"up": {"uv": [8, 2.25, 7.75, 2], "texture": "#0"},
				"down": {"uv": [8, 2.5, 7.75, 2.75], "texture": "#0"}
			}
		},
		{
			"from": [5, 0, 4],
			"to": [6, 1.8, 5],
			"rotation": {"angle": 0, "axis": "y", "origin": [5, 0, 3]},
			"faces": {
				"north": {"uv": [0.25, 7.5, 0.5, 8], "texture": "#0"},
				"east": {"uv": [0.5, 7.5, 0.75, 8], "texture": "#0"},
				"south": {"uv": [0.75, 7.5, 1, 8], "texture": "#0"},
				"west": {"uv": [1, 7.5, 1.25, 8], "texture": "#0"},
				"up": {"uv": [8, 3, 7.75, 2.75], "texture": "#0"},
				"down": {"uv": [3.5, 7.75, 3.25, 8], "texture": "#0"}
			}
		},
		{
			"from": [5, 1.8, 4],
			"to": [5.6, 3.2, 5],
			"rotation": {"angle": 0, "axis": "y", "origin": [5, 1.8, 3]},
			"faces": {
				"north": {"uv": [3.75, 8, 3.875, 8.375], "texture": "#0"},
				"east": {"uv": [3.75, 7.5, 4, 7.875], "texture": "#0"},
				"south": {"uv": [8, 3.75, 8.125, 4.125], "texture": "#0"},
				"west": {"uv": [5.75, 7.5, 6, 7.875], "texture": "#0"},
				"up": {"uv": [8.125, 7.5, 8, 7.25], "texture": "#0"},
				"down": {"uv": [7.625, 8, 7.5, 8.25], "texture": "#0"}
			}
		},
		{
			"from": [10.4, 1.8, 4],
			"to": [11, 3.2, 5],
			"rotation": {"angle": 0, "axis": "y", "origin": [10.4, 1.8, 3]},
			"faces": {
				"north": {"uv": [4, 8, 4.125, 8.375], "texture": "#0"},
				"east": {"uv": [6, 7.5, 6.25, 7.875], "texture": "#0"},
				"south": {"uv": [4.25, 8, 4.375, 8.375], "texture": "#0"},
				"west": {"uv": [6.25, 7.5, 6.5, 7.875], "texture": "#0"},
				"up": {"uv": [8.125, 7.75, 8, 7.5], "texture": "#0"},
				"down": {"uv": [7.875, 8, 7.75, 8.25], "texture": "#0"}
			}
		},
		{
			"from": [10, 3.2, 4],
			"to": [11, 4, 5],
			"rotation": {"angle": 0, "axis": "y", "origin": [10, 2.2, 3]},
			"faces": {
				"north": {"uv": [7.75, 7.75, 8, 8], "texture": "#0"},
				"east": {"uv": [0, 8, 0.25, 8.25], "texture": "#0"},
				"south": {"uv": [0.25, 8, 0.5, 8.25], "texture": "#0"},
				"west": {"uv": [0.5, 8, 0.75, 8.25], "texture": "#0"},
				"up": {"uv": [1, 8.25, 0.75, 8], "texture": "#0"},
				"down": {"uv": [1.25, 8, 1, 8.25], "texture": "#0"}
			}
		},
		{
			"from": [5, 3.2, 4],
			"to": [6, 4, 5],
			"rotation": {"angle": 0, "axis": "y", "origin": [5, 2.2, 3]},
			"faces": {
				"north": {"uv": [7.75, 6.25, 8, 6.5], "texture": "#0"},
				"east": {"uv": [7.75, 6.5, 8, 6.75], "texture": "#0"},
				"south": {"uv": [7.75, 6.75, 8, 7], "texture": "#0"},
				"west": {"uv": [7, 7.75, 7.25, 8], "texture": "#0"},
				"up": {"uv": [7.5, 8, 7.25, 7.75], "texture": "#0"},
				"down": {"uv": [7.75, 7.75, 7.5, 8], "texture": "#0"}
			}
		},
		{
			"from": [6, 0, 3.4],
			"to": [7, 0.8, 4],
			"rotation": {"angle": 0, "axis": "y", "origin": [6, 0, 2]},
			"faces": {
				"north": {"uv": [7.75, 3.75, 8, 4], "texture": "#0"},
				"east": {"uv": [5, 8, 5.125, 8.25], "texture": "#0"},
				"south": {"uv": [4, 7.75, 4.25, 8], "texture": "#0"},
				"west": {"uv": [8, 5, 8.125, 5.25], "texture": "#0"},
				"up": {"uv": [5.5, 8.125, 5.25, 8], "texture": "#0"},
				"down": {"uv": [8.25, 5.25, 8, 5.375], "texture": "#0"}
			}
		},
		{
			"from": [7, 5, 3.85],
			"to": [9, 5.6, 4.65],
			"rotation": {"angle": 0, "axis": "y", "origin": [6.7, 5.1, 2.65]},
			"faces": {
				"north": {"uv": [5.25, 7.75, 5.75, 7.875], "texture": "#0"},
				"east": {"uv": [8, 6.5, 8.25, 6.625], "texture": "#0"},
				"south": {"uv": [7.75, 5.5, 8.25, 5.625], "texture": "#0"},
				"west": {"uv": [6.75, 8, 7, 8.125], "texture": "#0"},
				"up": {"uv": [6.75, 2.5, 6.25, 2.25], "texture": "#0"},
				"down": {"uv": [7.75, 3.75, 7.25, 4], "texture": "#0"}
			}
		},
		{
			"from": [7, 6.2, 3.85],
			"to": [8.3, 6.8, 4.65],
			"rotation": {"angle": 0, "axis": "y", "origin": [6.7, 6.4, 2.65]},
			"faces": {
				"north": {"uv": [8, 4.5, 8.375, 4.625], "texture": "#0"},
				"east": {"uv": [0.25, 8.25, 0.5, 8.375], "texture": "#0"},
				"south": {"uv": [8, 4.75, 8.375, 4.875], "texture": "#0"},
				"west": {"uv": [8.25, 0.25, 8.5, 0.375], "texture": "#0"},
				"up": {"uv": [8.125, 1.5, 7.75, 1.25], "texture": "#0"},
				"down": {"uv": [1.875, 7.75, 1.5, 8], "texture": "#0"}
			}
		},
		{
			"from": [7, 7.5, 3.85],
			"to": [9, 8.1, 4.65],
			"rotation": {"angle": 0, "axis": "y", "origin": [6.7, 7.7, 2.65]},
			"faces": {
				"north": {"uv": [8, 1.5, 8.5, 1.625], "texture": "#0"},
				"east": {"uv": [0.5, 8.25, 0.75, 8.375], "texture": "#0"},
				"south": {"uv": [1.75, 8, 2.25, 8.125], "texture": "#0"},
				"west": {"uv": [8.25, 0.5, 8.5, 0.625], "texture": "#0"},
				"up": {"uv": [8, 3.25, 7.5, 3], "texture": "#0"},
				"down": {"uv": [8, 3.25, 7.5, 3.5], "texture": "#0"}
			}
		},
		{
			"from": [8.3, 5.5, 3.85],
			"to": [9, 7.6, 4.65],
			"rotation": {"angle": 0, "axis": "y", "origin": [6.7, 7.2, 2.65]},
			"faces": {
				"north": {"uv": [8, 1.75, 8.125, 2.25], "texture": "#0"},
				"east": {"uv": [3, 7.5, 3.25, 8], "texture": "#0"},
				"south": {"uv": [8, 2.25, 8.125, 2.75], "texture": "#0"},
				"west": {"uv": [3.5, 7.5, 3.75, 8], "texture": "#0"},
				"up": {"uv": [0.875, 8.5, 0.75, 8.25], "texture": "#0"},
				"down": {"uv": [8.375, 0.75, 8.25, 1], "texture": "#0"}
			}
		},
		{
			"from": [7.2, 6, 4.7],
			"to": [8.8, 8, 5.5],
			"rotation": {"angle": 0, "axis": "y", "origin": [7.5, 6.1, 3.5]},
			"faces": {
				"north": {"uv": [1.5, 6.75, 1.875, 7.25], "texture": "#0"},
				"east": {"uv": [1.25, 7.5, 1.5, 8], "texture": "#0"},
				"south": {"uv": [6.75, 2, 7.125, 2.5], "texture": "#0"},
				"west": {"uv": [2, 7.5, 2.25, 8], "texture": "#0"},
				"up": {"uv": [7.875, 3.75, 7.5, 3.5], "texture": "#0"},
				"down": {"uv": [7.875, 4.5, 7.5, 4.75], "texture": "#0"}
			}
		},
		{
			"from": [7.2, 8, 5.5],
			"to": [8.8, 8.7, 7.5],
			"rotation": {"angle": 0, "axis": "y", "origin": [7.5, 8.1, 3.5]},
			"faces": {
				"north": {"uv": [8, 3.25, 8.375, 3.375], "texture": "#0"},
				"east": {"uv": [7.75, 5.75, 8.25, 5.875], "texture": "#0"},
				"south": {"uv": [8, 3.5, 8.375, 3.625], "texture": "#0"},
				"west": {"uv": [7.75, 6, 8.25, 6.125], "texture": "#0"},
				"up": {"uv": [7.125, 3.5, 6.75, 3], "texture": "#0"},
				"down": {"uv": [7.125, 3.5, 6.75, 4], "texture": "#0"}
			}
		},
		{
			"from": [7.2, 5, 11.5],
			"to": [8.8, 6, 14.2],
			"rotation": {"angle": 0, "axis": "y", "origin": [7.5, 5.1, 10.3]},
			"faces": {
				"north": {"uv": [7.5, 4.75, 7.875, 5], "texture": "#0"},
				"east": {"uv": [7.25, 2.25, 7.875, 2.5], "texture": "#0"},
				"south": {"uv": [7.5, 5, 7.875, 5.25], "texture": "#0"},
				"west": {"uv": [2.5, 7.25, 3.125, 7.5], "texture": "#0"},
				"up": {"uv": [0.375, 7.375, 0, 6.75], "texture": "#0"},
				"down": {"uv": [0.875, 6.75, 0.5, 7.375], "texture": "#0"}
			}
		},
		{
			"from": [7.2, 1.8, 12.9],
			"to": [8.8, 5, 14.2],
			"rotation": {"angle": 0, "axis": "y", "origin": [7.5, 4.1, 12.3]},
			"faces": {
				"north": {"uv": [0, 6, 0.375, 6.75], "texture": "#0"},
				"east": {"uv": [0.5, 6, 0.875, 6.75], "texture": "#0"},
				"south": {"uv": [1, 6, 1.375, 6.75], "texture": "#0"},
				"west": {"uv": [1.5, 6, 1.875, 6.75], "texture": "#0"},
				"up": {"uv": [4.625, 7.625, 4.25, 7.25], "texture": "#0"},
				"down": {"uv": [5.125, 7.25, 4.75, 7.625], "texture": "#0"}
			}
		},
		{
			"from": [7.2, 0.4, 12.9],
			"to": [8.8, 1.8, 13.7],
			"rotation": {"angle": 0, "axis": "y", "origin": [7.5, 0.4, 12.3]},
			"faces": {
				"north": {"uv": [7.25, 6, 7.625, 6.375], "texture": "#0"},
				"east": {"uv": [6.5, 7.5, 6.75, 7.875], "texture": "#0"},
				"south": {"uv": [7.25, 6.5, 7.625, 6.875], "texture": "#0"},
				"west": {"uv": [6.75, 7.5, 7, 7.875], "texture": "#0"},
				"up": {"uv": [7.875, 5.5, 7.5, 5.25], "texture": "#0"},
				"down": {"uv": [7.375, 7.5, 7, 7.75], "texture": "#0"}
			}
		},
		{
			"from": [7.2, 0, 12.5],
			"to": [8.8, 3.9, 12.9],
			"rotation": {"angle": 0, "axis": "y", "origin": [7.5, 3, 11.9]},
			"faces": {
				"north": {"uv": [5.25, 5.75, 5.625, 6.75], "texture": "#0"},
				"east": {"uv": [2.25, 7.5, 2.375, 8.5], "texture": "#0"},
				"south": {"uv": [5.75, 5.5, 6.125, 6.5], "texture": "#0"},
				"west": {"uv": [2.5, 7.5, 2.625, 8.5], "texture": "#0"},
				"up": {"uv": [8.375, 4.375, 8, 4.25], "texture": "#0"},
				"down": {"uv": [4.875, 8, 4.5, 8.125], "texture": "#0"}
			}
		},
		{
			"from": [7.2, 6, 10.5],
			"to": [8.8, 8, 13.7],
			"rotation": {"angle": 0, "axis": "y", "origin": [7.5, 6.1, 9.3]},
			"faces": {
				"north": {"uv": [2.5, 6.75, 2.875, 7.25], "texture": "#0"},
				"east": {"uv": [5.75, 3, 6.5, 3.5], "texture": "#0"},
				"south": {"uv": [3, 6.75, 3.375, 7.25], "texture": "#0"},
				"west": {"uv": [5.75, 3.5, 6.5, 4], "texture": "#0"},
				"up": {"uv": [2.875, 6.75, 2.5, 6], "texture": "#0"},
				"down": {"uv": [3.375, 6, 3, 6.75], "texture": "#0"}
			}
		},
		{
			"from": [7.2, 8, 7.5],
			"to": [8.8, 10, 12.6],
			"rotation": {"angle": 0, "axis": "y", "origin": [7.5, 8.1, 8.3]},
			"faces": {
				"north": {"uv": [5.25, 6.75, 5.625, 7.25], "texture": "#0"},
				"east": {"uv": [4.25, 5, 5.5, 5.5], "texture": "#0"},
				"south": {"uv": [6.75, 5.5, 7.125, 6], "texture": "#0"},
				"west": {"uv": [0, 5.25, 1.25, 5.75], "texture": "#0"},
				"up": {"uv": [6.125, 2.5, 5.75, 1.25], "texture": "#0"},
				"down": {"uv": [2.375, 5.75, 2, 7], "texture": "#0"}
			}
		},
		{
			"from": [7.2, 10, 7.5],
			"to": [8.8, 12, 9.3],
			"rotation": {"angle": 0, "axis": "y", "origin": [7.5, 10.1, 6.3]},
			"faces": {
				"north": {"uv": [6.75, 6, 7.125, 6.5], "texture": "#0"},
				"east": {"uv": [2.5, 4.75, 3, 5.25], "texture": "#0"},
				"south": {"uv": [6.75, 6.5, 7.125, 7], "texture": "#0"},
				"west": {"uv": [6.25, 6.5, 6.75, 7], "texture": "#0"},
				"up": {"uv": [2.375, 7.5, 2, 7], "texture": "#0"},
				"down": {"uv": [3.875, 7, 3.5, 7.5], "texture": "#0"}
			}
		},
		{
			"from": [7.2, 9.4, 6.7],
			"to": [8.8, 12, 7.5],
			"rotation": {"angle": 0, "axis": "y", "origin": [7.5, 10.1, 4.5]},
			"faces": {
				"north": {"uv": [1, 6.75, 1.375, 7.375], "texture": "#0"},
				"east": {"uv": [4, 7, 4.25, 7.625], "texture": "#0"},
				"south": {"uv": [6.75, 1.25, 7.125, 1.875], "texture": "#0"},
				"west": {"uv": [7.25, 3, 7.5, 3.625], "texture": "#0"},
				"up": {"uv": [7.875, 7.25, 7.5, 7], "texture": "#0"},
				"down": {"uv": [7.875, 7.25, 7.5, 7.5], "texture": "#0"}
			}
		},
		{
			"from": [7.2, 10.2, 5.9],
			"to": [8.8, 12, 6.7],
			"rotation": {"angle": 0, "axis": "y", "origin": [7.5, 10.1, 3.7]},
			"faces": {
				"north": {"uv": [1.5, 7.25, 1.875, 7.75], "texture": "#0"},
				"east": {"uv": [7.5, 2.5, 7.75, 3], "texture": "#0"},
				"south": {"uv": [7.25, 1.75, 7.625, 2.25], "texture": "#0"},
				"west": {"uv": [2.75, 7.5, 3, 8], "texture": "#0"},
				"up": {"uv": [7.875, 7.75, 7.5, 7.5], "texture": "#0"},
				"down": {"uv": [8.125, 0, 7.75, 0.25], "texture": "#0"}
			}
		},
		{
			"from": [7.2, 10.9, 5.1],
			"to": [8.8, 12, 5.9],
			"rotation": {"angle": 0, "axis": "y", "origin": [7.5, 10.1, 2.9]},
			"faces": {
				"north": {"uv": [7.75, 0.25, 8.125, 0.5], "texture": "#0"},
				"east": {"uv": [1.25, 8, 1.5, 8.25], "texture": "#0"},
				"south": {"uv": [7.75, 0.5, 8.125, 0.75], "texture": "#0"},
				"west": {"uv": [1.5, 8, 1.75, 8.25], "texture": "#0"},
				"up": {"uv": [8.125, 1, 7.75, 0.75], "texture": "#0"},
				"down": {"uv": [8.125, 1, 7.75, 1.25], "texture": "#0"}
			}
		},
		{
			"from": [7.2, 10, 9.3],
			"to": [8.8, 11.3, 11.4],
			"rotation": {"angle": 0, "axis": "y", "origin": [7.5, 10.1, 8.1]},
			"faces": {
				"north": {"uv": [5.25, 7.25, 5.625, 7.625], "texture": "#0"},
				"east": {"uv": [7, 4.5, 7.5, 4.875], "texture": "#0"},
				"south": {"uv": [7.25, 5.5, 7.625, 5.875], "texture": "#0"},
				"west": {"uv": [6.25, 7, 6.75, 7.375], "texture": "#0"},
				"up": {"uv": [7.125, 7.5, 6.75, 7], "texture": "#0"},
				"down": {"uv": [7.625, 1.25, 7.25, 1.75], "texture": "#0"}
			}
		},
		{
			"from": [7.2, 3.5, 3.7],
			"to": [8.8, 4, 4],
			"rotation": {"angle": 0, "axis": "y", "origin": [7.5, 3.1, 2.5]},
			"faces": {
				"north": {"uv": [2.75, 8, 3.125, 8.125], "texture": "#0"},
				"east": {"uv": [1, 8.25, 1.125, 8.375], "texture": "#0"},
				"south": {"uv": [8, 2.75, 8.375, 2.875], "texture": "#0"},
				"west": {"uv": [8.25, 1, 8.375, 1.125], "texture": "#0"},
				"up": {"uv": [8.375, 3.125, 8, 3], "texture": "#0"},
				"down": {"uv": [3.625, 8, 3.25, 8.125], "texture": "#0"}
			}
		},
		{
			"from": [7.5, 3, 3.7],
			"to": [8.5, 3.5, 4],
			"rotation": {"angle": 0, "axis": "y", "origin": [7.5, 2.6, 2.5]},
			"faces": {
				"north": {"uv": [8, 6.75, 8.25, 6.875], "texture": "#0"},
				"east": {"uv": [1.25, 8.25, 1.375, 8.375], "texture": "#0"},
				"south": {"uv": [7, 8, 7.25, 8.125], "texture": "#0"},
				"west": {"uv": [8.25, 1.25, 8.375, 1.375], "texture": "#0"},
				"up": {"uv": [8.25, 7.125, 8, 7], "texture": "#0"},
				"down": {"uv": [7.5, 8, 7.25, 8.125], "texture": "#0"}
			}
		},
		{
			"from": [7.7, 1.8, 3.7],
			"to": [8.3, 3, 4],
			"rotation": {"angle": 0, "axis": "y", "origin": [7.5, 2.1, 2.5]},
			"faces": {
				"north": {"uv": [8, 7.75, 8.125, 8], "texture": "#0"},
				"east": {"uv": [8, 8, 8.125, 8.25], "texture": "#0"},
				"south": {"uv": [0, 8.25, 0.125, 8.5], "texture": "#0"},
				"west": {"uv": [8.25, 0, 8.375, 0.25], "texture": "#0"},
				"up": {"uv": [1.625, 8.375, 1.5, 8.25], "texture": "#0"},
				"down": {"uv": [1.875, 8.25, 1.75, 8.375], "texture": "#0"}
			}
		},
		{
			"from": [9, 0, 3.4],
			"to": [10, 0.8, 4],
			"rotation": {"angle": 0, "axis": "y", "origin": [9, 0, 2]},
			"faces": {
				"north": {"uv": [4.25, 7.75, 4.5, 8], "texture": "#0"},
				"east": {"uv": [5.5, 8, 5.625, 8.25], "texture": "#0"},
				"south": {"uv": [4.5, 7.75, 4.75, 8], "texture": "#0"},
				"west": {"uv": [5.75, 8, 5.875, 8.25], "texture": "#0"},
				"up": {"uv": [6.25, 8.125, 6, 8], "texture": "#0"},
				"down": {"uv": [6.5, 8, 6.25, 8.125], "texture": "#0"}
			}
		}
	],
	"display": {
		"thirdperson_righthand": {
			"rotation": [-24, 0, 0],
			"translation": [0, 6.75, -1.5]
		},
		"thirdperson_lefthand": {
			"rotation": [-20, 0, 0],
			"translation": [0, 6.5, -3.5]
		},
		"firstperson_righthand": {
			"translation": [0, 4, 0]
		},
		"firstperson_lefthand": {
			"rotation": [0, 130, 0],
			"translation": [0, 7.25, 0]
		},
		"ground": {
			"translation": [0, 6.25, 0]
		},
		"gui": {
			"rotation": [33, -141, 0],
			"translation": [0, 2.5, 0]
		},
		"head": {
			"translation": [0, 13.25, 0],
			"scale": [2.45, 2.45, 2.45]
		},
		"fixed": {
			"rotation": [-90, 0, 0],
			"translation": [0, 0, -24],
			"scale": [3, 3, 3]
		}
	}
}