{
	"credit": "Made with Blockbench",
	"texture_size": [128, 128],
	"textures": {
		"0": "item/vip/how_popsicle/stick",
		"1": "item/vip/how_popsicle/1",
		"particle": "item/vip/how_popsicle/stick"
	},
	"elements": [
		{
			"from": [7, -14, 10],
			"to": [8, 25, 11],
			"rotation": {"angle": 0, "axis": "y", "origin": [7, 0, 11]},
			"faces": {
				"north": {"uv": [2.75, 0.25, 3, 10], "texture": "#0"},
				"east": {"uv": [2.5, 0.25, 2.75, 10], "texture": "#0"},
				"south": {"uv": [3.25, 0.25, 3.5, 10], "texture": "#0"},
				"west": {"uv": [3, 0.25, 3.25, 10], "texture": "#0"},
				"up": {"uv": [3, 0.25, 2.75, 0], "texture": "#0"},
				"down": {"uv": [3.25, 0, 3, 0.25], "texture": "#0"}
			}
		},
		{
			"from": [7, -14, 5],
			"to": [8, 25, 6],
			"rotation": {"angle": 0, "axis": "y", "origin": [7, 0, 6]},
			"faces": {
				"north": {"uv": [3.75, 0.25, 4, 10], "texture": "#0"},
				"east": {"uv": [3.5, 0.25, 3.75, 10], "texture": "#0"},
				"south": {"uv": [4.25, 0.25, 4.5, 10], "texture": "#0"},
				"west": {"uv": [4, 0.25, 4.25, 10], "texture": "#0"},
				"up": {"uv": [4, 0.25, 3.75, 0], "texture": "#0"},
				"down": {"uv": [4.25, 0, 4, 0.25], "texture": "#0"}
			}
		},
		{
			"from": [7, -15, 6],
			"to": [8, 26, 10],
			"rotation": {"angle": 0, "axis": "y", "origin": [7, 0, 7]},
			"faces": {
				"north": {"uv": [1, -1, 1.25, 8], "texture": "#0"},
				"east": {"uv": [0, 1, 1, 11.25], "texture": "#0"},
				"south": {"uv": [2.25, 1, 2.5, 7.25], "texture": "#0"},
				"west": {"uv": [1.25, 1, 2.25, 11.25], "texture": "#0"},
				"up": {"uv": [1.25, 1, 1, 0], "texture": "#0"},
				"down": {"uv": [1.5, 0, 1.25, 1], "texture": "#0"}
			}
		},
		{
			"from": [6, -5, 14],
			"to": [9, -4, 15],
			"rotation": {"angle": 0, "axis": "y", "origin": [6, -1, 12]},
			"faces": {
				"north": {"uv": [7, 8.5, 7.375, 8.625], "texture": "#1"},
				"east": {"uv": [7.375, 8.5, 7.5, 8.625], "texture": "#1"},
				"south": {"uv": [7, 8.625, 7.375, 8.75], "texture": "#1"},
				"west": {"uv": [7.375, 8.625, 7.5, 8.75], "texture": "#1"},
				"up": {"uv": [10.125, 8.125, 9.75, 8], "texture": "#1"},
				"down": {"uv": [10.125, 8.125, 9.75, 8.25], "texture": "#1"}
			}
		},
		{
			"from": [3, 31, -1],
			"to": [12, 32, 17],
			"rotation": {"angle": 0, "axis": "y", "origin": [7, 0, 0]},
			"faces": {
				"north": {"uv": [6.375, 8.25, 7.5, 8.375], "texture": "#1"},
				"east": {"uv": [9.75, 7, 12, 7.125], "texture": "#1"},
				"south": {"uv": [6.375, 8.375, 7.5, 8.5], "texture": "#1"},
				"west": {"uv": [9.75, 7.125, 12, 7.25], "texture": "#1"},
				"up": {"uv": [10, 2.25, 8.875, 0], "texture": "#1"},
				"down": {"uv": [10, 2.25, 8.875, 4.5], "texture": "#1"}
			}
		},
		{
			"from": [2, -4, -2],
			"to": [13, 31, 18],
			"rotation": {"angle": 0, "axis": "y", "origin": [7, 0, 0]},
			"faces": {
				"north": {"uv": [7.5, 0, 8.875, 4.375], "texture": "#1"},
				"east": {"uv": [0, 0, 2.5, 4.375], "texture": "#1"},
				"south": {"uv": [7.5, 4.375, 8.875, 8.75], "texture": "#1"},
				"west": {"uv": [2.5, 0, 5, 4.375], "texture": "#1"},
				"up": {"uv": [7.75, 11.25, 6.375, 8.75], "texture": "#1"},
				"down": {"uv": [9.125, 8.75, 7.75, 11.25], "texture": "#1"}
			}
		},
		{
			"from": [2, -3, 18],
			"to": [13, 30, 19],
			"rotation": {"angle": 0, "axis": "y", "origin": [7, 0, 0]},
			"faces": {
				"north": {"uv": [5, 8.25, 6.375, 12.375], "texture": "#1"},
				"east": {"uv": [4.75, 8.5, 4.875, 12.625], "texture": "#1"},
				"south": {"uv": [0, 8.5, 1.375, 12.625], "texture": "#1"},
				"west": {"uv": [4.875, 8.5, 5, 12.625], "texture": "#1"},
				"up": {"uv": [11.125, 7.625, 9.75, 7.5], "texture": "#1"},
				"down": {"uv": [11.125, 7.625, 9.75, 7.75], "texture": "#1"}
			}
		},
		{
			"from": [2, -3, -3],
			"to": [13, 30, -2],
			"rotation": {"angle": 0, "axis": "y", "origin": [7, 0, -21]},
			"faces": {
				"north": {"uv": [1.375, 8.5, 2.75, 12.625], "texture": "#1"},
				"east": {"uv": [9.125, 6, 9.25, 10.125], "texture": "#1"},
				"south": {"uv": [2.75, 8.5, 4.125, 12.625], "texture": "#1"},
				"west": {"uv": [9.25, 6, 9.375, 10.125], "texture": "#1"},
				"up": {"uv": [11.125, 7.875, 9.75, 7.75], "texture": "#1"},
				"down": {"uv": [11.125, 7.875, 9.75, 8], "texture": "#1"}
			}
		},
		{
			"from": [5, -5, 2],
			"to": [10, -4, 14],
			"rotation": {"angle": 0, "axis": "y", "origin": [6, -1, 0]},
			"faces": {
				"north": {"uv": [6.375, 8.5, 7, 8.625], "texture": "#1"},
				"east": {"uv": [9.75, 7.25, 11.25, 7.375], "texture": "#1"},
				"south": {"uv": [6.375, 8.625, 7, 8.75], "texture": "#1"},
				"west": {"uv": [9.75, 7.375, 11.25, 7.5], "texture": "#1"},
				"up": {"uv": [4.75, 10, 4.125, 8.5], "texture": "#1"},
				"down": {"uv": [9.5, 4.5, 8.875, 6], "texture": "#1"}
			}
		},
		{
			"from": [13, -3, -2],
			"to": [14, 30, 18],
			"rotation": {"angle": 0, "axis": "y", "origin": [7, 0, 0]},
			"faces": {
				"north": {"uv": [9.375, 6, 9.5, 10.125], "texture": "#1"},
				"east": {"uv": [0, 4.375, 2.5, 8.5], "texture": "#1"},
				"south": {"uv": [9.5, 4.5, 9.625, 8.625], "texture": "#1"},
				"west": {"uv": [2.5, 4.375, 5, 8.5], "texture": "#1"},
				"up": {"uv": [9, 8.5, 8.875, 6], "texture": "#1"},
				"down": {"uv": [9.125, 6, 9, 8.5], "texture": "#1"}
			}
		},
		{
			"from": [1, -3, -2],
			"to": [2, 30, 18],
			"rotation": {"angle": 0, "axis": "y", "origin": [-5, 0, 0]},
			"faces": {
				"north": {"uv": [9.5, 8.625, 9.625, 12.75], "texture": "#1"},
				"east": {"uv": [5, 0, 7.5, 4.125], "texture": "#1"},
				"south": {"uv": [9.625, 4.5, 9.75, 8.625], "texture": "#1"},
				"west": {"uv": [5, 4.125, 7.5, 8.25], "texture": "#1"},
				"up": {"uv": [9.75, 11.125, 9.625, 8.625], "texture": "#1"},
				"down": {"uv": [9.875, 4.5, 9.75, 7], "texture": "#1"}
			}
		},
		{
			"from": [6, -5, 1],
			"to": [9, -4, 2],
			"rotation": {"angle": 0, "axis": "y", "origin": [6, -1, -1]},
			"faces": {
				"north": {"uv": [9.75, 8.25, 10.125, 8.375], "texture": "#1"},
				"east": {"uv": [8.875, 8.5, 9, 8.625], "texture": "#1"},
				"south": {"uv": [9.75, 8.375, 10.125, 8.5], "texture": "#1"},
				"west": {"uv": [8.875, 8.625, 9, 8.75], "texture": "#1"},
				"up": {"uv": [10.125, 8.625, 9.75, 8.5], "texture": "#1"},
				"down": {"uv": [10.125, 8.625, 9.75, 8.75], "texture": "#1"}
			}
		}
	],
	"gui_light": "front",
	"display": {
		"thirdperson_righthand": {
			"translation": [0, 14, 0],
			"scale": [0.75, 0.75, 0.75]
		},
		"thirdperson_lefthand": {
			"rotation": [0, 62, 0],
			"translation": [-1.25, 14, 0.25],
			"scale": [0.75, 0.75, 0.75]
		},
		"firstperson_righthand": {
			"rotation": [-53, 0, 0],
			"translation": [1.25, 4.75, -3.75],
			"scale": [0.5, 0.5, 0.5]
		},
		"firstperson_lefthand": {
			"rotation": [-88, 66, 0],
			"translation": [0.75, 1, -2.75],
			"scale": [0.4, 0.4, 0.4]
		},
		"ground": {
			"translation": [0, 12.25, 0],
			"scale": [0.6, 0.6, 0.6]
		},
		"gui": {
			"rotation": [20, 151, -49],
			"translation": [0.5, -1.25, 0],
			"scale": [0.35, 0.35, 0.35]
		},
		"head": {
			"rotation": [0, 90, 180],
			"translation": [0, 13.5, 1.75],
			"scale": [0.95, 0.95, 0.95]
		},
		"fixed": {
			"rotation": [0, -90, 0],
			"translation": [0, -8, -12],
			"scale": [2, 2, 2]
		}
	},
	"groups": [
		{
			"name": "stick",
			"origin": [7, 0, 7],
			"color": 0,
			"children": [0, 1, 2]
		},
		{
			"name": "pop",
			"origin": [6, -1, -1],
			"color": 0,
			"children": [3, 4, 5, 6, 7, 8, 9, 10, 11]
		}
	]
}