{
	"credit": "Made with Blockbench",
	"texture_size": [128, 128],
	"textures": {
		"0": "item/vip/how_popsicle/stick",
		"4": "item/vip/how_popsicle/4",
		"particle": "item/vip/how_popsicle/stick"
	},
	"elements": [
		{
			"from": [7, -14, 10],
			"to": [8, 25, 11],
			"rotation": {"angle": 0, "axis": "y", "origin": [7, 0, 11]},
			"faces": {
				"north": {"uv": [2.75, 0.25, 3, 10], "texture": "#0"},
				"east": {"uv": [2.5, 0.25, 2.75, 10], "texture": "#0"},
				"south": {"uv": [3.25, 0.25, 3.5, 10], "texture": "#0"},
				"west": {"uv": [3, 0.25, 3.25, 10], "texture": "#0"},
				"up": {"uv": [3, 0.25, 2.75, 0], "texture": "#0"},
				"down": {"uv": [3.25, 0, 3, 0.25], "texture": "#0"}
			}
		},
		{
			"from": [7, -14, 5],
			"to": [8, 25, 6],
			"rotation": {"angle": 0, "axis": "y", "origin": [7, 0, 6]},
			"faces": {
				"north": {"uv": [3.75, 0.25, 4, 10], "texture": "#0"},
				"east": {"uv": [3.5, 0.25, 3.75, 10], "texture": "#0"},
				"south": {"uv": [4.25, 0.25, 4.5, 10], "texture": "#0"},
				"west": {"uv": [4, 0.25, 4.25, 10], "texture": "#0"},
				"up": {"uv": [4, 0.25, 3.75, 0], "texture": "#0"},
				"down": {"uv": [4.25, 0, 4, 0.25], "texture": "#0"}
			}
		},
		{
			"from": [7, -15, 6],
			"to": [8, 26, 10],
			"rotation": {"angle": 0, "axis": "y", "origin": [7, 0, 7]},
			"faces": {
				"north": {"uv": [1, -1, 1.25, 8], "texture": "#0"},
				"east": {"uv": [0, 1, 1, 11.25], "texture": "#0"},
				"south": {"uv": [2.25, 1, 2.5, 7.25], "texture": "#0"},
				"west": {"uv": [1.25, 1, 2.25, 11.25], "texture": "#0"},
				"up": {"uv": [1.25, 1, 1, 0], "texture": "#0"},
				"down": {"uv": [1.5, 0, 1.25, 1], "texture": "#0"}
			}
		},
		{
			"from": [6, -5, 14],
			"to": [9, -4, 15],
			"rotation": {"angle": 0, "axis": "y", "origin": [6, -1, 12]},
			"faces": {
				"north": {"uv": [7, 8.5, 7.375, 8.625], "texture": "#4"},
				"east": {"uv": [7.375, 8.5, 7.5, 8.625], "texture": "#4"},
				"south": {"uv": [7, 8.625, 7.375, 8.75], "texture": "#4"},
				"west": {"uv": [7.375, 8.625, 7.5, 8.75], "texture": "#4"},
				"up": {"uv": [9.75, 3.125, 9.375, 3], "texture": "#4"},
				"down": {"uv": [9.75, 3.125, 9.375, 3.25], "texture": "#4"}
			}
		},
		{
			"from": [3, 31, -1],
			"to": [12, 32, 17],
			"rotation": {"angle": 0, "axis": "y", "origin": [7, 0, 0]},
			"faces": {
				"north": {"uv": [6.375, 8.25, 7.5, 8.375], "texture": "#4"},
				"east": {"uv": [10.375, 9.125, 12.625, 9.25], "texture": "#4"},
				"south": {"uv": [6.375, 8.375, 7.5, 8.5], "texture": "#4"},
				"west": {"uv": [10.375, 9.25, 12.625, 9.375], "texture": "#4"},
				"up": {"uv": [10, 7.375, 8.875, 5.125], "texture": "#4"},
				"down": {"uv": [10.25, 7.375, 9.125, 9.625], "texture": "#4"}
			}
		},
		{
			"from": [2, -4, -2],
			"to": [13, 31, 18],
			"rotation": {"angle": 0, "axis": "y", "origin": [7, 0, 0]},
			"faces": {
				"north": {"uv": [7.5, 0, 8.875, 4.375], "texture": "#4"},
				"east": {"uv": [13.5, 0, 16, 4.375], "texture": "#4"},
				"south": {"uv": [7.5, 4.375, 8.875, 8.75], "texture": "#4"},
				"west": {"uv": [2.5, 0, 5, 4.375], "texture": "#4"},
				"up": {"uv": [7.75, 11.25, 6.375, 8.75], "texture": "#4"},
				"down": {"uv": [9.125, 8.75, 7.75, 11.25], "texture": "#4"}
			}
		},
		{
			"from": [2, -3, 18],
			"to": [13, 30, 19],
			"rotation": {"angle": 0, "axis": "y", "origin": [7, 0, 0]},
			"faces": {
				"north": {"uv": [5, 8.25, 6.375, 12.375], "texture": "#4"},
				"east": {"uv": [10, 0, 10.125, 4.125], "texture": "#4"},
				"south": {"uv": [0, 8.5, 1.375, 12.625], "texture": "#4"},
				"west": {"uv": [10, 9.625, 10.125, 13.75], "texture": "#4"},
				"up": {"uv": [11.75, 9.75, 10.375, 9.625], "texture": "#4"},
				"down": {"uv": [11.75, 9.75, 10.375, 9.875], "texture": "#4"}
			}
		},
		{
			"from": [2, -3, -3],
			"to": [13, 30, -2],
			"rotation": {"angle": 0, "axis": "y", "origin": [7, 0, -21]},
			"faces": {
				"north": {"uv": [1.375, 8.5, 2.75, 12.625], "texture": "#4"},
				"east": {"uv": [10.125, 0, 10.25, 4.125], "texture": "#4"},
				"south": {"uv": [2.75, 8.5, 4.125, 12.625], "texture": "#4"},
				"west": {"uv": [10.125, 9.625, 10.25, 13.75], "texture": "#4"},
				"up": {"uv": [11.75, 10, 10.375, 9.875], "texture": "#4"},
				"down": {"uv": [11.75, 10, 10.375, 10.125], "texture": "#4"}
			}
		},
		{
			"from": [5, -5, 2],
			"to": [10, -4, 14],
			"rotation": {"angle": 0, "axis": "y", "origin": [6, -1, 0]},
			"faces": {
				"north": {"uv": [6.375, 8.5, 7, 8.625], "texture": "#4"},
				"east": {"uv": [10.375, 9.375, 11.875, 9.5], "texture": "#4"},
				"south": {"uv": [6.375, 8.625, 7, 8.75], "texture": "#4"},
				"west": {"uv": [10.375, 9.5, 11.875, 9.625], "texture": "#4"},
				"up": {"uv": [10, 1.5, 9.375, 0], "texture": "#4"},
				"down": {"uv": [10, 1.5, 9.375, 3], "texture": "#4"}
			}
		},
		{
			"from": [13, -3, -2],
			"to": [14, 30, 18],
			"rotation": {"angle": 0, "axis": "y", "origin": [7, 0, 0]},
			"faces": {
				"north": {"uv": [10.25, 0, 10.375, 4.125], "texture": "#4"},
				"east": {"uv": [0, 4.375, 2.5, 8.5], "texture": "#4"},
				"south": {"uv": [10.25, 4.125, 10.375, 8.25], "texture": "#4"},
				"west": {"uv": [2.5, 4.375, 5, 8.5], "texture": "#4"},
				"up": {"uv": [10.125, 6.625, 10, 4.125], "texture": "#4"},
				"down": {"uv": [10.25, 4.125, 10.125, 6.625], "texture": "#4"}
			}
		},
		{
			"from": [1, -3, -2],
			"to": [2, 30, 18],
			"rotation": {"angle": 0, "axis": "y", "origin": [-5, 0, 0]},
			"faces": {
				"north": {"uv": [10.25, 8.25, 10.375, 12.375], "texture": "#4"},
				"east": {"uv": [5, 0, 7.5, 4.125], "texture": "#4"},
				"south": {"uv": [10.375, 0, 10.5, 4.125], "texture": "#4"},
				"west": {"uv": [5, 4.125, 7.5, 8.25], "texture": "#4"},
				"up": {"uv": [10.5, 6.625, 10.375, 4.125], "texture": "#4"},
				"down": {"uv": [10.5, 6.625, 10.375, 9.125], "texture": "#4"}
			}
		},
		{
			"from": [6, -5, 1],
			"to": [9, -4, 2],
			"rotation": {"angle": 0, "axis": "y", "origin": [6, -1, -1]},
			"faces": {
				"north": {"uv": [9.375, 3.25, 9.75, 3.375], "texture": "#4"},
				"east": {"uv": [9, 7.5, 9.125, 7.625], "texture": "#4"},
				"south": {"uv": [9.375, 3.375, 9.75, 3.5], "texture": "#4"},
				"west": {"uv": [9, 7.625, 9.125, 7.75], "texture": "#4"},
				"up": {"uv": [9.75, 3.625, 9.375, 3.5], "texture": "#4"},
				"down": {"uv": [9.75, 3.625, 9.375, 3.75], "texture": "#4"}
			}
		},
		{
			"from": [0.25, 28.75, 2],
			"to": [2.25, 30.75, 4],
			"rotation": {"angle": 45, "axis": "y", "origin": [0.25, 28.75, 2]},
			"faces": {
				"north": {"uv": [0, 0, 0.25, 0.25], "texture": "#4"},
				"east": {"uv": [0, 0, 0.25, 0.25], "texture": "#4"},
				"south": {"uv": [0, 0, 0.25, 0.25], "texture": "#4"},
				"west": {"uv": [0, 0, 0.25, 0.25], "texture": "#4"},
				"up": {"uv": [0, 0, 0.25, 0.25], "texture": "#4"},
				"down": {"uv": [0, 0, 0.25, 0.25], "texture": "#4"}
			}
		},
		{
			"from": [7, 30, 10],
			"to": [9, 32, 12],
			"rotation": {"angle": 45, "axis": "z", "origin": [7, 30, 10]},
			"faces": {
				"north": {"uv": [0, 0, 0.25, 0.25], "texture": "#4"},
				"east": {"uv": [0, 0, 0.25, 0.25], "texture": "#4"},
				"south": {"uv": [0, 0, 0.25, 0.25], "texture": "#4"},
				"west": {"uv": [0, 0, 0.25, 0.25], "texture": "#4"},
				"up": {"uv": [0, 0, 0.25, 0.25], "texture": "#4"},
				"down": {"uv": [0, 0, 0.25, 0.25], "texture": "#4"}
			}
		},
		{
			"from": [7.25, 29.75, 17.25],
			"to": [9.25, 31.75, 19.25],
			"rotation": {"angle": -22.5, "axis": "x", "origin": [7.25, 29.75, 19.25]},
			"faces": {
				"north": {"uv": [0, 0, 0.25, 0.25], "texture": "#4"},
				"east": {"uv": [0, 0, 0.25, 0.25], "texture": "#4"},
				"south": {"uv": [0, 0, 0.25, 0.25], "texture": "#4"},
				"west": {"uv": [0, 0, 0.25, 0.25], "texture": "#4"},
				"up": {"uv": [0, 0, 0.25, 0.25], "rotation": 270, "texture": "#4"},
				"down": {"uv": [0, 0, 0.25, 0.25], "rotation": 90, "texture": "#4"}
			}
		},
		{
			"from": [0.25, 19.75, 7.5],
			"to": [2.25, 21.75, 9.5],
			"rotation": {"angle": 22.5, "axis": "z", "origin": [0.25, 19.75, 7.5]},
			"faces": {
				"north": {"uv": [0, 0, 0.25, 0.25], "texture": "#4"},
				"east": {"uv": [0, 0, 0.25, 0.25], "texture": "#4"},
				"south": {"uv": [0, 0, 0.25, 0.25], "texture": "#4"},
				"west": {"uv": [0, 0, 0.25, 0.25], "texture": "#4"},
				"up": {"uv": [0, 0, 0.25, 0.25], "texture": "#4"},
				"down": {"uv": [0, 0, 0.25, 0.25], "texture": "#4"}
			}
		},
		{
			"from": [0.25, 1.75, 7.5],
			"to": [2.25, 3.75, 9.5],
			"rotation": {"angle": 45, "axis": "y", "origin": [0.25, 1.75, 7.5]},
			"faces": {
				"north": {"uv": [0, 0, 0.25, 0.25], "texture": "#4"},
				"east": {"uv": [0, 0, 0.25, 0.25], "texture": "#4"},
				"south": {"uv": [0, 0, 0.25, 0.25], "texture": "#4"},
				"west": {"uv": [0, 0, 0.25, 0.25], "texture": "#4"},
				"up": {"uv": [0, 0, 0.25, 0.25], "texture": "#4"},
				"down": {"uv": [0, 0, 0.25, 0.25], "texture": "#4"}
			}
		},
		{
			"from": [1.7, 1.25, 6.5],
			"to": [3.7, 3.25, 8.5],
			"rotation": {"angle": 45, "axis": "z", "origin": [1.7, 1.25, 6.5]},
			"faces": {
				"north": {"uv": [0, 0, 0.25, 0.25], "texture": "#4"},
				"east": {"uv": [0, 0, 0.25, 0.25], "texture": "#4"},
				"south": {"uv": [0, 0, 0.25, 0.25], "texture": "#4"},
				"west": {"uv": [0, 0, 0.25, 0.25], "texture": "#4"},
				"up": {"uv": [0, 0, 0.25, 0.25], "texture": "#4"},
				"down": {"uv": [0, 0, 0.25, 0.25], "texture": "#4"}
			}
		},
		{
			"from": [10.75, 1.25, -2.5],
			"to": [12.75, 3.25, -0.5],
			"rotation": {"angle": 45, "axis": "y", "origin": [10.75, 1.25, -2.5]},
			"faces": {
				"north": {"uv": [0, 0, 0.25, 0.25], "texture": "#4"},
				"east": {"uv": [0, 0, 0.25, 0.25], "texture": "#4"},
				"south": {"uv": [0, 0, 0.25, 0.25], "texture": "#4"},
				"west": {"uv": [0, 0, 0.25, 0.25], "texture": "#4"},
				"up": {"uv": [0, 0, 0.25, 0.25], "texture": "#4"},
				"down": {"uv": [0, 0, 0.25, 0.25], "texture": "#4"}
			}
		},
		{
			"from": [12.2, 0.75, -3.5],
			"to": [14.2, 2.75, -1.5],
			"rotation": {"angle": 45, "axis": "z", "origin": [12.2, 0.75, -3.5]},
			"faces": {
				"north": {"uv": [0, 0, 0.25, 0.25], "texture": "#4"},
				"east": {"uv": [0, 0, 0.25, 0.25], "texture": "#4"},
				"south": {"uv": [0, 0, 0.25, 0.25], "texture": "#4"},
				"west": {"uv": [0, 0, 0.25, 0.25], "texture": "#4"},
				"up": {"uv": [0, 0, 0.25, 0.25], "texture": "#4"},
				"down": {"uv": [0, 0, 0.25, 0.25], "texture": "#4"}
			}
		},
		{
			"from": [5, 1, 18.5],
			"to": [7, 3, 20.5],
			"rotation": {"angle": 45, "axis": "y", "origin": [5, 1, 18.5]},
			"faces": {
				"north": {"uv": [0, 0, 0.25, 0.25], "texture": "#4"},
				"east": {"uv": [0, 0, 0.25, 0.25], "texture": "#4"},
				"south": {"uv": [0, 0, 0.25, 0.25], "texture": "#4"},
				"west": {"uv": [0, 0, 0.25, 0.25], "texture": "#4"},
				"up": {"uv": [0, 0, 0.25, 0.25], "texture": "#4"},
				"down": {"uv": [0, 0, 0.25, 0.25], "texture": "#4"}
			}
		},
		{
			"from": [6.45, 0.5, 17.5],
			"to": [8.45, 2.5, 19.5],
			"rotation": {"angle": 45, "axis": "z", "origin": [6.45, 0.5, 17.5]},
			"faces": {
				"north": {"uv": [0, 0, 0.25, 0.25], "texture": "#4"},
				"east": {"uv": [0, 0, 0.25, 0.25], "texture": "#4"},
				"south": {"uv": [0, 0, 0.25, 0.25], "texture": "#4"},
				"west": {"uv": [0, 0, 0.25, 0.25], "texture": "#4"},
				"up": {"uv": [0, 0, 0.25, 0.25], "texture": "#4"},
				"down": {"uv": [0, 0, 0.25, 0.25], "texture": "#4"}
			}
		},
		{
			"from": [6.25, 16, 17.5],
			"to": [8.25, 18, 19.5],
			"rotation": {"angle": 45, "axis": "x", "origin": [6.25, 16, 17.5]},
			"faces": {
				"north": {"uv": [0, 0, 0.25, 0.25], "texture": "#4"},
				"east": {"uv": [0, 0, 0.25, 0.25], "texture": "#4"},
				"south": {"uv": [0, 0, 0.25, 0.25], "texture": "#4"},
				"west": {"uv": [0, 0, 0.25, 0.25], "texture": "#4"},
				"up": {"uv": [0, 0, 0.25, 0.25], "texture": "#4"},
				"down": {"uv": [0, 0, 0.25, 0.25], "texture": "#4"}
			}
		},
		{
			"from": [7.25, 14.5, 17.25],
			"to": [9.25, 16.5, 19.25],
			"rotation": {"angle": -22.5, "axis": "y", "origin": [7.25, 14.5, 17.25]},
			"faces": {
				"north": {"uv": [0, 0, 0.25, 0.25], "texture": "#4"},
				"east": {"uv": [0, 0, 0.25, 0.25], "texture": "#4"},
				"south": {"uv": [0, 0, 0.25, 0.25], "texture": "#4"},
				"west": {"uv": [0, 0, 0.25, 0.25], "texture": "#4"},
				"up": {"uv": [0, 0, 0.25, 0.25], "texture": "#4"},
				"down": {"uv": [0, 0, 0.25, 0.25], "texture": "#4"}
			}
		},
		{
			"from": [8.25, 11, -3.5],
			"to": [10.25, 13, -1.5],
			"rotation": {"angle": -22.5, "axis": "x", "origin": [8.25, 11, -3.5]},
			"faces": {
				"north": {"uv": [0, 0, 0.25, 0.25], "texture": "#4"},
				"east": {"uv": [0, 0, 0.25, 0.25], "texture": "#4"},
				"south": {"uv": [0, 0, 0.25, 0.25], "texture": "#4"},
				"west": {"uv": [0, 0, 0.25, 0.25], "texture": "#4"},
				"up": {"uv": [0, 0, 0.25, 0.25], "texture": "#4"},
				"down": {"uv": [0, 0, 0.25, 0.25], "texture": "#4"}
			}
		},
		{
			"from": [8.75, 10.5, -3],
			"to": [10.75, 12.5, -1],
			"rotation": {"angle": 22.5, "axis": "y", "origin": [8.75, 10.5, -3]},
			"faces": {
				"north": {"uv": [0, 0, 0.25, 0.25], "texture": "#4"},
				"east": {"uv": [0, 0, 0.25, 0.25], "texture": "#4"},
				"south": {"uv": [0, 0, 0.25, 0.25], "texture": "#4"},
				"west": {"uv": [0, 0, 0.25, 0.25], "texture": "#4"},
				"up": {"uv": [0, 0, 0.25, 0.25], "texture": "#4"},
				"down": {"uv": [0, 0, 0.25, 0.25], "texture": "#4"}
			}
		},
		{
			"from": [-0.75, 8.75, 2],
			"to": [1.25, 10.75, 4],
			"rotation": {"angle": 45, "axis": "y", "origin": [-0.75, 8.75, 2]},
			"faces": {
				"north": {"uv": [0, 0, 0.25, 0.25], "texture": "#4"},
				"east": {"uv": [0, 0, 0.25, 0.25], "texture": "#4"},
				"south": {"uv": [0, 0, 0.25, 0.25], "texture": "#4"},
				"west": {"uv": [0, 0, 0.25, 0.25], "texture": "#4"},
				"up": {"uv": [0, 0, 0.25, 0.25], "texture": "#4"},
				"down": {"uv": [0, 0, 0.25, 0.25], "texture": "#4"}
			}
		},
		{
			"from": [13.25, 8.5, 1],
			"to": [15.25, 10.5, 3],
			"rotation": {"angle": 22.5, "axis": "z", "origin": [13.25, 8.5, 1]},
			"faces": {
				"north": {"uv": [0, 0, 0.25, 0.25], "texture": "#4"},
				"east": {"uv": [0, 0, 0.25, 0.25], "texture": "#4"},
				"south": {"uv": [0, 0, 0.25, 0.25], "texture": "#4"},
				"west": {"uv": [0, 0, 0.25, 0.25], "texture": "#4"},
				"up": {"uv": [0, 0, 0.25, 0.25], "texture": "#4"},
				"down": {"uv": [0, 0, 0.25, 0.25], "texture": "#4"}
			}
		},
		{
			"from": [12.25, 7.75, 17.5],
			"to": [14.25, 9.75, 19.5],
			"rotation": {"angle": 22.5, "axis": "z", "origin": [12.25, 7.75, 17.5]},
			"faces": {
				"north": {"uv": [0, 0, 0.25, 0.25], "texture": "#4"},
				"east": {"uv": [0, 0, 0.25, 0.25], "texture": "#4"},
				"south": {"uv": [0, 0, 0.25, 0.25], "texture": "#4"},
				"west": {"uv": [0, 0, 0.25, 0.25], "texture": "#4"},
				"up": {"uv": [0, 0, 0.25, 0.25], "texture": "#4"},
				"down": {"uv": [0, 0, 0.25, 0.25], "texture": "#4"}
			}
		},
		{
			"from": [13.25, 7.5, 16.5],
			"to": [15.25, 9.5, 18.5],
			"rotation": {"angle": 45, "axis": "z", "origin": [13.25, 7.5, 16.5]},
			"faces": {
				"north": {"uv": [0, 0, 0.25, 0.25], "texture": "#4"},
				"east": {"uv": [0, 0, 0.25, 0.25], "texture": "#4"},
				"south": {"uv": [0, 0, 0.25, 0.25], "texture": "#4"},
				"west": {"uv": [0, 0, 0.25, 0.25], "texture": "#4"},
				"up": {"uv": [0, 0, 0.25, 0.25], "texture": "#4"},
				"down": {"uv": [0, 0, 0.25, 0.25], "texture": "#4"}
			}
		},
		{
			"from": [12.25, 3, 9],
			"to": [14.25, 5, 11],
			"rotation": {"angle": 22.5, "axis": "y", "origin": [12.25, 3, 9]},
			"faces": {
				"north": {"uv": [0, 0, 0.25, 0.25], "texture": "#4"},
				"east": {"uv": [0, 0, 0.25, 0.25], "texture": "#4"},
				"south": {"uv": [0, 0, 0.25, 0.25], "texture": "#4"},
				"west": {"uv": [0, 0, 0.25, 0.25], "texture": "#4"},
				"up": {"uv": [0, 0, 0.25, 0.25], "texture": "#4"},
				"down": {"uv": [0, 0, 0.25, 0.25], "texture": "#4"}
			}
		},
		{
			"from": [12.25, 8.75, 2],
			"to": [14.25, 10.75, 4],
			"rotation": {"angle": 45, "axis": "y", "origin": [12.25, 8.75, 2]},
			"faces": {
				"north": {"uv": [0, 0, 0.25, 0.25], "texture": "#4"},
				"east": {"uv": [0, 0, 0.25, 0.25], "texture": "#4"},
				"south": {"uv": [0, 0, 0.25, 0.25], "texture": "#4"},
				"west": {"uv": [0, 0, 0.25, 0.25], "texture": "#4"},
				"up": {"uv": [0, 0, 0.25, 0.25], "texture": "#4"},
				"down": {"uv": [0, 0, 0.25, 0.25], "texture": "#4"}
			}
		},
		{
			"from": [0.25, 8.5, 1],
			"to": [2.25, 10.5, 3],
			"rotation": {"angle": 22.5, "axis": "z", "origin": [0.25, 8.5, 1]},
			"faces": {
				"north": {"uv": [0, 0, 0.25, 0.25], "texture": "#4"},
				"east": {"uv": [0, 0, 0.25, 0.25], "texture": "#4"},
				"south": {"uv": [0, 0, 0.25, 0.25], "texture": "#4"},
				"west": {"uv": [0, 0, 0.25, 0.25], "texture": "#4"},
				"up": {"uv": [0, 0, 0.25, 0.25], "texture": "#4"},
				"down": {"uv": [0, 0, 0.25, 0.25], "texture": "#4"}
			}
		},
		{
			"from": [0.75, 22, 16.75],
			"to": [2.75, 24, 18.75],
			"rotation": {"angle": 22.5, "axis": "x", "origin": [0.75, 22, 16.75]},
			"faces": {
				"north": {"uv": [0, 0, 0.25, 0.25], "texture": "#4"},
				"east": {"uv": [0, 0, 0.25, 0.25], "texture": "#4"},
				"south": {"uv": [0, 0, 0.25, 0.25], "texture": "#4"},
				"west": {"uv": [0, 0, 0.25, 0.25], "texture": "#4"},
				"up": {"uv": [0, 0, 0.25, 0.25], "texture": "#4"},
				"down": {"uv": [0, 0, 0.25, 0.25], "texture": "#4"}
			}
		},
		{
			"from": [5.75, 29.5, -3.25],
			"to": [7.75, 31.5, -1.25],
			"rotation": {"angle": 22.5, "axis": "x", "origin": [5.75, 29.5, -3.25]},
			"faces": {
				"north": {"uv": [0, 0, 0.25, 0.25], "texture": "#4"},
				"east": {"uv": [0, 0, 0.25, 0.25], "texture": "#4"},
				"south": {"uv": [0, 0, 0.25, 0.25], "texture": "#4"},
				"west": {"uv": [0, 0, 0.25, 0.25], "texture": "#4"},
				"up": {"uv": [0, 0, 0.25, 0.25], "texture": "#4"},
				"down": {"uv": [0, 0, 0.25, 0.25], "texture": "#4"}
			}
		},
		{
			"from": [5.5, 28, -3.75],
			"to": [7, 29.5, -2.25],
			"rotation": {"angle": -45, "axis": "x", "origin": [5.5, 30, -3.75]},
			"faces": {
				"north": {"uv": [0, 0, 0.1875, 0.1875], "rotation": 180, "texture": "#4"},
				"east": {"uv": [0, 0, 0.1875, 0.1875], "rotation": 270, "texture": "#4"},
				"south": {"uv": [0, 0, 0.1875, 0.1875], "texture": "#4"},
				"west": {"uv": [0, 0, 0.1875, 0.1875], "rotation": 90, "texture": "#4"},
				"up": {"uv": [0, 0, 0.1875, 0.1875], "rotation": 180, "texture": "#4"},
				"down": {"uv": [0, 0, 0.1875, 0.1875], "texture": "#4"}
			}
		},
		{
			"from": [0.75, 22.5, 17.75],
			"to": [2.75, 24.5, 19.75],
			"rotation": {"angle": 45, "axis": "y", "origin": [0.75, 22.5, 17.75]},
			"faces": {
				"north": {"uv": [0, 0, 0.25, 0.25], "texture": "#4"},
				"east": {"uv": [0, 0, 0.25, 0.25], "texture": "#4"},
				"south": {"uv": [0, 0, 0.25, 0.25], "texture": "#4"},
				"west": {"uv": [0, 0, 0.25, 0.25], "texture": "#4"},
				"up": {"uv": [0, 0, 0.25, 0.25], "texture": "#4"},
				"down": {"uv": [0, 0, 0.25, 0.25], "texture": "#4"}
			}
		},
		{
			"from": [0, 12.5, 13.75],
			"to": [2, 14.5, 15.75],
			"rotation": {"angle": 45, "axis": "y", "origin": [0, 12.5, 13.75]},
			"faces": {
				"north": {"uv": [0, 0, 0.25, 0.25], "texture": "#4"},
				"east": {"uv": [0, 0, 0.25, 0.25], "texture": "#4"},
				"south": {"uv": [0, 0, 0.25, 0.25], "texture": "#4"},
				"west": {"uv": [0, 0, 0.25, 0.25], "texture": "#4"},
				"up": {"uv": [0, 0, 0.25, 0.25], "texture": "#4"},
				"down": {"uv": [0, 0, 0.25, 0.25], "texture": "#4"}
			}
		},
		{
			"from": [0.25, 12.25, 13.25],
			"to": [2.25, 14.25, 15.25],
			"rotation": {"angle": -22.5, "axis": "x", "origin": [0.25, 12.25, 13.25]},
			"faces": {
				"north": {"uv": [0, 0, 0.25, 0.25], "texture": "#4"},
				"east": {"uv": [0, 0, 0.25, 0.25], "texture": "#4"},
				"south": {"uv": [0, 0, 0.25, 0.25], "texture": "#4"},
				"west": {"uv": [0, 0, 0.25, 0.25], "texture": "#4"},
				"up": {"uv": [0, 0, 0.25, 0.25], "texture": "#4"},
				"down": {"uv": [0, 0, 0.25, 0.25], "texture": "#4"}
			}
		},
		{
			"from": [0, 0.5, 17.75],
			"to": [2, 2.5, 19.75],
			"rotation": {"angle": 45, "axis": "y", "origin": [0, 0.5, 17.75]},
			"faces": {
				"north": {"uv": [0, 0, 0.25, 0.25], "texture": "#4"},
				"east": {"uv": [0, 0, 0.25, 0.25], "texture": "#4"},
				"south": {"uv": [0, 0, 0.25, 0.25], "texture": "#4"},
				"west": {"uv": [0, 0, 0.25, 0.25], "texture": "#4"},
				"up": {"uv": [0, 0, 0.25, 0.25], "texture": "#4"},
				"down": {"uv": [0, 0, 0.25, 0.25], "texture": "#4"}
			}
		},
		{
			"from": [0.25, 0.25, 17.25],
			"to": [2.25, 2.25, 19.25],
			"rotation": {"angle": -22.5, "axis": "x", "origin": [0.25, 0.25, 17.25]},
			"faces": {
				"north": {"uv": [0, 0, 0.25, 0.25], "texture": "#4"},
				"east": {"uv": [0, 0, 0.25, 0.25], "texture": "#4"},
				"south": {"uv": [0, 0, 0.25, 0.25], "texture": "#4"},
				"west": {"uv": [0, 0, 0.25, 0.25], "texture": "#4"},
				"up": {"uv": [0, 0, 0.25, 0.25], "texture": "#4"},
				"down": {"uv": [0, 0, 0.25, 0.25], "texture": "#4"}
			}
		},
		{
			"from": [3, 5.5, 19.75],
			"to": [5, 7.5, 21.75],
			"rotation": {"angle": 45, "axis": "y", "origin": [3, 5.5, 19.75]},
			"faces": {
				"north": {"uv": [0, 0, 0.25, 0.25], "texture": "#4"},
				"east": {"uv": [0, 0, 0.25, 0.25], "texture": "#4"},
				"south": {"uv": [0, 0, 0.25, 0.25], "texture": "#4"},
				"west": {"uv": [0, 0, 0.25, 0.25], "texture": "#4"},
				"up": {"uv": [0, 0, 0.25, 0.25], "texture": "#4"},
				"down": {"uv": [0, 0, 0.25, 0.25], "texture": "#4"}
			}
		},
		{
			"from": [3.25, 5.25, 19.25],
			"to": [5.25, 7.25, 21.25],
			"rotation": {"angle": -22.5, "axis": "x", "origin": [3.25, 5.25, 19.25]},
			"faces": {
				"north": {"uv": [0, 0, 0.25, 0.25], "texture": "#4"},
				"east": {"uv": [0, 0, 0.25, 0.25], "texture": "#4"},
				"south": {"uv": [0, 0, 0.25, 0.25], "texture": "#4"},
				"west": {"uv": [0, 0, 0.25, 0.25], "texture": "#4"},
				"up": {"uv": [0, 0, 0.25, 0.25], "texture": "#4"},
				"down": {"uv": [0, 0, 0.25, 0.25], "texture": "#4"}
			}
		},
		{
			"from": [12, 21.5, 11.75],
			"to": [14, 23.5, 13.75],
			"rotation": {"angle": -22.5, "axis": "z", "origin": [12, 21.5, 11.75]},
			"faces": {
				"north": {"uv": [0, 0, 0.25, 0.25], "texture": "#4"},
				"east": {"uv": [0, 0, 0.25, 0.25], "texture": "#4"},
				"south": {"uv": [0, 0, 0.25, 0.25], "texture": "#4"},
				"west": {"uv": [0, 0, 0.25, 0.25], "texture": "#4"},
				"up": {"uv": [0, 0, 0.25, 0.25], "texture": "#4"},
				"down": {"uv": [0, 0, 0.25, 0.25], "texture": "#4"}
			}
		},
		{
			"from": [13, 14.75, 5.75],
			"to": [14.5, 16, 7],
			"rotation": {"angle": -22.5, "axis": "z", "origin": [12.75, 14.5, 5]},
			"faces": {
				"north": {"uv": [0, 0, 0.1875, 0.15625], "texture": "#4"},
				"east": {"uv": [0, 0, 0.15625, 0.15625], "texture": "#4"},
				"south": {"uv": [0, 0, 0.1875, 0.15625], "texture": "#4"},
				"west": {"uv": [0, 0, 0.15625, 0.15625], "texture": "#4"},
				"up": {"uv": [0, 0, 0.1875, 0.15625], "texture": "#4"},
				"down": {"uv": [0, 0, 0.1875, 0.15625], "texture": "#4"}
			}
		},
		{
			"from": [12.75, 15, 6.25],
			"to": [14.25, 16.25, 7.5],
			"rotation": {"angle": 22.5, "axis": "x", "origin": [12.5, 14.75, 5.5]},
			"faces": {
				"north": {"uv": [0, 0, 0.1875, 0.15625], "texture": "#4"},
				"east": {"uv": [0, 0, 0.15625, 0.15625], "texture": "#4"},
				"south": {"uv": [0, 0, 0.1875, 0.15625], "texture": "#4"},
				"west": {"uv": [0, 0, 0.15625, 0.15625], "texture": "#4"},
				"up": {"uv": [0, 0, 0.1875, 0.15625], "texture": "#4"},
				"down": {"uv": [0, 0, 0.1875, 0.15625], "texture": "#4"}
			}
		},
		{
			"from": [12.25, 21.25, 11.25],
			"to": [14.25, 23.25, 13.25],
			"rotation": {"angle": -22.5, "axis": "z", "origin": [12.25, 21.25, 11.25]},
			"faces": {
				"north": {"uv": [0, 0, 0.25, 0.25], "texture": "#4"},
				"east": {"uv": [0, 0, 0.25, 0.25], "texture": "#4"},
				"south": {"uv": [0, 0, 0.25, 0.25], "texture": "#4"},
				"west": {"uv": [0, 0, 0.25, 0.25], "texture": "#4"},
				"up": {"uv": [0, 0, 0.25, 0.25], "texture": "#4"},
				"down": {"uv": [0, 0, 0.25, 0.25], "texture": "#4"}
			}
		},
		{
			"from": [12, 29.5, 3.75],
			"to": [14, 31.5, 5.75],
			"rotation": {"angle": 45, "axis": "y", "origin": [12, 29.5, 3.75]},
			"faces": {
				"north": {"uv": [0, 0, 0.25, 0.25], "texture": "#4"},
				"east": {"uv": [0, 0, 0.25, 0.25], "texture": "#4"},
				"south": {"uv": [0, 0, 0.25, 0.25], "texture": "#4"},
				"west": {"uv": [0, 0, 0.25, 0.25], "texture": "#4"},
				"up": {"uv": [0, 0, 0.25, 0.25], "texture": "#4"},
				"down": {"uv": [0, 0, 0.25, 0.25], "texture": "#4"}
			}
		},
		{
			"from": [12.25, 29.25, 3.25],
			"to": [14.25, 31.25, 5.25],
			"rotation": {"angle": -22.5, "axis": "x", "origin": [12.25, 29.25, 3.25]},
			"faces": {
				"north": {"uv": [0, 0, 0.25, 0.25], "texture": "#4"},
				"east": {"uv": [0, 0, 0.25, 0.25], "texture": "#4"},
				"south": {"uv": [0, 0, 0.25, 0.25], "texture": "#4"},
				"west": {"uv": [0, 0, 0.25, 0.25], "texture": "#4"},
				"up": {"uv": [0, 0, 0.25, 0.25], "texture": "#4"},
				"down": {"uv": [0, 0, 0.25, 0.25], "texture": "#4"}
			}
		}
	],
	"display": {
		"thirdperson_righthand": {
			"translation": [0, 14, 0],
			"scale": [0.75, 0.75, 0.75]
		},
		"thirdperson_lefthand": {
			"rotation": [0, 62, 0],
			"translation": [-1.25, 14, 0.25],
			"scale": [0.75, 0.75, 0.75]
		},
		"firstperson_righthand": {
			"rotation": [-53, 0, 0],
			"translation": [1.25, 4.75, -3.75],
			"scale": [0.5, 0.5, 0.5]
		},
		"firstperson_lefthand": {
			"rotation": [-88, 66, 0],
			"translation": [0.75, 1, -2.75],
			"scale": [0.4, 0.4, 0.4]
		},
		"ground": {
			"translation": [0, 12.25, 0],
			"scale": [0.6, 0.6, 0.6]
		},
		"gui": {
			"rotation": [20, 151, -49],
			"translation": [0.5, -1.25, 0],
			"scale": [0.35, 0.35, 0.35]
		},
		"head": {
			"rotation": [0, 90, 180],
			"translation": [0, 13.5, 1.75],
			"scale": [0.95, 0.95, 0.95]
		},
		"fixed": {
			"rotation": [0, -90, 0],
			"translation": [0, -8, -12],
			"scale": [2, 2, 2]
		}
	},
	"groups": [
		{
			"name": "stick",
			"origin": [7, 0, 7],
			"color": 0,
			"children": [0, 1, 2]
		},
		{
			"name": "pop",
			"origin": [6, -1, -1],
			"color": 0,
			"children": [3, 4, 5, 6, 7, 8, 9, 10, 11]
		},
		{
			"name": "group",
			"origin": [12.25, 29.25, 3.25],
			"color": 0,
			"children": [12, 13, 14, 15, 16, 17, 18, 19, 20, 21, 22, 23, 24, 25, 26, 27, 28, 29, 30, 31, 32, 33, 34, 35, 36, 37, 38, 39, 40, 41, 42, 43, 44, 45, 46, 47, 48]
		}
	]
}