{
	"credit": "Made with Blockbench",
	"textures": {
		"0": "item/special_event/april_fools_2025/gold_stick",
		"particle": "item/special_event/april_fools_2025/gold_stick"
	},
	"elements": [
		{
			"from": [8, 0, 7],
			"to": [9.5, 24, 8.5],
			"faces": {
				"north": {"uv": [0, 0, 1, 16], "texture": "#0"},
				"east": {"uv": [1, 0, 2, 16], "texture": "#0"},
				"south": {"uv": [2, 0, 3, 16], "texture": "#0"},
				"west": {"uv": [3, 0, 4, 16], "texture": "#0"},
				"up": {"uv": [5, 1, 4, 0], "texture": "#0"},
				"down": {"uv": [5, 1, 4, 2], "texture": "#0"}
			}
		}
	],
	"gui_light": "front",
	"display": {
		"thirdperson_righthand": {
			"translation": [-1, 2.5, 2]
		},
		"thirdperson_lefthand": {
			"translation": [0.5, 2.5, 2]
		},
		"firstperson_righthand": {
			"rotation": [-12, 0, 0],
			"translation": [2.5, 1, 0]
		},
		"firstperson_lefthand": {
			"rotation": [-12, 0, 0],
			"translation": [3.5, 1, 0]
		},
		"ground": {
			"rotation": [80, 0, 0]
		},
		"gui": {
			"rotation": [0, 0, -40],
			"translation": [-3.25, -1.75, 0]
		},
		"head": {
			"translation": [-0.75, 13.75, 0]
		},
		"fixed": {
			"rotation": [0, 0, 40],
			"translation": [2.25, -3.5, 0.75]
		}
	}
}