{
	"credit": "Made with Blockbench",
	"parent": "minecraft:netherite_sword",
	"textures": {
		"1": "item/special_event/april_fools_2025/how_tool/sword",
		"2": "item/special_event/april_fools_2025/how_tool/e",
		"8": "item/special_event/april_fools_2025/how_tool/shovel",
		"particle": "item/special_event/april_fools_2025/how_tool/e"
	},
	"elements": [
		{
			"from": [2, 2, 7.5],
			"to": [4, 3, 8.5],
			"rotation": {"angle": 0, "axis": "y", "origin": [3, 0, 7.5]},
			"faces": {
				"north": {"uv": [4, 12, 2, 13], "texture": "#1"},
				"east": {"uv": [2, 12, 3, 13], "texture": "#1"},
				"south": {"uv": [2, 12, 4, 13], "texture": "#1"},
				"west": {"uv": [2, 12, 3, 13], "texture": "#1"},
				"up": {"uv": [2, 12, 3, 13], "texture": "#1"},
				"down": {"uv": [2, 12, 3, 13], "texture": "#1"}
			}
		},
		{
			"from": [6, 4, 7.5],
			"to": [7, 5, 8.5],
			"rotation": {"angle": 0, "axis": "y", "origin": [7, 2, 7.5]},
			"faces": {
				"north": {"uv": [3, 13, 4, 14], "texture": "#1"},
				"east": {"uv": [3, 13, 4, 14], "texture": "#1"},
				"south": {"uv": [3, 13, 4, 14], "texture": "#1"},
				"west": {"uv": [3, 13, 4, 14], "texture": "#1"},
				"up": {"uv": [3, 13, 4, 14], "texture": "#1"},
				"down": {"uv": [3, 13, 4, 14], "texture": "#1"}
			}
		},
		{
			"from": [7, 5, 7.5],
			"to": [8, 6, 8.5],
			"rotation": {"angle": 0, "axis": "y", "origin": [8, 3, 7.5]},
			"faces": {
				"north": {"uv": [3, 13, 4, 14], "texture": "#1"},
				"east": {"uv": [3, 13, 4, 14], "texture": "#1"},
				"south": {"uv": [3, 13, 4, 14], "texture": "#1"},
				"west": {"uv": [3, 13, 4, 14], "texture": "#1"},
				"up": {"uv": [3, 13, 4, 14], "texture": "#1"},
				"down": {"uv": [3, 13, 4, 14], "texture": "#1"}
			}
		},
		{
			"from": [4, 4, 7.5],
			"to": [6, 5, 8.5],
			"rotation": {"angle": 0, "axis": "y", "origin": [5, 2, 7.5]},
			"faces": {
				"north": {"uv": [5, 11, 3, 12], "texture": "#1"},
				"east": {"uv": [4, 11, 5, 12], "texture": "#1"},
				"south": {"uv": [3, 11, 5, 12], "texture": "#1"},
				"west": {"uv": [2, 12, 3, 13], "texture": "#1"},
				"up": {"uv": [2, 12, 3, 13], "texture": "#1"},
				"down": {"uv": [2, 12, 3, 13], "texture": "#1"}
			}
		},
		{
			"from": [7, 7, 7.5],
			"to": [9, 8, 8.5],
			"rotation": {"angle": 0, "axis": "y", "origin": [8, 5, 7.5]},
			"faces": {
				"north": {"uv": [4, 12, 2, 13], "texture": "#1"},
				"east": {"uv": [2, 12, 3, 13], "texture": "#1"},
				"south": {"uv": [2, 12, 4, 13], "texture": "#1"},
				"west": {"uv": [2, 12, 3, 13], "texture": "#1"},
				"up": {"uv": [2, 12, 3, 13], "texture": "#1"},
				"down": {"uv": [2, 12, 3, 13], "texture": "#1"}
			}
		},
		{
			"from": [8, 6, 7.5],
			"to": [9, 7, 8.5],
			"rotation": {"angle": 0, "axis": "y", "origin": [9, 4, 7.5]},
			"faces": {
				"north": {"uv": [3, 13, 4, 14], "texture": "#1"},
				"east": {"uv": [3, 13, 4, 14], "texture": "#1"},
				"south": {"uv": [3, 13, 4, 14], "texture": "#1"},
				"west": {"uv": [3, 13, 4, 14], "texture": "#1"},
				"up": {"uv": [3, 13, 4, 14], "texture": "#1"},
				"down": {"uv": [3, 13, 4, 14], "texture": "#1"}
			}
		},
		{
			"from": [6, 6, 7.5],
			"to": [8, 7, 8.5],
			"rotation": {"angle": 0, "axis": "y", "origin": [7, 4, 7.5]},
			"faces": {
				"north": {"uv": [5, 11, 3, 12], "texture": "#1"},
				"east": {"uv": [4, 11, 5, 12], "texture": "#1"},
				"south": {"uv": [3, 11, 5, 12], "texture": "#1"},
				"west": {"uv": [2, 12, 3, 13], "texture": "#1"},
				"up": {"uv": [2, 12, 3, 13], "texture": "#1"},
				"down": {"uv": [2, 12, 3, 13], "texture": "#1"}
			}
		},
		{
			"from": [5, 3, 7.5],
			"to": [6, 4, 8.5],
			"rotation": {"angle": 0, "axis": "y", "origin": [6, 1, 7.5]},
			"faces": {
				"north": {"uv": [3, 13, 4, 14], "texture": "#1"},
				"east": {"uv": [3, 13, 4, 14], "texture": "#1"},
				"south": {"uv": [3, 13, 4, 14], "texture": "#1"},
				"west": {"uv": [3, 13, 4, 14], "texture": "#1"},
				"up": {"uv": [3, 13, 4, 14], "texture": "#1"},
				"down": {"uv": [3, 13, 4, 14], "texture": "#1"}
			}
		},
		{
			"from": [9, 9, 7.5],
			"to": [10, 10, 8.5],
			"rotation": {"angle": 0, "axis": "y", "origin": [10, 7, 7.5]},
			"faces": {
				"north": {"uv": [2, 12, 3, 13], "texture": "#1"},
				"east": {"uv": [2, 12, 3, 13], "texture": "#1"},
				"south": {"uv": [2, 12, 3, 13], "texture": "#1"},
				"west": {"uv": [2, 12, 3, 13], "texture": "#1"},
				"up": {"uv": [2, 12, 3, 13], "texture": "#1"},
				"down": {"uv": [2, 12, 3, 13], "texture": "#1"}
			}
		},
		{
			"from": [10, 9, 7.5],
			"to": [12, 10, 8.5],
			"rotation": {"angle": 0, "axis": "y", "origin": [12, 7, 7.5]},
			"faces": {
				"north": {"uv": [10, 6, 11, 7], "texture": "#8"},
				"east": {"uv": [10, 6, 11, 7], "texture": "#8"},
				"south": {"uv": [10, 6, 11, 7], "texture": "#8"},
				"west": {"uv": [10, 6, 11, 7], "texture": "#8"},
				"up": {"uv": [10, 6, 11, 7], "texture": "#8"},
				"down": {"uv": [10, 6, 11, 7], "texture": "#8"}
			}
		},
		{
			"from": [10, 10, 7.5],
			"to": [11, 11, 8.5],
			"rotation": {"angle": 0, "axis": "y", "origin": [12, 8, 7.5]},
			"faces": {
				"north": {"uv": [10, 6, 11, 7], "texture": "#8"},
				"east": {"uv": [10, 6, 11, 7], "texture": "#8"},
				"south": {"uv": [10, 6, 11, 7], "texture": "#8"},
				"west": {"uv": [10, 6, 11, 7], "texture": "#8"},
				"up": {"uv": [10, 6, 11, 7], "texture": "#8"},
				"down": {"uv": [10, 6, 11, 7], "texture": "#8"}
			}
		},
		{
			"from": [3, 1, 7.5],
			"to": [4, 2, 8.5],
			"rotation": {"angle": 0, "axis": "y", "origin": [4, -1, 7.5]},
			"faces": {
				"north": {"uv": [2, 12, 3, 13], "texture": "#1"},
				"east": {"uv": [2, 12, 3, 13], "texture": "#1"},
				"south": {"uv": [2, 12, 3, 13], "texture": "#1"},
				"west": {"uv": [2, 12, 3, 13], "texture": "#1"},
				"up": {"uv": [2, 12, 3, 13], "texture": "#1"},
				"down": {"uv": [2, 12, 3, 13], "texture": "#1"}
			}
		},
		{
			"from": [10, 8, 7.5],
			"to": [11, 9, 8.5],
			"rotation": {"angle": 0, "axis": "y", "origin": [11, 6, 7.5]},
			"faces": {
				"north": {"uv": [3, 13, 4, 14], "texture": "#1"},
				"east": {"uv": [3, 13, 4, 14], "texture": "#1"},
				"south": {"uv": [3, 13, 4, 14], "texture": "#1"},
				"west": {"uv": [3, 13, 4, 14], "texture": "#1"},
				"up": {"uv": [3, 13, 4, 14], "texture": "#1"},
				"down": {"uv": [3, 13, 4, 14], "texture": "#1"}
			}
		},
		{
			"from": [8, 8, 7.5],
			"to": [10, 9, 8.5],
			"rotation": {"angle": 0, "axis": "y", "origin": [9, 6, 7.5]},
			"faces": {
				"north": {"uv": [4, 12, 2, 13], "texture": "#1"},
				"east": {"uv": [2, 12, 3, 13], "texture": "#1"},
				"south": {"uv": [2, 12, 4, 13], "texture": "#1"},
				"west": {"uv": [2, 12, 3, 13], "texture": "#1"},
				"up": {"uv": [2, 12, 3, 13], "texture": "#1"},
				"down": {"uv": [2, 12, 3, 13], "texture": "#1"}
			}
		},
		{
			"from": [9, 7, 7.5],
			"to": [10, 8, 8.5],
			"rotation": {"angle": 0, "axis": "y", "origin": [10, 5, 7.5]},
			"faces": {
				"north": {"uv": [3, 13, 4, 14], "texture": "#1"},
				"east": {"uv": [3, 13, 4, 14], "texture": "#1"},
				"south": {"uv": [3, 13, 4, 14], "texture": "#1"},
				"west": {"uv": [3, 13, 4, 14], "texture": "#1"},
				"up": {"uv": [3, 13, 4, 14], "texture": "#1"},
				"down": {"uv": [3, 13, 4, 14], "texture": "#1"}
			}
		},
		{
			"from": [3, 3, 7.5],
			"to": [5, 4, 8.5],
			"rotation": {"angle": 0, "axis": "y", "origin": [4, 1, 7.5]},
			"faces": {
				"north": {"uv": [4, 12, 2, 13], "texture": "#1"},
				"east": {"uv": [2, 12, 3, 13], "texture": "#1"},
				"south": {"uv": [2, 12, 4, 13], "texture": "#1"},
				"west": {"uv": [2, 12, 3, 13], "texture": "#1"},
				"up": {"uv": [2, 12, 3, 13], "texture": "#1"},
				"down": {"uv": [2, 12, 3, 13], "texture": "#1"}
			}
		},
		{
			"from": [5, 5, 7.5],
			"to": [7, 6, 8.5],
			"rotation": {"angle": 0, "axis": "y", "origin": [6, 3, 7.5]},
			"faces": {
				"north": {"uv": [4, 12, 2, 13], "texture": "#1"},
				"east": {"uv": [2, 12, 3, 13], "texture": "#1"},
				"south": {"uv": [2, 12, 4, 13], "texture": "#1"},
				"west": {"uv": [2, 12, 3, 13], "texture": "#1"},
				"up": {"uv": [2, 12, 3, 13], "texture": "#1"},
				"down": {"uv": [2, 12, 3, 13], "texture": "#1"}
			}
		},
		{
			"from": [4, 1, 7.5],
			"to": [5, 3, 8.5],
			"rotation": {"angle": 0, "axis": "y", "origin": [5, 0, 7.5]},
			"faces": {
				"north": {"uv": [3, 13, 4, 14], "texture": "#1"},
				"east": {"uv": [3, 13, 4, 14], "texture": "#1"},
				"south": {"uv": [3, 13, 4, 14], "texture": "#1"},
				"west": {"uv": [3, 13, 4, 14], "texture": "#1"},
				"up": {"uv": [3, 13, 4, 14], "texture": "#1"},
				"down": {"uv": [3, 13, 4, 14], "texture": "#1"}
			}
		},
		{
			"from": [2, 3, 7.5],
			"to": [3, 4, 8.5],
			"rotation": {"angle": 0, "axis": "y", "origin": [3, 1, 7.5]},
			"faces": {
				"north": {"uv": [3, 13, 4, 14], "texture": "#1"},
				"east": {"uv": [3, 13, 4, 14], "texture": "#1"},
				"south": {"uv": [3, 13, 4, 14], "texture": "#1"},
				"west": {"uv": [3, 13, 4, 14], "texture": "#1"},
				"up": {"uv": [3, 13, 4, 14], "texture": "#1"},
				"down": {"uv": [3, 13, 4, 14], "texture": "#1"}
			}
		},
		{
			"from": [11, 10, 7.5],
			"to": [14, 13, 8.5],
			"rotation": {"angle": 0, "axis": "y", "origin": [14, 10, 7.5]},
			"faces": {
				"north": {"uv": [14, 3, 11, 6], "texture": "#8"},
				"east": {"uv": [11, 3, 14, 6], "texture": "#8"},
				"south": {"uv": [11, 3, 14, 6], "texture": "#8"},
				"west": {"uv": [11, 3, 14, 6], "texture": "#8"},
				"up": {"uv": [11, 3, 14, 6], "texture": "#8"},
				"down": {"uv": [11, 3, 14, 6], "texture": "#8"}
			}
		},
		{
			"from": [11, 13, 7.5],
			"to": [14, 14, 8.5],
			"rotation": {"angle": 0, "axis": "y", "origin": [14, 8, 7.5]},
			"faces": {
				"north": {"uv": [8, 9, 9, 10], "texture": "#1"},
				"east": {"uv": [8, 9, 9, 10], "texture": "#1"},
				"south": {"uv": [8, 9, 9, 10], "texture": "#1"},
				"west": {"uv": [8, 9, 9, 10], "texture": "#1"},
				"up": {"uv": [8, 9, 9, 10], "texture": "#1"},
				"down": {"uv": [8, 9, 9, 10], "texture": "#1"}
			}
		},
		{
			"from": [12, 9, 7.5],
			"to": [14, 10, 8.5],
			"rotation": {"angle": 0, "axis": "y", "origin": [12, 16, 8.5]},
			"faces": {
				"north": {"uv": [11, 2, 12, 4], "rotation": 270, "texture": "#8"},
				"east": {"uv": [13, 6, 14, 7], "rotation": 270, "texture": "#8"},
				"south": {"uv": [13, 7, 14, 5], "rotation": 90, "texture": "#8"},
				"west": {"uv": [12, 6, 14, 7], "rotation": 270, "texture": "#8"},
				"up": {"uv": [12, 6, 14, 7], "rotation": 90, "texture": "#8"},
				"down": {"uv": [11, 2, 12, 4], "rotation": 90, "texture": "#8"}
			}
		},
		{
			"from": [11, 8, 7.5],
			"to": [13, 9, 8.5],
			"rotation": {"angle": 0, "axis": "y", "origin": [11, 15, 8.5]},
			"faces": {
				"north": {"uv": [11, 2, 12, 4], "rotation": 270, "texture": "#8"},
				"east": {"uv": [13, 6, 14, 7], "rotation": 270, "texture": "#8"},
				"south": {"uv": [13, 7, 14, 5], "rotation": 90, "texture": "#8"},
				"west": {"uv": [12, 6, 14, 7], "rotation": 270, "texture": "#8"},
				"up": {"uv": [12, 6, 14, 7], "rotation": 90, "texture": "#8"},
				"down": {"uv": [11, 2, 12, 4], "rotation": 90, "texture": "#8"}
			}
		},
		{
			"from": [10, 11, 7.5],
			"to": [11, 13, 8.5],
			"rotation": {"angle": 0, "axis": "z", "origin": [4, 11, 8.5]},
			"faces": {
				"north": {"uv": [11, 2, 12, 4], "texture": "#8"},
				"east": {"uv": [11, 2, 12, 4], "texture": "#8"},
				"south": {"uv": [13, 7, 14, 5], "texture": "#8"},
				"west": {"uv": [13, 6, 14, 7], "texture": "#8"},
				"up": {"uv": [13, 6, 14, 7], "rotation": 180, "texture": "#8"},
				"down": {"uv": [12, 6, 14, 7], "rotation": 180, "texture": "#8"}
			}
		},
		{
			"from": [9, 10, 7.5],
			"to": [10, 12, 8.5],
			"rotation": {"angle": 0, "axis": "z", "origin": [3, 10, 8.5]},
			"faces": {
				"north": {"uv": [11, 2, 12, 4], "texture": "#8"},
				"east": {"uv": [11, 2, 12, 4], "texture": "#8"},
				"south": {"uv": [13, 7, 14, 5], "texture": "#8"},
				"west": {"uv": [13, 6, 14, 7], "texture": "#8"},
				"up": {"uv": [13, 6, 14, 7], "rotation": 180, "texture": "#8"},
				"down": {"uv": [12, 6, 14, 7], "rotation": 180, "texture": "#8"}
			}
		},
		{
			"from": [8, 10, 7.5],
			"to": [9, 11, 8.5],
			"rotation": {"angle": 0, "axis": "y", "origin": [7, 17, 8.5]},
			"faces": {
				"north": {"uv": [8, 9, 9, 10], "rotation": 270, "texture": "#1"},
				"east": {"uv": [8, 9, 9, 10], "rotation": 270, "texture": "#1"},
				"south": {"uv": [8, 9, 9, 10], "rotation": 90, "texture": "#1"},
				"west": {"uv": [8, 9, 9, 10], "rotation": 270, "texture": "#1"},
				"up": {"uv": [8, 9, 9, 10], "rotation": 90, "texture": "#1"},
				"down": {"uv": [8, 9, 9, 10], "rotation": 90, "texture": "#1"}
			}
		},
		{
			"from": [11, 7, 7.5],
			"to": [12, 8, 8.5],
			"rotation": {"angle": 0, "axis": "y", "origin": [10, 14, 8.5]},
			"faces": {
				"north": {"uv": [8, 9, 9, 10], "rotation": 270, "texture": "#1"},
				"east": {"uv": [8, 9, 9, 10], "rotation": 270, "texture": "#1"},
				"south": {"uv": [8, 9, 9, 10], "rotation": 90, "texture": "#1"},
				"west": {"uv": [8, 9, 9, 10], "rotation": 270, "texture": "#1"},
				"up": {"uv": [8, 9, 9, 10], "rotation": 90, "texture": "#1"},
				"down": {"uv": [8, 9, 9, 10], "rotation": 90, "texture": "#1"}
			}
		},
		{
			"from": [14, 10, 7.5],
			"to": [15, 13, 8.5],
			"rotation": {"angle": 0, "axis": "y", "origin": [13, 11, 8.5]},
			"faces": {
				"north": {"uv": [8, 9, 9, 10], "rotation": 270, "texture": "#1"},
				"east": {"uv": [8, 9, 9, 10], "rotation": 270, "texture": "#1"},
				"south": {"uv": [8, 9, 9, 10], "rotation": 90, "texture": "#1"},
				"west": {"uv": [8, 9, 9, 10], "rotation": 270, "texture": "#1"},
				"up": {"uv": [8, 9, 9, 10], "rotation": 90, "texture": "#1"},
				"down": {"uv": [8, 9, 9, 10], "rotation": 90, "texture": "#1"}
			}
		},
		{
			"from": [9, 7, 7.45],
			"to": [12, 12, 8.55],
			"rotation": {"angle": 0, "axis": "z", "origin": [9, 8, 5.45]},
			"faces": {
				"north": {"uv": [0, 0, 3, 5], "texture": "#2"},
				"east": {"uv": [14, 3, 6, 12], "texture": "#2"},
				"south": {"uv": [0, 0, 3, 5], "texture": "#2"},
				"west": {"uv": [14, 3, 6, 12], "texture": "#2"},
				"up": {"uv": [9, 3, 14, 7], "texture": "#2"},
				"down": {"uv": [9, 3, 14, 7], "texture": "#2"}
			}
		}
	],
	"gui_light": "front",
	"display": {
		"thirdperson_righthand": {
			"rotation": [21, 90, 55],
			"translation": [0, 3.25, 4.5]
		},
		"thirdperson_lefthand": {
			"rotation": [12, -90, -55],
			"translation": [0, 2.25, 3.5]
		},
		"firstperson_righthand": {
			"rotation": [0, -90, 25],
			"translation": [1.13, 3.2, 1.13],
			"scale": [0.68, 0.68, 0.68]
		},
		"firstperson_lefthand": {
			"rotation": [0, 90, -25],
			"translation": [1.13, 3.2, 1.13],
			"scale": [0.68, 0.68, 0.68]
		},
		"ground": {
			"translation": [0, 3, 0],
			"scale": [0.5, 0.5, 0.5]
		},
		"head": {
			"translation": [0, 14.5, 0]
		},
		"fixed": {
			"rotation": [0, 180, 0]
		}
	},
	"groups": [
		0,
		1,
		2,
		3,
		4,
		5,
		6,
		7,
		8,
		9,
		10,
		11,
		12,
		13,
		14,
		15,
		16,
		17,
		18,
		19,
		20,
		21,
		22,
		23,
		24,
		25,
		26,
		27,
		{
			"name": "E",
			"origin": [4.5, 4.5, 5.45],
			"color": 0,
			"children": [28]
		}
	]
}