{
	"credit": "Made with Blockbench",
	"texture_size": [64, 64],
	"textures": {
		"0": "item/special_event/april_fools_2025/pig_head/cold",
		"particle": "item/special_event/april_fools_2025/pig_head/cold"
	},
	"elements": [
		{
			"from": [2, 0, 2],
			"to": [14, 1, 14],
			"rotation": {"angle": 0, "axis": "y", "origin": [7, 0, 7]},
			"faces": {
				"north": {"uv": [0, 9, 3, 9.25], "texture": "#0"},
				"east": {"uv": [9, 0, 12, 0.25], "texture": "#0"},
				"south": {"uv": [9, 0.25, 12, 0.5], "texture": "#0"},
				"west": {"uv": [9, 0.5, 12, 0.75], "texture": "#0"},
				"up": {"uv": [3, 3, 0, 0], "texture": "#0"},
				"down": {"uv": [3, 3, 0, 6], "texture": "#0"}
			}
		},
		{
			"from": [2, 9, 2],
			"to": [14, 12, 14],
			"rotation": {"angle": 0, "axis": "y", "origin": [7, 10, 7]},
			"faces": {
				"north": {"uv": [6, 4, 9, 4.75], "texture": "#0"},
				"east": {"uv": [6, 4.75, 9, 5.5], "texture": "#0"},
				"south": {"uv": [6, 5.5, 9, 6.25], "texture": "#0"},
				"west": {"uv": [6, 6.25, 9, 7], "texture": "#0"},
				"up": {"uv": [6, 3, 3, 0], "texture": "#0"},
				"down": {"uv": [6, 3, 3, 6], "texture": "#0"}
			}
		},
		{
			"from": [13, 1, 2],
			"to": [15, 9, 14],
			"rotation": {"angle": 0, "axis": "y", "origin": [7, 8, 7]},
			"faces": {
				"north": {"uv": [5, 8, 5.5, 10], "texture": "#0"},
				"east": {"uv": [0, 6, 3, 8], "texture": "#0"},
				"south": {"uv": [5.5, 8, 6, 10], "texture": "#0"},
				"west": {"uv": [6, 0, 9, 2], "texture": "#0"},
				"up": {"uv": [6.5, 10, 6, 7], "texture": "#0"},
				"down": {"uv": [7, 7, 6.5, 10], "texture": "#0"}
			}
		},
		{
			"from": [2, 1, 13],
			"to": [14, 9, 15],
			"rotation": {"angle": 0, "axis": "y", "origin": [9, 8, 7]},
			"faces": {
				"north": {"uv": [6, 0, 9, 2], "texture": "#0"},
				"east": {"uv": [5, 8, 5.5, 10], "texture": "#0"},
				"south": {"uv": [0, 6, 3, 8], "texture": "#0"},
				"west": {"uv": [5.5, 8, 6, 10], "texture": "#0"},
				"up": {"uv": [6.5, 10, 6, 7], "rotation": 90, "texture": "#0"},
				"down": {"uv": [7, 7, 6.5, 10], "rotation": 270, "texture": "#0"}
			}
		},
		{
			"from": [1, 1, 2],
			"to": [3, 9, 14],
			"rotation": {"angle": 0, "axis": "y", "origin": [-5, 8, 7]},
			"faces": {
				"north": {"uv": [8, 7, 8.5, 9], "texture": "#0"},
				"east": {"uv": [6, 2, 9, 4], "texture": "#0"},
				"south": {"uv": [8.5, 7, 9, 9], "texture": "#0"},
				"west": {"uv": [3, 6, 6, 8], "texture": "#0"},
				"up": {"uv": [7.5, 10, 7, 7], "texture": "#0"},
				"down": {"uv": [8, 7, 7.5, 10], "texture": "#0"}
			}
		},
		{
			"from": [-2, 9, 5.9],
			"to": [3, 11.3, 10.1],
			"rotation": {"angle": 22.5, "axis": "z", "origin": [1, 9, 7]},
			"faces": {
				"north": {"uv": [9, 0.75, 10.25, 1.25], "texture": "#0"},
				"east": {"uv": [9, 2.75, 10, 3.25], "texture": "#0"},
				"south": {"uv": [9, 1.25, 10.25, 1.75], "texture": "#0"},
				"west": {"uv": [3, 9, 4, 9.5], "texture": "#0"},
				"up": {"uv": [1.25, 9, 0, 8], "texture": "#0"},
				"down": {"uv": [2.5, 8, 1.25, 9], "texture": "#0"}
			}
		},
		{
			"from": [13, 9, 5.9],
			"to": [18, 11.3, 10.1],
			"rotation": {"angle": -22.5, "axis": "z", "origin": [15, 9, 7]},
			"faces": {
				"north": {"uv": [9, 1.75, 10.25, 2.25], "texture": "#0"},
				"east": {"uv": [9, 3.25, 10, 3.75], "texture": "#0"},
				"south": {"uv": [9, 2.25, 10.25, 2.75], "texture": "#0"},
				"west": {"uv": [9, 3.75, 10, 4.25], "texture": "#0"},
				"up": {"uv": [3.75, 9, 2.5, 8], "texture": "#0"},
				"down": {"uv": [5, 8, 3.75, 9], "texture": "#0"}
			}
		},
		{
			"from": [6, 9.1, 1.2],
			"to": [10, 11.1, 2],
			"rotation": {"angle": 0, "axis": "y", "origin": [6, 9.1, 0]},
			"faces": {
				"north": {"uv": [12.25, 13, 14, 14.25], "texture": "#0"},
				"east": {"uv": [9, 5.25, 9.25, 5.75], "texture": "#0"},
				"south": {"uv": [9, 4.25, 10, 4.75], "texture": "#0"},
				"west": {"uv": [9, 5.75, 9.25, 6.25], "texture": "#0"},
				"up": {"uv": [10, 5, 9, 4.75], "texture": "#0"},
				"down": {"uv": [10, 5, 9, 5.25], "texture": "#0"}
			}
		}
	],
	"display": {
		"thirdperson_righthand": {
			"translation": [0, 2.75, -1],
			"scale": [0.5, 0.5, 0.5]
		},
		"thirdperson_lefthand": {
			"rotation": [0, 180, 0],
			"translation": [0, -0.25, 0],
			"scale": [0.5, 0.5, 0.5]
		},
		"firstperson_righthand": {
			"translation": [1.25, 0, -4.25],
			"scale": [0.75, 0.75, 0.75]
		},
		"firstperson_lefthand": {
			"rotation": [6, 180, -17],
			"translation": [1.5, 0, -3.5],
			"scale": [0.75, 0.75, 0.75]
		},
		"ground": {
			"translation": [0, 3.25, 0],
			"scale": [0.6, 0.6, 0.6]
		},
		"gui": {
			"rotation": [29, 161, 0],
			"translation": [0.25, 0.5, 0],
			"scale": [0.6, 0.6, 0.6]
		},
		"head": {
			"translation": [0, 3.5, 0],
			"scale": [1.3, 1.3, 1.3]
		},
		"fixed": {
			"rotation": [-90, 0, 0],
			"translation": [0, 0, -8]
		}
	}
}