{
	"credit": "Made with Blockbench",
	"texture_size": [32, 32],
	"textures": {
		"1": "item/special_event/chinese_valentines_2023/bear_red"
	},
	"elements": [
		{
			"name": "base",
			"from": [5, 6, 6.5],
			"to": [11, 11, 11.5],
			"rotation": {"angle": 0, "axis": "y", "origin": [9, 6, 6.5]},
			"faces": {
				"north": {"uv": [2.5, 2.5, 5.5, 5], "texture": "#1"},
				"east": {"uv": [0, 2.5, 2.5, 5], "texture": "#1"},
				"south": {"uv": [8, 2.5, 11, 5], "texture": "#1"},
				"west": {"uv": [5.5, 2.5, 8, 5], "texture": "#1"},
				"up": {"uv": [5.5, 2.5, 2.5, 0], "texture": "#1"},
				"down": {"uv": [8.5, 0, 5.5, 2.5], "texture": "#1"}
			}
		},
		{
			"name": "snout",
			"from": [6.5, 6.25, 5.5],
			"to": [9.5, 9.25, 6.5],
			"rotation": {"angle": 0, "axis": "y", "origin": [8.5, 6.25, 5.5]},
			"faces": {
				"north": {"uv": [9.5, 11.5, 11, 13], "texture": "#1"},
				"east": {"uv": [9, 11.5, 9.5, 13], "texture": "#1"},
				"south": {"uv": [11.5, 11.5, 13, 13], "texture": "#1"},
				"west": {"uv": [11, 11.5, 11.5, 13], "texture": "#1"},
				"up": {"uv": [11, 11.5, 9.5, 11], "texture": "#1"},
				"down": {"uv": [12.5, 11, 11, 11.5], "texture": "#1"}
			}
		},
		{
			"name": "rightear",
			"from": [9.5, 10, 8],
			"to": [11.5, 12, 9],
			"rotation": {"angle": 0, "axis": "y", "origin": [10.5, 11, 8]},
			"faces": {
				"north": {"uv": [0.5, 13, 1.5, 14], "texture": "#1"},
				"east": {"uv": [0, 13, 0.5, 14], "texture": "#1"},
				"south": {"uv": [2, 13, 3, 14], "texture": "#1"},
				"west": {"uv": [1.5, 13, 2, 14], "texture": "#1"},
				"up": {"uv": [1.5, 13, 0.5, 12.5], "texture": "#1"},
				"down": {"uv": [2.5, 12.5, 1.5, 13], "texture": "#1"}
			}
		},
		{
			"name": "leftear",
			"from": [4.5, 10, 8],
			"to": [6.5, 12, 9],
			"rotation": {"angle": 0, "axis": "y", "origin": [5.5, 11, 8]},
			"faces": {
				"north": {"uv": [12.5, 0.5, 13.5, 1.5], "texture": "#1"},
				"east": {"uv": [12, 0.5, 12.5, 1.5], "texture": "#1"},
				"south": {"uv": [14, 0.5, 15, 1.5], "texture": "#1"},
				"west": {"uv": [13.5, 0.5, 14, 1.5], "texture": "#1"},
				"up": {"uv": [13.5, 0.5, 12.5, 0], "texture": "#1"},
				"down": {"uv": [14.5, 0, 13.5, 0.5], "texture": "#1"}
			}
		},
		{
			"name": "rightarm",
			"from": [9.5, 4, 6],
			"to": [11.5, 6, 9],
			"rotation": {"angle": -22.5, "axis": "x", "origin": [10.5, 5, 9]},
			"faces": {
				"north": {"uv": [12.5, 4, 13.5, 5], "texture": "#1"},
				"east": {"uv": [11, 4, 12.5, 5], "texture": "#1"},
				"south": {"uv": [15, 4, 16, 5], "texture": "#1"},
				"west": {"uv": [13.5, 4, 15, 5], "texture": "#1"},
				"up": {"uv": [13.5, 4, 12.5, 2.5], "texture": "#1"},
				"down": {"uv": [14.5, 2.5, 13.5, 4], "texture": "#1"}
			}
		},
		{
			"name": "leftarm",
			"from": [4.5, 4, 6],
			"to": [6.5, 6, 9],
			"rotation": {"angle": -22.5, "axis": "x", "origin": [5.5, 5, 9]},
			"faces": {
				"north": {"uv": [1.5, 11.5, 2.5, 12.5], "texture": "#1"},
				"east": {"uv": [0, 11.5, 1.5, 12.5], "texture": "#1"},
				"south": {"uv": [4, 11.5, 5, 12.5], "texture": "#1"},
				"west": {"uv": [2.5, 11.5, 4, 12.5], "texture": "#1"},
				"up": {"uv": [2.5, 11.5, 1.5, 10], "texture": "#1"},
				"down": {"uv": [3.5, 10, 2.5, 11.5], "texture": "#1"}
			}
		},
		{
			"name": "rightleg",
			"from": [9.5, 0, 4],
			"to": [11.5, 2, 7],
			"rotation": {"angle": -22.5, "axis": "y", "origin": [10.5, 0, 7]},
			"faces": {
				"north": {"uv": [9, 10, 10, 11], "texture": "#1"},
				"east": {"uv": [7.5, 10, 9, 11], "texture": "#1"},
				"south": {"uv": [11.5, 10, 12.5, 11], "texture": "#1"},
				"west": {"uv": [10, 10, 11.5, 11], "texture": "#1"},
				"up": {"uv": [10, 10, 9, 8.5], "texture": "#1"},
				"down": {"uv": [11, 8.5, 10, 10], "texture": "#1"}
			}
		},
		{
			"name": "leftleg",
			"from": [4.5, 0, 4],
			"to": [6.5, 2, 7],
			"rotation": {"angle": 22.5, "axis": "y", "origin": [5.5, 0, 7]},
			"faces": {
				"north": {"uv": [10, 1.5, 11, 2.5], "texture": "#1"},
				"east": {"uv": [8.5, 1.5, 10, 2.5], "texture": "#1"},
				"south": {"uv": [12.5, 1.5, 13.5, 2.5], "texture": "#1"},
				"west": {"uv": [11, 1.5, 12.5, 2.5], "texture": "#1"},
				"up": {"uv": [11, 1.5, 10, 0], "texture": "#1"},
				"down": {"uv": [12, 0, 11, 1.5], "texture": "#1"}
			}
		},
		{
			"name": "tail",
			"from": [7, 0, 11],
			"to": [9, 2, 12],
			"rotation": {"angle": 0, "axis": "y", "origin": [7, 0, 11]},
			"faces": {
				"north": {"uv": [11.5, 9, 12.5, 10], "texture": "#1"},
				"east": {"uv": [11, 9, 11.5, 10], "texture": "#1"},
				"south": {"uv": [13, 9, 14, 10], "texture": "#1"},
				"west": {"uv": [12.5, 9, 13, 10], "texture": "#1"},
				"up": {"uv": [12.5, 9, 11.5, 8.5], "texture": "#1"},
				"down": {"uv": [13.5, 8.5, 12.5, 9], "texture": "#1"}
			}
		},
		{
			"name": "body",
			"from": [5.5, 0, 7],
			"to": [10.5, 6, 11],
			"rotation": {"angle": 0, "axis": "y", "origin": [8.5, 0, 7]},
			"faces": {
				"north": {"uv": [2, 7, 4.5, 10], "texture": "#1"},
				"east": {"uv": [0, 7, 2, 10], "texture": "#1"},
				"south": {"uv": [6.5, 7, 9, 10], "texture": "#1"},
				"west": {"uv": [4.5, 7, 6.5, 10], "texture": "#1"},
				"up": {"uv": [4.5, 7, 2, 5], "texture": "#1"},
				"down": {"uv": [7, 5, 4.5, 7], "texture": "#1"}
			}
		},
		{
			"name": "part1",
			"from": [8, 0, 5],
			"to": [11, 5, 7],
			"rotation": {"angle": 45, "axis": "z", "origin": [8, 0, 6]},
			"faces": {
				"north": {"uv": [10, 6, 11.5, 8.5], "texture": "#1"},
				"east": {"uv": [9, 6, 10, 8.5], "texture": "#1"},
				"south": {"uv": [12.5, 6, 14, 8.5], "texture": "#1"},
				"west": {"uv": [11.5, 6, 12.5, 8.5], "texture": "#1"},
				"up": {"uv": [11.5, 6, 10, 5], "texture": "#1"},
				"down": {"uv": [13, 5, 11.5, 6], "texture": "#1"}
			}
		},
		{
			"name": "part2",
			"from": [11, 0, 5],
			"to": [13, 3, 7],
			"rotation": {"angle": 45, "axis": "z", "origin": [8, 0, 6]},
			"faces": {
				"north": {"uv": [6, 12, 7, 13.5], "texture": "#1"},
				"east": {"uv": [5, 12, 6, 13.5], "texture": "#1"},
				"south": {"uv": [8, 12, 9, 13.5], "texture": "#1"},
				"west": {"uv": [7, 12, 8, 13.5], "texture": "#1"},
				"up": {"uv": [7, 12, 6, 11], "texture": "#1"},
				"down": {"uv": [8, 11, 7, 12], "texture": "#1"}
			}
		}
	],
	"display": {
		"thirdperson_righthand": {
			"rotation": [66, 0, 0]
		},
		"thirdperson_lefthand": {
			"rotation": [66, 0, 0]
		},
		"ground": {
			"translation": [0, 5, 0]
		},
		"gui": {
			"rotation": [-30, -160, -30],
			"translation": [-1.5, 2, 0]
		},
		"head": {
			"translation": [0, 14, 0]
		},
		"fixed": {
			"translation": [0, 3, -5],
			"scale": [1.5, 1.5, 1.5]
		}
	},
	"groups": [
		{
			"name": "bear",
			"origin": [0, 0, 0],
			"color": 0,
			"children": [
				{
					"name": "body",
					"origin": [0, 0, 0],
					"color": 0,
					"children": [
						{
							"name": "head",
							"origin": [0, 0, 0],
							"color": 0,
							"children": [0, 1, 2, 3]
						},
						{
							"name": "arms",
							"origin": [0, 0, 0],
							"color": 0,
							"children": [
								{
									"name": "rightarm",
									"origin": [0, 0, 0],
									"color": 0,
									"children": [4]
								},
								{
									"name": "leftarm",
									"origin": [0, 0, 0],
									"color": 0,
									"children": [5]
								}
							]
						},
						{
							"name": "legs",
							"origin": [0, 0, 0],
							"color": 0,
							"children": [
								{
									"name": "rightleg",
									"origin": [10.5, 0, 7],
									"color": 0,
									"children": [6]
								},
								{
									"name": "leftleg",
									"origin": [10.5, 0, 7],
									"color": 0,
									"children": [7]
								}
							]
						},
						{
							"name": "tail",
							"origin": [0, 0, 0],
							"color": 0,
							"children": [8]
						},
						9,
						{
							"name": "heart",
							"origin": [-0.5, 0, -1],
							"color": 0,
							"children": [10, 11]
						}
					]
				}
			]
		}
	]
}