{
	"credit": "Made with Blockbench",
	"texture_size": [64, 64],
	"textures": {
		"1": "item/special_event/chinese_valentines_2023/box_1"
	},
	"elements": [
		{
			"from": [1, 0, 6],
			"to": [17, 5, 8],
			"faces": {
				"north": {"uv": [0, 0, 4, 1.25], "texture": "#1"},
				"east": {"uv": [11.75, 6, 12.25, 7.25], "texture": "#1"},
				"south": {"uv": [0, 1.25, 4, 2.5], "texture": "#1"},
				"west": {"uv": [8.5, 12.5, 9, 13.75], "texture": "#1"},
				"up": {"uv": [14.5, 5.5, 10.5, 5], "texture": "#1"},
				"down": {"uv": [14.5, 5.5, 10.5, 6], "texture": "#1"}
			}
		},
		{
			"from": [3, 0, 8],
			"to": [4, 5, 13],
			"faces": {
				"north": {"uv": [8.25, 13.75, 8.5, 15], "texture": "#1"},
				"east": {"uv": [6.5, 11.25, 7.75, 12.5], "texture": "#1"},
				"south": {"uv": [8.5, 13.75, 8.75, 15], "texture": "#1"},
				"west": {"uv": [7.75, 11.25, 9, 12.5], "texture": "#1"},
				"up": {"uv": [9, 15, 8.75, 13.75], "texture": "#1"},
				"down": {"uv": [9.25, 13.75, 9, 15], "texture": "#1"}
			}
		},
		{
			"from": [3, 0, 1],
			"to": [4, 5, 6],
			"faces": {
				"north": {"uv": [1.75, 14.5, 2, 15.75], "texture": "#1"},
				"east": {"uv": [9, 11.25, 10.25, 12.5], "texture": "#1"},
				"south": {"uv": [2, 14.5, 2.25, 15.75], "texture": "#1"},
				"west": {"uv": [10.25, 11.25, 11.5, 12.5], "texture": "#1"},
				"up": {"uv": [2.5, 15.75, 2.25, 14.5], "texture": "#1"},
				"down": {"uv": [2.75, 14.5, 2.5, 15.75], "texture": "#1"}
			}
		},
		{
			"from": [2, 0, 8],
			"to": [3, 5, 11],
			"faces": {
				"north": {"uv": [13.75, 3.75, 14, 5], "texture": "#1"},
				"east": {"uv": [5.5, 12.5, 6.25, 13.75], "texture": "#1"},
				"south": {"uv": [13.75, 8, 14, 9.25], "texture": "#1"},
				"west": {"uv": [6.25, 12.5, 7, 13.75], "texture": "#1"},
				"up": {"uv": [3.75, 11.25, 3.5, 10.5], "texture": "#1"},
				"down": {"uv": [4, 10.5, 3.75, 11.25], "texture": "#1"}
			}
		},
		{
			"from": [2, 0, 3],
			"to": [3, 5, 6],
			"faces": {
				"north": {"uv": [14.5, 2.5, 14.75, 3.75], "texture": "#1"},
				"east": {"uv": [7, 12.5, 7.75, 13.75], "texture": "#1"},
				"south": {"uv": [2.75, 14.5, 3, 15.75], "texture": "#1"},
				"west": {"uv": [7.75, 12.5, 8.5, 13.75], "texture": "#1"},
				"up": {"uv": [14.75, 6.5, 14.5, 5.75], "texture": "#1"},
				"down": {"uv": [14.75, 6.5, 14.5, 7.25], "texture": "#1"}
			}
		},
		{
			"from": [8, 0, 8],
			"to": [10, 5, 18],
			"faces": {
				"north": {"uv": [9, 12.5, 9.5, 13.75], "texture": "#1"},
				"east": {"uv": [2.75, 6.25, 5.25, 7.5], "texture": "#1"},
				"south": {"uv": [9.5, 12.5, 10, 13.75], "texture": "#1"},
				"west": {"uv": [5.25, 6.25, 7.75, 7.5], "texture": "#1"},
				"up": {"uv": [12.5, 13.75, 12, 11.25], "texture": "#1"},
				"down": {"uv": [12.75, 6, 12.25, 8.5], "texture": "#1"}
			}
		},
		{
			"from": [8, 0, -4],
			"to": [10, 5, 6],
			"faces": {
				"north": {"uv": [12.75, 6, 13.25, 7.25], "texture": "#1"},
				"east": {"uv": [6.75, 0, 9.25, 1.25], "texture": "#1"},
				"south": {"uv": [12.75, 7.25, 13.25, 8.5], "texture": "#1"},
				"west": {"uv": [6.75, 1.25, 9.25, 2.5], "texture": "#1"},
				"up": {"uv": [5, 15, 4.5, 12.5], "texture": "#1"},
				"down": {"uv": [5.5, 12.5, 5, 15], "texture": "#1"}
			}
		},
		{
			"from": [10, 0, 8],
			"to": [12, 5, 19],
			"faces": {
				"north": {"uv": [10, 12.5, 10.5, 13.75], "texture": "#1"},
				"east": {"uv": [4, 0, 6.75, 1.25], "texture": "#1"},
				"south": {"uv": [12.5, 10, 13, 11.25], "texture": "#1"},
				"west": {"uv": [4, 1.25, 6.75, 2.5], "texture": "#1"},
				"up": {"uv": [12, 14, 11.5, 11.25], "texture": "#1"},
				"down": {"uv": [0.5, 11.75, 0, 14.5], "texture": "#1"}
			}
		},
		{
			"from": [10, 0, -5],
			"to": [12, 5, 6],
			"faces": {
				"north": {"uv": [12.75, 0, 13.25, 1.25], "texture": "#1"},
				"east": {"uv": [6, 3.75, 8.75, 5], "texture": "#1"},
				"south": {"uv": [12.75, 1.25, 13.25, 2.5], "texture": "#1"},
				"west": {"uv": [0, 6.25, 2.75, 7.5], "texture": "#1"},
				"up": {"uv": [3, 14.5, 2.5, 11.75], "texture": "#1"},
				"down": {"uv": [3.5, 11.75, 3, 14.5], "texture": "#1"}
			}
		},
		{
			"from": [16, 0, 8],
			"to": [18, 5, 19],
			"faces": {
				"north": {"uv": [10.5, 12.5, 11, 13.75], "texture": "#1"},
				"east": {"uv": [0, 5, 2.75, 6.25], "texture": "#1"},
				"south": {"uv": [11, 12.5, 11.5, 13.75], "texture": "#1"},
				"west": {"uv": [2.75, 5, 5.5, 6.25], "texture": "#1"},
				"up": {"uv": [1, 14.5, 0.5, 11.75], "texture": "#1"},
				"down": {"uv": [1.5, 11.75, 1, 14.5], "texture": "#1"}
			}
		},
		{
			"from": [16, 0, -5],
			"to": [18, 5, 6],
			"faces": {
				"north": {"uv": [12.5, 11.25, 13, 12.5], "texture": "#1"},
				"east": {"uv": [5.5, 5, 8.25, 6.25], "texture": "#1"},
				"south": {"uv": [12.5, 12.5, 13, 13.75], "texture": "#1"},
				"west": {"uv": [6, 2.5, 8.75, 3.75], "texture": "#1"},
				"up": {"uv": [2, 14.5, 1.5, 11.75], "texture": "#1"},
				"down": {"uv": [2.5, 11.75, 2, 14.5], "texture": "#1"}
			}
		},
		{
			"from": [12, 0, 8],
			"to": [16, 5, 20],
			"faces": {
				"north": {"uv": [12, 8.75, 13, 10], "texture": "#1"},
				"east": {"uv": [0, 2.5, 3, 3.75], "texture": "#1"},
				"south": {"uv": [12.5, 2.5, 13.5, 3.75], "texture": "#1"},
				"west": {"uv": [3, 2.5, 6, 3.75], "texture": "#1"},
				"up": {"uv": [1, 10.5, 0, 7.5], "texture": "#1"},
				"down": {"uv": [2, 7.5, 1, 10.5], "texture": "#1"}
			}
		},
		{
			"from": [12, 0, -6],
			"to": [16, 5, 6],
			"faces": {
				"north": {"uv": [3.5, 12.5, 4.5, 13.75], "texture": "#1"},
				"east": {"uv": [0, 3.75, 3, 5], "texture": "#1"},
				"south": {"uv": [12.5, 3.75, 13.5, 5], "texture": "#1"},
				"west": {"uv": [3, 3.75, 6, 5], "texture": "#1"},
				"up": {"uv": [3, 10.5, 2, 7.5], "texture": "#1"},
				"down": {"uv": [4, 7.5, 3, 10.5], "texture": "#1"}
			}
		},
		{
			"from": [5, 0, 8],
			"to": [6, 5, 15],
			"faces": {
				"north": {"uv": [9.5, 13.75, 9.75, 15], "texture": "#1"},
				"east": {"uv": [4, 10, 5.75, 11.25], "texture": "#1"},
				"south": {"uv": [9.75, 13.75, 10, 15], "texture": "#1"},
				"west": {"uv": [5.75, 10, 7.5, 11.25], "texture": "#1"},
				"up": {"uv": [14, 3.75, 13.75, 2], "texture": "#1"},
				"down": {"uv": [3.75, 13.75, 3.5, 15.5], "texture": "#1"}
			}
		},
		{
			"from": [5, 0, -1],
			"to": [6, 5, 6],
			"faces": {
				"north": {"uv": [1, 14.5, 1.25, 15.75], "texture": "#1"},
				"east": {"uv": [0, 10.5, 1.75, 11.75], "texture": "#1"},
				"south": {"uv": [1.25, 14.5, 1.5, 15.75], "texture": "#1"},
				"west": {"uv": [1.75, 10.5, 3.5, 11.75], "texture": "#1"},
				"up": {"uv": [6, 15.5, 5.75, 13.75], "texture": "#1"},
				"down": {"uv": [6.25, 13.75, 6, 15.5], "texture": "#1"}
			}
		},
		{
			"from": [6, 0, 8],
			"to": [7, 5, 16],
			"faces": {
				"north": {"uv": [10, 13.75, 10.25, 15], "texture": "#1"},
				"east": {"uv": [6.25, 8.75, 8.25, 10], "texture": "#1"},
				"south": {"uv": [10.25, 13.75, 10.5, 15], "texture": "#1"},
				"west": {"uv": [8.25, 8.75, 10.25, 10], "texture": "#1"},
				"up": {"uv": [13.75, 10, 13.5, 8], "texture": "#1"},
				"down": {"uv": [13.75, 10, 13.5, 12], "texture": "#1"}
			}
		},
		{
			"from": [6, 0, -2],
			"to": [7, 5, 6],
			"faces": {
				"north": {"uv": [0.5, 14.5, 0.75, 15.75], "texture": "#1"},
				"east": {"uv": [9.25, 0, 11.25, 1.25], "texture": "#1"},
				"south": {"uv": [0.75, 14.5, 1, 15.75], "texture": "#1"},
				"west": {"uv": [9.25, 1.25, 11.25, 2.5], "texture": "#1"},
				"up": {"uv": [13.75, 14, 13.5, 12], "texture": "#1"},
				"down": {"uv": [14, 0, 13.75, 2], "texture": "#1"}
			}
		},
		{
			"from": [7, 0, 8],
			"to": [8, 5, 17],
			"faces": {
				"north": {"uv": [10.5, 13.75, 10.75, 15], "texture": "#1"},
				"east": {"uv": [4, 7.5, 6.25, 8.75], "texture": "#1"},
				"south": {"uv": [13.75, 10.5, 14, 11.75], "texture": "#1"},
				"west": {"uv": [6.25, 7.5, 8.5, 8.75], "texture": "#1"},
				"up": {"uv": [13.25, 13.25, 13, 11], "texture": "#1"},
				"down": {"uv": [13.5, 0, 13.25, 2.25], "texture": "#1"}
			}
		},
		{
			"from": [7, 0, -3],
			"to": [8, 5, 6],
			"faces": {
				"north": {"uv": [14.5, 0, 14.75, 1.25], "texture": "#1"},
				"east": {"uv": [8.75, 3.75, 11, 5], "texture": "#1"},
				"south": {"uv": [0.25, 14.5, 0.5, 15.75], "texture": "#1"},
				"west": {"uv": [4, 8.75, 6.25, 10], "texture": "#1"},
				"up": {"uv": [13.75, 2.25, 13.5, 0], "texture": "#1"},
				"down": {"uv": [13.75, 2.25, 13.5, 4.5], "texture": "#1"}
			}
		},
		{
			"from": [18, 0, 9],
			"to": [19, 5, 18],
			"faces": {
				"north": {"uv": [10.75, 13.75, 11, 15], "texture": "#1"},
				"east": {"uv": [7.75, 6.25, 10, 7.5], "texture": "#1"},
				"south": {"uv": [11, 13.75, 11.25, 15], "texture": "#1"},
				"west": {"uv": [8.25, 5, 10.5, 6.25], "texture": "#1"},
				"up": {"uv": [13.5, 8.25, 13.25, 6], "texture": "#1"},
				"down": {"uv": [13.5, 11, 13.25, 13.25], "texture": "#1"}
			}
		},
		{
			"from": [19, 0, 9],
			"to": [20, 5, 10],
			"faces": {
				"north": {"uv": [12.5, 13.75, 12.75, 15], "texture": "#1"},
				"east": {"uv": [12.75, 13.75, 13, 15], "texture": "#1"},
				"south": {"uv": [13.75, 13, 14, 14.25], "texture": "#1"},
				"west": {"uv": [14, 0, 14.25, 1.25], "texture": "#1"},
				"up": {"uv": [11.75, 6.25, 11.5, 6], "texture": "#1"},
				"down": {"uv": [12, 7.25, 11.75, 7.5], "texture": "#1"}
			}
		},
		{
			"from": [18, 0, 8],
			"to": [19, 5, 9],
			"faces": {
				"north": {"uv": [14, 1.25, 14.25, 2.5], "texture": "#1"},
				"east": {"uv": [14, 2.5, 14.25, 3.75], "texture": "#1"},
				"south": {"uv": [14, 3.75, 14.25, 5], "texture": "#1"},
				"west": {"uv": [14, 6, 14.25, 7.25], "texture": "#1"},
				"up": {"uv": [12.25, 7.5, 12, 7.25], "texture": "#1"},
				"down": {"uv": [12.5, 8.5, 12.25, 8.75], "texture": "#1"}
			}
		},
		{
			"from": [19, 0, 4],
			"to": [20, 5, 5],
			"faces": {
				"north": {"uv": [14, 13.5, 14.25, 14.75], "texture": "#1"},
				"east": {"uv": [14.25, 0, 14.5, 1.25], "texture": "#1"},
				"south": {"uv": [14.25, 1.25, 14.5, 2.5], "texture": "#1"},
				"west": {"uv": [14.25, 2.5, 14.5, 3.75], "texture": "#1"},
				"up": {"uv": [14.75, 10, 14.5, 9.75], "texture": "#1"},
				"down": {"uv": [14.75, 10, 14.5, 10.25], "texture": "#1"}
			}
		},
		{
			"from": [18, 0, 5],
			"to": [19, 5, 6],
			"faces": {
				"north": {"uv": [14.25, 3.75, 14.5, 5], "texture": "#1"},
				"east": {"uv": [14.25, 6, 14.5, 7.25], "texture": "#1"},
				"south": {"uv": [14.25, 7.25, 14.5, 8.5], "texture": "#1"},
				"west": {"uv": [14.25, 8.5, 14.5, 9.75], "texture": "#1"},
				"up": {"uv": [14.75, 10.5, 14.5, 10.25], "texture": "#1"},
				"down": {"uv": [14.75, 10.5, 14.5, 10.75], "texture": "#1"}
			}
		},
		{
			"from": [17, 0, 7],
			"to": [18, 5, 8],
			"faces": {
				"north": {"uv": [14, 7.25, 14.25, 8.5], "texture": "#1"},
				"east": {"uv": [14, 8.5, 14.25, 9.75], "texture": "#1"},
				"south": {"uv": [14, 9.75, 14.25, 11], "texture": "#1"},
				"west": {"uv": [14, 11, 14.25, 12.25], "texture": "#1"},
				"up": {"uv": [12.75, 8.75, 12.5, 8.5], "texture": "#1"},
				"down": {"uv": [13, 8.5, 12.75, 8.75], "texture": "#1"}
			}
		},
		{
			"from": [17, 0, 6],
			"to": [18, 5, 7],
			"faces": {
				"north": {"uv": [11.5, 14, 11.75, 15.25], "texture": "#1"},
				"east": {"uv": [11.75, 14, 12, 15.25], "texture": "#1"},
				"south": {"uv": [14, 12.25, 14.25, 13.5], "texture": "#1"},
				"west": {"uv": [13.5, 14, 13.75, 15.25], "texture": "#1"},
				"up": {"uv": [13.5, 2.5, 13.25, 2.25], "texture": "#1"},
				"down": {"uv": [13.5, 8.25, 13.25, 8.5], "texture": "#1"}
			}
		},
		{
			"from": [19, 0, 10],
			"to": [20, 5, 17],
			"faces": {
				"north": {"uv": [11.25, 13.75, 11.5, 15], "texture": "#1"},
				"east": {"uv": [10, 6.25, 11.75, 7.5], "texture": "#1"},
				"south": {"uv": [13.75, 11.75, 14, 13], "texture": "#1"},
				"west": {"uv": [7.5, 10, 9.25, 11.25], "texture": "#1"},
				"up": {"uv": [4, 15.5, 3.75, 13.75], "texture": "#1"},
				"down": {"uv": [4.25, 13.75, 4, 15.5], "texture": "#1"}
			}
		},
		{
			"from": [19, 0, -3],
			"to": [20, 5, 4],
			"faces": {
				"north": {"uv": [14.25, 12.25, 14.5, 13.5], "texture": "#1"},
				"east": {"uv": [9.25, 10, 11, 11.25], "texture": "#1"},
				"south": {"uv": [14.25, 13.5, 14.5, 14.75], "texture": "#1"},
				"west": {"uv": [10.25, 8.75, 12, 10], "texture": "#1"},
				"up": {"uv": [4.5, 15.5, 4.25, 13.75], "texture": "#1"},
				"down": {"uv": [5.75, 13.75, 5.5, 15.5], "texture": "#1"}
			}
		},
		{
			"from": [18, 0, -4],
			"to": [19, 5, 5],
			"faces": {
				"north": {"uv": [13.75, 14.25, 14, 15.5], "texture": "#1"},
				"east": {"uv": [8.5, 7.5, 10.75, 8.75], "texture": "#1"},
				"south": {"uv": [0, 14.5, 0.25, 15.75], "texture": "#1"},
				"west": {"uv": [8.75, 2.5, 11, 3.75], "texture": "#1"},
				"up": {"uv": [13.25, 15.5, 13, 13.25], "texture": "#1"},
				"down": {"uv": [13.5, 13.25, 13.25, 15.5], "texture": "#1"}
			}
		},
		{
			"from": [20, 0, 10],
			"to": [21, 5, 16],
			"faces": {
				"north": {"uv": [12, 13.75, 12.25, 15], "texture": "#1"},
				"east": {"uv": [11, 3.75, 12.5, 5], "texture": "#1"},
				"south": {"uv": [12.25, 13.75, 12.5, 15], "texture": "#1"},
				"west": {"uv": [11, 10, 12.5, 11.25], "texture": "#1"},
				"up": {"uv": [7, 15.25, 6.75, 13.75], "texture": "#1"},
				"down": {"uv": [7.25, 13.75, 7, 15.25], "texture": "#1"}
			}
		},
		{
			"from": [20, 0, -2],
			"to": [21, 5, 4],
			"faces": {
				"north": {"uv": [14.25, 9.75, 14.5, 11], "texture": "#1"},
				"east": {"uv": [11.25, 0, 12.75, 1.25], "texture": "#1"},
				"south": {"uv": [14.25, 11, 14.5, 12.25], "texture": "#1"},
				"west": {"uv": [11.25, 1.25, 12.75, 2.5], "texture": "#1"},
				"up": {"uv": [7.5, 15.25, 7.25, 13.75], "texture": "#1"},
				"down": {"uv": [7.75, 13.75, 7.5, 15.25], "texture": "#1"}
			}
		},
		{
			"from": [4, 0, 8],
			"to": [5, 5, 14],
			"faces": {
				"north": {"uv": [9.25, 13.75, 9.5, 15], "texture": "#1"},
				"east": {"uv": [10.75, 7.5, 12.25, 8.75], "texture": "#1"},
				"south": {"uv": [13.75, 9.25, 14, 10.5], "texture": "#1"},
				"west": {"uv": [11, 2.5, 12.5, 3.75], "texture": "#1"},
				"up": {"uv": [6.5, 15.25, 6.25, 13.75], "texture": "#1"},
				"down": {"uv": [6.75, 13.75, 6.5, 15.25], "texture": "#1"}
			}
		},
		{
			"from": [4, 0, 0],
			"to": [5, 5, 6],
			"faces": {
				"north": {"uv": [14.5, 1.25, 14.75, 2.5], "texture": "#1"},
				"east": {"uv": [3.5, 11.25, 5, 12.5], "texture": "#1"},
				"south": {"uv": [1.5, 14.5, 1.75, 15.75], "texture": "#1"},
				"west": {"uv": [5, 11.25, 6.5, 12.5], "texture": "#1"},
				"up": {"uv": [8, 15.25, 7.75, 13.75], "texture": "#1"},
				"down": {"uv": [8.25, 13.75, 8, 15.25], "texture": "#1"}
			}
		},
		{
			"from": [1, 0, 8],
			"to": [2, 1, 10],
			"faces": {
				"north": {"uv": [14.5, 10.75, 14.75, 11], "texture": "#1"},
				"east": {"uv": [10.5, 6, 11, 6.25], "texture": "#1"},
				"south": {"uv": [14.5, 11, 14.75, 11.25], "texture": "#1"},
				"west": {"uv": [11, 6, 11.5, 6.25], "texture": "#1"},
				"up": {"uv": [14.75, 8.25, 14.5, 7.75], "texture": "#1"},
				"down": {"uv": [14.75, 8.25, 14.5, 8.75], "texture": "#1"}
			}
		},
		{
			"from": [1, 0, 4],
			"to": [2, 5, 6],
			"faces": {
				"north": {"uv": [3, 14.5, 3.25, 15.75], "texture": "#1"},
				"east": {"uv": [13, 8.5, 13.5, 9.75], "texture": "#1"},
				"south": {"uv": [3.25, 14.5, 3.5, 15.75], "texture": "#1"},
				"west": {"uv": [13, 9.75, 13.5, 11], "texture": "#1"},
				"up": {"uv": [14.75, 9.25, 14.5, 8.75], "texture": "#1"},
				"down": {"uv": [14.75, 9.25, 14.5, 9.75], "texture": "#1"}
			}
		},
		{
			"from": [1, 1, 8],
			"to": [2, 5, 10],
			"faces": {
				"north": {"uv": [14.5, 3.75, 14.75, 4.75], "texture": "#1"},
				"east": {"uv": [13.5, 6, 14, 7], "texture": "#1"},
				"south": {"uv": [14.5, 4.75, 14.75, 5.75], "texture": "#1"},
				"west": {"uv": [13.5, 7, 14, 8], "texture": "#1"},
				"up": {"uv": [13.75, 5, 13.5, 4.5], "texture": "#1"},
				"down": {"uv": [14.75, 7.25, 14.5, 7.75], "texture": "#1"}
			}
		}
	],
	"display": {
		"thirdperson_righthand": {
			"rotation": [0, 90, 90],
			"translation": [0.25, 1.5, 2],
			"scale": [0.3, 0.3, 0.3]
		},
		"thirdperson_lefthand": {
			"rotation": [90, -90, 0],
			"translation": [0.25, 1.5, 2],
			"scale": [0.3, 0.3, 0.3]
		},
		"firstperson_righthand": {
			"rotation": [0, 90, 45],
			"translation": [-2, 4.25, 5],
			"scale": [0.25, 0.25, 0.25]
		},
		"firstperson_lefthand": {
			"rotation": [0, -90, -45],
			"translation": [-2, 4.25, 5],
			"scale": [0.25, 0.25, 0.25]
		},
		"ground": {
			"translation": [-0.75, -0.5, 0],
			"scale": [0.4, 0.4, 0.4]
		},
		"gui": {
			"rotation": [-160, 45, -130],
			"translation": [3, -1, 0],
			"scale": [0.5, 0.5, 0.5]
		},
		"head": {
			"rotation": [0, -90, 0],
			"translation": [-0.25, 9.5, -1.5],
			"scale": [0.4, 0.4, 0.4]
		},
		"fixed": {
			"rotation": [0, -90, 90],
			"translation": [-0.75, -2.25, -6.25],
			"scale": [0.8, 0.8, 0.8]
		}
	}
}