{
	"credit": "Made with Blockbench",
	"texture_size": [32, 32],
	"textures": {
		"0": "item/special_event/chinese_valentines_2023/letter_2",
		"particle": "item/special_event/chinese_valentines_2023/letter_2"
	},
	"elements": [
		{
			"from": [2, 0, 2],
			"to": [3, 1, 5],
			"faces": {
				"north": {"uv": [10.5, 9, 11, 9.5], "texture": "#0"},
				"east": {"uv": [9, 6, 10.5, 6.5], "texture": "#0"},
				"south": {"uv": [9.5, 10.5, 10, 11], "texture": "#0"},
				"west": {"uv": [9, 7.5, 10.5, 8], "texture": "#0"},
				"up": {"uv": [8.5, 10.5, 8, 9], "texture": "#0"},
				"down": {"uv": [9, 9, 8.5, 10.5], "texture": "#0"}
			}
		},
		{
			"from": [3, 0, 1],
			"to": [4, 1, 2],
			"faces": {
				"north": {"uv": [10.5, 9.5, 11, 10], "texture": "#0"},
				"east": {"uv": [10.5, 10, 11, 10.5], "texture": "#0"},
				"south": {"uv": [10.5, 10.5, 11, 11], "texture": "#0"},
				"west": {"uv": [1, 11, 1.5, 11.5], "texture": "#0"},
				"up": {"uv": [11.5, 1.5, 11, 1], "texture": "#0"},
				"down": {"uv": [2, 11, 1.5, 11.5], "texture": "#0"}
			}
		},
		{
			"from": [5, 0, 0],
			"to": [6, 1, 2],
			"faces": {
				"north": {"uv": [2.5, 12, 3, 12.5], "texture": "#0"},
				"east": {"uv": [10.5, 4, 11.5, 4.5], "texture": "#0"},
				"south": {"uv": [12, 2.5, 12.5, 3], "texture": "#0"},
				"west": {"uv": [4.5, 10.5, 5.5, 11], "texture": "#0"},
				"up": {"uv": [7, 11.5, 6.5, 10.5], "texture": "#0"},
				"down": {"uv": [7.5, 10.5, 7, 11.5], "texture": "#0"}
			}
		},
		{
			"from": [4, 0, 1],
			"to": [5, 1, 2],
			"faces": {
				"north": {"uv": [1, 12, 1.5, 12.5], "texture": "#0"},
				"east": {"uv": [12, 1, 12.5, 1.5], "texture": "#0"},
				"south": {"uv": [1.5, 12, 2, 12.5], "texture": "#0"},
				"west": {"uv": [12, 1.5, 12.5, 2], "texture": "#0"},
				"up": {"uv": [2.5, 12.5, 2, 12], "texture": "#0"},
				"down": {"uv": [12.5, 2, 12, 2.5], "texture": "#0"}
			}
		},
		{
			"from": [11, 0, -2],
			"to": [12, 1, -1],
			"faces": {
				"north": {"uv": [9, 11, 9.5, 11.5], "texture": "#0"},
				"east": {"uv": [11, 9, 11.5, 9.5], "texture": "#0"},
				"south": {"uv": [9.5, 11, 10, 11.5], "texture": "#0"},
				"west": {"uv": [11, 9.5, 11.5, 10], "texture": "#0"},
				"up": {"uv": [10.5, 11.5, 10, 11], "texture": "#0"},
				"down": {"uv": [11.5, 10, 11, 10.5], "texture": "#0"}
			}
		},
		{
			"from": [12, 0, 1],
			"to": [13, 1, 2],
			"faces": {
				"north": {"uv": [11.5, 11, 12, 11.5], "texture": "#0"},
				"east": {"uv": [11.5, 11.5, 12, 12], "texture": "#0"},
				"south": {"uv": [0, 12, 0.5, 12.5], "texture": "#0"},
				"west": {"uv": [12, 0, 12.5, 0.5], "texture": "#0"},
				"up": {"uv": [1, 12.5, 0.5, 12], "texture": "#0"},
				"down": {"uv": [12.5, 0.5, 12, 1], "texture": "#0"}
			}
		},
		{
			"from": [14, 0, 8],
			"to": [15, 1, 9],
			"faces": {
				"north": {"uv": [11.5, 1, 12, 1.5], "texture": "#0"},
				"east": {"uv": [1.5, 11.5, 2, 12], "texture": "#0"},
				"south": {"uv": [11.5, 1.5, 12, 2], "texture": "#0"},
				"west": {"uv": [2, 11.5, 2.5, 12], "texture": "#0"},
				"up": {"uv": [12, 2.5, 11.5, 2], "texture": "#0"},
				"down": {"uv": [3, 11.5, 2.5, 12], "texture": "#0"}
			}
		},
		{
			"from": [12, 0, 10],
			"to": [13, 1, 11],
			"faces": {
				"north": {"uv": [11.5, 5.5, 12, 6], "texture": "#0"},
				"east": {"uv": [6, 11.5, 6.5, 12], "texture": "#0"},
				"south": {"uv": [11.5, 6, 12, 6.5], "texture": "#0"},
				"west": {"uv": [6.5, 11.5, 7, 12], "texture": "#0"},
				"up": {"uv": [12, 7, 11.5, 6.5], "texture": "#0"},
				"down": {"uv": [7.5, 11.5, 7, 12], "texture": "#0"}
			}
		},
		{
			"from": [13, 0, 9],
			"to": [14, 1, 10],
			"faces": {
				"north": {"uv": [11.5, 2.5, 12, 3], "texture": "#0"},
				"east": {"uv": [3, 11.5, 3.5, 12], "texture": "#0"},
				"south": {"uv": [11.5, 3, 12, 3.5], "texture": "#0"},
				"west": {"uv": [3.5, 11.5, 4, 12], "texture": "#0"},
				"up": {"uv": [12, 4, 11.5, 3.5], "texture": "#0"},
				"down": {"uv": [4.5, 11.5, 4, 12], "texture": "#0"}
			}
		},
		{
			"from": [11, 0, 11],
			"to": [12, 1, 12],
			"faces": {
				"north": {"uv": [11.5, 4, 12, 4.5], "texture": "#0"},
				"east": {"uv": [4.5, 11.5, 5, 12], "texture": "#0"},
				"south": {"uv": [11.5, 4.5, 12, 5], "texture": "#0"},
				"west": {"uv": [5, 11.5, 5.5, 12], "texture": "#0"},
				"up": {"uv": [12, 5.5, 11.5, 5], "texture": "#0"},
				"down": {"uv": [6, 11.5, 5.5, 12], "texture": "#0"}
			}
		},
		{
			"from": [6, 0, 11],
			"to": [7, 1, 12],
			"faces": {
				"north": {"uv": [11.5, 7.5, 12, 8], "texture": "#0"},
				"east": {"uv": [8, 11.5, 8.5, 12], "texture": "#0"},
				"south": {"uv": [11.5, 8, 12, 8.5], "texture": "#0"},
				"west": {"uv": [8.5, 11.5, 9, 12], "texture": "#0"},
				"up": {"uv": [12, 9, 11.5, 8.5], "texture": "#0"},
				"down": {"uv": [9.5, 11.5, 9, 12], "texture": "#0"}
			}
		},
		{
			"from": [12, 0, -1],
			"to": [13, 1, 1],
			"faces": {
				"north": {"uv": [10.5, 11, 11, 11.5], "texture": "#0"},
				"east": {"uv": [7, 9.5, 8, 10], "texture": "#0"},
				"south": {"uv": [11, 10.5, 11.5, 11], "texture": "#0"},
				"west": {"uv": [0, 10, 1, 10.5], "texture": "#0"},
				"up": {"uv": [1.5, 11, 1, 10], "texture": "#0"},
				"down": {"uv": [3, 10, 2.5, 11], "texture": "#0"}
			}
		},
		{
			"from": [3, 0, 5],
			"to": [4, 1, 7],
			"faces": {
				"north": {"uv": [11.5, 9, 12, 9.5], "texture": "#0"},
				"east": {"uv": [6.5, 10, 7.5, 10.5], "texture": "#0"},
				"south": {"uv": [9.5, 11.5, 10, 12], "texture": "#0"},
				"west": {"uv": [10, 6.5, 11, 7], "texture": "#0"},
				"up": {"uv": [8, 11, 7.5, 10], "texture": "#0"},
				"down": {"uv": [10.5, 8, 10, 9], "texture": "#0"}
			}
		},
		{
			"from": [4, 0, 5],
			"to": [5, 1, 7],
			"faces": {
				"north": {"uv": [3, 12, 3.5, 12.5], "texture": "#0"},
				"east": {"uv": [10.5, 6, 11.5, 6.5], "texture": "#0"},
				"south": {"uv": [12, 3, 12.5, 3.5], "texture": "#0"},
				"west": {"uv": [10.5, 7.5, 11.5, 8], "texture": "#0"},
				"up": {"uv": [8.5, 11.5, 8, 10.5], "texture": "#0"},
				"down": {"uv": [11, 8, 10.5, 9], "texture": "#0"}
			}
		},
		{
			"from": [5, 0, 9],
			"to": [6, 1, 11],
			"faces": {
				"north": {"uv": [11.5, 10, 12, 10.5], "texture": "#0"},
				"east": {"uv": [10.5, 0, 11.5, 0.5], "texture": "#0"},
				"south": {"uv": [10.5, 11.5, 11, 12], "texture": "#0"},
				"west": {"uv": [10.5, 0.5, 11.5, 1], "texture": "#0"},
				"up": {"uv": [1, 11.5, 0.5, 10.5], "texture": "#0"},
				"down": {"uv": [11, 1, 10.5, 2], "texture": "#0"}
			}
		},
		{
			"from": [4, 0, 7],
			"to": [5, 1, 9],
			"faces": {
				"north": {"uv": [11.5, 9.5, 12, 10], "texture": "#0"},
				"east": {"uv": [10, 7, 11, 7.5], "texture": "#0"},
				"south": {"uv": [10, 11.5, 10.5, 12], "texture": "#0"},
				"west": {"uv": [9, 10, 10, 10.5], "texture": "#0"},
				"up": {"uv": [10.5, 11, 10, 10], "texture": "#0"},
				"down": {"uv": [0.5, 10.5, 0, 11.5], "texture": "#0"}
			}
		},
		{
			"from": [13, 0, 1],
			"to": [14, 1, 3],
			"faces": {
				"north": {"uv": [11, 11, 11.5, 11.5], "texture": "#0"},
				"east": {"uv": [3, 10, 4, 10.5], "texture": "#0"},
				"south": {"uv": [0, 11.5, 0.5, 12], "texture": "#0"},
				"west": {"uv": [10, 3, 11, 3.5], "texture": "#0"},
				"up": {"uv": [10.5, 4.5, 10, 3.5], "texture": "#0"},
				"down": {"uv": [4.5, 10, 4, 11], "texture": "#0"}
			}
		},
		{
			"from": [14, 0, 3],
			"to": [15, 1, 5],
			"faces": {
				"north": {"uv": [11.5, 0, 12, 0.5], "texture": "#0"},
				"east": {"uv": [4.5, 10, 5.5, 10.5], "texture": "#0"},
				"south": {"uv": [0.5, 11.5, 1, 12], "texture": "#0"},
				"west": {"uv": [10, 4.5, 11, 5], "texture": "#0"},
				"up": {"uv": [6, 11, 5.5, 10], "texture": "#0"},
				"down": {"uv": [6.5, 10, 6, 11], "texture": "#0"}
			}
		},
		{
			"from": [13, 0, 3],
			"to": [14, 1, 5],
			"faces": {
				"north": {"uv": [10.5, 2, 11.5, 2.5], "texture": "#0"},
				"east": {"uv": [10.5, 2.5, 11.5, 3], "texture": "#0"},
				"south": {"uv": [3, 10.5, 4, 11], "texture": "#0"},
				"west": {"uv": [10.5, 3.5, 11.5, 4], "texture": "#0"},
				"up": {"uv": [7, 9.5, 6, 8.5], "texture": "#0"},
				"down": {"uv": [8, 8.5, 7, 9.5], "texture": "#0"}
			}
		},
		{
			"from": [15, 0, 5],
			"to": [16, 1, 8],
			"faces": {
				"north": {"uv": [11.5, 0.5, 12, 1], "texture": "#0"},
				"east": {"uv": [9, 9, 10.5, 9.5], "texture": "#0"},
				"south": {"uv": [1, 11.5, 1.5, 12], "texture": "#0"},
				"west": {"uv": [0, 9.5, 1.5, 10], "texture": "#0"},
				"up": {"uv": [2, 11, 1.5, 9.5], "texture": "#0"},
				"down": {"uv": [2.5, 9.5, 2, 11], "texture": "#0"}
			}
		},
		{
			"from": [6, 0, -2],
			"to": [7, 1, -1],
			"faces": {
				"north": {"uv": [11, 5.5, 11.5, 6], "texture": "#0"},
				"east": {"uv": [6, 11, 6.5, 11.5], "texture": "#0"},
				"south": {"uv": [11, 6.5, 11.5, 7], "texture": "#0"},
				"west": {"uv": [11, 7, 11.5, 7.5], "texture": "#0"},
				"up": {"uv": [8, 11.5, 7.5, 11], "texture": "#0"},
				"down": {"uv": [11.5, 8, 11, 8.5], "texture": "#0"}
			}
		},
		{
			"from": [5, 0, -1],
			"to": [6, 1, 0],
			"faces": {
				"north": {"uv": [4, 11, 4.5, 11.5], "texture": "#0"},
				"east": {"uv": [4.5, 11, 5, 11.5], "texture": "#0"},
				"south": {"uv": [11, 4.5, 11.5, 5], "texture": "#0"},
				"west": {"uv": [5, 11, 5.5, 11.5], "texture": "#0"},
				"up": {"uv": [11.5, 5.5, 11, 5], "texture": "#0"},
				"down": {"uv": [6, 11, 5.5, 11.5], "texture": "#0"}
			}
		},
		{
			"from": [4, 0, 0],
			"to": [5, 1, 1],
			"faces": {
				"north": {"uv": [11, 1.5, 11.5, 2], "texture": "#0"},
				"east": {"uv": [2, 11, 2.5, 11.5], "texture": "#0"},
				"south": {"uv": [2.5, 11, 3, 11.5], "texture": "#0"},
				"west": {"uv": [3, 11, 3.5, 11.5], "texture": "#0"},
				"up": {"uv": [11.5, 3.5, 11, 3], "texture": "#0"},
				"down": {"uv": [4, 11, 3.5, 11.5], "texture": "#0"}
			}
		},
		{
			"from": [7, 0, -3],
			"to": [12, 1, -2],
			"faces": {
				"north": {"uv": [8, 0, 10.5, 0.5], "texture": "#0"},
				"east": {"uv": [8.5, 11, 9, 11.5], "texture": "#0"},
				"south": {"uv": [8, 0.5, 10.5, 1], "texture": "#0"},
				"west": {"uv": [11, 8.5, 11.5, 9], "texture": "#0"},
				"up": {"uv": [10.5, 1.5, 8, 1], "texture": "#0"},
				"down": {"uv": [10.5, 1.5, 8, 2], "texture": "#0"}
			}
		},
		{
			"from": [7, 0, -2],
			"to": [11, 1, -1],
			"faces": {
				"north": {"uv": [8, 8, 10, 8.5], "texture": "#0"},
				"east": {"uv": [11.5, 10.5, 12, 11], "texture": "#0"},
				"south": {"uv": [0, 8.5, 2, 9], "texture": "#0"},
				"west": {"uv": [11, 11.5, 11.5, 12], "texture": "#0"},
				"up": {"uv": [4, 9, 2, 8.5], "texture": "#0"},
				"down": {"uv": [6, 8.5, 4, 9], "texture": "#0"}
			}
		},
		{
			"from": [6, 0, 12],
			"to": [11, 1, 13],
			"faces": {
				"north": {"uv": [8, 2, 10.5, 2.5], "texture": "#0"},
				"east": {"uv": [11.5, 7, 12, 7.5], "texture": "#0"},
				"south": {"uv": [8, 2.5, 10.5, 3], "texture": "#0"},
				"west": {"uv": [7.5, 11.5, 8, 12], "texture": "#0"},
				"up": {"uv": [5.5, 8.5, 3, 8], "texture": "#0"},
				"down": {"uv": [8, 8, 5.5, 8.5], "texture": "#0"}
			}
		},
		{
			"from": [7, 0, 11],
			"to": [11, 1, 12],
			"faces": {
				"north": {"uv": [8, 8.5, 10, 9], "texture": "#0"},
				"east": {"uv": [4.5, 12, 5, 12.5], "texture": "#0"},
				"south": {"uv": [0, 9, 2, 9.5], "texture": "#0"},
				"west": {"uv": [12, 4.5, 12.5, 5], "texture": "#0"},
				"up": {"uv": [4, 9.5, 2, 9], "texture": "#0"},
				"down": {"uv": [6, 9, 4, 9.5], "texture": "#0"}
			}
		},
		{
			"from": [6, 0, 10],
			"to": [12, 1, 11],
			"faces": {
				"north": {"uv": [0, 7.5, 3, 8], "texture": "#0"},
				"east": {"uv": [4, 12, 4.5, 12.5], "texture": "#0"},
				"south": {"uv": [3, 7.5, 6, 8], "texture": "#0"},
				"west": {"uv": [12, 4, 12.5, 4.5], "texture": "#0"},
				"up": {"uv": [9, 8, 6, 7.5], "texture": "#0"},
				"down": {"uv": [3, 8, 0, 8.5], "texture": "#0"}
			}
		},
		{
			"from": [6, 0, 9],
			"to": [13, 1, 10],
			"faces": {
				"north": {"uv": [0, 6.5, 3.5, 7], "texture": "#0"},
				"east": {"uv": [3.5, 12, 4, 12.5], "texture": "#0"},
				"south": {"uv": [3.5, 6.5, 7, 7], "texture": "#0"},
				"west": {"uv": [12, 3.5, 12.5, 4], "texture": "#0"},
				"up": {"uv": [3.5, 7.5, 0, 7], "texture": "#0"},
				"down": {"uv": [7, 7, 3.5, 7.5], "texture": "#0"}
			}
		},
		{
			"from": [5, 0, 8],
			"to": [14, 1, 9],
			"faces": {
				"north": {"uv": [5, 5, 9.5, 5.5], "texture": "#0"},
				"east": {"uv": [8.5, 10.5, 9, 11], "texture": "#0"},
				"south": {"uv": [5, 5.5, 9.5, 6], "texture": "#0"},
				"west": {"uv": [9, 10.5, 9.5, 11], "texture": "#0"},
				"up": {"uv": [4.5, 6.5, 0, 6], "texture": "#0"},
				"down": {"uv": [9, 6, 4.5, 6.5], "texture": "#0"}
			}
		},
		{
			"from": [3, 0, 2],
			"to": [13, 1, 5],
			"faces": {
				"north": {"uv": [5, 3, 10, 3.5], "texture": "#0"},
				"east": {"uv": [2.5, 9.5, 4, 10], "texture": "#0"},
				"south": {"uv": [5, 3.5, 10, 4], "texture": "#0"},
				"west": {"uv": [4, 9.5, 5.5, 10], "texture": "#0"},
				"up": {"uv": [5, 1.5, 0, 0], "texture": "#0"},
				"down": {"uv": [5, 1.5, 0, 3], "texture": "#0"}
			}
		},
		{
			"from": [6, 0, -1],
			"to": [12, 1, 2],
			"faces": {
				"north": {"uv": [7, 6.5, 10, 7], "texture": "#0"},
				"east": {"uv": [9.5, 5.5, 11, 6], "texture": "#0"},
				"south": {"uv": [7, 7, 10, 7.5], "texture": "#0"},
				"west": {"uv": [9, 9.5, 10.5, 10], "texture": "#0"},
				"up": {"uv": [8, 1.5, 5, 0], "texture": "#0"},
				"down": {"uv": [8, 1.5, 5, 3], "texture": "#0"}
			}
		},
		{
			"from": [5, 0, 5],
			"to": [15, 1, 8],
			"faces": {
				"north": {"uv": [5, 4, 10, 4.5], "texture": "#0"},
				"east": {"uv": [9.5, 5, 11, 5.5], "texture": "#0"},
				"south": {"uv": [5, 4.5, 10, 5], "texture": "#0"},
				"west": {"uv": [5.5, 9.5, 7, 10], "texture": "#0"},
				"up": {"uv": [5, 4.5, 0, 3], "texture": "#0"},
				"down": {"uv": [5, 4.5, 0, 6], "texture": "#0"}
			}
		}
	],
	"gui_light": "front",
	"display": {
		"thirdperson_righthand": {
			"rotation": [90, 100, 0],
			"translation": [1.75, 2, 4.5],
			"scale": [0.5, 0.5, 0.5]
		},
		"thirdperson_lefthand": {
			"rotation": [90, -100, 0],
			"translation": [-1.75, 2, 4.5],
			"scale": [0.5, 0.5, 0.5]
		},
		"firstperson_righthand": {
			"rotation": [-5, 70, 90],
			"translation": [1, 3.75, 6.75],
			"scale": [0.5, 0.5, 0.5]
		},
		"firstperson_lefthand": {
			"rotation": [-180, -70, 90],
			"translation": [-3, 3.75, 6],
			"scale": [0.5, 0.5, 0.5]
		},
		"ground": {
			"rotation": [90, 90, 0],
			"translation": [1.75, -1, 5],
			"scale": [0.5, 0.5, 0.5]
		},
		"gui": {
			"rotation": [0, 90, 90],
			"translation": [3, -1, 0]
		},
		"head": {
			"rotation": [90, 90, 0],
			"translation": [2.5, 13.25, 15]
		},
		"fixed": {
			"rotation": [0, -90, 90],
			"translation": [-3, -1, -7.25]
		}
	}
}