{
	"credit": "Made with Blockbench",
	"texture_size": [32, 32],
	"textures": {
		"1": "item/special_event/chinese_valentines_2023/red_rose"
	},
	"elements": [
		{
			"name": "base",
			"from": [11, 0, 7],
			"to": [14, 2, 9],
			"rotation": {"angle": 0, "axis": "y", "origin": [11, 0, 8]},
			"faces": {
				"north": {"uv": [1, 2, 2.5, 3], "texture": "#1"},
				"east": {"uv": [0, 2, 1, 3], "texture": "#1"},
				"south": {"uv": [3.5, 2, 5, 3], "texture": "#1"},
				"west": {"uv": [2.5, 2, 3.5, 3], "texture": "#1"},
				"up": {"uv": [2.5, 2, 1, 1], "texture": "#1"},
				"down": {"uv": [4, 1, 2.5, 2], "texture": "#1"}
			}
		},
		{
			"name": "inside",
			"from": [13.25, 0.5, 7.5],
			"to": [14.25, 1.5, 8.5],
			"rotation": {"angle": 0, "axis": "y", "origin": [13.25, 0.5, 7.5]},
			"faces": {
				"north": {"uv": [0.5, 5.5, 1, 6], "texture": "#1"},
				"east": {"uv": [0, 5.5, 0.5, 6], "texture": "#1"},
				"south": {"uv": [1.5, 5.5, 2, 6], "texture": "#1"},
				"west": {"uv": [1, 5.5, 1.5, 6], "texture": "#1"},
				"up": {"uv": [1, 5.5, 0.5, 5], "texture": "#1"},
				"down": {"uv": [1.5, 5, 1, 5.5], "texture": "#1"}
			}
		},
		{
			"name": "outside1",
			"from": [12, 0, 9],
			"to": [14, 2, 9],
			"rotation": {"angle": -22.5, "axis": "y", "origin": [12, 0, 8]},
			"faces": {
				"north": {"uv": [4, 4, 5, 5], "texture": "#1"},
				"east": {"uv": [4, 4, 4, 5], "texture": "#1"},
				"south": {"uv": [5, 4, 6, 5], "texture": "#1"},
				"west": {"uv": [5, 4, 5, 5], "texture": "#1"},
				"up": {"uv": [5, 4, 4, 4], "texture": "#1"},
				"down": {"uv": [6, 4, 5, 4], "texture": "#1"}
			}
		},
		{
			"name": "outside2",
			"from": [12, 0, 7],
			"to": [14, 2, 7],
			"rotation": {"angle": 22.5, "axis": "y", "origin": [12, 0, 7]},
			"faces": {
				"north": {"uv": [3, 3, 4, 4], "texture": "#1"},
				"east": {"uv": [3, 3, 3, 4], "texture": "#1"},
				"south": {"uv": [4, 3, 5, 4], "texture": "#1"},
				"west": {"uv": [4, 3, 4, 4], "texture": "#1"},
				"up": {"uv": [4, 3, 3, 3], "texture": "#1"},
				"down": {"uv": [5, 3, 4, 3], "texture": "#1"}
			}
		},
		{
			"name": "outside3",
			"from": [12, 2, 7],
			"to": [14, 2, 9],
			"rotation": {"angle": 22.5, "axis": "z", "origin": [12, 1, 8]},
			"faces": {
				"north": {"uv": [4, 2, 5, 2], "texture": "#1"},
				"east": {"uv": [3, 2, 4, 2], "texture": "#1"},
				"south": {"uv": [6, 2, 7, 2], "texture": "#1"},
				"west": {"uv": [5, 2, 6, 2], "texture": "#1"},
				"up": {"uv": [5, 2, 4, 1], "texture": "#1"},
				"down": {"uv": [6, 1, 5, 2], "texture": "#1"}
			}
		},
		{
			"name": "outside4",
			"from": [12, 0, 7],
			"to": [14, 0, 9],
			"rotation": {"angle": -22.5, "axis": "z", "origin": [12, 0, 8]},
			"faces": {
				"north": {"uv": [1, 4, 2, 4], "texture": "#1"},
				"east": {"uv": [0, 4, 1, 4], "texture": "#1"},
				"south": {"uv": [3, 4, 4, 4], "texture": "#1"},
				"west": {"uv": [2, 4, 3, 4], "texture": "#1"},
				"up": {"uv": [2, 4, 1, 3], "texture": "#1"},
				"down": {"uv": [3, 3, 2, 4], "texture": "#1"}
			}
		},
		{
			"name": "base",
			"from": [2, 0.5, 7.5],
			"to": [11, 1.5, 8.5],
			"rotation": {"angle": 0, "axis": "y", "origin": [8, 0.5, 7.5]},
			"faces": {
				"north": {"uv": [0.5, 0.5, 5, 1], "texture": "#1"},
				"east": {"uv": [0, 0.5, 0.5, 1], "texture": "#1"},
				"south": {"uv": [5.5, 0.5, 10, 1], "texture": "#1"},
				"west": {"uv": [5, 0.5, 5.5, 1], "texture": "#1"},
				"up": {"uv": [5, 0.5, 0.5, 0], "texture": "#1"},
				"down": {"uv": [9.5, 0, 5, 0.5], "texture": "#1"}
			}
		},
		{
			"name": "leaf1",
			"from": [9.25, 0, 8],
			"to": [9.25, 2, 10],
			"rotation": {"angle": 22.5, "axis": "y", "origin": [9.25, 0, 8]},
			"faces": {
				"north": {"uv": [3, 4, 3, 5], "texture": "#1"},
				"east": {"uv": [2, 4, 3, 5], "texture": "#1"},
				"south": {"uv": [4, 4, 4, 5], "texture": "#1"},
				"west": {"uv": [3, 4, 4, 5], "texture": "#1"},
				"up": {"uv": [3, 4, 3, 3], "texture": "#1"},
				"down": {"uv": [3, 3, 3, 4], "texture": "#1"}
			}
		},
		{
			"name": "leaf2",
			"from": [7.5, 0, 6],
			"to": [7.5, 2, 8],
			"rotation": {"angle": -22.5, "axis": "y", "origin": [7.5, 0, 6]},
			"faces": {
				"north": {"uv": [1, 4, 1, 5], "texture": "#1"},
				"east": {"uv": [0, 4, 1, 5], "texture": "#1"},
				"south": {"uv": [2, 4, 2, 5], "texture": "#1"},
				"west": {"uv": [1, 4, 2, 5], "texture": "#1"},
				"up": {"uv": [1, 4, 1, 3], "texture": "#1"},
				"down": {"uv": [1, 3, 1, 4], "texture": "#1"}
			}
		}
	],
	"display": {
		"thirdperson_righthand": {
			"rotation": [0, 0, 90],
			"translation": [-7, 0, -0.5]
		},
		"thirdperson_lefthand": {
			"rotation": [0, 0, -90],
			"translation": [7, 0, -0.5]
		},
		"firstperson_righthand": {
			"rotation": [-20, 0, 90],
			"translation": [-4.5, 2, 0]
		},
		"firstperson_lefthand": {
			"rotation": [-20, 0, -90],
			"translation": [9.5, 2, 0]
		},
		"ground": {
			"rotation": [0, 0, 90],
			"translation": [-7, 5, 0]
		},
		"gui": {
			"rotation": [-30, 12, 135],
			"translation": [-6.5, -6, -2],
			"scale": [1.5, 1.5, 1.5]
		},
		"head": {
			"rotation": [90, 0, 0],
			"translation": [2.5, -4, 3.35],
			"scale": [1.5, 1.5, 1.5]
		},
		"fixed": {
			"rotation": [0, 0, 45],
			"translation": [-7, 8, -2],
			"scale": [1.5, 1.5, 1.5]
		}
	},
	"groups": [
		{
			"name": "rose",
			"origin": [0, 0, 0],
			"color": 0,
			"children": [
				{
					"name": "flower",
					"origin": [0, 0, 0],
					"color": 0,
					"children": [0, 1, 2, 3, 4, 5]
				},
				{
					"name": "stem",
					"origin": [0, 0, 0],
					"color": 0,
					"children": [6, 7, 8]
				}
			]
		}
	]
}