{
	"credit": "Made with Blockbench",
	"texture_size": [32, 32],
	"textures": {
		"1": "item/special_event/chinese_valentines_2023/ring_box"
	},
	"elements": [
		{
			"name": "box",
			"from": [6.5, 0, 6.5],
			"to": [9.5, 2, 9.5],
			"rotation": {"angle": 0, "axis": "y", "origin": [8, 0, 8]},
			"faces": {
				"north": {"uv": [1.5, 1.5, 3, 2.5], "texture": "#1"},
				"east": {"uv": [0, 1.5, 1.5, 2.5], "texture": "#1"},
				"south": {"uv": [4.5, 1.5, 6, 2.5], "texture": "#1"},
				"west": {"uv": [3, 1.5, 4.5, 2.5], "texture": "#1"},
				"up": {"uv": [3, 1.5, 1.5, 0], "texture": "#1"},
				"down": {"uv": [4.5, 0, 3, 1.5], "texture": "#1"}
			}
		},
		{
			"name": "middle flat",
			"from": [6.5, 1.5, 6.5],
			"to": [9.5, 1.5, 9.5],
			"rotation": {"angle": 0, "axis": "y", "origin": [8, 1.5, 8]},
			"faces": {
				"north": {"uv": [4.5, 1.5, 6, 1.5], "texture": "#1"},
				"east": {"uv": [3, 1.5, 4.5, 1.5], "texture": "#1"},
				"south": {"uv": [7.5, 1.5, 9, 1.5], "texture": "#1"},
				"west": {"uv": [6, 1.5, 7.5, 1.5], "texture": "#1"},
				"up": {"uv": [6, 1.5, 4.5, 0], "texture": "#1"},
				"down": {"uv": [7.5, 0, 6, 1.5], "texture": "#1"}
			}
		},
		{
			"name": "middle",
			"from": [7.5, 1, 7.5],
			"to": [8.5, 2, 8.5],
			"rotation": {"angle": 0, "axis": "y", "origin": [8, 1.5, 8]},
			"faces": {
				"north": {"uv": [2.5, 5, 3, 5.5], "texture": "#1"},
				"east": {"uv": [2, 5, 2.5, 5.5], "texture": "#1"},
				"south": {"uv": [3.5, 5, 4, 5.5], "texture": "#1"},
				"west": {"uv": [3, 5, 3.5, 5.5], "texture": "#1"},
				"up": {"uv": [3, 5, 2.5, 4.5], "texture": "#1"},
				"down": {"uv": [3.5, 4.5, 3, 5], "texture": "#1"}
			}
		},
		{
			"name": "ring",
			"from": [7, 0.5, 8],
			"to": [9, 2.5, 8],
			"rotation": {"angle": 0, "axis": "y", "origin": [8, 1.5, 8]},
			"faces": {
				"north": {"uv": [0, 4.5, 1, 5.5], "texture": "#1"},
				"east": {"uv": [0, 4.5, 0, 5.5], "texture": "#1"},
				"south": {"uv": [1, 4.5, 2, 5.5], "texture": "#1"},
				"west": {"uv": [1, 4.5, 1, 5.5], "texture": "#1"},
				"up": {"uv": [1, 4.5, 0, 4.5], "texture": "#1"},
				"down": {"uv": [2, 4.5, 1, 4.5], "texture": "#1"}
			}
		},
		{
			"from": [6.5, 2, 6.5],
			"to": [9.5, 3, 9.5],
			"rotation": {"angle": 45, "axis": "x", "origin": [8, 2, 9.5]},
			"faces": {
				"north": {"uv": [1.5, 4, 3, 4.5], "texture": "#1"},
				"east": {"uv": [0, 4, 1.5, 4.5], "texture": "#1"},
				"south": {"uv": [4.5, 4, 6, 4.5], "texture": "#1"},
				"west": {"uv": [3, 4, 4.5, 4.5], "texture": "#1"},
				"up": {"uv": [3, 4, 1.5, 2.5], "texture": "#1"},
				"down": {"uv": [4.5, 2.5, 3, 4], "texture": "#1"}
			}
		}
	],
	"display": {
		"thirdperson_righthand": {
			"rotation": [80, 0, 0],
			"translation": [0, 3, 8]
		},
		"thirdperson_lefthand": {
			"rotation": [80, 0, 0],
			"translation": [0, 3, 8]
		},
		"firstperson_righthand": {
			"translation": [0, 7, 0]
		},
		"firstperson_lefthand": {
			"translation": [0, 7, 0]
		},
		"ground": {
			"translation": [0, 5, 0]
		},
		"gui": {
			"rotation": [20, -140, 0],
			"translation": [0, 11, -4],
			"scale": [2, 2, 2]
		},
		"head": {
			"translation": [0, 14, 0]
		},
		"fixed": {
			"translation": [0, 11, -3.5],
			"scale": [2, 2, 2]
		}
	},
	"groups": [
		{
			"name": "box",
			"origin": [0, 1.5, 0],
			"color": 0,
			"children": [
				{
					"name": "bottom",
					"origin": [0, 0, 0],
					"color": 0,
					"children": [0, 1, 2, 3]
				},
				{
					"name": "top",
					"origin": [0, 2, 1.5],
					"color": 0,
					"children": [4]
				}
			]
		}
	]
}