{
	"credit": "Made with Blockbench",
	"textures": {
		"0": "item/special_event/christmas_2024/wand/wood",
		"1": "item/special_event/christmas_2024/wand/bell",
		"particle": "item/special_event/christmas_2024/wand/wood"
	},
	"elements": [
		{
			"from": [7, 6, 6.925],
			"to": [8, 12, 8.975],
			"rotation": {"angle": 0, "axis": "y", "origin": [7, -11, 7]},
			"faces": {
				"north": {"uv": [7.5, 11, 8, 14], "texture": "#0"},
				"east": {"uv": [4, 9, 5, 12], "texture": "#0"},
				"south": {"uv": [8, 11, 8.5, 14], "texture": "#0"},
				"west": {"uv": [9, 6, 10, 9], "texture": "#0"},
				"up": {"uv": [13, 12.5, 12.5, 11.5], "texture": "#0"},
				"down": {"uv": [12.5, 12.5, 12, 13.5], "texture": "#0"}
			}
		},
		{
			"from": [6, 7.2, 6.7],
			"to": [7, 13.4, 9.25],
			"rotation": {"angle": 0, "axis": "y", "origin": [6, -11, 7]},
			"faces": {
				"north": {"uv": [8.5, 11, 9, 14], "texture": "#0"},
				"east": {"uv": [6, 2, 7.5, 5], "texture": "#0"},
				"south": {"uv": [11, 10, 11.5, 13], "texture": "#0"},
				"west": {"uv": [6, 5, 7.5, 8], "texture": "#0"},
				"up": {"uv": [13, 11.5, 12.5, 10], "texture": "#0"},
				"down": {"uv": [12, 12.5, 11.5, 14], "texture": "#0"}
			}
		},
		{
			"from": [3.275, 10.1, 6.575],
			"to": [5, 19, 9.25],
			"rotation": {"angle": 0, "axis": "y", "origin": [4, -5, 7]},
			"faces": {
				"north": {"uv": [7.5, 2, 8.5, 6.5], "texture": "#0"},
				"east": {"uv": [2, 4.5, 3.5, 9], "texture": "#0"},
				"south": {"uv": [7.5, 6.5, 8.5, 11], "texture": "#0"},
				"west": {"uv": [3.5, 4.5, 5, 9], "texture": "#0"},
				"up": {"uv": [12.5, 7.5, 11.5, 6], "texture": "#0"},
				"down": {"uv": [12.5, 7.5, 11.5, 9], "texture": "#0"}
			}
		},
		{
			"from": [2.6, 11.05, 7.1],
			"to": [3.275, 18.175, 8.725],
			"rotation": {"angle": 0, "axis": "y", "origin": [2.275, -5, 7]},
			"faces": {
				"north": {"uv": [1, 11, 1.5, 14.5], "texture": "#0"},
				"east": {"uv": [2, 9, 3, 12.5], "texture": "#0"},
				"south": {"uv": [1.5, 11, 2, 14.5], "texture": "#0"},
				"west": {"uv": [3, 9, 4, 12.5], "texture": "#0"},
				"up": {"uv": [11.5, 14, 11, 13], "texture": "#0"},
				"down": {"uv": [14, 3, 13.5, 4], "texture": "#0"}
			}
		},
		{
			"from": [7.4, -8, 7.45],
			"to": [8, 3, 8.55],
			"rotation": {"angle": 0, "axis": "y", "origin": [7, -25, 7]},
			"faces": {
				"north": {"uv": [9, 10, 9.5, 15.5], "texture": "#0"},
				"east": {"uv": [9.5, 10, 10, 15.5], "texture": "#0"},
				"south": {"uv": [10, 10, 10.5, 15.5], "texture": "#0"},
				"west": {"uv": [10.5, 10, 11, 15.5], "texture": "#0"},
				"up": {"uv": [5.5, 14, 5, 13.5], "texture": "#0"},
				"down": {"uv": [6, 13.5, 5.5, 14], "texture": "#0"}
			}
		},
		{
			"from": [8, -11, 7.25],
			"to": [9, 11, 8.75],
			"rotation": {"angle": 0, "axis": "y", "origin": [7, -11, 7]},
			"faces": {
				"north": {"uv": [5, 2, 5.5, 13], "texture": "#0"},
				"east": {"uv": [0, 0, 1, 11], "texture": "#0"},
				"south": {"uv": [5.5, 2, 6, 13], "texture": "#0"},
				"west": {"uv": [1, 0, 2, 11], "texture": "#0"},
				"up": {"uv": [13.5, 6.5, 13, 5.5], "texture": "#0"},
				"down": {"uv": [13.5, 10, 13, 11], "texture": "#0"}
			}
		},
		{
			"from": [9, -5, 7.525],
			"to": [9.6, 9.175, 8.5],
			"rotation": {"angle": 0, "axis": "y", "origin": [9, -13, 7]},
			"faces": {
				"north": {"uv": [6, 8, 6.5, 15], "texture": "#0"},
				"east": {"uv": [6.5, 8, 7, 15], "texture": "#0"},
				"south": {"uv": [7, 8, 7.5, 15], "texture": "#0"},
				"west": {"uv": [8.5, 4, 9, 11], "texture": "#0"},
				"up": {"uv": [14, 4.5, 13.5, 4], "texture": "#0"},
				"down": {"uv": [14, 4.5, 13.5, 5], "texture": "#0"}
			}
		},
		{
			"from": [5, 9.175, 6.275],
			"to": [6, 18, 9.725],
			"rotation": {"angle": 0, "axis": "y", "origin": [5, -11, 7]},
			"faces": {
				"north": {"uv": [0, 11, 0.5, 15.5], "texture": "#0"},
				"east": {"uv": [2, 0, 3.5, 4.5], "texture": "#0"},
				"south": {"uv": [0.5, 11, 1, 15.5], "texture": "#0"},
				"west": {"uv": [3.5, 0, 5, 4.5], "texture": "#0"},
				"up": {"uv": [13, 5.5, 12.5, 4], "texture": "#0"},
				"down": {"uv": [13, 5.5, 12.5, 7], "texture": "#0"}
			}
		},
		{
			"from": [6, 13.4, 7.325],
			"to": [7, 18, 8.725],
			"rotation": {"angle": 0, "axis": "y", "origin": [6, -11, 7]},
			"faces": {
				"north": {"uv": [11.5, 10, 12, 12.5], "texture": "#0"},
				"east": {"uv": [4, 12, 4.5, 14.5], "texture": "#0"},
				"south": {"uv": [4.5, 12, 5, 14.5], "texture": "#0"},
				"west": {"uv": [12, 10, 12.5, 12.5], "texture": "#0"},
				"up": {"uv": [14, 6, 13.5, 5.5], "texture": "#0"},
				"down": {"uv": [14, 6, 13.5, 6.5], "texture": "#0"}
			}
		},
		{
			"from": [5, 18, 6.65],
			"to": [8, 19, 9.375],
			"rotation": {"angle": 0, "axis": "y", "origin": [3, -5, 7]},
			"faces": {
				"north": {"uv": [12.5, 7, 14, 7.5], "texture": "#0"},
				"east": {"uv": [12.5, 7.5, 14, 8], "texture": "#0"},
				"south": {"uv": [12.5, 8, 14, 8.5], "texture": "#0"},
				"west": {"uv": [12.5, 8.5, 14, 9], "texture": "#0"},
				"up": {"uv": [11.5, 7.5, 10, 6], "texture": "#0"},
				"down": {"uv": [11.5, 7.5, 10, 9], "texture": "#0"}
			}
		},
		{
			"from": [3.7, 19, 7.125],
			"to": [15.875, 20, 9],
			"rotation": {"angle": 0, "axis": "y", "origin": [3, -4, 7]},
			"faces": {
				"north": {"uv": [9, 9, 15, 9.5], "texture": "#0"},
				"east": {"uv": [13, 6.5, 14, 7], "texture": "#0"},
				"south": {"uv": [9, 9.5, 15, 10], "texture": "#0"},
				"west": {"uv": [13, 11, 14, 11.5], "texture": "#0"},
				"up": {"uv": [11, 1, 5, 0], "texture": "#0"},
				"down": {"uv": [11, 1, 5, 2], "texture": "#0"}
			}
		},
		{
			"from": [5.575, 20, 7],
			"to": [13.225, 21, 9],
			"rotation": {"angle": 0, "axis": "y", "origin": [3, -3, 7]},
			"faces": {
				"north": {"uv": [11, 0, 15, 0.5], "texture": "#0"},
				"east": {"uv": [13, 11.5, 14, 12], "texture": "#0"},
				"south": {"uv": [11, 0.5, 15, 1], "texture": "#0"},
				"west": {"uv": [13, 12, 14, 12.5], "texture": "#0"},
				"up": {"uv": [12.5, 3, 8.5, 2], "texture": "#0"},
				"down": {"uv": [12.5, 3, 8.5, 4], "texture": "#0"}
			}
		},
		{
			"from": [10, 18, 7.175],
			"to": [17.45, 19, 8.85],
			"rotation": {"angle": 0, "axis": "y", "origin": [8, -5, 7]},
			"faces": {
				"north": {"uv": [11, 1, 14.5, 1.5], "texture": "#0"},
				"east": {"uv": [13, 12.5, 14, 13], "texture": "#0"},
				"south": {"uv": [11, 1.5, 14.5, 2], "texture": "#0"},
				"west": {"uv": [13, 13, 14, 13.5], "texture": "#0"},
				"up": {"uv": [12.5, 5, 9, 4], "texture": "#0"},
				"down": {"uv": [12.5, 5, 9, 6], "texture": "#0"}
			}
		},
		{
			"from": [16, 16, 7.325],
			"to": [18, 18, 8.625],
			"rotation": {"angle": 0, "axis": "y", "origin": [3, -7, 7]},
			"faces": {
				"north": {"uv": [2, 12.5, 3, 13.5], "texture": "#0"},
				"east": {"uv": [12.5, 12.5, 13, 13.5], "texture": "#0"},
				"south": {"uv": [12.5, 2, 13.5, 3], "texture": "#0"},
				"west": {"uv": [13, 4, 13.5, 5], "texture": "#0"},
				"up": {"uv": [6, 13.5, 5, 13], "texture": "#0"},
				"down": {"uv": [14, 5, 13, 5.5], "texture": "#0"}
			}
		},
		{
			"from": [14, 17, 7],
			"to": [16, 18, 9],
			"rotation": {"angle": 0, "axis": "y", "origin": [1, -7, 7]},
			"faces": {
				"north": {"uv": [2, 13.5, 3, 14], "texture": "#0"},
				"east": {"uv": [13.5, 2, 14.5, 2.5], "texture": "#0"},
				"south": {"uv": [13.5, 2.5, 14.5, 3], "texture": "#0"},
				"west": {"uv": [3, 13.5, 4, 14], "texture": "#0"},
				"up": {"uv": [4, 13.5, 3, 12.5], "texture": "#0"},
				"down": {"uv": [13.5, 3, 12.5, 4], "texture": "#0"}
			}
		},
		{
			"from": [17.65, 12.125, 7.25],
			"to": [19.15, 12.6, 8.75],
			"rotation": {"angle": 22.5, "axis": "z", "origin": [18.4, 12.6, 8]},
			"faces": {
				"north": {"uv": [9, 2, 11, 3], "texture": "#1"},
				"east": {"uv": [9, 3, 11, 4], "texture": "#1"},
				"south": {"uv": [4, 9, 6, 10], "texture": "#1"},
				"west": {"uv": [6, 9, 8, 10], "texture": "#1"},
				"up": {"uv": [2, 10, 0, 8], "texture": "#1"},
				"down": {"uv": [4, 8, 2, 10], "texture": "#1"}
			}
		},
		{
			"from": [15.75, 12.8, 6.75],
			"to": [18.25, 15, 9.25],
			"rotation": {"angle": 22.5, "axis": "z", "origin": [17, 16, 8]},
			"faces": {
				"north": {"uv": [0, 6, 3, 8], "texture": "#1"},
				"east": {"uv": [6, 0, 9, 2], "texture": "#1"},
				"south": {"uv": [6, 2, 9, 4], "texture": "#1"},
				"west": {"uv": [3, 6, 6, 8], "texture": "#1"},
				"up": {"uv": [3, 3, 0, 0], "texture": "#1"},
				"down": {"uv": [3, 3, 0, 6], "texture": "#1"}
			}
		},
		{
			"from": [15.45, 12.3, 6.45],
			"to": [18.55, 12.8, 9.55],
			"rotation": {"angle": 22.5, "axis": "z", "origin": [17, 16, 8]},
			"faces": {
				"north": {"uv": [4, 8, 7, 9], "texture": "#1"},
				"east": {"uv": [8, 4, 11, 5], "texture": "#1"},
				"south": {"uv": [8, 5, 11, 6], "texture": "#1"},
				"west": {"uv": [8, 6, 11, 7], "texture": "#1"},
				"up": {"uv": [6, 3, 3, 0], "texture": "#1"},
				"down": {"uv": [6, 3, 3, 6], "texture": "#1"}
			}
		},
		{
			"from": [16.25, 15, 7.25],
			"to": [17.75, 16, 8.75],
			"rotation": {"angle": 22.5, "axis": "z", "origin": [17, 16, 8]},
			"faces": {
				"north": {"uv": [7, 8, 9, 9], "texture": "#1"},
				"east": {"uv": [8, 7, 10, 8], "texture": "#1"},
				"south": {"uv": [9, 0, 11, 1], "texture": "#1"},
				"west": {"uv": [9, 1, 11, 2], "texture": "#1"},
				"up": {"uv": [8, 6, 6, 4], "texture": "#1"},
				"down": {"uv": [8, 6, 6, 8], "texture": "#1"}
			}
		}
	],
	"display": {
		"thirdperson_righthand": {
			"rotation": [44, 90, 0],
			"translation": [0, 5.5, 8]
		},
		"thirdperson_lefthand": {
			"rotation": [44, -90, 0],
			"translation": [0, 5.5, 8]
		},
		"firstperson_righthand": {
			"rotation": [-27, 99, 0],
			"translation": [1.75, 5.25, -1],
			"scale": [0.7, 0.7, 0.7]
		},
		"firstperson_lefthand": {
			"rotation": [-22, -94, 0],
			"translation": [1.25, 6.5, 0],
			"scale": [0.7, 0.7, 0.7]
		},
		"ground": {
			"rotation": [0, 0, -23],
			"translation": [0, 10.25, 0],
			"scale": [0.7, 0.7, 0.7]
		},
		"gui": {
			"rotation": [3, -29, -39],
			"translation": [-0.75, 0.75, 0],
			"scale": [0.55, 0.55, 0.55]
		},
		"head": {
			"rotation": [0, 0, 11],
			"translation": [-1.75, 15.75, 0]
		},
		"fixed": {
			"translation": [0, 2, -0.5],
			"scale": [0.9, 0.9, 0.9]
		}
	},
	"groups": [
		0,
		1,
		2,
		3,
		4,
		5,
		6,
		7,
		8,
		9,
		10,
		11,
		12,
		13,
		14,
		{
			"name": "bell",
			"origin": [17, 16, 8],
			"color": 0,
			"children": [15, 16, 17, 18]
		}
	]
}