{
	"credit": "Made with Blockbench",
	"textures": {
		"0": "item/special_event/christmas_2024/tree_hat/tree_nolight",
		"2": "item/special_event/christmas_2024/wand/wood",
		"3": "item/special_event/christmas_2024/tree_hat/how",
		"particle": "item/special_event/christmas_2024/tree_hat/tree_nolight"
	},
	"elements": [
		{
			"from": [1, 0, 1],
			"to": [15, 2, 15],
			"rotation": {"angle": 0, "axis": "y", "origin": [7, 0, 7]},
			"faces": {
				"north": {"uv": [5.5, 3, 8.5, 3.5], "texture": "#0"},
				"east": {"uv": [5.5, 3.5, 8.5, 4], "texture": "#0"},
				"south": {"uv": [5.5, 4, 8.5, 4.5], "texture": "#0"},
				"west": {"uv": [5.5, 4.5, 8.5, 5], "texture": "#0"},
				"up": {"uv": [3, 3, 0, 0], "texture": "#0"},
				"down": {"uv": [3, 3, 0, 6], "texture": "#0"}
			}
		},
		{
			"from": [2, 2, 2],
			"to": [14, 4, 14],
			"rotation": {"angle": 0, "axis": "y", "origin": [7, 2, 7]},
			"faces": {
				"north": {"uv": [0, 6, 2.5, 6.5], "texture": "#0"},
				"east": {"uv": [0, 6.5, 2.5, 7], "texture": "#0"},
				"south": {"uv": [0, 7, 2.5, 7.5], "texture": "#0"},
				"west": {"uv": [7, 0, 9.5, 0.5], "texture": "#0"},
				"up": {"uv": [5.5, 2.5, 3, 0], "texture": "#0"},
				"down": {"uv": [5.5, 2.5, 3, 5], "texture": "#0"}
			}
		},
		{
			"from": [3, 4, 3],
			"to": [13, 6, 13],
			"rotation": {"angle": 0, "axis": "y", "origin": [7, 4, 7]},
			"faces": {
				"north": {"uv": [7, 0.5, 9, 1], "texture": "#0"},
				"east": {"uv": [7, 1, 9, 1.5], "texture": "#0"},
				"south": {"uv": [7, 1.5, 9, 2], "texture": "#0"},
				"west": {"uv": [7, 2, 9, 2.5], "texture": "#0"},
				"up": {"uv": [5, 7, 3, 5], "texture": "#0"},
				"down": {"uv": [7, 5, 5, 7], "texture": "#0"}
			}
		},
		{
			"from": [4, 6, 4],
			"to": [12, 8, 12],
			"rotation": {"angle": 0, "axis": "y", "origin": [7, 6, 7]},
			"faces": {
				"north": {"uv": [2.5, 7, 4, 7.5], "texture": "#0"},
				"east": {"uv": [7, 2.5, 8.5, 3], "texture": "#0"},
				"south": {"uv": [4, 7, 5.5, 7.5], "texture": "#0"},
				"west": {"uv": [7, 5, 8.5, 5.5], "texture": "#0"},
				"up": {"uv": [7, 1.5, 5.5, 0], "texture": "#0"},
				"down": {"uv": [7, 1.5, 5.5, 3], "texture": "#0"}
			}
		},
		{
			"from": [7, -2, 7],
			"to": [9, 1, 9],
			"rotation": {"angle": 0, "axis": "y", "origin": [7, -1, 7]},
			"faces": {
				"north": {"uv": [3.5, 5, 4.5, 6.5], "texture": "#2"},
				"east": {"uv": [1, 6, 2, 7.5], "texture": "#2"},
				"south": {"uv": [1, 2.5, 2, 4], "texture": "#2"},
				"west": {"uv": [13, 0.5, 14, 2], "texture": "#2"},
				"up": {"uv": [0, 0, 1, 1], "texture": "#2"},
				"down": {"uv": [7.5, 10, 8.5, 11], "texture": "#2"}
			}
		},
		{
			"from": [7, 8, 7.5],
			"to": [9, 9, 8.5],
			"rotation": {"angle": 0, "axis": "y", "origin": [7, 7, 7]},
			"faces": {
				"north": {"uv": [5, 8, 7, 9], "texture": "#3"},
				"east": {"uv": [8, 5, 10, 6], "texture": "#3"},
				"south": {"uv": [7, 8, 9, 9], "texture": "#3"},
				"west": {"uv": [9, 0, 11, 1], "texture": "#3"},
				"up": {"uv": [8, 4, 6, 2], "texture": "#3"},
				"down": {"uv": [7, 6, 5, 8], "texture": "#3"}
			}
		},
		{
			"from": [6, 9, 7],
			"to": [10, 10, 9],
			"rotation": {"angle": 0, "axis": "y", "origin": [7, 8, 7]},
			"faces": {
				"north": {"uv": [7, 6, 11, 7], "texture": "#3"},
				"east": {"uv": [9, 1, 11, 2], "texture": "#3"},
				"south": {"uv": [7, 7, 11, 8], "texture": "#3"},
				"west": {"uv": [2, 9, 4, 10], "texture": "#3"},
				"up": {"uv": [4, 2, 0, 0], "texture": "#3"},
				"down": {"uv": [4, 2, 0, 4], "texture": "#3"}
			}
		},
		{
			"from": [6, 10, 7],
			"to": [7, 14, 9],
			"rotation": {"angle": 0, "axis": "y", "origin": [7, 9, 7]},
			"faces": {
				"north": {"uv": [0, 8, 1, 12], "texture": "#3"},
				"east": {"uv": [0, 4, 2, 8], "texture": "#3"},
				"south": {"uv": [1, 8, 2, 12], "texture": "#3"},
				"west": {"uv": [4, 0, 6, 4], "texture": "#3"},
				"up": {"uv": [5, 11, 4, 9], "texture": "#3"},
				"down": {"uv": [6, 9, 5, 11], "texture": "#3"}
			}
		},
		{
			"from": [7, 13, 7],
			"to": [10, 14, 9],
			"rotation": {"angle": 0, "axis": "y", "origin": [8, 8, 7]},
			"faces": {
				"north": {"uv": [2, 8, 5, 9], "texture": "#3"},
				"east": {"uv": [6, 9, 8, 10], "texture": "#3"},
				"south": {"uv": [8, 2, 11, 3], "texture": "#3"},
				"west": {"uv": [8, 9, 10, 10], "texture": "#3"},
				"up": {"uv": [5, 6, 2, 4], "texture": "#3"},
				"down": {"uv": [8, 4, 5, 6], "texture": "#3"}
			}
		},
		{
			"from": [7, 11, 7],
			"to": [10, 12, 9],
			"rotation": {"angle": 0, "axis": "y", "origin": [8, 6, 7]},
			"faces": {
				"north": {"uv": [8, 3, 11, 4], "texture": "#3"},
				"east": {"uv": [9, 8, 11, 9], "texture": "#3"},
				"south": {"uv": [8, 4, 11, 5], "texture": "#3"},
				"west": {"uv": [2, 10, 4, 11], "texture": "#3"},
				"up": {"uv": [9, 2, 6, 0], "texture": "#3"},
				"down": {"uv": [5, 6, 2, 8], "texture": "#3"}
			}
		}
	],
	"display": {
		"thirdperson_righthand": {
			"rotation": [17, 180, 0],
			"translation": [0, 7.5, 2.25],
			"scale": [0.8, 0.8, 0.8]
		},
		"thirdperson_lefthand": {
			"rotation": [38, 108, 56],
			"translation": [-0.25, -1.75, -4.5],
			"scale": [0.8, 0.8, 0.8]
		},
		"firstperson_righthand": {
			"rotation": [0, -51, 0]
		},
		"firstperson_lefthand": {
			"rotation": [141, 0, 0]
		},
		"ground": {
			"translation": [0, 4.25, 0],
			"scale": [0.7, 0.7, 0.7]
		},
		"gui": {
			"rotation": [-7, 20, 0],
			"translation": [0, 0.25, 0],
			"scale": [0.6, 0.6, 0.6]
		},
		"head": {
			"rotation": [0, 180, 0],
			"translation": [0, 16.25, 0],
			"scale": [1.2, 1.2, 1.2]
		},
		"fixed": {
			"rotation": [-90, 0, 0],
			"translation": [0, 0, -13],
			"scale": [1.3, 1.3, 1.3]
		}
	}
}