{
	"credit": "Made with Blockbench",
	"textures": {
		"0": "item/special_event/christmas_2024/howin-color",
		"1": "item/special_event/christmas_2024/cape",
		"particle": "item/special_event/christmas_2024/howin-color"
	},
	"elements": [
		{
			"from": [1.5, 0, 2],
			"to": [2, 6, 14],
			"rotation": {"angle": 0, "axis": "y", "origin": [0, 0, 6]},
			"faces": {
				"north": {"uv": [5, 12.25, 5.25, 13.75], "texture": "#0"},
				"east": {"uv": [3, 9, 6, 10.5], "texture": "#0"},
				"south": {"uv": [5.25, 12.25, 5.5, 13.75], "texture": "#0"},
				"west": {"uv": [6, 9, 9, 10.5], "texture": "#0"},
				"up": {"uv": [6.75, 15, 6.5, 12], "texture": "#0"},
				"down": {"uv": [7, 12, 6.75, 15], "texture": "#0"}
			}
		},
		{
			"from": [2, 0, 2],
			"to": [14, 0.5, 14],
			"rotation": {"angle": 0, "axis": "y", "origin": [7, 0, 7]},
			"faces": {
				"north": {"uv": [11.5, 7, 14.5, 7.25], "texture": "#0"},
				"east": {"uv": [11.5, 7.25, 14.5, 7.5], "texture": "#0"},
				"south": {"uv": [11.5, 7.5, 14.5, 7.75], "texture": "#0"},
				"west": {"uv": [11.5, 7.75, 14.5, 8], "texture": "#0"},
				"up": {"uv": [6.5, 3, 3.5, 0], "texture": "#0"},
				"down": {"uv": [6.5, 3, 3.5, 6], "texture": "#0"}
			}
		},
		{
			"from": [2, 0, 1.5],
			"to": [14, 6, 2],
			"rotation": {"angle": 0, "axis": "y", "origin": [7, 0, 0]},
			"faces": {
				"north": {"uv": [6.5, 3, 9.5, 4.5], "texture": "#0"},
				"east": {"uv": [3.5, 12.25, 3.75, 13.75], "texture": "#0"},
				"south": {"uv": [6.5, 4.5, 9.5, 6], "texture": "#0"},
				"west": {"uv": [3.75, 12.25, 4, 13.75], "texture": "#0"},
				"up": {"uv": [12, 11.75, 9, 11.5], "texture": "#0"},
				"down": {"uv": [12, 11.75, 9, 12], "texture": "#0"}
			}
		},
		{
			"from": [14, 0, 2],
			"to": [14.5, 6, 14],
			"rotation": {"angle": 0, "axis": "y", "origin": [14, 0, 7]},
			"faces": {
				"north": {"uv": [4, 12.25, 4.25, 13.75], "texture": "#0"},
				"east": {"uv": [6.5, 6, 9.5, 7.5], "texture": "#0"},
				"south": {"uv": [4.25, 12.25, 4.5, 13.75], "texture": "#0"},
				"west": {"uv": [0, 7, 3, 8.5], "texture": "#0"},
				"up": {"uv": [0.25, 15, 0, 12], "texture": "#0"},
				"down": {"uv": [0.5, 12, 0.25, 15], "texture": "#0"}
			}
		},
		{
			"from": [2, 0, 14],
			"to": [14, 6, 14.5],
			"rotation": {"angle": 0, "axis": "y", "origin": [12, 0, 14]},
			"faces": {
				"north": {"uv": [6.5, 7.5, 9.5, 9], "texture": "#0"},
				"east": {"uv": [4.5, 12.25, 4.75, 13.75], "texture": "#0"},
				"south": {"uv": [0, 8.5, 3, 10], "texture": "#0"},
				"west": {"uv": [4.75, 12.25, 5, 13.75], "texture": "#0"},
				"up": {"uv": [3.5, 12.25, 0.5, 12], "texture": "#0"},
				"down": {"uv": [6.5, 12, 3.5, 12.25], "texture": "#0"}
			}
		},
		{
			"from": [1.5, 0, 1.5],
			"to": [2, 6, 2],
			"faces": {
				"north": {"uv": [5.5, 12.25, 5.75, 13.75], "texture": "#0"},
				"east": {"uv": [5.75, 12.25, 6, 13.75], "texture": "#0"},
				"south": {"uv": [6, 12.25, 6.25, 13.75], "texture": "#0"},
				"west": {"uv": [6.25, 12.25, 6.5, 13.75], "texture": "#0"},
				"up": {"uv": [3.25, 9, 3, 8.75], "texture": "#0"},
				"down": {"uv": [3.5, 8.75, 3.25, 9], "texture": "#0"}
			}
		},
		{
			"from": [1.5, 0, 14],
			"to": [2, 6, 14.5],
			"rotation": {"angle": 0, "axis": "y", "origin": [0, 0, 12.5]},
			"faces": {
				"north": {"uv": [12, 12.25, 12.25, 13.75], "texture": "#0"},
				"east": {"uv": [12.25, 12.25, 12.5, 13.75], "texture": "#0"},
				"south": {"uv": [12.5, 11, 12.75, 12.5], "texture": "#0"},
				"west": {"uv": [12.5, 12.5, 12.75, 14], "texture": "#0"},
				"up": {"uv": [10.25, 13.5, 10, 13.25], "texture": "#0"},
				"down": {"uv": [10.5, 13.25, 10.25, 13.5], "texture": "#0"}
			}
		},
		{
			"from": [14, 0, 1.5],
			"to": [14.5, 6, 2],
			"rotation": {"angle": 0, "axis": "y", "origin": [12.5, 0, 0]},
			"faces": {
				"north": {"uv": [12.75, 11, 13, 12.5], "texture": "#0"},
				"east": {"uv": [12.75, 12.5, 13, 14], "texture": "#0"},
				"south": {"uv": [13, 0, 13.25, 1.5], "texture": "#0"},
				"west": {"uv": [13, 1.5, 13.25, 3], "texture": "#0"},
				"up": {"uv": [10.75, 13.5, 10.5, 13.25], "texture": "#0"},
				"down": {"uv": [11, 13.25, 10.75, 13.5], "texture": "#0"}
			}
		},
		{
			"from": [14, 0, 14],
			"to": [14.5, 6, 14.5],
			"rotation": {"angle": 0, "axis": "y", "origin": [12.5, 0, 12.5]},
			"faces": {
				"north": {"uv": [13, 11, 13.25, 12.5], "texture": "#0"},
				"east": {"uv": [13, 12.5, 13.25, 14], "texture": "#0"},
				"south": {"uv": [13.25, 0, 13.5, 1.5], "texture": "#0"},
				"west": {"uv": [13.25, 1.5, 13.5, 3], "texture": "#0"},
				"up": {"uv": [11.25, 13.5, 11, 13.25], "texture": "#0"},
				"down": {"uv": [13.5, 11, 13.25, 11.25], "texture": "#0"}
			}
		},
		{
			"from": [1, 13.5, 4.75],
			"to": [15, 14, 18.75],
			"rotation": {"angle": 45, "axis": "x", "origin": [7, 13.5, 9.75]},
			"faces": {
				"north": {"uv": [11.5, 5, 15, 5.25], "texture": "#0"},
				"east": {"uv": [11.5, 5.25, 15, 5.5], "texture": "#0"},
				"south": {"uv": [11.5, 5.5, 15, 5.75], "texture": "#0"},
				"west": {"uv": [11.5, 5.75, 15, 6], "texture": "#0"},
				"up": {"uv": [3.5, 3.5, 0, 0], "texture": "#0"},
				"down": {"uv": [3.5, 3.5, 0, 7], "texture": "#0"}
			}
		},
		{
			"from": [1, 15.5, 4.75],
			"to": [1.5, 17.5, 18.75],
			"rotation": {"angle": 45, "axis": "x", "origin": [1, 15.5, 5]},
			"faces": {
				"north": {"uv": [7, 13.25, 7.25, 13.75], "texture": "#0"},
				"east": {"uv": [9.5, 8, 13, 8.5], "texture": "#0"},
				"south": {"uv": [7.25, 13.25, 7.5, 13.75], "texture": "#0"},
				"west": {"uv": [9.5, 8.5, 13, 9], "texture": "#0"},
				"up": {"uv": [8.25, 15, 8, 11.5], "texture": "#0"},
				"down": {"uv": [8.5, 11.5, 8.25, 15], "texture": "#0"}
			}
		},
		{
			"from": [1.15, 7.25, 14.75],
			"to": [14.9, 9.25, 15.25],
			"rotation": {"angle": 45, "axis": "x", "origin": [6, 7.25, 13.25]},
			"faces": {
				"north": {"uv": [5, 10.5, 8.5, 11], "texture": "#0"},
				"east": {"uv": [7.5, 13.25, 7.75, 13.75], "texture": "#0"},
				"south": {"uv": [5, 11, 8.5, 11.5], "texture": "#0"},
				"west": {"uv": [7.75, 13.25, 8, 13.75], "texture": "#0"},
				"up": {"uv": [15, 6.25, 11.5, 6], "texture": "#0"},
				"down": {"uv": [15, 6.25, 11.5, 6.5], "texture": "#0"}
			}
		},
		{
			"from": [1.05, 16.55, 5.25],
			"to": [14.975, 18.55, 5.75],
			"rotation": {"angle": 45, "axis": "x", "origin": [2, 16.55, 4]},
			"faces": {
				"north": {"uv": [8.5, 11, 12, 11.5], "texture": "#0"},
				"east": {"uv": [9, 13.25, 9.25, 13.75], "texture": "#0"},
				"south": {"uv": [11, 9, 14.5, 9.5], "texture": "#0"},
				"west": {"uv": [9.25, 13.25, 9.5, 13.75], "texture": "#0"},
				"up": {"uv": [15, 6.75, 11.5, 6.5], "texture": "#0"},
				"down": {"uv": [15, 6.75, 11.5, 7], "texture": "#0"}
			}
		},
		{
			"from": [14.5, 16.75, 5.25],
			"to": [15, 18.75, 19.25],
			"rotation": {"angle": 45, "axis": "x", "origin": [14, 16.75, 3.75]},
			"faces": {
				"north": {"uv": [9.5, 13.25, 9.75, 13.75], "texture": "#0"},
				"east": {"uv": [11, 9.5, 14.5, 10], "texture": "#0"},
				"south": {"uv": [9.75, 13.25, 10, 13.75], "texture": "#0"},
				"west": {"uv": [11, 10, 14.5, 10.5], "texture": "#0"},
				"up": {"uv": [8.75, 15, 8.5, 11.5], "texture": "#0"},
				"down": {"uv": [9, 11.5, 8.75, 15], "texture": "#0"}
			}
		},
		{
			"from": [3, 3.8, 0.925],
			"to": [5, 8.8, 2.925],
			"rotation": {"angle": -22.5, "axis": "x", "origin": [11, 8.8, 1.825]},
			"faces": {
				"north": {"uv": [1.5, 12.25, 2, 13.5], "texture": "#0"},
				"east": {"uv": [2, 12.25, 2.5, 13.5], "texture": "#0"},
				"south": {"uv": [2.5, 12.25, 3, 13.5], "texture": "#0"},
				"west": {"uv": [3, 12.25, 3.5, 13.5], "texture": "#0"},
				"up": {"uv": [13.5, 8.5, 13, 8], "texture": "#0"},
				"down": {"uv": [13.5, 8.5, 13, 9], "texture": "#0"}
			}
		},
		{
			"from": [4, 6.05, 1.825],
			"to": [12, 13.8, 9.825],
			"rotation": {"angle": 22.5, "axis": "x", "origin": [8, 7.05, 3.825]},
			"faces": {
				"north": {"uv": [9, 9, 11, 11], "texture": "#0"},
				"east": {"uv": [9.5, 0, 11.5, 2], "texture": "#0"},
				"south": {"uv": [9.5, 2, 11.5, 4], "texture": "#0"},
				"west": {"uv": [9.5, 4, 11.5, 6], "texture": "#0"},
				"up": {"uv": [11.5, 8, 9.5, 6], "texture": "#0"},
				"down": {"uv": [2, 10, 0, 12], "texture": "#0"}
			}
		},
		{
			"from": [5, 6.8, -3.075],
			"to": [11, 10.8, 2.925],
			"rotation": {"angle": -22.5, "axis": "x", "origin": [8, 9.05, 2.925]},
			"faces": {
				"north": {"uv": [11.5, 0, 13, 1], "texture": "#0"},
				"east": {"uv": [11.5, 1, 13, 2], "texture": "#0"},
				"south": {"uv": [11.5, 2, 13, 3], "texture": "#0"},
				"west": {"uv": [11.5, 3, 13, 4], "texture": "#0"},
				"up": {"uv": [3.5, 12, 2, 10.5], "texture": "#0"},
				"down": {"uv": [5, 10.5, 3.5, 12], "texture": "#0"}
			}
		},
		{
			"from": [8, 0.575, -4.15],
			"to": [10.475, 6.875, -1.675],
			"rotation": {"angle": 45, "axis": "x", "origin": [7.95, 6.65, -3]},
			"faces": {
				"north": {"uv": [3, 7, 3.5, 8.25], "texture": "#0"},
				"east": {"uv": [7, 12, 7.5, 13.25], "texture": "#0"},
				"south": {"uv": [7.5, 12, 8, 13.25], "texture": "#0"},
				"west": {"uv": [9, 12, 9.5, 13.25], "texture": "#0"},
				"up": {"uv": [3.5, 8.75, 3, 8.25], "texture": "#0"},
				"down": {"uv": [2.5, 10, 2, 10.5], "texture": "#0"}
			}
		},
		{
			"from": [5.5, 5.275, -9.075],
			"to": [7.975, 7.75, -2.775],
			"rotation": {"angle": 22.5, "axis": "x", "origin": [7.95, 6.65, -3]},
			"faces": {
				"north": {"uv": [9, 10.5, 8.5, 11], "rotation": 180, "texture": "#0"},
				"east": {"uv": [10, 12, 10.5, 13.25], "rotation": 270, "texture": "#0"},
				"south": {"uv": [3, 10.5, 2.5, 10], "texture": "#0"},
				"west": {"uv": [11, 12, 11.5, 13.25], "rotation": 90, "texture": "#0"},
				"up": {"uv": [9.5, 12, 10, 13.25], "rotation": 180, "texture": "#0"},
				"down": {"uv": [10.5, 12, 11, 13.25], "texture": "#0"}
			}
		},
		{
			"from": [11, 3.8, 0.925],
			"to": [13, 8.8, 2.925],
			"rotation": {"angle": -22.5, "axis": "x", "origin": [11, 8.8, 1.825]},
			"faces": {
				"north": {"uv": [12, 11, 12.5, 12.25], "texture": "#0"},
				"east": {"uv": [11.5, 12, 12, 13.25], "texture": "#0"},
				"south": {"uv": [0.5, 12.25, 1, 13.5], "texture": "#0"},
				"west": {"uv": [1, 12.25, 1.5, 13.5], "texture": "#0"},
				"up": {"uv": [13.5, 3.5, 13, 3], "texture": "#0"},
				"down": {"uv": [13.5, 3.5, 13, 4], "texture": "#0"}
			}
		},
		{
			"from": [5.25, 10.875, -3.025],
			"to": [11, 10.875, 2.975],
			"rotation": {"angle": -22.5, "axis": "x", "origin": [8, 8.875, 2.975]},
			"faces": {
				"north": {"uv": [0, 0, 6, 0], "texture": "#1"},
				"east": {"uv": [0, 0, 6, 0], "texture": "#1"},
				"south": {"uv": [0, 0, 6, 0], "texture": "#1"},
				"west": {"uv": [0, 0, 6, 0], "texture": "#1"},
				"up": {"uv": [6, 6, 0, 0], "texture": "#1"},
				"down": {"uv": [6, 6, 0, 12], "texture": "#1"}
			}
		},
		{
			"from": [2, 0.5, 2],
			"to": [14, 2.5, 14],
			"rotation": {"angle": 0, "axis": "y", "origin": [8, 0.5, 7]},
			"faces": {
				"north": {"uv": [11, 10.5, 14, 11], "texture": "#0"},
				"east": {"uv": [11.5, 4, 14.5, 4.5], "texture": "#0"},
				"south": {"uv": [11.5, 4.5, 14.5, 5], "texture": "#0"},
				"west": {"uv": [5, 11.5, 8, 12], "texture": "#0"},
				"up": {"uv": [6.5, 9, 3.5, 6], "texture": "#0"},
				"down": {"uv": [9.5, 0, 6.5, 3], "texture": "#0"}
			}
		}
	],
	"display": {
		"thirdperson_righthand": {
			"rotation": [67, 0, 0],
			"translation": [0, 4, 1.75],
			"scale": [0.5, 0.5, 0.5]
		},
		"thirdperson_lefthand": {
			"rotation": [67, 0, 0],
			"translation": [0, 4, 1.75],
			"scale": [0.5, 0.5, 0.5]
		},
		"firstperson_righthand": {
			"translation": [2, 1.5, -0.75],
			"scale": [0.4, 0.4, 0.4]
		},
		"firstperson_lefthand": {
			"translation": [2, 1.5, -0.75],
			"scale": [0.4, 0.4, 0.4]
		},
		"ground": {
			"translation": [0, 2.5, 0],
			"scale": [0.68, 0.68, 0.68]
		},
		"gui": {
			"rotation": [44, -149, 0],
			"translation": [0, 1.5, 0],
			"scale": [0.62, 0.62, 0.62]
		},
		"head": {
			"translation": [0, 11, 0],
			"scale": [0.62, 0.62, 0.62]
		},
		"fixed": {
			"rotation": [-90, 0, 0],
			"translation": [0, 0, -8]
		}
	},
	"groups": [
		{
			"name": "group",
			"origin": [12, 0, 14],
			"color": 0,
			"children": [0, 1, 2, 3, 4, 5, 6, 7, 8]
		},
		{
			"name": "group",
			"origin": [-2, 0, 0],
			"color": 0,
			"children": [9, 10, 11, 12, 13]
		},
		{
			"name": "group",
			"origin": [11, 7, 2],
			"color": 0,
			"children": [14, 15, 16, 17, 18, 19, 20]
		},
		21
	]
}