{
	"credit": "Made with Blockbench",
	"texture_size": [32, 32],
	"textures": {
		"0": "item/special_event/christmas_2024/tree_hat/tree",
		"1": "item/special_event/christmas_2024/tree_hat/star",
		"2": "item/special_event/christmas_2024/wand/wood",
		"particle": "item/special_event/christmas_2024/tree_hat/tree"
	},
	"elements": [
		{
			"from": [1, 0, 1],
			"to": [15, 2, 15],
			"rotation": {"angle": 0, "axis": "y", "origin": [7, 0, 7]},
			"faces": {
				"north": {"uv": [5.5, 3, 8.5, 3.5], "texture": "#0"},
				"east": {"uv": [5.5, 3.5, 8.5, 4], "texture": "#0"},
				"south": {"uv": [5.5, 4, 8.5, 4.5], "texture": "#0"},
				"west": {"uv": [5.5, 4.5, 8.5, 5], "texture": "#0"},
				"up": {"uv": [3, 3, 0, 0], "texture": "#0"},
				"down": {"uv": [3, 3, 0, 6], "texture": "#0"}
			}
		},
		{
			"from": [2, 2, 2],
			"to": [14, 4, 14],
			"rotation": {"angle": 0, "axis": "y", "origin": [7, 2, 7]},
			"faces": {
				"north": {"uv": [0, 6, 2.5, 6.5], "texture": "#0"},
				"east": {"uv": [0, 6.5, 2.5, 7], "texture": "#0"},
				"south": {"uv": [0, 7, 2.5, 7.5], "texture": "#0"},
				"west": {"uv": [7, 0, 9.5, 0.5], "texture": "#0"},
				"up": {"uv": [5.5, 2.5, 3, 0], "texture": "#0"},
				"down": {"uv": [5.5, 2.5, 3, 5], "texture": "#0"}
			}
		},
		{
			"from": [3, 4, 3],
			"to": [13, 6, 13],
			"rotation": {"angle": 0, "axis": "y", "origin": [7, 4, 7]},
			"faces": {
				"north": {"uv": [7, 0.5, 9, 1], "texture": "#0"},
				"east": {"uv": [7, 1, 9, 1.5], "texture": "#0"},
				"south": {"uv": [7, 1.5, 9, 2], "texture": "#0"},
				"west": {"uv": [7, 2, 9, 2.5], "texture": "#0"},
				"up": {"uv": [5, 7, 3, 5], "texture": "#0"},
				"down": {"uv": [7, 5, 5, 7], "texture": "#0"}
			}
		},
		{
			"from": [4, 6, 4],
			"to": [12, 8, 12],
			"rotation": {"angle": 0, "axis": "y", "origin": [7, 6, 7]},
			"faces": {
				"north": {"uv": [2.5, 7, 4, 7.5], "texture": "#0"},
				"east": {"uv": [7, 2.5, 8.5, 3], "texture": "#0"},
				"south": {"uv": [4, 7, 5.5, 7.5], "texture": "#0"},
				"west": {"uv": [7, 5, 8.5, 5.5], "texture": "#0"},
				"up": {"uv": [7, 1.5, 5.5, 0], "texture": "#0"},
				"down": {"uv": [7, 1.5, 5.5, 3], "texture": "#0"}
			}
		},
		{
			"from": [7.5, 8, 7.5],
			"to": [8.5, 10.7, 8.5],
			"rotation": {"angle": 0, "axis": "y", "origin": [7, 8, 7]},
			"faces": {
				"north": {"uv": [7, 5, 7.5, 6.25], "texture": "#1"},
				"east": {"uv": [7, 6.5, 7.5, 7.75], "texture": "#1"},
				"south": {"uv": [3, 7.5, 3.5, 8.75], "texture": "#1"},
				"west": {"uv": [3.5, 7.5, 4, 8.75], "texture": "#1"},
				"up": {"uv": [0.5, 9.5, 0, 9], "texture": "#1"},
				"down": {"uv": [1, 9, 0.5, 9.5], "texture": "#1"}
			}
		},
		{
			"from": [7, 9.5, 8.75],
			"to": [9, 10, 11.25],
			"rotation": {"angle": 0, "axis": "y", "origin": [7, 9, 6.25]},
			"faces": {
				"north": {"uv": [1, 9, 2, 9.25], "texture": "#1"},
				"east": {"uv": [7, 8.5, 8.25, 8.75], "texture": "#1"},
				"south": {"uv": [2, 9, 3, 9.25], "texture": "#1"},
				"west": {"uv": [8.5, 7, 9.75, 7.25], "texture": "#1"},
				"up": {"uv": [6, 1.25, 5, 0], "texture": "#1"},
				"down": {"uv": [6, 1.5, 5, 2.75], "texture": "#1"}
			}
		},
		{
			"from": [7, 9, 5.25],
			"to": [9, 9.5, 6.25],
			"rotation": {"angle": 0, "axis": "y", "origin": [7, 8.5, 2.75]},
			"faces": {
				"north": {"uv": [9, 5.5, 10, 5.75], "texture": "#1"},
				"east": {"uv": [9, 9.5, 9.5, 9.75], "texture": "#1"},
				"south": {"uv": [6, 9, 7, 9.25], "texture": "#1"},
				"west": {"uv": [9.5, 9.5, 10, 9.75], "texture": "#1"},
				"up": {"uv": [1, 8.5, 0, 8], "texture": "#1"},
				"down": {"uv": [2, 8, 1, 8.5], "texture": "#1"}
			}
		},
		{
			"from": [7, 9.5, 4.75],
			"to": [9, 10, 7.25],
			"rotation": {"angle": 0, "axis": "y", "origin": [7, 9, 3.75]},
			"faces": {
				"north": {"uv": [5, 9, 6, 9.25], "texture": "#1"},
				"east": {"uv": [8.5, 7.5, 9.75, 7.75], "texture": "#1"},
				"south": {"uv": [9, 5, 10, 5.25], "texture": "#1"},
				"west": {"uv": [8.5, 8.5, 9.75, 8.75], "texture": "#1"},
				"up": {"uv": [6, 4.25, 5, 3], "texture": "#1"},
				"down": {"uv": [6, 4.5, 5, 5.75], "texture": "#1"}
			}
		},
		{
			"from": [7, 9, 9.75],
			"to": [9, 9.5, 10.75],
			"rotation": {"angle": 0, "axis": "y", "origin": [7, 8.5, 7.25]},
			"faces": {
				"north": {"uv": [3, 9, 4, 9.25], "texture": "#1"},
				"east": {"uv": [8, 9.5, 8.5, 9.75], "texture": "#1"},
				"south": {"uv": [4, 9, 5, 9.25], "texture": "#1"},
				"west": {"uv": [8.5, 9.5, 9, 9.75], "texture": "#1"},
				"up": {"uv": [8.5, 7.5, 7.5, 7], "texture": "#1"},
				"down": {"uv": [8.5, 7.5, 7.5, 8], "texture": "#1"}
			}
		},
		{
			"from": [7, 10.5, 7.75],
			"to": [9, 11, 8.25],
			"rotation": {"angle": 0, "axis": "y", "origin": [7, 10.5, 4.25]},
			"faces": {
				"north": {"uv": [9, 6, 10, 6.25], "texture": "#1"},
				"east": {"uv": [0, 10, 0.25, 10.25], "texture": "#1"},
				"south": {"uv": [9, 6.5, 10, 6.75], "texture": "#1"},
				"west": {"uv": [0.5, 10, 0.75, 10.25], "texture": "#1"},
				"up": {"uv": [8, 9.25, 7, 9], "texture": "#1"},
				"down": {"uv": [9, 9, 8, 9.25], "texture": "#1"}
			}
		},
		{
			"from": [7, 16, 7.75],
			"to": [9, 16.5, 8.25],
			"rotation": {"angle": 0, "axis": "y", "origin": [7, 16, 4.25]},
			"faces": {
				"north": {"uv": [4, 9.5, 5, 9.75], "texture": "#1"},
				"east": {"uv": [1, 10, 1.25, 10.25], "texture": "#1"},
				"south": {"uv": [5, 9.5, 6, 9.75], "texture": "#1"},
				"west": {"uv": [1.5, 10, 1.75, 10.25], "texture": "#1"},
				"up": {"uv": [7, 9.75, 6, 9.5], "texture": "#1"},
				"down": {"uv": [8, 9.5, 7, 9.75], "texture": "#1"}
			}
		},
		{
			"from": [7, 10, 5.25],
			"to": [9, 11, 7.75],
			"rotation": {"angle": 0, "axis": "y", "origin": [7, 10, 3.75]},
			"faces": {
				"north": {"uv": [2, 8, 3, 8.5], "texture": "#1"},
				"east": {"uv": [4, 7.5, 5.25, 8], "texture": "#1"},
				"south": {"uv": [4, 8, 5, 8.5], "texture": "#1"},
				"west": {"uv": [7.5, 5, 8.75, 5.5], "texture": "#1"},
				"up": {"uv": [7, 1.25, 6, 0], "texture": "#1"},
				"down": {"uv": [7, 1.5, 6, 2.75], "texture": "#1"}
			}
		},
		{
			"from": [7, 14, 6.75],
			"to": [9, 15, 9.25],
			"rotation": {"angle": 0, "axis": "y", "origin": [7, 14, 5.25]},
			"faces": {
				"north": {"uv": [0, 8.5, 1, 9], "texture": "#1"},
				"east": {"uv": [7.5, 6, 8.75, 6.5], "texture": "#1"},
				"south": {"uv": [1, 8.5, 2, 9], "texture": "#1"},
				"west": {"uv": [7.5, 6.5, 8.75, 7], "texture": "#1"},
				"up": {"uv": [6, 7.25, 5, 6], "texture": "#1"},
				"down": {"uv": [7, 6, 6, 7.25], "texture": "#1"}
			}
		},
		{
			"from": [7, 15, 7.25],
			"to": [9, 16, 8.75],
			"rotation": {"angle": 0, "axis": "y", "origin": [7, 15, 5.75]},
			"faces": {
				"north": {"uv": [2, 8.5, 3, 9], "texture": "#1"},
				"east": {"uv": [5, 8.5, 5.75, 9], "texture": "#1"},
				"south": {"uv": [4, 8.5, 5, 9], "texture": "#1"},
				"west": {"uv": [6, 8.5, 6.75, 9], "texture": "#1"},
				"up": {"uv": [1, 7.75, 0, 7], "texture": "#1"},
				"down": {"uv": [2, 7, 1, 7.75], "texture": "#1"}
			}
		},
		{
			"from": [7, 11, 5.75],
			"to": [9, 12, 10.25],
			"rotation": {"angle": 0, "axis": "y", "origin": [7, 11, 4.25]},
			"faces": {
				"north": {"uv": [7, 8, 8, 8.5], "texture": "#1"},
				"east": {"uv": [7, 0, 9.25, 0.5], "texture": "#1"},
				"south": {"uv": [8, 8, 9, 8.5], "texture": "#1"},
				"west": {"uv": [7, 0.5, 9.25, 1], "texture": "#1"},
				"up": {"uv": [1, 6.75, 0, 4.5], "texture": "#1"},
				"down": {"uv": [2, 4.5, 1, 6.75], "texture": "#1"}
			}
		},
		{
			"from": [7, 12, 4.75],
			"to": [9, 12.5, 11.25],
			"rotation": {"angle": 0, "axis": "y", "origin": [7, 12, 4.25]},
			"faces": {
				"north": {"uv": [9, 8, 10, 8.25], "texture": "#1"},
				"east": {"uv": [7, 4, 10.25, 4.25], "texture": "#1"},
				"south": {"uv": [9, 9, 10, 9.25], "texture": "#1"},
				"west": {"uv": [7, 4.5, 10.25, 4.75], "texture": "#1"},
				"up": {"uv": [4, 7.25, 3, 4], "texture": "#1"},
				"down": {"uv": [5, 4, 4, 7.25], "texture": "#1"}
			}
		},
		{
			"from": [7, 13, 3.75],
			"to": [9, 13.5, 12.25],
			"rotation": {"angle": 0, "axis": "y", "origin": [7, 13, 4.25]},
			"faces": {
				"north": {"uv": [9.5, 0.5, 10.5, 0.75], "texture": "#1"},
				"east": {"uv": [7, 1, 11.25, 1.25], "texture": "#1"},
				"south": {"uv": [1, 9.5, 2, 9.75], "texture": "#1"},
				"west": {"uv": [7, 1.5, 11.25, 1.75], "texture": "#1"},
				"up": {"uv": [1, 4.25, 0, 0], "texture": "#1"},
				"down": {"uv": [2, 0, 1, 4.25], "texture": "#1"}
			}
		},
		{
			"from": [7, 12.5, 4.25],
			"to": [9, 13, 11.75],
			"rotation": {"angle": 0, "axis": "y", "origin": [7, 12.5, 4.25]},
			"faces": {
				"north": {"uv": [0, 9.5, 1, 9.75], "texture": "#1"},
				"east": {"uv": [7, 2, 10.75, 2.25], "texture": "#1"},
				"south": {"uv": [9.5, 0, 10.5, 0.25], "texture": "#1"},
				"west": {"uv": [7, 2.5, 10.75, 2.75], "texture": "#1"},
				"up": {"uv": [3, 3.75, 2, 0], "texture": "#1"},
				"down": {"uv": [4, 0, 3, 3.75], "texture": "#1"}
			}
		},
		{
			"from": [7, 13.5, 4.25],
			"to": [9, 14, 11.75],
			"rotation": {"angle": 0, "axis": "y", "origin": [7, 13.5, 4.25]},
			"faces": {
				"north": {"uv": [2, 9.5, 3, 9.75], "texture": "#1"},
				"east": {"uv": [7, 3, 10.75, 3.25], "texture": "#1"},
				"south": {"uv": [3, 9.5, 4, 9.75], "texture": "#1"},
				"west": {"uv": [7, 3.5, 10.75, 3.75], "texture": "#1"},
				"up": {"uv": [5, 3.75, 4, 0], "texture": "#1"},
				"down": {"uv": [3, 4, 2, 7.75], "texture": "#1"}
			}
		},
		{
			"from": [7, 10, 8.25],
			"to": [9, 11, 10.75],
			"rotation": {"angle": 0, "axis": "y", "origin": [7, 10, 4.75]},
			"faces": {
				"north": {"uv": [5, 8, 6, 8.5], "texture": "#1"},
				"east": {"uv": [5.5, 7.5, 6.75, 8], "texture": "#1"},
				"south": {"uv": [6, 8, 7, 8.5], "texture": "#1"},
				"west": {"uv": [7.5, 5.5, 8.75, 6], "texture": "#1"},
				"up": {"uv": [7, 4.25, 6, 3], "texture": "#1"},
				"down": {"uv": [7, 4.5, 6, 5.75], "texture": "#1"}
			}
		},
		{
			"from": [7, -2, 7],
			"to": [9, 1, 9],
			"rotation": {"angle": 0, "axis": "y", "origin": [7, -1, 7]},
			"faces": {
				"north": {"uv": [3.5, 5, 4.5, 6.5], "texture": "#2"},
				"east": {"uv": [1, 6, 2, 7.5], "texture": "#2"},
				"south": {"uv": [1, 2.5, 2, 4], "texture": "#2"},
				"west": {"uv": [13, 0.5, 14, 2], "texture": "#2"},
				"up": {"uv": [0, 0, 1, 1], "texture": "#2"},
				"down": {"uv": [7.5, 10, 8.5, 11], "texture": "#2"}
			}
		}
	],
	"display": {
		"thirdperson_righthand": {
			"rotation": [17, 90, 0],
			"translation": [0, 7.5, 2.25],
			"scale": [0.8, 0.8, 0.8]
		},
		"thirdperson_lefthand": {
			"rotation": [38, 108, 56],
			"translation": [-0.25, -1.75, -5.5],
			"scale": [0.8, 0.8, 0.8]
		},
		"firstperson_righthand": {
			"rotation": [0, 50, 0]
		},
		"firstperson_lefthand": {
			"rotation": [141, 0, 0]
		},
		"ground": {
			"translation": [0, 4.25, 0],
			"scale": [0.7, 0.7, 0.7]
		},
		"gui": {
			"rotation": [-7, 110, 0],
			"translation": [0, 0.25, 0],
			"scale": [0.6, 0.6, 0.6]
		},
		"head": {
			"rotation": [0, 90, 0],
			"translation": [0, 16.25, 0],
			"scale": [1.2, 1.2, 1.2]
		},
		"fixed": {
			"rotation": [-90, 0, 0],
			"translation": [0, 0, -13],
			"scale": [1.3, 1.3, 1.3]
		}
	}
}