{
	"credit": "Made with Blockbench",
	"textures": {
		"2": "item/ccr/sold_tag",
		"particle": "item/ccr/sold_tag"
	},
	"elements": [
		{
			"from": [7, 0, 7],
			"to": [9, 2, 9],
			"faces": {
				"north": {"uv": [0, 0, 2, 2], "texture": "#2"},
				"east": {"uv": [0, 0, 2, 2], "texture": "#2"},
				"south": {"uv": [0, 0, 2, 2], "texture": "#2"},
				"west": {"uv": [0, 0, 2, 2], "texture": "#2"},
				"up": {"uv": [0, 0, 16, 16], "texture": "#2"},
				"down": {"uv": [0, 0, 2, 2], "texture": "#2"}
			}
		}
	],
	"display": {
		"thirdperson_righthand": {
			"rotation": [0, 180, 0],
			"translation": [-11.75, 5.5, 11]
		},
		"firstperson_righthand": {
			"rotation": [90, 0, 0],
			"translation": [4, 6.25, 0],
			"scale": [0.5, 0.5, 0.5]
		},
		"head": {
			"rotation": [93, -44, 180],
			"translation": [0, 5.5, -9],
			"scale": [1.2, 1.2, 1.2]
		},
		"fixed": {
			"rotation": [-90, 180, 0],
			"translation": [0, 0, -12],
			"scale": [2, 1.54, 2]
		}
	}
}