{"providers":[
		{
			"type": "bitmap",
			"file": "minecraft:how_rank/vip1000.png",
			"height": 7,
			"ascent": 7,
			"chars": ["🍽"]
		},
		{
			"type": "bitmap",
			"file": "minecraft:how_rank/vip500.png",
			"height": 7,
			"ascent": 7,
			"chars": ["💰"]
		},
		{
			"type": "bitmap",
			"file": "minecraft:how_rank/vipold.png",
			"height": 7,
			"ascent": 7,
			"chars": ["🌟"]
		},
		{
			"type": "bitmap",
			"file": "minecraft:how_rank/vipoutdated.png",
			"height": 7,
			"ascent": 7,
			"chars": ["✨"]
		},
		{
			"type": "bitmap",
			"file": "minecraft:how_rank/default.png",
			"height": 7,
			"ascent": 7,
			"chars": ["👤"]
		},
		{
			"type": "bitmap",
			"file": "minecraft:how_rank/admin.png",
			"height": 7,
			"ascent": 7,
			"chars": ["⛏"]
		},
		{
			"type": "bitmap",
			"file": "minecraft:how_rank/ts.png",
			"height": 7,
			"ascent": 7,
			"chars": ["🔨"]
		},
		{
			"type": "bitmap",
			"file": "minecraft:how_rank/lobster.png",
			"height": 8,
			"ascent": 8,
			"chars": ["🦞"]
		},
		{
			"type": "bitmap",
			"file": "minecraft:how_rank/nitro.png",
			"height": 7,
			"ascent": 7,
			"chars": ["🔮"]
		},
		{
			"type": "bitmap",
			"file": "minecraft:how_banner/survival.png",
			"height": 32,
			"ascent": 32,
			"chars": [
				"📷"
			]
		},
		{
			"type": "bitmap",
			"file": "minecraft:how_banner/moonbanner.png",
			"height": 32,
			"ascent": 32,
			"chars": [
				"🌛"
			]
		},
		{
			"type": "bitmap",
			"file": "minecraft:how_banner/moonfestival.png",
			"height": 32,
			"ascent": 32,
			"chars": [
				"🌕"
			]
		},
		{
			"type": "bitmap",
			"file": "minecraft:item/color_paper/token_how2.png",
			"height": 8,
			"ascent": 8,
			"chars": [
				"💵"
			]
		}
]
}