{
	"credit": "Made with Blockbench",
	"ambientocclusion": false,
	"texture_size": [64, 64],
	"textures": {
		"0": "item/vip/babu_painting",
		"particle": "item/vip/babu_painting"
	},
	"elements": [
		{
			"name": "how",
			"from": [3, 2, 7],
			"to": [13, 16, 9],
			"faces": {
				"north": {"uv": [0, 0, 2.5, 3.5], "texture": "#0"},
				"east": {"uv": [5, 0, 5.5, 3.5], "texture": "#0"},
				"south": {"uv": [8.5, 5.5, 16, 16], "texture": "#0"},
				"west": {"uv": [2.5, 5, 3, 8.5], "texture": "#0"},
				"up": {"uv": [5.5, 5.5, 3, 5], "texture": "#0"},
				"down": {"uv": [7.5, 3.5, 5, 4], "texture": "#0"}
			}
		},
		{
			"name": "left",
			"from": [1.1, 1, 7],
			"to": [3, 17, 9.5],
			"faces": {
				"north": {"uv": [1.5, 3.5, 2, 7.5], "texture": "#0"},
				"east": {"uv": [0, 3.5, 0.75, 7.5], "texture": "#0"},
				"south": {"uv": [2, 3.5, 2.5, 7.5], "texture": "#0"},
				"west": {"uv": [0.75, 3.5, 1.5, 7.5], "texture": "#0"},
				"up": {"uv": [6, 2.25, 5.5, 1.5], "texture": "#0"},
				"down": {"uv": [6, 2.25, 5.5, 3], "texture": "#0"}
			}
		},
		{
			"name": "left",
			"from": [13, 1, 7],
			"to": [14.9, 17, 9.5],
			"rotation": {"angle": 0, "axis": "y", "origin": [16, 0, 0]},
			"faces": {
				"north": {"uv": [2, 3.5, 1.5, 7.5], "texture": "#0"},
				"east": {"uv": [1.5, 3.5, 0.75, 7.5], "texture": "#0"},
				"south": {"uv": [2.5, 3.5, 2, 7.5], "texture": "#0"},
				"west": {"uv": [0.75, 3.5, 0, 7.5], "texture": "#0"},
				"up": {"uv": [5.5, 2.25, 6, 1.5], "texture": "#0"},
				"down": {"uv": [5.5, 2.25, 6, 3], "texture": "#0"}
			}
		},
		{
			"name": "up",
			"from": [3, 16, 7],
			"to": [13, 18, 9.5],
			"rotation": {"angle": 0, "axis": "y", "origin": [16, 0, 0]},
			"faces": {
				"north": {"uv": [5, 4, 7.5, 4.5], "texture": "#0"},
				"east": {"uv": [5.5, 3, 6.25, 3.5], "texture": "#0"},
				"south": {"uv": [5, 4.5, 7.5, 5], "texture": "#0"},
				"west": {"uv": [4, 5.5, 4.75, 6], "texture": "#0"},
				"up": {"uv": [5, 4.25, 2.5, 3.5], "texture": "#0"},
				"down": {"uv": [5, 4.25, 2.5, 5], "texture": "#0"}
			}
		},
		{
			"name": "up",
			"from": [3, 0, 7],
			"to": [13, 2, 9.5],
			"rotation": {"angle": 0, "axis": "y", "origin": [16, 16, 0]},
			"faces": {
				"north": {"uv": [5, 4.5, 7.5, 4], "texture": "#0"},
				"east": {"uv": [5.5, 3.5, 6.25, 3], "texture": "#0"},
				"south": {"uv": [5, 5, 7.5, 4.5], "texture": "#0"},
				"west": {"uv": [4, 6, 4.75, 5.5], "texture": "#0"},
				"up": {"uv": [5, 5, 2.5, 4.25], "texture": "#0"},
				"down": {"uv": [5, 3.5, 2.5, 4.25], "texture": "#0"}
			}
		},
		{
			"name": "left.up1",
			"from": [1, 16, 6.75],
			"to": [2, 17, 9.75],
			"rotation": {"angle": 0, "axis": "y", "origin": [0, 16, 0]},
			"faces": {
				"north": {"uv": [5.5, 6, 5.75, 6.25], "texture": "#0"},
				"east": {"uv": [5.25, 5.75, 6, 6], "texture": "#0"},
				"south": {"uv": [5.75, 6, 6, 6.25], "texture": "#0"},
				"west": {"uv": [6, 0, 6.75, 0.25], "texture": "#0"},
				"up": {"uv": [6.25, 1, 6, 0.25], "texture": "#0"},
				"down": {"uv": [6.25, 1, 6, 1.75], "texture": "#0"}
			}
		},
		{
			"name": "left.up2",
			"from": [1, 17, 6.75],
			"to": [3, 18, 9.75],
			"rotation": {"angle": 0, "axis": "y", "origin": [0, 16, 0]},
			"faces": {
				"north": {"uv": [6, 2.75, 6.5, 3], "texture": "#0"},
				"east": {"uv": [6, 1.75, 6.75, 2], "texture": "#0"},
				"south": {"uv": [4, 6, 4.5, 6.25], "texture": "#0"},
				"west": {"uv": [6, 2, 6.75, 2.25], "texture": "#0"},
				"up": {"uv": [3.5, 6.25, 3, 5.5], "texture": "#0"},
				"down": {"uv": [4, 5.5, 3.5, 6.25], "texture": "#0"}
			}
		},
		{
			"name": "left.up2",
			"from": [14, 16, 6.75],
			"to": [15, 17, 9.75],
			"rotation": {"angle": 0, "axis": "y", "origin": [16, 16, 0]},
			"faces": {
				"north": {"uv": [5.75, 6, 5.5, 6.25], "texture": "#0"},
				"east": {"uv": [6.75, 0, 6, 0.25], "texture": "#0"},
				"south": {"uv": [6, 6, 5.75, 6.25], "texture": "#0"},
				"west": {"uv": [6, 5.75, 5.25, 6], "texture": "#0"},
				"up": {"uv": [6, 1, 6.25, 0.25], "texture": "#0"},
				"down": {"uv": [6, 1, 6.25, 1.75], "texture": "#0"}
			}
		},
		{
			"name": "left.up3",
			"from": [13, 17, 6.75],
			"to": [15, 18, 9.75],
			"rotation": {"angle": 0, "axis": "y", "origin": [16, 16, 0]},
			"faces": {
				"north": {"uv": [6.5, 2.75, 6, 3], "texture": "#0"},
				"east": {"uv": [6.75, 2, 6, 2.25], "texture": "#0"},
				"south": {"uv": [4.5, 6, 4, 6.25], "texture": "#0"},
				"west": {"uv": [6.75, 1.75, 6, 2], "texture": "#0"},
				"up": {"uv": [3, 6.25, 3.5, 5.5], "texture": "#0"},
				"down": {"uv": [3.5, 5.5, 4, 6.25], "texture": "#0"}
			}
		},
		{
			"name": "left.down1",
			"from": [1, 1, 6.75],
			"to": [2, 2, 9.75],
			"faces": {
				"north": {"uv": [4.5, 6, 4.75, 6.25], "texture": "#0"},
				"east": {"uv": [5.5, 5.25, 6.25, 5.5], "texture": "#0"},
				"south": {"uv": [5.25, 6, 5.5, 6.25], "texture": "#0"},
				"west": {"uv": [5.5, 5.5, 6.25, 5.75], "texture": "#0"},
				"up": {"uv": [5, 6.5, 4.75, 5.75], "texture": "#0"},
				"down": {"uv": [5.25, 5.75, 5, 6.5], "texture": "#0"}
			}
		},
		{
			"name": "left.down2",
			"from": [1, 0, 6.75],
			"to": [3, 1, 9.75],
			"faces": {
				"north": {"uv": [6, 2.25, 6.5, 2.5], "texture": "#0"},
				"east": {"uv": [4.75, 5.5, 5.5, 5.75], "texture": "#0"},
				"south": {"uv": [6, 2.5, 6.5, 2.75], "texture": "#0"},
				"west": {"uv": [5.5, 5, 6.25, 5.25], "texture": "#0"},
				"up": {"uv": [6, 0.75, 5.5, 0], "texture": "#0"},
				"down": {"uv": [6, 0.75, 5.5, 1.5], "texture": "#0"}
			}
		},
		{
			"name": "left.down2",
			"from": [14, 1, 6.75],
			"to": [15, 2, 9.75],
			"rotation": {"angle": 0, "axis": "y", "origin": [16, 0, 0]},
			"faces": {
				"north": {"uv": [4.75, 6, 4.5, 6.25], "texture": "#0"},
				"east": {"uv": [6.25, 5.5, 5.5, 5.75], "texture": "#0"},
				"south": {"uv": [5.5, 6, 5.25, 6.25], "texture": "#0"},
				"west": {"uv": [6.25, 5.25, 5.5, 5.5], "texture": "#0"},
				"up": {"uv": [4.75, 6.5, 5, 5.75], "texture": "#0"},
				"down": {"uv": [5, 5.75, 5.25, 6.5], "texture": "#0"}
			}
		},
		{
			"name": "left.down3",
			"from": [13, 0, 6.75],
			"to": [15, 1, 9.75],
			"rotation": {"angle": 0, "axis": "y", "origin": [16, 0, 0]},
			"faces": {
				"north": {"uv": [6.5, 2.25, 6, 2.5], "texture": "#0"},
				"east": {"uv": [6.25, 5, 5.5, 5.25], "texture": "#0"},
				"south": {"uv": [6.5, 2.5, 6, 2.75], "texture": "#0"},
				"west": {"uv": [5.5, 5.5, 4.75, 5.75], "texture": "#0"},
				"up": {"uv": [5.5, 0.75, 6, 0], "texture": "#0"},
				"down": {"uv": [5.5, 0.75, 6, 1.5], "texture": "#0"}
			}
		}
	],
	"display": {
		"thirdperson_righthand": {
			"rotation": [68, 180, 0],
			"translation": [-5.5, 0, 0],
			"scale": [1.5, 1.5, 0.7]
		},
		"thirdperson_lefthand": {
			"rotation": [157, 180, 180],
			"translation": [-5.5, 8.5, -4.75],
			"scale": [1.5, 1.5, 0.7]
		},
		"firstperson_righthand": {
			"translation": [-9, 0, 1.75],
			"scale": [1.5, 1.5, 1]
		},
		"firstperson_lefthand": {
			"rotation": [-90, 0, 0],
			"translation": [-9.05, 0, -5],
			"scale": [1.5, 1.5, 1]
		},
		"ground": {
			"translation": [0, 12, 0],
			"scale": [2, 2, 0.57]
		},
		"gui": {
			"rotation": [-27, 21, 20],
			"translation": [0.5, -0.75, 0],
			"scale": [0.9, 0.9, 0.59]
		},
		"head": {
			"rotation": [0, 180, 0],
			"translation": [0, 21.75, 0],
			"scale": [2.5, 2.5, 0.71]
		},
		"fixed": {
			"rotation": [180, 0, 180],
			"translation": [0, -3.5, 0],
			"scale": [4, 4, 1]
		}
	},
	"groups": [
		0,
		{
			"name": "frame",
			"origin": [0, 0, 0],
			"color": 0,
			"children": [1, 2, 3, 4]
		},
		{
			"name": "corner",
			"origin": [0, 0, 0],
			"color": 0,
			"children": [5, 6, 7, 8, 9, 10, 11, 12]
		}
	]
}