{
	"credit": "Made with Blockbench",
	"textures": {
		"0": "item/vip/how_bucket/1",
		"1": "item/vip/how_bucket/2",
		"2": "item/vip/how_bucket/3",
		"3": "item/vip/how_bucket/4",
		"particle": "item/vip/how_bucket/1"
	},
	"elements": [
		{
			"from": [3, 1, 3],
			"to": [13, 2, 13],
			"faces": {
				"north": {"uv": [7.75, 9, 10.25, 9.25], "texture": "#0"},
				"east": {"uv": [9.25, 0, 11.75, 0.25], "texture": "#0"},
				"south": {"uv": [9.25, 0.25, 11.75, 0.5], "texture": "#0"},
				"west": {"uv": [9.25, 0.5, 11.75, 0.75], "texture": "#0"},
				"up": {"uv": [2.5, 2.5, 0, 0], "texture": "#0"},
				"down": {"uv": [2.5, 2.5, 0, 5], "texture": "#0"}
			}
		},
		{
			"from": [4, 1, 2],
			"to": [12, 2, 3],
			"faces": {
				"north": {"uv": [9.25, 0.75, 11.25, 1], "texture": "#0"},
				"east": {"uv": [4.75, 9.75, 5, 10], "texture": "#0"},
				"south": {"uv": [9.25, 1, 11.25, 1.25], "texture": "#0"},
				"west": {"uv": [5, 9.75, 5.25, 10], "texture": "#0"},
				"up": {"uv": [11.25, 1.5, 9.25, 1.25], "texture": "#0"},
				"down": {"uv": [11.25, 1.5, 9.25, 1.75], "texture": "#0"}
			}
		},
		{
			"from": [5, 0.7, 4],
			"to": [11, 1, 5],
			"faces": {
				"north": {"uv": [9.25, 6.75, 10.75, 7], "texture": "#0"},
				"east": {"uv": [9.75, 9.75, 10, 10], "texture": "#0"},
				"south": {"uv": [9.25, 7, 10.75, 7.25], "texture": "#0"},
				"west": {"uv": [10, 3.25, 10.25, 3.5], "texture": "#0"},
				"up": {"uv": [10.75, 7.5, 9.25, 7.25], "texture": "#0"},
				"down": {"uv": [10.75, 7.5, 9.25, 7.75], "texture": "#0"}
			}
		},
		{
			"from": [6, 1, 1],
			"to": [10, 14, 2],
			"faces": {
				"north": {"uv": [4.5, 0, 5.5, 3.25], "texture": "#0"},
				"east": {"uv": [7.25, 3.25, 7.5, 6.5], "texture": "#0"},
				"south": {"uv": [4.5, 3.25, 5.5, 6.5], "texture": "#0"},
				"west": {"uv": [7.25, 6.5, 7.5, 9.75], "texture": "#0"},
				"up": {"uv": [10.25, 8.75, 9.25, 8.5], "texture": "#0"},
				"down": {"uv": [10.25, 8.75, 9.25, 9], "texture": "#0"}
			}
		},
		{
			"from": [6, 1, 14],
			"to": [10, 14, 15],
			"faces": {
				"north": {"uv": [0, 5, 1, 8.25], "texture": "#0"},
				"east": {"uv": [7.5, 0, 7.75, 3.25], "texture": "#0"},
				"south": {"uv": [1, 5, 2, 8.25], "texture": "#0"},
				"west": {"uv": [7.5, 3.25, 7.75, 6.5], "texture": "#0"},
				"up": {"uv": [5, 9.75, 4, 9.5], "texture": "#0"},
				"down": {"uv": [10.5, 4.25, 9.5, 4.5], "texture": "#0"}
			}
		},
		{
			"from": [10, 2, 13],
			"to": [12, 14, 14],
			"faces": {
				"north": {"uv": [2, 5, 2.5, 8], "texture": "#0"},
				"east": {"uv": [7.5, 6.5, 7.75, 9.5], "texture": "#0"},
				"south": {"uv": [5.5, 0, 6, 3], "texture": "#0"},
				"west": {"uv": [7.75, 0, 8, 3], "texture": "#0"},
				"up": {"uv": [10, 4.75, 9.5, 4.5], "texture": "#0"},
				"down": {"uv": [5.5, 9.5, 5, 9.75], "texture": "#0"}
			}
		},
		{
			"from": [4, 2, 13],
			"to": [6, 14, 14],
			"faces": {
				"north": {"uv": [5.5, 3, 6, 6], "texture": "#0"},
				"east": {"uv": [7.75, 3, 8, 6], "texture": "#0"},
				"south": {"uv": [6, 0, 6.5, 3], "texture": "#0"},
				"west": {"uv": [7.75, 6, 8, 9], "texture": "#0"},
				"up": {"uv": [8, 9.75, 7.5, 9.5], "texture": "#0"},
				"down": {"uv": [8.5, 9.5, 8, 9.75], "texture": "#0"}
			}
		},
		{
			"from": [2, 2, 4],
			"to": [3, 14, 6],
			"faces": {
				"north": {"uv": [8, 0, 8.25, 3], "texture": "#0"},
				"east": {"uv": [6, 3, 6.5, 6], "texture": "#0"},
				"south": {"uv": [2, 8, 2.25, 11], "texture": "#0"},
				"west": {"uv": [5.5, 6, 6, 9], "texture": "#0"},
				"up": {"uv": [8.75, 10, 8.5, 9.5], "texture": "#0"},
				"down": {"uv": [9, 9.5, 8.75, 10], "texture": "#0"}
			}
		},
		{
			"from": [2, 2, 10],
			"to": [3, 14, 12],
			"faces": {
				"north": {"uv": [8.25, 0, 8.5, 3], "texture": "#0"},
				"east": {"uv": [6.5, 3, 7, 6], "texture": "#0"},
				"south": {"uv": [0.25, 8.25, 0.5, 11.25], "texture": "#0"},
				"west": {"uv": [3.5, 6.5, 4, 9.5], "texture": "#0"},
				"up": {"uv": [9.25, 10, 9, 9.5], "texture": "#0"},
				"down": {"uv": [10, 3.25, 9.75, 3.75], "texture": "#0"}
			}
		},
		{
			"from": [13, 2, 10],
			"to": [14, 14, 12],
			"faces": {
				"north": {"uv": [0.5, 8.25, 0.75, 11.25], "texture": "#0"},
				"east": {"uv": [4, 6.5, 4.5, 9.5], "texture": "#0"},
				"south": {"uv": [0.75, 8.25, 1, 11.25], "texture": "#0"},
				"west": {"uv": [4.5, 6.5, 5, 9.5], "texture": "#0"},
				"up": {"uv": [10, 4.25, 9.75, 3.75], "texture": "#0"},
				"down": {"uv": [4.25, 9.75, 4, 10.25], "texture": "#0"}
			}
		},
		{
			"from": [13, 2, 4],
			"to": [14, 14, 6],
			"faces": {
				"north": {"uv": [1, 8.25, 1.25, 11.25], "texture": "#0"},
				"east": {"uv": [5, 6.5, 5.5, 9.5], "texture": "#0"},
				"south": {"uv": [1.25, 8.25, 1.5, 11.25], "texture": "#0"},
				"west": {"uv": [6.5, 6, 7, 9], "texture": "#0"},
				"up": {"uv": [4.5, 10.25, 4.25, 9.75], "texture": "#0"},
				"down": {"uv": [4.75, 9.75, 4.5, 10.25], "texture": "#0"}
			}
		},
		{
			"from": [12, 2, 3],
			"to": [13, 14, 4],
			"faces": {
				"north": {"uv": [1.5, 8.25, 1.75, 11.25], "texture": "#0"},
				"east": {"uv": [1.75, 8.25, 2, 11.25], "texture": "#0"},
				"south": {"uv": [8.25, 3, 8.5, 6], "texture": "#0"},
				"west": {"uv": [8.25, 6, 8.5, 9], "texture": "#0"},
				"up": {"uv": [5, 10.25, 4.75, 10], "texture": "#0"},
				"down": {"uv": [5.25, 10, 5, 10.25], "texture": "#0"}
			}
		},
		{
			"from": [3, 2, 3],
			"to": [4, 14, 4],
			"faces": {
				"north": {"uv": [8.5, 0, 8.75, 3], "texture": "#0"},
				"east": {"uv": [8.5, 3, 8.75, 6], "texture": "#0"},
				"south": {"uv": [8.5, 6, 8.75, 9], "texture": "#0"},
				"west": {"uv": [8.75, 0, 9, 3], "texture": "#0"},
				"up": {"uv": [5.5, 10.25, 5.25, 10], "texture": "#0"},
				"down": {"uv": [7.25, 10, 7, 10.25], "texture": "#0"}
			}
		},
		{
			"from": [3, 2, 12],
			"to": [4, 14, 13],
			"faces": {
				"north": {"uv": [8.75, 3, 9, 6], "texture": "#0"},
				"east": {"uv": [8.75, 6, 9, 9], "texture": "#0"},
				"south": {"uv": [9, 0, 9.25, 3], "texture": "#0"},
				"west": {"uv": [9, 3, 9.25, 6], "texture": "#0"},
				"up": {"uv": [7.5, 10.25, 7.25, 10], "texture": "#0"},
				"down": {"uv": [7.75, 10, 7.5, 10.25], "texture": "#0"}
			}
		},
		{
			"from": [12, 2, 12],
			"to": [13, 14, 13],
			"faces": {
				"north": {"uv": [5.5, 9, 5.75, 12], "texture": "#0"},
				"east": {"uv": [5.75, 9, 6, 12], "texture": "#0"},
				"south": {"uv": [6, 9, 6.25, 12], "texture": "#0"},
				"west": {"uv": [9, 6, 9.25, 9], "texture": "#0"},
				"up": {"uv": [8, 10.25, 7.75, 10], "texture": "#0"},
				"down": {"uv": [8.25, 10, 8, 10.25], "texture": "#0"}
			}
		},
		{
			"from": [10, 2, 2],
			"to": [12, 14, 3],
			"faces": {
				"north": {"uv": [6, 6, 6.5, 9], "texture": "#0"},
				"east": {"uv": [2.25, 8, 2.5, 11], "texture": "#0"},
				"south": {"uv": [6.5, 0, 7, 3], "texture": "#0"},
				"west": {"uv": [8, 3, 8.25, 6], "texture": "#0"},
				"up": {"uv": [10, 9.5, 9.5, 9.25], "texture": "#0"},
				"down": {"uv": [10, 9.5, 9.5, 9.75], "texture": "#0"}
			}
		},
		{
			"from": [4, 2, 2],
			"to": [6, 14, 3],
			"faces": {
				"north": {"uv": [2.5, 6.5, 3, 9.5], "texture": "#0"},
				"east": {"uv": [8, 6, 8.25, 9], "texture": "#0"},
				"south": {"uv": [3, 6.5, 3.5, 9.5], "texture": "#0"},
				"west": {"uv": [0, 8.25, 0.25, 11.25], "texture": "#0"},
				"up": {"uv": [10.25, 3, 9.75, 2.75], "texture": "#0"},
				"down": {"uv": [10.25, 3, 9.75, 3.25], "texture": "#0"}
			}
		},
		{
			"from": [4, 1, 13],
			"to": [12, 2, 14],
			"faces": {
				"north": {"uv": [9.25, 4.75, 11.25, 5], "texture": "#0"},
				"east": {"uv": [7.75, 9.75, 8, 10], "texture": "#0"},
				"south": {"uv": [9.25, 5, 11.25, 5.25], "texture": "#0"},
				"west": {"uv": [8, 9.75, 8.25, 10], "texture": "#0"},
				"up": {"uv": [11.25, 5.5, 9.25, 5.25], "texture": "#0"},
				"down": {"uv": [11.25, 5.5, 9.25, 5.75], "texture": "#0"}
			}
		},
		{
			"from": [5, 0.7, 11],
			"to": [11, 1, 12],
			"faces": {
				"north": {"uv": [9.25, 5.75, 10.75, 6], "texture": "#0"},
				"east": {"uv": [8.25, 9.75, 8.5, 10], "texture": "#0"},
				"south": {"uv": [9.25, 6, 10.75, 6.25], "texture": "#0"},
				"west": {"uv": [9.5, 9.75, 9.75, 10], "texture": "#0"},
				"up": {"uv": [10.75, 6.5, 9.25, 6.25], "texture": "#0"},
				"down": {"uv": [10.75, 6.5, 9.25, 6.75], "texture": "#0"}
			}
		},
		{
			"from": [13, 1, 4],
			"to": [14, 2, 12],
			"faces": {
				"north": {"uv": [5.25, 9.75, 5.5, 10], "texture": "#0"},
				"east": {"uv": [9.25, 1.75, 11.25, 2], "texture": "#0"},
				"south": {"uv": [7, 9.75, 7.25, 10], "texture": "#0"},
				"west": {"uv": [9.25, 2, 11.25, 2.25], "texture": "#0"},
				"up": {"uv": [6.5, 11, 6.25, 9], "texture": "#0"},
				"down": {"uv": [6.75, 9, 6.5, 11], "texture": "#0"}
			}
		},
		{
			"from": [14, 1, 6],
			"to": [15, 14, 10],
			"faces": {
				"north": {"uv": [7, 0, 7.25, 3.25], "texture": "#0"},
				"east": {"uv": [2.5, 0, 3.5, 3.25], "texture": "#0"},
				"south": {"uv": [7, 3.25, 7.25, 6.5], "texture": "#0"},
				"west": {"uv": [2.5, 3.25, 3.5, 6.5], "texture": "#0"},
				"up": {"uv": [3.25, 10.5, 3, 9.5], "texture": "#0"},
				"down": {"uv": [3.5, 9.5, 3.25, 10.5], "texture": "#0"}
			}
		},
		{
			"from": [11, 0.7, 5],
			"to": [12, 1, 11],
			"faces": {
				"north": {"uv": [10, 3.5, 10.25, 3.75], "texture": "#0"},
				"east": {"uv": [7.75, 9.25, 9.25, 9.5], "texture": "#0"},
				"south": {"uv": [10, 3.75, 10.25, 4], "texture": "#0"},
				"west": {"uv": [9.25, 7.75, 10.75, 8], "texture": "#0"},
				"up": {"uv": [9.5, 10.75, 9.25, 9.25], "texture": "#0"},
				"down": {"uv": [2.75, 9.5, 2.5, 11], "texture": "#0"}
			}
		},
		{
			"from": [4, 0.7, 5],
			"to": [5, 1, 11],
			"faces": {
				"north": {"uv": [10, 4, 10.25, 4.25], "texture": "#0"},
				"east": {"uv": [9.25, 8, 10.75, 8.25], "texture": "#0"},
				"south": {"uv": [10, 4.5, 10.25, 4.75], "texture": "#0"},
				"west": {"uv": [9.25, 8.25, 10.75, 8.5], "texture": "#0"},
				"up": {"uv": [3, 11, 2.75, 9.5], "texture": "#0"},
				"down": {"uv": [9.75, 2.75, 9.5, 4.25], "texture": "#0"}
			}
		},
		{
			"from": [1, 1, 6],
			"to": [2, 14, 10],
			"faces": {
				"north": {"uv": [7, 6.5, 7.25, 9.75], "texture": "#0"},
				"east": {"uv": [3.5, 0, 4.5, 3.25], "texture": "#0"},
				"south": {"uv": [7.25, 0, 7.5, 3.25], "texture": "#0"},
				"west": {"uv": [3.5, 3.25, 4.5, 6.5], "texture": "#0"},
				"up": {"uv": [3.75, 10.5, 3.5, 9.5], "texture": "#0"},
				"down": {"uv": [4, 9.5, 3.75, 10.5], "texture": "#0"}
			}
		},
		{
			"from": [2, 1, 4],
			"to": [3, 2, 12],
			"faces": {
				"north": {"uv": [7.25, 9.75, 7.5, 10], "texture": "#0"},
				"east": {"uv": [9.25, 2.25, 11.25, 2.5], "texture": "#0"},
				"south": {"uv": [7.5, 9.75, 7.75, 10], "texture": "#0"},
				"west": {"uv": [9.25, 2.5, 11.25, 2.75], "texture": "#0"},
				"up": {"uv": [7, 11, 6.75, 9], "texture": "#0"},
				"down": {"uv": [9.5, 2.75, 9.25, 4.75], "texture": "#0"}
			}
		},
		{
			"from": [0.5, 13, 7],
			"to": [2.5, 15, 9],
			"faces": {
				"north": {"uv": [2, 4, 4, 6], "texture": "#1"},
				"east": {"uv": [4, 2, 6, 4], "texture": "#1"},
				"south": {"uv": [4, 4, 6, 6], "texture": "#1"},
				"west": {"uv": [0, 6, 2, 8], "texture": "#1"},
				"up": {"uv": [8, 2, 6, 0], "texture": "#1"},
				"down": {"uv": [4, 6, 2, 8], "texture": "#1"}
			}
		},
		{
			"from": [13.5, 13, 7],
			"to": [15.5, 15, 9],
			"faces": {
				"north": {"uv": [0, 0, 2, 2], "texture": "#1"},
				"east": {"uv": [0, 2, 2, 4], "texture": "#1"},
				"south": {"uv": [2, 0, 4, 2], "texture": "#1"},
				"west": {"uv": [2, 2, 4, 4], "texture": "#1"},
				"up": {"uv": [2, 6, 0, 4], "texture": "#1"},
				"down": {"uv": [6, 0, 4, 2], "texture": "#1"}
			}
		},
		{
			"from": [14, 15, 7.5],
			"to": [15, 19, 8.5],
			"faces": {
				"north": {"uv": [0, 0, 1, 4], "texture": "#2"},
				"east": {"uv": [1, 0, 2, 4], "texture": "#2"},
				"south": {"uv": [2, 0, 3, 4], "texture": "#2"},
				"west": {"uv": [3, 0, 4, 4], "texture": "#2"},
				"up": {"uv": [1, 5, 0, 4], "texture": "#2"},
				"down": {"uv": [5, 0, 4, 1], "texture": "#2"}
			}
		},
		{
			"from": [1, 15, 7.5],
			"to": [2, 19, 8.5],
			"faces": {
				"north": {"uv": [0, 0, 1, 4], "texture": "#2"},
				"east": {"uv": [1, 0, 2, 4], "texture": "#2"},
				"south": {"uv": [2, 0, 3, 4], "texture": "#2"},
				"west": {"uv": [3, 0, 4, 4], "texture": "#2"},
				"up": {"uv": [1, 5, 0, 4], "texture": "#2"},
				"down": {"uv": [5, 0, 4, 1], "texture": "#2"}
			}
		},
		{
			"from": [2, 19, 7.5],
			"to": [3, 20, 8.5],
			"faces": {
				"north": {"uv": [0, 0, 1, 4], "texture": "#2"},
				"east": {"uv": [1, 0, 2, 4], "texture": "#2"},
				"south": {"uv": [2, 0, 3, 4], "texture": "#2"},
				"west": {"uv": [3, 0, 4, 4], "texture": "#2"},
				"up": {"uv": [1, 5, 0, 4], "texture": "#2"},
				"down": {"uv": [5, 0, 4, 1], "texture": "#2"}
			}
		},
		{
			"from": [13, 19, 7.5],
			"to": [14, 20, 8.5],
			"faces": {
				"north": {"uv": [0, 0, 1, 4], "texture": "#2"},
				"east": {"uv": [1, 0, 2, 4], "texture": "#2"},
				"south": {"uv": [2, 0, 3, 4], "texture": "#2"},
				"west": {"uv": [3, 0, 4, 4], "texture": "#2"},
				"up": {"uv": [1, 5, 0, 4], "texture": "#2"},
				"down": {"uv": [5, 0, 4, 1], "texture": "#2"}
			}
		},
		{
			"from": [12, 20, 7.5],
			"to": [13, 21, 8.5],
			"faces": {
				"north": {"uv": [0, 0, 1, 4], "texture": "#2"},
				"east": {"uv": [1, 0, 2, 4], "texture": "#2"},
				"south": {"uv": [2, 0, 3, 4], "texture": "#2"},
				"west": {"uv": [3, 0, 4, 4], "texture": "#2"},
				"up": {"uv": [1, 5, 0, 4], "texture": "#2"},
				"down": {"uv": [5, 0, 4, 1], "texture": "#2"}
			}
		},
		{
			"from": [3, 20, 7.5],
			"to": [4, 21, 8.5],
			"faces": {
				"north": {"uv": [0, 0, 1, 4], "texture": "#2"},
				"east": {"uv": [1, 0, 2, 4], "texture": "#2"},
				"south": {"uv": [2, 0, 3, 4], "texture": "#2"},
				"west": {"uv": [3, 0, 4, 4], "texture": "#2"},
				"up": {"uv": [1, 5, 0, 4], "texture": "#2"},
				"down": {"uv": [5, 0, 4, 1], "texture": "#2"}
			}
		},
		{
			"from": [4, 21, 7.5],
			"to": [12, 22, 8.5],
			"faces": {
				"north": {"uv": [0, 0, 1, 4], "texture": "#2"},
				"east": {"uv": [1, 0, 2, 4], "texture": "#2"},
				"south": {"uv": [2, 0, 3, 4], "texture": "#2"},
				"west": {"uv": [3, 0, 4, 4], "texture": "#2"},
				"up": {"uv": [1, 5, 0, 4], "texture": "#2"},
				"down": {"uv": [5, 0, 4, 1], "texture": "#2"}
			}
		},
		{
			"from": [0, 13, 0],
			"to": [16, 13, 16],
			"faces": {
				"north": {"uv": [0, 0, 16, 0], "texture": "#3"},
				"east": {"uv": [0, 0, 16, 0], "texture": "#3"},
				"south": {"uv": [0, 0, 16, 0], "texture": "#3"},
				"west": {"uv": [0, 0, 16, 0], "texture": "#3"},
				"up": {"uv": [0, 0, 16, 16], "texture": "#3"},
				"down": {"uv": [0, 0, 16, 16], "texture": "#3"}
			}
		}
	],
	"display": {
		"thirdperson_righthand": {
			"rotation": [70, 0, 0],
			"translation": [0, -3.5, -4],
			"scale": [0.4, 0.4, 0.4]
		},
		"thirdperson_lefthand": {
			"rotation": [67, 0, 0],
			"translation": [0, -3.5, -4],
			"scale": [0.4, 0.4, 0.4]
		},
		"firstperson_righthand": {
			"translation": [0, -0.75, 0.75],
			"scale": [0.6, 0.6, 0.6]
		},
		"firstperson_lefthand": {
			"translation": [0, -0.75, 0.75],
			"scale": [0.6, 0.6, 0.6]
		},
		"ground": {
			"translation": [0, 0.75, 0],
			"scale": [0.4, 0.4, 0.4]
		},
		"gui": {
			"rotation": [5, 21, 30],
			"translation": [0.75, -1.75, 0],
			"scale": [0.6, 0.6, 0.6]
		},
		"head": {
			"rotation": [-159, 0, 0],
			"translation": [0, 10.5, 2.75],
			"scale": [1.42, 1.5, 1.42]
		},
		"fixed": {
			"rotation": [-90, 0, 0],
			"translation": [0, 0, -7.25]
		}
	}
}