{
	"credit": "Made with Blockbench",
	"textures": {
		"0": "item/vip/how_wine/2",
		"1": "item/vip/how_wine/1",
		"particle": "item/vip/how_wine/2"
	},
	"elements": [
		{
			"from": [5, 0, 5],
			"to": [11, 15, 11],
			"faces": {
				"north": {"uv": [0, 0, 1.5, 3.75], "texture": "#0"},
				"east": {"uv": [1.5, 0, 3, 3.75], "texture": "#0"},
				"south": {"uv": [3, 0, 4.5, 3.75], "texture": "#0"},
				"west": {"uv": [0, 3.75, 1.5, 7.5], "texture": "#0"},
				"up": {"uv": [8, 5, 6.5, 3.5], "texture": "#0"},
				"down": {"uv": [8, 5, 6.5, 6.5], "texture": "#0"}
			}
		},
		{
			"from": [11, 0, 6],
			"to": [12, 14, 10],
			"faces": {
				"north": {"uv": [1.5, 7.25, 1.75, 10.75], "texture": "#0"},
				"east": {"uv": [4.5, 3.5, 5.5, 7], "texture": "#0"},
				"south": {"uv": [1.75, 7.25, 2, 10.75], "texture": "#0"},
				"west": {"uv": [5.5, 0, 6.5, 3.5], "texture": "#0"},
				"up": {"uv": [7.75, 2.75, 7.5, 1.75], "texture": "#0"},
				"down": {"uv": [6.75, 7.5, 6.5, 8.5], "texture": "#0"}
			}
		},
		{
			"from": [11, 14, 7],
			"to": [12, 15, 9],
			"faces": {
				"north": {"uv": [8.25, 6.75, 8.5, 7], "texture": "#0"},
				"east": {"uv": [7.75, 2.5, 8.25, 2.75], "texture": "#0"},
				"south": {"uv": [8.25, 7.25, 8.5, 7.5], "texture": "#0"},
				"west": {"uv": [7, 7.75, 7.5, 8], "texture": "#0"},
				"up": {"uv": [8, 7.5, 7.75, 7], "texture": "#0"},
				"down": {"uv": [7.75, 7.75, 7.5, 8.25], "texture": "#0"}
			}
		},
		{
			"from": [4, 14, 7],
			"to": [5, 15, 9],
			"faces": {
				"north": {"uv": [7.5, 8.25, 7.75, 8.5], "texture": "#0"},
				"east": {"uv": [7.75, 7.75, 8.25, 8], "texture": "#0"},
				"south": {"uv": [8.25, 7.5, 8.5, 7.75], "texture": "#0"},
				"west": {"uv": [8, 0, 8.5, 0.25], "texture": "#0"},
				"up": {"uv": [8.25, 0.75, 8, 0.25], "texture": "#0"},
				"down": {"uv": [0.75, 8, 0.5, 8.5], "texture": "#0"}
			}
		},
		{
			"from": [5, 15, 7],
			"to": [6, 16, 9],
			"faces": {
				"north": {"uv": [0.5, 8.5, 0.75, 8.75], "texture": "#0"},
				"east": {"uv": [7, 8, 7.5, 8.25], "texture": "#0"},
				"south": {"uv": [8.5, 0.75, 8.75, 1], "texture": "#0"},
				"west": {"uv": [8, 7, 8.5, 7.25], "texture": "#0"},
				"up": {"uv": [1.5, 8.5, 1.25, 8], "texture": "#0"},
				"down": {"uv": [8.25, 7.25, 8, 7.75], "texture": "#0"}
			}
		},
		{
			"from": [6, 16, 7],
			"to": [7, 17, 9],
			"faces": {
				"north": {"uv": [8.5, 1.25, 8.75, 1.5], "texture": "#0"},
				"east": {"uv": [8.25, 2.25, 8.75, 2.5], "texture": "#0"},
				"south": {"uv": [8.5, 1.5, 8.75, 1.75], "texture": "#0"},
				"west": {"uv": [8.25, 2.5, 8.75, 2.75], "texture": "#0"},
				"up": {"uv": [4.75, 8.75, 4.5, 8.25], "texture": "#0"},
				"down": {"uv": [5, 8.25, 4.75, 8.75], "texture": "#0"}
			}
		},
		{
			"from": [9, 16, 7],
			"to": [10, 17, 9],
			"faces": {
				"north": {"uv": [8.5, 2.75, 8.75, 3], "texture": "#0"},
				"east": {"uv": [5, 8.25, 5.5, 8.5], "texture": "#0"},
				"south": {"uv": [8.5, 3, 8.75, 3.25], "texture": "#0"},
				"west": {"uv": [8.25, 6.5, 8.75, 6.75], "texture": "#0"},
				"up": {"uv": [7.25, 8.75, 7, 8.25], "texture": "#0"},
				"down": {"uv": [7.5, 8.25, 7.25, 8.75], "texture": "#0"}
			}
		},
		{
			"from": [10, 15, 7],
			"to": [11, 16, 9],
			"faces": {
				"north": {"uv": [8.5, 1, 8.75, 1.25], "texture": "#0"},
				"east": {"uv": [7.75, 8, 8.25, 8.25], "texture": "#0"},
				"south": {"uv": [1.25, 8.5, 1.5, 8.75], "texture": "#0"},
				"west": {"uv": [8.25, 0.25, 8.75, 0.5], "texture": "#0"},
				"up": {"uv": [1, 8.75, 0.75, 8.25], "texture": "#0"},
				"down": {"uv": [1.25, 8.25, 1, 8.75], "texture": "#0"}
			}
		},
		{
			"from": [7, 14, 4],
			"to": [9, 15, 5],
			"faces": {
				"north": {"uv": [0.75, 8, 1.25, 8.25], "texture": "#0"},
				"east": {"uv": [7.75, 8.25, 8, 8.5], "texture": "#0"},
				"south": {"uv": [8, 0.75, 8.5, 1], "texture": "#0"},
				"west": {"uv": [8.25, 7.75, 8.5, 8], "texture": "#0"},
				"up": {"uv": [8.5, 3.75, 8, 3.5], "texture": "#0"},
				"down": {"uv": [8.5, 3.75, 8, 4], "texture": "#0"}
			}
		},
		{
			"from": [7, 15, 5],
			"to": [9, 16, 6],
			"faces": {
				"north": {"uv": [8, 4.75, 8.5, 5], "texture": "#0"},
				"east": {"uv": [8.25, 8.25, 8.5, 8.5], "texture": "#0"},
				"south": {"uv": [5, 8, 5.5, 8.25], "texture": "#0"},
				"west": {"uv": [0, 8.5, 0.25, 8.75], "texture": "#0"},
				"up": {"uv": [8.5, 5.25, 8, 5], "texture": "#0"},
				"down": {"uv": [8.5, 5.25, 8, 5.5], "texture": "#0"}
			}
		},
		{
			"from": [7, 15, 10],
			"to": [9, 16, 11],
			"faces": {
				"north": {"uv": [8, 5.5, 8.5, 5.75], "texture": "#0"},
				"east": {"uv": [8.5, 0, 8.75, 0.25], "texture": "#0"},
				"south": {"uv": [8, 5.75, 8.5, 6], "texture": "#0"},
				"west": {"uv": [0.25, 8.5, 0.5, 8.75], "texture": "#0"},
				"up": {"uv": [8.5, 6.25, 8, 6], "texture": "#0"},
				"down": {"uv": [8.5, 6.25, 8, 6.5], "texture": "#0"}
			}
		},
		{
			"from": [7, 16, 6],
			"to": [9, 17, 10],
			"faces": {
				"north": {"uv": [8.25, 0.5, 8.75, 0.75], "texture": "#0"},
				"east": {"uv": [0.5, 7.75, 1.5, 8], "texture": "#0"},
				"south": {"uv": [8.25, 2, 8.75, 2.25], "texture": "#0"},
				"west": {"uv": [7.75, 1.75, 8.75, 2], "texture": "#0"},
				"up": {"uv": [0.5, 8.5, 0, 7.5], "texture": "#0"},
				"down": {"uv": [8, 0, 7.5, 1], "texture": "#0"}
			}
		},
		{
			"from": [7, 17, 7],
			"to": [9, 23, 9],
			"faces": {
				"north": {"uv": [2.5, 7.25, 3, 9], "texture": "#0"},
				"east": {"uv": [3, 7.25, 3.5, 9], "texture": "#0"},
				"south": {"uv": [3.5, 7.25, 4, 9], "texture": "#0"},
				"west": {"uv": [4, 7.25, 4.5, 9], "texture": "#0"},
				"up": {"uv": [8.25, 2.5, 7.75, 2], "texture": "#0"},
				"down": {"uv": [8.25, 6.5, 7.75, 7], "texture": "#0"}
			}
		},
		{
			"from": [6.875, 23.025, 6.875],
			"to": [9.125, 25, 9.125],
			"faces": {
				"north": {"uv": [13.5, 12.75, 14, 14.5], "texture": "#0"},
				"east": {"uv": [13.5, 12.75, 14, 14.5], "texture": "#0"},
				"south": {"uv": [13.5, 12.75, 14, 14.5], "texture": "#0"},
				"west": {"uv": [13.5, 12.75, 14, 14.5], "texture": "#0"},
				"up": {"uv": [14, 13.75, 13.5, 13.25], "texture": "#0"},
				"down": {"uv": [14, 13.25, 13.5, 13.75], "texture": "#0"}
			}
		},
		{
			"from": [7, 14, 11],
			"to": [9, 15, 12],
			"faces": {
				"north": {"uv": [8, 4, 8.5, 4.25], "texture": "#0"},
				"east": {"uv": [8, 8.25, 8.25, 8.5], "texture": "#0"},
				"south": {"uv": [8, 4.25, 8.5, 4.5], "texture": "#0"},
				"west": {"uv": [8.25, 8, 8.5, 8.25], "texture": "#0"},
				"up": {"uv": [5, 8.25, 4.5, 8], "texture": "#0"},
				"down": {"uv": [8.5, 4.5, 8, 4.75], "texture": "#0"}
			}
		},
		{
			"from": [6, 15, 6],
			"to": [10, 16, 10],
			"faces": {
				"north": {"uv": [7.5, 2.75, 8.5, 3], "texture": "#0"},
				"east": {"uv": [7.5, 3, 8.5, 3.25], "texture": "#0"},
				"south": {"uv": [7.5, 3.25, 8.5, 3.5], "texture": "#0"},
				"west": {"uv": [7, 7.5, 8, 7.75], "texture": "#0"},
				"up": {"uv": [7.5, 7.5, 6.5, 6.5], "texture": "#0"},
				"down": {"uv": [5.5, 7, 4.5, 8], "texture": "#0"}
			}
		},
		{
			"from": [4, 0, 6],
			"to": [5, 14, 10],
			"faces": {
				"north": {"uv": [2, 7.25, 2.25, 10.75], "texture": "#0"},
				"east": {"uv": [5.5, 3.5, 6.5, 7], "texture": "#0"},
				"south": {"uv": [2.25, 7.25, 2.5, 10.75], "texture": "#0"},
				"west": {"uv": [6.5, 0, 7.5, 3.5], "texture": "#0"},
				"up": {"uv": [7.75, 7.5, 7.5, 6.5], "texture": "#0"},
				"down": {"uv": [7, 7.5, 6.75, 8.5], "texture": "#0"}
			}
		},
		{
			"from": [6, 0, 4],
			"to": [10, 14, 5],
			"faces": {
				"north": {"uv": [1.5, 3.75, 2.5, 7.25], "texture": "#0"},
				"east": {"uv": [5.5, 7, 5.75, 10.5], "texture": "#0"},
				"south": {"uv": [2.5, 3.75, 3.5, 7.25], "texture": "#0"},
				"west": {"uv": [5.75, 7, 6, 10.5], "texture": "#0"},
				"up": {"uv": [1.5, 7.75, 0.5, 7.5], "texture": "#0"},
				"down": {"uv": [8.5, 1, 7.5, 1.25], "texture": "#0"}
			}
		},
		{
			"from": [6, 0, 11],
			"to": [10, 14, 12],
			"faces": {
				"north": {"uv": [3.5, 3.75, 4.5, 7.25], "texture": "#0"},
				"east": {"uv": [6, 7, 6.25, 10.5], "texture": "#0"},
				"south": {"uv": [4.5, 0, 5.5, 3.5], "texture": "#0"},
				"west": {"uv": [6.25, 7, 6.5, 10.5], "texture": "#0"},
				"up": {"uv": [8.5, 1.5, 7.5, 1.25], "texture": "#0"},
				"down": {"uv": [8.5, 1.5, 7.5, 1.75], "texture": "#0"}
			}
		},
		{
			"from": [3.975, 1, 7],
			"to": [3.975, 13, 9],
			"faces": {
				"north": {"uv": [0, 0, 0, 12], "texture": "#1"},
				"east": {"uv": [0, 0, 2, 12], "texture": "#1"},
				"south": {"uv": [0, 0, 0, 12], "texture": "#1"},
				"west": {"uv": [2, 0, 4, 12], "texture": "#1"},
				"up": {"uv": [0, 2, 0, 0], "texture": "#1"},
				"down": {"uv": [0, 0, 0, 2], "texture": "#1"}
			}
		}
	],
	"display": {
		"thirdperson_righthand": {
			"rotation": [178, 24, 0],
			"translation": [0, 8.25, 0.25],
			"scale": [0.65, 0.65, 0.65]
		},
		"thirdperson_lefthand": {
			"rotation": [25, -149, 0],
			"translation": [0, -8.75, -3.5],
			"scale": [0.65, 0.65, 0.65]
		},
		"firstperson_righthand": {
			"rotation": [140, 0, 0],
			"translation": [1.25, 5.25, -2.75],
			"scale": [0.75, 0.75, 0.75]
		},
		"firstperson_lefthand": {
			"rotation": [6, -176, 0],
			"translation": [1.75, -8.25, -0.75],
			"scale": [0.75, 0.75, 0.75]
		},
		"ground": {
			"translation": [0, 0.75, 0],
			"scale": [0.5, 0.5, 0.5]
		},
		"gui": {
			"rotation": [58, 133, -75],
			"translation": [1.25, -1.75, 0],
			"scale": [0.6, 0.67, 0.6]
		},
		"head": {
			"rotation": [0, -90, 0],
			"translation": [0, 14.25, 0]
		},
		"fixed": {
			"rotation": [-90, -90, 0],
			"translation": [0, 0, -8]
		}
	}
}