{
	"credit": "Made with Blockbench",
	"texture_size": [64, 64],
	"textures": {
		"2": "item/vip/how_cup"
	},
	"elements": [
		{
			"from": [3, 0, 3],
			"to": [13, 1, 13],
			"faces": {
				"north": {"uv": [7.25, 6, 9.75, 6.25], "texture": "#2"},
				"east": {"uv": [7.25, 6.25, 9.75, 6.5], "texture": "#2"},
				"south": {"uv": [6.5, 7.25, 9, 7.5], "texture": "#2"},
				"west": {"uv": [6.5, 7.5, 9, 7.75], "texture": "#2"},
				"up": {"uv": [2.5, 2.5, 0, 0], "texture": "#2"},
				"down": {"uv": [2.5, 2.5, 0, 5], "texture": "#2"}
			}
		},
		{
			"from": [6, 1.5, 6],
			"to": [10, 2.5, 10],
			"faces": {
				"north": {"uv": [8.25, 3.25, 9.25, 3.5], "texture": "#2"},
				"east": {"uv": [8.25, 3.5, 9.25, 3.75], "texture": "#2"},
				"south": {"uv": [8.25, 3.75, 9.25, 4], "texture": "#2"},
				"west": {"uv": [4.5, 8.25, 5.5, 8.5], "texture": "#2"},
				"up": {"uv": [8.25, 3, 7.25, 2], "texture": "#2"},
				"down": {"uv": [8.25, 3, 7.25, 4], "texture": "#2"}
			}
		},
		{
			"from": [6, 15.5, 6],
			"to": [10, 16.5, 10],
			"faces": {
				"north": {"uv": [8.25, 3.25, 9.25, 3.5], "texture": "#2"},
				"east": {"uv": [8.25, 3.5, 9.25, 3.75], "texture": "#2"},
				"south": {"uv": [8.25, 3.75, 9.25, 4], "texture": "#2"},
				"west": {"uv": [4.5, 8.25, 5.5, 8.5], "texture": "#2"},
				"up": {"uv": [8.25, 3, 7.25, 2], "texture": "#2"},
				"down": {"uv": [8.25, 2, 7.25, 3], "texture": "#2"}
			}
		},
		{
			"from": [5, 16.5, 5],
			"to": [11, 17, 11],
			"faces": {
				"north": {"uv": [8.25, 3.25, 9.25, 3.5], "texture": "#2"},
				"east": {"uv": [8.25, 3.5, 9.25, 3.75], "texture": "#2"},
				"south": {"uv": [8.25, 3.75, 9.25, 4], "texture": "#2"},
				"west": {"uv": [4.5, 8.25, 5.5, 8.5], "texture": "#2"},
				"up": {"uv": [8.25, 3, 7.25, 2], "texture": "#2"},
				"down": {"uv": [8.25, 2, 7.25, 3], "texture": "#2"}
			}
		},
		{
			"from": [7, 2.5, 7],
			"to": [9, 15.5, 9],
			"faces": {
				"north": {"uv": [11, 0.5, 12.25, 5], "texture": "#2"},
				"east": {"uv": [11, 0.5, 12.25, 5], "texture": "#2"},
				"south": {"uv": [11, 0.5, 12.25, 5], "texture": "#2"},
				"west": {"uv": [8.5, 0, 9, 0.5], "texture": "#2"},
				"up": {"uv": [9, 1, 8.5, 0.5], "texture": "#2"},
				"down": {"uv": [12.25, 0.5, 11, 5], "texture": "#2"}
			}
		},
		{
			"from": [5.5, 20.5, 12],
			"to": [6.5, 26.5, 13],
			"rotation": {"angle": 0, "axis": "y", "origin": [2, 9, 9]},
			"faces": {
				"north": {"uv": [1, 8.25, 1.25, 9.5], "texture": "#2"},
				"east": {"uv": [8.25, 2, 8.5, 3.25], "texture": "#2"},
				"south": {"uv": [4, 8.25, 4.25, 9.5], "texture": "#2"},
				"west": {"uv": [4.25, 8.25, 4.5, 9.5], "texture": "#2"},
				"up": {"uv": [7.75, 8.5, 7.5, 8.25], "texture": "#2"},
				"down": {"uv": [8.75, 3, 8.5, 3.25], "texture": "#2"}
			}
		},
		{
			"from": [6.5, 25.5, 12],
			"to": [10.5, 26.5, 13],
			"rotation": {"angle": 0, "axis": "y", "origin": [4, 9, 9]},
			"faces": {
				"north": {"uv": [1, 8.25, 1.25, 9.5], "texture": "#2"},
				"east": {"uv": [8.25, 2, 8.5, 3.25], "texture": "#2"},
				"south": {"uv": [4, 8.25, 4.25, 9.5], "texture": "#2"},
				"west": {"uv": [4.25, 8.25, 4.5, 9.5], "texture": "#2"},
				"up": {"uv": [7.75, 8.5, 7.5, 8.25], "texture": "#2"},
				"down": {"uv": [8.75, 3, 8.5, 3.25], "texture": "#2"}
			}
		},
		{
			"from": [6.5, 23, 12],
			"to": [10.5, 24, 13],
			"rotation": {"angle": 0, "axis": "y", "origin": [4, 7, 9]},
			"faces": {
				"north": {"uv": [1, 8.25, 1.25, 9.5], "texture": "#2"},
				"east": {"uv": [8.25, 2, 8.5, 3.25], "texture": "#2"},
				"south": {"uv": [4, 8.25, 4.25, 9.5], "texture": "#2"},
				"west": {"uv": [4.25, 8.25, 4.5, 9.5], "texture": "#2"},
				"up": {"uv": [7.75, 8.5, 7.5, 8.25], "texture": "#2"},
				"down": {"uv": [8.75, 3, 8.5, 3.25], "texture": "#2"}
			}
		},
		{
			"from": [6.5, 20.5, 12],
			"to": [10.5, 21.5, 13],
			"rotation": {"angle": 0, "axis": "y", "origin": [4, 5, 9]},
			"faces": {
				"north": {"uv": [1, 8.25, 1.25, 9.5], "texture": "#2"},
				"east": {"uv": [8.25, 2, 8.5, 3.25], "texture": "#2"},
				"south": {"uv": [4, 8.25, 4.25, 9.5], "texture": "#2"},
				"west": {"uv": [4.25, 8.25, 4.5, 9.5], "texture": "#2"},
				"up": {"uv": [7.75, 8.5, 7.5, 8.25], "texture": "#2"},
				"down": {"uv": [8.75, 3, 8.5, 3.25], "texture": "#2"}
			}
		},
		{
			"from": [7, 8.5, 10],
			"to": [9, 15.5, 10.5],
			"rotation": {"angle": 0, "axis": "y", "origin": [1, 1, 4]},
			"faces": {
				"north": {"uv": [2, 5, 2.5, 6.5], "texture": "#2"},
				"east": {"uv": [0.5, 8.25, 0.75, 9.75], "texture": "#2"},
				"south": {"uv": [4, 6.5, 4.5, 8], "texture": "#2"},
				"west": {"uv": [0.75, 8.25, 1, 9.75], "texture": "#2"},
				"up": {"uv": [9, 3, 8.5, 2.75], "texture": "#2"},
				"down": {"uv": [3.5, 8.5, 3, 8.75], "texture": "#2"}
			}
		},
		{
			"from": [8, 7.5, 10],
			"to": [9, 8.5, 10.5],
			"rotation": {"angle": 0, "axis": "y", "origin": [1, 0, 4]},
			"faces": {
				"north": {"uv": [4.5, 8.5, 4.75, 8.75], "texture": "#2"},
				"east": {"uv": [8.5, 4.5, 8.75, 4.75], "texture": "#2"},
				"south": {"uv": [4.75, 8.5, 5, 8.75], "texture": "#2"},
				"west": {"uv": [8.5, 4.75, 8.75, 5], "texture": "#2"},
				"up": {"uv": [5.25, 8.75, 5, 8.5], "texture": "#2"},
				"down": {"uv": [8.75, 5, 8.5, 5.25], "texture": "#2"}
			}
		},
		{
			"from": [6, 15.5, 10],
			"to": [10, 16.5, 10.5],
			"rotation": {"angle": 0, "axis": "y", "origin": [1, 4, 4]},
			"faces": {
				"north": {"uv": [8.5, 1.5, 9.5, 1.75], "texture": "#2"},
				"east": {"uv": [3.5, 8.5, 3.75, 8.75], "texture": "#2"},
				"south": {"uv": [8.5, 1.75, 9.5, 2], "texture": "#2"},
				"west": {"uv": [3.75, 8.5, 4, 8.75], "texture": "#2"},
				"up": {"uv": [3, 8.75, 2, 8.5], "texture": "#2"},
				"down": {"uv": [9.5, 2, 8.5, 2.25], "texture": "#2"}
			}
		},
		{
			"from": [4, 1, 4],
			"to": [12, 1.5, 12],
			"faces": {
				"north": {"uv": [7.75, 7.75, 9.75, 8], "texture": "#2"},
				"east": {"uv": [4, 8, 6, 8.25], "texture": "#2"},
				"south": {"uv": [8, 4, 10, 4.25], "texture": "#2"},
				"west": {"uv": [8, 4.25, 10, 4.5], "texture": "#2"},
				"up": {"uv": [6.5, 2, 4.5, 0], "texture": "#2"},
				"down": {"uv": [6.5, 2, 4.5, 4], "texture": "#2"}
			}
		},
		{
			"from": [4, 17, 4],
			"to": [12, 17.5, 12],
			"faces": {
				"north": {"uv": [11, 1, 12, 5], "texture": "#2"},
				"east": {"uv": [11, 1, 12, 5], "texture": "#2"},
				"south": {"uv": [11, 1, 12, 5], "texture": "#2"},
				"west": {"uv": [11, 1, 12, 5], "texture": "#2"},
				"up": {"uv": [2, 4.75, 0, 2.75], "texture": "#2"},
				"down": {"uv": [6.5, 0, 4.5, 2], "texture": "#2"}
			}
		},
		{
			"from": [12, 17, 4],
			"to": [12.5, 31.5, 12],
			"faces": {
				"north": {"uv": [11, 1, 12, 5], "texture": "#2"},
				"east": {"uv": [11, 1, 12, 5], "texture": "#2"},
				"south": {"uv": [11, 1, 12, 5], "texture": "#2"},
				"west": {"uv": [11, 1, 12, 5], "texture": "#2"},
				"up": {"uv": [6.5, 2, 4.5, 0], "texture": "#2"},
				"down": {"uv": [6.5, 0, 4.5, 2], "texture": "#2"}
			}
		},
		{
			"from": [3.5, 17, 4],
			"to": [4, 31.5, 12],
			"rotation": {"angle": 0, "axis": "y", "origin": [16, 0, 0]},
			"faces": {
				"north": {"uv": [12, 1, 11, 5], "texture": "#2"},
				"east": {"uv": [12, 1, 11, 5], "texture": "#2"},
				"south": {"uv": [12, 1, 11, 5], "texture": "#2"},
				"west": {"uv": [12, 1, 11, 5], "texture": "#2"},
				"up": {"uv": [4.5, 2, 6.5, 0], "texture": "#2"},
				"down": {"uv": [4.5, 0, 6.5, 2], "texture": "#2"}
			}
		},
		{
			"from": [4, 17, 3.5],
			"to": [12, 31.5, 4],
			"rotation": {"angle": 0, "axis": "y", "origin": [16, 0, 0]},
			"faces": {
				"north": {"uv": [12, 1, 11, 5], "texture": "#2"},
				"east": {"uv": [12, 1, 11, 5], "texture": "#2"},
				"south": {"uv": [12, 1, 11, 5], "texture": "#2"},
				"west": {"uv": [12, 1, 11, 5], "texture": "#2"},
				"up": {"uv": [4.5, 2, 6.5, 0], "rotation": 90, "texture": "#2"},
				"down": {"uv": [4.5, 0, 6.5, 2], "rotation": 270, "texture": "#2"}
			}
		},
		{
			"from": [4, 17, 12],
			"to": [12, 31.5, 12.5],
			"rotation": {"angle": 0, "axis": "y", "origin": [16, 0, 16]},
			"faces": {
				"north": {"uv": [11, 1, 12, 5], "texture": "#2"},
				"east": {"uv": [11, 1, 12, 5], "texture": "#2"},
				"south": {"uv": [11, 1, 12, 5], "texture": "#2"},
				"west": {"uv": [11, 1, 12, 5], "texture": "#2"},
				"up": {"uv": [6.5, 2, 4.5, 0], "rotation": 90, "texture": "#2"},
				"down": {"uv": [6.5, 0, 4.5, 2], "rotation": 270, "texture": "#2"}
			}
		}
	],
	"display": {
		"thirdperson_righthand": {
			"translation": [0, -2.5, 0],
			"scale": [0.5, 0.5, 0.5]
		},
		"thirdperson_lefthand": {
			"translation": [0, -2.5, 0],
			"scale": [0.5, 0.5, 0.5]
		},
		"firstperson_righthand": {
			"rotation": [-3, -25, 0],
			"translation": [1.5, -0.5, 0],
			"scale": [0.5, 0.5, 0.5]
		},
		"firstperson_lefthand": {
			"rotation": [-3, -25, 0],
			"translation": [1.5, -0.5, 0],
			"scale": [0.5, 0.5, 0.5]
		},
		"ground": {
			"translation": [0, 2.25, 0],
			"scale": [0.4, 0.4, 0.4]
		},
		"gui": {
			"rotation": [-20, 17, 38],
			"translation": [2.25, -3.25, 0],
			"scale": [0.5, 0.5, 0.5]
		},
		"head": {
			"rotation": [180, 0, 0],
			"translation": [0, 18.25, 0.25],
			"scale": [0.55, 0.55, 0.55]
		},
		"fixed": {
			"rotation": [-90, 180, 0],
			"translation": [0, 0, -6.25],
			"scale": [0.8, 0.8, 0.8]
		}
	}
}