{
	"credit": "Made with Blockbench",
	"texture_size": [32, 32],
	"textures": {
		"0": "item/vip/how_tie",
		"particle": "item/vip/how_tie"
	},
	"elements": [
		{
			"from": [9, 4.375, 5.925],
			"to": [11, 20, 6.275],
			"faces": {
				"north": {"uv": [0, 0, 1, 7.5], "texture": "#0"},
				"east": {"uv": [2, 0, 2.5, 7.5], "texture": "#0"},
				"south": {"uv": [1, 0, 2, 7.5], "texture": "#0"},
				"west": {"uv": [2.5, 0, 3, 7.5], "texture": "#0"},
				"up": {"uv": [7, 3.5, 6, 3], "texture": "#0"},
				"down": {"uv": [7, 3.5, 6, 4], "texture": "#0"}
			}
		},
		{
			"from": [10.90475, 0.37888, 6],
			"to": [12.90475, 7.47888, 6.2],
			"rotation": {"angle": 22.5, "axis": "z", "origin": [11.90475, 2.42888, 6.1]},
			"faces": {
				"north": {"uv": [3, 0, 4, 3.5], "texture": "#0"},
				"east": {"uv": [5, 2, 5.5, 5.5], "texture": "#0"},
				"south": {"uv": [3, 3.5, 4, 7], "texture": "#0"},
				"west": {"uv": [5.5, 2, 6, 5.5], "texture": "#0"},
				"up": {"uv": [7, 4.5, 6, 4], "texture": "#0"},
				"down": {"uv": [7, 4.5, 6, 5], "texture": "#0"}
			}
		},
		{
			"from": [7.07612, 0.38268, 6],
			"to": [9.07612, 7.38268, 6.2],
			"rotation": {"angle": -22.5, "axis": "z", "origin": [8.07612, 2.38268, 6.1]},
			"faces": {
				"north": {"uv": [4, 0, 5, 3.5], "texture": "#0"},
				"east": {"uv": [5, 5.5, 5.5, 9], "texture": "#0"},
				"south": {"uv": [4, 3.5, 5, 7], "texture": "#0"},
				"west": {"uv": [5.5, 5.5, 6, 9], "texture": "#0"},
				"up": {"uv": [7, 5.5, 6, 5], "texture": "#0"},
				"down": {"uv": [7, 5.5, 6, 6], "texture": "#0"}
			}
		},
		{
			"from": [7, 0, 5.925],
			"to": [13, 2, 6.275],
			"rotation": {"angle": 0, "axis": "y", "origin": [10, 2, 6.1]},
			"faces": {
				"north": {"uv": [5, 0, 8, 1], "texture": "#0"},
				"east": {"uv": [6, 6, 6.5, 7], "texture": "#0"},
				"south": {"uv": [5, 1, 8, 2], "texture": "#0"},
				"west": {"uv": [6.5, 6, 7, 7], "texture": "#0"},
				"up": {"uv": [9, 2.5, 6, 2], "texture": "#0"},
				"down": {"uv": [9, 2.5, 6, 3], "texture": "#0"}
			}
		},
		{
			"from": [9, 20, 6],
			"to": [10, 21, 6.2],
			"faces": {
				"north": {"uv": [3, 7, 3.5, 7.5], "texture": "#0"},
				"east": {"uv": [7, 3, 7.5, 3.5], "texture": "#0"},
				"south": {"uv": [3.5, 7, 4, 7.5], "texture": "#0"},
				"west": {"uv": [7, 3.5, 7.5, 4], "texture": "#0"},
				"up": {"uv": [4.5, 7.5, 4, 7], "texture": "#0"},
				"down": {"uv": [7.5, 4, 7, 4.5], "texture": "#0"}
			}
		}
	],
	"display": {
		"thirdperson_righthand": {
			"translation": [-2, 6, 2.75]
		},
		"thirdperson_lefthand": {
			"translation": [1.75, 6, 2.75]
		},
		"firstperson_righthand": {
			"rotation": [-24, 0, 0],
			"translation": [0, 4.5, 0]
		},
		"firstperson_lefthand": {
			"rotation": [-24, 0, 0],
			"translation": [3.25, 4.5, 0]
		},
		"ground": {
			"translation": [-1.25, 6.5, 0]
		},
		"gui": {
			"rotation": [155, -27, -52],
			"translation": [-2.5, -0.75, 0],
			"scale": [0.8, 0.8, 0.8]
		},
		"head": {
			"rotation": [0, 0, 180],
			"translation": [2, -9.5, -1.75]
		},
		"fixed": {
			"rotation": [0, 0, 180],
			"translation": [4.25, 0, 3.5],
			"scale": [2, 2, 2]
		}
	}
}