{
	"credit": "Made with Blockbench",
	"texture_size": [32, 32],
	"textures": {
		"0": "item/vip/how_chicken/bone",
		"1": "item/vip/how_chicken/meat",
		"particle": "item/vip/how_chicken/meat"
	},
	"elements": [
		{
			"from": [4, 2.9, 14.1],
			"to": [4.8, 3.7, 15.7],
			"rotation": {"angle": -22.5, "axis": "x", "origin": [6, -1.2, 10]},
			"faces": {
				"north": {"uv": [0, 8, 2, 10], "texture": "#0"},
				"east": {"uv": [0, 0, 3, 2], "texture": "#0"},
				"south": {"uv": [8, 2, 10, 4], "texture": "#0"},
				"west": {"uv": [0, 2, 3, 4], "texture": "#0"},
				"up": {"uv": [2, 7, 0, 4], "texture": "#0"},
				"down": {"uv": [6, 0, 4, 3], "texture": "#0"}
			}
		},
		{
			"from": [3.8, 2.7, 15.7],
			"to": [5, 3.9, 16],
			"rotation": {"angle": -22.5, "axis": "x", "origin": [6, -1.2, 10]},
			"faces": {
				"north": {"uv": [4, 6, 6, 8], "texture": "#0"},
				"east": {"uv": [8, 8, 9, 10], "texture": "#0"},
				"south": {"uv": [6, 6, 8, 8], "texture": "#0"},
				"west": {"uv": [0, 10, 1, 12], "texture": "#0"},
				"up": {"uv": [12, 1, 10, 0], "texture": "#0"},
				"down": {"uv": [4, 10, 2, 11], "texture": "#0"}
			}
		},
		{
			"from": [11, 2.7, 15.7],
			"to": [12.2, 3.9, 16],
			"rotation": {"angle": -22.5, "axis": "x", "origin": [10, -1.2, 10]},
			"faces": {
				"north": {"uv": [6, 8, 8, 10], "texture": "#0"},
				"east": {"uv": [10, 2, 11, 4], "texture": "#0"},
				"south": {"uv": [8, 6, 10, 8], "texture": "#0"},
				"west": {"uv": [4, 10, 5, 12], "texture": "#0"},
				"up": {"uv": [12, 5, 10, 4], "texture": "#0"},
				"down": {"uv": [8, 10, 6, 11], "texture": "#0"}
			}
		},
		{
			"from": [11.2, 2.9, 14.1],
			"to": [12, 3.7, 15.7],
			"rotation": {"angle": -22.5, "axis": "x", "origin": [10, -1.2, 10]},
			"faces": {
				"north": {"uv": [4, 8, 6, 10], "texture": "#0"},
				"east": {"uv": [2, 4, 5, 6], "texture": "#0"},
				"south": {"uv": [8, 4, 10, 6], "texture": "#0"},
				"west": {"uv": [6, 0, 9, 2], "texture": "#0"},
				"up": {"uv": [4, 9, 2, 6], "texture": "#0"},
				"down": {"uv": [8, 2, 6, 5], "texture": "#0"}
			}
		},
		{
			"from": [5, 0, 6],
			"to": [11, 4, 12],
			"rotation": {"angle": 0, "axis": "y", "origin": [7, -1, 6]},
			"faces": {
				"north": {"uv": [3, 5, 6, 7], "texture": "#1"},
				"east": {"uv": [0, 6, 3, 8], "texture": "#1"},
				"south": {"uv": [6, 0, 9, 2], "texture": "#1"},
				"west": {"uv": [6, 2, 9, 4], "texture": "#1"},
				"up": {"uv": [3, 3, 0, 0], "texture": "#1"},
				"down": {"uv": [3, 3, 0, 6], "texture": "#1"}
			}
		},
		{
			"from": [5, 0.5, 5],
			"to": [11, 4, 6],
			"rotation": {"angle": 0, "axis": "y", "origin": [7, -1, 0]},
			"faces": {
				"north": {"uv": [6, 4, 9, 5.75], "texture": "#1"},
				"east": {"uv": [9, 1, 9.5, 2.75], "texture": "#1"},
				"south": {"uv": [6, 6, 9, 7.75], "texture": "#1"},
				"west": {"uv": [9, 3, 9.5, 4.75], "texture": "#1"},
				"up": {"uv": [12, 0.5, 9, 0], "texture": "#1"},
				"down": {"uv": [12, 0.5, 9, 1], "texture": "#1"}
			}
		},
		{
			"from": [5, 4, 6],
			"to": [11, 4.5, 11],
			"rotation": {"angle": 0, "axis": "y", "origin": [7, 3, 6]},
			"faces": {
				"north": {"uv": [9, 5, 12, 5.25], "texture": "#1"},
				"east": {"uv": [9.5, 4.5, 12, 4.75], "texture": "#1"},
				"south": {"uv": [9, 5.5, 12, 5.75], "texture": "#1"},
				"west": {"uv": [6, 9.5, 8.5, 9.75], "texture": "#1"},
				"up": {"uv": [6, 2.5, 3, 0], "texture": "#1"},
				"down": {"uv": [6, 2.5, 3, 5], "texture": "#1"}
			}
		},
		{
			"from": [5, 4.5, 7],
			"to": [11, 5, 10],
			"rotation": {"angle": 0, "axis": "y", "origin": [7, 3.5, 6]},
			"faces": {
				"north": {"uv": [9, 6, 12, 6.25], "texture": "#1"},
				"east": {"uv": [10, 8, 11.5, 8.25], "texture": "#1"},
				"south": {"uv": [9, 6.5, 12, 6.75], "texture": "#1"},
				"west": {"uv": [10, 8.5, 11.5, 8.75], "texture": "#1"},
				"up": {"uv": [6, 8.5, 3, 7], "texture": "#1"},
				"down": {"uv": [3, 8, 0, 9.5], "texture": "#1"}
			}
		},
		{
			"from": [7.5, 0.3, 12],
			"to": [8.5, 1.3, 12.5],
			"rotation": {"angle": 0, "axis": "y", "origin": [7, -0.7, 9]},
			"faces": {
				"north": {"uv": [1.5, 10.5, 2, 11], "texture": "#1"},
				"east": {"uv": [10.5, 7, 10.75, 7.5], "texture": "#1"},
				"south": {"uv": [10.5, 2, 11, 2.5], "texture": "#1"},
				"west": {"uv": [10.5, 7.5, 10.75, 8], "texture": "#1"},
				"up": {"uv": [11, 9.25, 10.5, 9], "texture": "#1"},
				"down": {"uv": [11, 9.5, 10.5, 9.75], "texture": "#1"}
			}
		},
		{
			"from": [3.875, 2.475, 6.15],
			"to": [5, 3.025, 8.65],
			"rotation": {"angle": -22.5, "axis": "x", "origin": [6, 2.975, 3.35]},
			"faces": {
				"north": {"uv": [10, 10.5, 10.5, 10.75], "texture": "#1"},
				"east": {"uv": [10, 10, 11.25, 10.25], "texture": "#1"},
				"south": {"uv": [10.5, 10.5, 11, 10.75], "texture": "#1"},
				"west": {"uv": [0, 10.5, 1.25, 10.75], "texture": "#1"},
				"up": {"uv": [3, 10.75, 2.5, 9.5], "texture": "#1"},
				"down": {"uv": [10, 7, 9.5, 8.25], "texture": "#1"}
			}
		},
		{
			"from": [11, 1.6, 11],
			"to": [12.2, 4, 14],
			"rotation": {"angle": -22.5, "axis": "x", "origin": [10, -1, 9]},
			"faces": {
				"north": {"uv": [8.5, 9.5, 9, 10.75], "texture": "#1"},
				"east": {"uv": [6, 8, 7.5, 9.25], "texture": "#1"},
				"south": {"uv": [9.5, 8.5, 10, 9.75], "texture": "#1"},
				"west": {"uv": [7.5, 8, 9, 9.25], "texture": "#1"},
				"up": {"uv": [9.5, 8.5, 9, 7], "texture": "#1"},
				"down": {"uv": [9.5, 8.5, 9, 10], "texture": "#1"}
			}
		},
		{
			"from": [11, 1.1, 8],
			"to": [12.2, 2.5, 10],
			"rotation": {"angle": -22.5, "axis": "x", "origin": [10, -1.5, 5]},
			"faces": {
				"north": {"uv": [8, 10, 8.5, 10.75], "texture": "#1"},
				"east": {"uv": [0, 9.5, 1, 10.25], "texture": "#1"},
				"south": {"uv": [9, 10, 9.5, 10.75], "texture": "#1"},
				"west": {"uv": [1, 9.5, 2, 10.25], "texture": "#1"},
				"up": {"uv": [5, 11, 4.5, 10], "texture": "#1"},
				"down": {"uv": [5.5, 10, 5, 11], "texture": "#1"}
			}
		},
		{
			"from": [11, 3.5, 5.9],
			"to": [12.175, 4.1, 8.1],
			"rotation": {"angle": 0, "axis": "y", "origin": [10, 0.3, 3.1]},
			"faces": {
				"north": {"uv": [0, 11, 0.5, 11.25], "texture": "#1"},
				"east": {"uv": [10.5, 2.5, 11.5, 2.75], "texture": "#1"},
				"south": {"uv": [0.5, 11, 1, 11.25], "texture": "#1"},
				"west": {"uv": [10.5, 3, 11.5, 3.25], "texture": "#1"},
				"up": {"uv": [6, 11, 5.5, 10], "texture": "#1"},
				"down": {"uv": [6.5, 10, 6, 11], "texture": "#1"}
			}
		},
		{
			"from": [11, 2.475, 6.15],
			"to": [12.125, 3.025, 8.65],
			"rotation": {"angle": -22.5, "axis": "x", "origin": [10, 2.975, 3.35]},
			"faces": {
				"north": {"uv": [1, 11, 1.5, 11.25], "texture": "#1"},
				"east": {"uv": [10.5, 1, 11.75, 1.25], "texture": "#1"},
				"south": {"uv": [1.5, 11, 2, 11.25], "texture": "#1"},
				"west": {"uv": [10.5, 1.5, 11.75, 1.75], "texture": "#1"},
				"up": {"uv": [10.5, 2.25, 10, 1], "texture": "#1"},
				"down": {"uv": [3.5, 10, 3, 11.25], "texture": "#1"}
			}
		},
		{
			"from": [3.8, 1.6, 11],
			"to": [5, 4, 14],
			"rotation": {"angle": -22.5, "axis": "x", "origin": [6, -1, 9]},
			"faces": {
				"north": {"uv": [3.5, 10, 4, 11.25], "texture": "#1"},
				"east": {"uv": [3, 8.5, 4.5, 9.75], "texture": "#1"},
				"south": {"uv": [4, 10, 4.5, 11.25], "texture": "#1"},
				"west": {"uv": [4.5, 8.5, 6, 9.75], "texture": "#1"},
				"up": {"uv": [10, 2.5, 9.5, 1], "texture": "#1"},
				"down": {"uv": [2.5, 9.5, 2, 11], "texture": "#1"}
			}
		},
		{
			"from": [3.8, 1.1, 8],
			"to": [5, 2.5, 10],
			"rotation": {"angle": -22.5, "axis": "x", "origin": [6, -1.5, 5]},
			"faces": {
				"north": {"uv": [10, 9, 10.5, 9.75], "texture": "#1"},
				"east": {"uv": [9.5, 2.5, 10.5, 3.25], "texture": "#1"},
				"south": {"uv": [9.5, 10, 10, 10.75], "texture": "#1"},
				"west": {"uv": [9.5, 3.5, 10.5, 4.25], "texture": "#1"},
				"up": {"uv": [7, 11, 6.5, 10], "texture": "#1"},
				"down": {"uv": [7.5, 10, 7, 11], "texture": "#1"}
			}
		},
		{
			"from": [3.825, 3.5, 5.9],
			"to": [5, 4.1, 8.1],
			"rotation": {"angle": 0, "axis": "y", "origin": [6, 0.3, 3.1]},
			"faces": {
				"north": {"uv": [2, 11, 2.5, 11.25], "texture": "#1"},
				"east": {"uv": [10.5, 3.5, 11.5, 3.75], "texture": "#1"},
				"south": {"uv": [11, 2, 11.5, 2.25], "texture": "#1"},
				"west": {"uv": [10.5, 4, 11.5, 4.25], "texture": "#1"},
				"up": {"uv": [10.5, 8, 10, 7], "texture": "#1"},
				"down": {"uv": [8, 10, 7.5, 11], "texture": "#1"}
			}
		}
	],
	"gui_light": "front",
	"display": {
		"thirdperson_righthand": {
			"rotation": [18, 0, 0],
			"translation": [0, 8, 0]
		},
		"thirdperson_lefthand": {
			"rotation": [15, 0, 0],
			"translation": [0, 7.75, 0]
		},
		"firstperson_righthand": {
			"rotation": [0, 109, 0],
			"translation": [0, 9, 0]
		},
		"firstperson_lefthand": {
			"rotation": [0, 75, 0],
			"translation": [0, 8, 0]
		},
		"ground": {
			"translation": [0, 7, 0]
		},
		"gui": {
			"rotation": [34, -124, 0],
			"translation": [1.75, 3.75, 0],
			"scale": [1.3, 1.3, 1.3]
		},
		"head": {
			"translation": [0, 23.75, -2.25],
			"scale": [3, 3, 3]
		},
		"fixed": {
			"rotation": [-90, 0, 0],
			"translation": [0, 0, -20],
			"scale": [2.5, 2.5, 2.5]
		}
	},
	"groups": [
		{
			"name": "bone",
			"origin": [10, -1.2, 10],
			"color": 0,
			"children": [0, 1, 2, 3]
		},
		{
			"name": "meat",
			"origin": [6, 0.3, 3.1],
			"color": 0,
			"children": [4, 5, 6, 7, 8, 9, 10, 11, 12, 13, 14, 15, 16]
		}
	]
}