{
	"credit": "Made with Blockbench",
	"textures": {
		"0": "item/vip/how_drum/1",
		"1": "item/vip/how_drum/2",
		"2": "item/vip/how_drum/3",
		"particle": "item/vip/how_drum/1"
	},
	"elements": [
		{
			"from": [4, 0, 4],
			"to": [12, 5, 12],
			"faces": {
				"north": {"uv": [8, 0, 16, 4], "texture": "#0"},
				"east": {"uv": [8, 4, 16, 8], "texture": "#0"},
				"south": {"uv": [8, 8, 16, 12], "texture": "#0"},
				"west": {"uv": [8, 12, 16, 16], "texture": "#0"},
				"up": {"uv": [8, 8, 0, 0], "texture": "#0"},
				"down": {"uv": [8, 8, 0, 16], "texture": "#0"}
			}
		},
		{
			"from": [5, 0, 12],
			"to": [11, 5, 13],
			"faces": {
				"north": {"uv": [0, 0, 6, 4], "texture": "#1"},
				"east": {"uv": [6, 2, 7, 6], "texture": "#1"},
				"south": {"uv": [0, 4, 6, 8], "texture": "#1"},
				"west": {"uv": [6, 6, 7, 10], "texture": "#1"},
				"up": {"uv": [12, 1, 6, 0], "texture": "#1"},
				"down": {"uv": [12, 1, 6, 2], "texture": "#1"}
			}
		},
		{
			"from": [5, 0, 3],
			"to": [11, 5, 4],
			"faces": {
				"north": {"uv": [0, 4, 6, 8], "texture": "#1"},
				"east": {"uv": [6, 6, 7, 10], "texture": "#1"},
				"south": {"uv": [0, 0, 6, 4], "texture": "#1"},
				"west": {"uv": [6, 2, 7, 6], "texture": "#1"},
				"up": {"uv": [12, 1, 6, 0], "rotation": 180, "texture": "#1"},
				"down": {"uv": [12, 1, 6, 2], "rotation": 180, "texture": "#1"}
			}
		},
		{
			"from": [4, 0, 3.25],
			"to": [5, 5, 4],
			"faces": {
				"north": {"uv": [0, 4, 6, 8], "texture": "#1"},
				"east": {"uv": [6, 6, 7, 10], "texture": "#1"},
				"south": {"uv": [0, 0, 6, 4], "texture": "#1"},
				"west": {"uv": [6, 2, 7, 6], "texture": "#1"},
				"up": {"uv": [12, 1, 6, 0], "rotation": 180, "texture": "#1"},
				"down": {"uv": [12, 1, 6, 2], "rotation": 180, "texture": "#1"}
			}
		},
		{
			"from": [3.25, 0, 4],
			"to": [4, 5, 5],
			"faces": {
				"north": {"uv": [0, 4, 6, 8], "texture": "#1"},
				"east": {"uv": [6, 6, 7, 10], "texture": "#1"},
				"south": {"uv": [0, 0, 6, 4], "texture": "#1"},
				"west": {"uv": [6, 2, 7, 6], "texture": "#1"},
				"up": {"uv": [12, 1, 6, 0], "rotation": 180, "texture": "#1"},
				"down": {"uv": [12, 1, 6, 2], "rotation": 180, "texture": "#1"}
			}
		},
		{
			"from": [3.25, 0, 11],
			"to": [4, 5, 12],
			"faces": {
				"north": {"uv": [0, 4, 6, 8], "texture": "#1"},
				"east": {"uv": [6, 6, 7, 10], "texture": "#1"},
				"south": {"uv": [0, 0, 6, 4], "texture": "#1"},
				"west": {"uv": [6, 2, 7, 6], "texture": "#1"},
				"up": {"uv": [12, 1, 6, 0], "rotation": 180, "texture": "#1"},
				"down": {"uv": [12, 1, 6, 2], "rotation": 180, "texture": "#1"}
			}
		},
		{
			"from": [4, 0, 12],
			"to": [5, 5, 12.75],
			"faces": {
				"north": {"uv": [0, 4, 6, 8], "texture": "#1"},
				"east": {"uv": [6, 6, 7, 10], "texture": "#1"},
				"south": {"uv": [0, 0, 6, 4], "texture": "#1"},
				"west": {"uv": [6, 2, 7, 6], "texture": "#1"},
				"up": {"uv": [12, 1, 6, 0], "rotation": 180, "texture": "#1"},
				"down": {"uv": [12, 1, 6, 2], "rotation": 180, "texture": "#1"}
			}
		},
		{
			"from": [11, 0, 12],
			"to": [12, 5, 12.75],
			"faces": {
				"north": {"uv": [0, 4, 6, 8], "texture": "#1"},
				"east": {"uv": [6, 6, 7, 10], "texture": "#1"},
				"south": {"uv": [0, 0, 6, 4], "texture": "#1"},
				"west": {"uv": [6, 2, 7, 6], "texture": "#1"},
				"up": {"uv": [12, 1, 6, 0], "rotation": 180, "texture": "#1"},
				"down": {"uv": [12, 1, 6, 2], "rotation": 180, "texture": "#1"}
			}
		},
		{
			"from": [12, 0, 12],
			"to": [12.5, 5, 12.5],
			"faces": {
				"north": {"uv": [0, 4, 6, 8], "texture": "#1"},
				"east": {"uv": [6, 6, 7, 10], "texture": "#1"},
				"south": {"uv": [0, 0, 6, 4], "texture": "#1"},
				"west": {"uv": [6, 2, 7, 6], "texture": "#1"},
				"up": {"uv": [12, 1, 6, 0], "rotation": 180, "texture": "#1"},
				"down": {"uv": [12, 1, 6, 2], "rotation": 180, "texture": "#1"}
			}
		},
		{
			"from": [3.5, 0, 12],
			"to": [4, 5, 12.5],
			"faces": {
				"north": {"uv": [0, 4, 6, 8], "texture": "#1"},
				"east": {"uv": [6, 6, 7, 10], "texture": "#1"},
				"south": {"uv": [0, 0, 6, 4], "texture": "#1"},
				"west": {"uv": [6, 2, 7, 6], "texture": "#1"},
				"up": {"uv": [12, 1, 6, 0], "rotation": 180, "texture": "#1"},
				"down": {"uv": [12, 1, 6, 2], "rotation": 180, "texture": "#1"}
			}
		},
		{
			"from": [3.5, 0, 3.5],
			"to": [4, 5, 4],
			"faces": {
				"north": {"uv": [0, 4, 6, 8], "texture": "#1"},
				"east": {"uv": [6, 6, 7, 10], "texture": "#1"},
				"south": {"uv": [0, 0, 6, 4], "texture": "#1"},
				"west": {"uv": [6, 2, 7, 6], "texture": "#1"},
				"up": {"uv": [12, 1, 6, 0], "rotation": 180, "texture": "#1"},
				"down": {"uv": [12, 1, 6, 2], "rotation": 180, "texture": "#1"}
			}
		},
		{
			"from": [12, 0, 3.5],
			"to": [12.5, 5, 4],
			"faces": {
				"north": {"uv": [0, 4, 6, 8], "texture": "#1"},
				"east": {"uv": [6, 6, 7, 10], "texture": "#1"},
				"south": {"uv": [0, 0, 6, 4], "texture": "#1"},
				"west": {"uv": [6, 2, 7, 6], "texture": "#1"},
				"up": {"uv": [12, 1, 6, 0], "rotation": 180, "texture": "#1"},
				"down": {"uv": [12, 1, 6, 2], "rotation": 180, "texture": "#1"}
			}
		},
		{
			"from": [12, 0, 11],
			"to": [12.75, 5, 12],
			"faces": {
				"north": {"uv": [0, 4, 6, 8], "texture": "#1"},
				"east": {"uv": [6, 6, 7, 10], "texture": "#1"},
				"south": {"uv": [0, 0, 6, 4], "texture": "#1"},
				"west": {"uv": [6, 2, 7, 6], "texture": "#1"},
				"up": {"uv": [12, 1, 6, 0], "rotation": 180, "texture": "#1"},
				"down": {"uv": [12, 1, 6, 2], "rotation": 180, "texture": "#1"}
			}
		},
		{
			"from": [12, 0, 4],
			"to": [12.75, 5, 5],
			"faces": {
				"north": {"uv": [0, 4, 6, 8], "texture": "#1"},
				"east": {"uv": [6, 6, 7, 10], "texture": "#1"},
				"south": {"uv": [0, 0, 6, 4], "texture": "#1"},
				"west": {"uv": [6, 2, 7, 6], "texture": "#1"},
				"up": {"uv": [12, 1, 6, 0], "rotation": 180, "texture": "#1"},
				"down": {"uv": [12, 1, 6, 2], "rotation": 180, "texture": "#1"}
			}
		},
		{
			"from": [11, 0, 3.25],
			"to": [12, 5, 4],
			"faces": {
				"north": {"uv": [0, 4, 6, 8], "texture": "#1"},
				"east": {"uv": [6, 6, 7, 10], "texture": "#1"},
				"south": {"uv": [0, 0, 6, 4], "texture": "#1"},
				"west": {"uv": [6, 2, 7, 6], "texture": "#1"},
				"up": {"uv": [12, 1, 6, 0], "rotation": 180, "texture": "#1"},
				"down": {"uv": [12, 1, 6, 2], "rotation": 180, "texture": "#1"}
			}
		},
		{
			"from": [12, 0, 5],
			"to": [13, 5, 11],
			"faces": {
				"north": {"uv": [6, 2, 7, 6], "texture": "#1"},
				"east": {"uv": [0, 4, 6, 8], "texture": "#1"},
				"south": {"uv": [6, 6, 7, 10], "texture": "#1"},
				"west": {"uv": [0, 0, 6, 4], "texture": "#1"},
				"up": {"uv": [12, 1, 6, 0], "rotation": 270, "texture": "#1"},
				"down": {"uv": [12, 1, 6, 2], "rotation": 90, "texture": "#1"}
			}
		},
		{
			"from": [3, 0, 5],
			"to": [4, 5, 11],
			"faces": {
				"north": {"uv": [6, 6, 7, 10], "texture": "#1"},
				"east": {"uv": [0, 0, 6, 4], "texture": "#1"},
				"south": {"uv": [6, 2, 7, 6], "texture": "#1"},
				"west": {"uv": [0, 4, 6, 8], "texture": "#1"},
				"up": {"uv": [12, 1, 6, 0], "rotation": 90, "texture": "#1"},
				"down": {"uv": [12, 1, 6, 2], "rotation": 270, "texture": "#1"}
			}
		},
		{
			"from": [9.75, 0, 2.75],
			"to": [10, 5, 3],
			"faces": {
				"north": {"uv": [0, 0, 1, 5], "texture": "#2"},
				"east": {"uv": [1, 0, 2, 5], "texture": "#2"},
				"south": {"uv": [2, 0, 3, 5], "texture": "#2"},
				"west": {"uv": [3, 0, 4, 5], "texture": "#2"},
				"up": {"uv": [5, 1, 4, 0], "texture": "#2"},
				"down": {"uv": [5, 1, 4, 2], "texture": "#2"}
			}
		},
		{
			"from": [11.75, 0, 3],
			"to": [12, 5, 3.25],
			"faces": {
				"north": {"uv": [0, 0, 1, 5], "texture": "#2"},
				"east": {"uv": [1, 0, 2, 5], "texture": "#2"},
				"south": {"uv": [2, 0, 3, 5], "texture": "#2"},
				"west": {"uv": [3, 0, 4, 5], "texture": "#2"},
				"up": {"uv": [5, 1, 4, 0], "texture": "#2"},
				"down": {"uv": [5, 1, 4, 2], "texture": "#2"}
			}
		},
		{
			"from": [4, 0, 3],
			"to": [4.25, 5, 3.25],
			"faces": {
				"north": {"uv": [0, 0, 1, 5], "texture": "#2"},
				"east": {"uv": [1, 0, 2, 5], "texture": "#2"},
				"south": {"uv": [2, 0, 3, 5], "texture": "#2"},
				"west": {"uv": [3, 0, 4, 5], "texture": "#2"},
				"up": {"uv": [5, 1, 4, 0], "texture": "#2"},
				"down": {"uv": [5, 1, 4, 2], "texture": "#2"}
			}
		},
		{
			"from": [6, 0, 2.75],
			"to": [6.25, 5, 3],
			"faces": {
				"north": {"uv": [0, 0, 1, 5], "texture": "#2"},
				"east": {"uv": [1, 0, 2, 5], "texture": "#2"},
				"south": {"uv": [2, 0, 3, 5], "texture": "#2"},
				"west": {"uv": [3, 0, 4, 5], "texture": "#2"},
				"up": {"uv": [5, 1, 4, 0], "texture": "#2"},
				"down": {"uv": [5, 1, 4, 2], "texture": "#2"}
			}
		},
		{
			"from": [7.875, 0, 2.75],
			"to": [8.125, 5, 3],
			"faces": {
				"north": {"uv": [0, 0, 1, 5], "texture": "#2"},
				"east": {"uv": [1, 0, 2, 5], "texture": "#2"},
				"south": {"uv": [2, 0, 3, 5], "texture": "#2"},
				"west": {"uv": [3, 0, 4, 5], "texture": "#2"},
				"up": {"uv": [5, 1, 4, 0], "texture": "#2"},
				"down": {"uv": [5, 1, 4, 2], "texture": "#2"}
			}
		},
		{
			"from": [13, 0, 6],
			"to": [13.25, 5, 6.25],
			"faces": {
				"north": {"uv": [0, 0, 1, 5], "texture": "#2"},
				"east": {"uv": [1, 0, 2, 5], "texture": "#2"},
				"south": {"uv": [2, 0, 3, 5], "texture": "#2"},
				"west": {"uv": [3, 0, 4, 5], "texture": "#2"},
				"up": {"uv": [5, 1, 4, 0], "texture": "#2"},
				"down": {"uv": [5, 1, 4, 2], "texture": "#2"}
			}
		},
		{
			"from": [13, 0, 7.875],
			"to": [13.25, 5, 8.125],
			"faces": {
				"north": {"uv": [0, 0, 1, 5], "texture": "#2"},
				"east": {"uv": [1, 0, 2, 5], "texture": "#2"},
				"south": {"uv": [2, 0, 3, 5], "texture": "#2"},
				"west": {"uv": [3, 0, 4, 5], "texture": "#2"},
				"up": {"uv": [5, 1, 4, 0], "texture": "#2"},
				"down": {"uv": [5, 1, 4, 2], "texture": "#2"}
			}
		},
		{
			"from": [13, 0, 9.75],
			"to": [13.25, 5, 10],
			"faces": {
				"north": {"uv": [0, 0, 1, 5], "texture": "#2"},
				"east": {"uv": [1, 0, 2, 5], "texture": "#2"},
				"south": {"uv": [2, 0, 3, 5], "texture": "#2"},
				"west": {"uv": [3, 0, 4, 5], "texture": "#2"},
				"up": {"uv": [5, 1, 4, 0], "texture": "#2"},
				"down": {"uv": [5, 1, 4, 2], "texture": "#2"}
			}
		},
		{
			"from": [9.75, 0, 13],
			"to": [10, 5, 13.25],
			"faces": {
				"north": {"uv": [0, 0, 1, 5], "texture": "#2"},
				"east": {"uv": [1, 0, 2, 5], "texture": "#2"},
				"south": {"uv": [2, 0, 3, 5], "texture": "#2"},
				"west": {"uv": [3, 0, 4, 5], "texture": "#2"},
				"up": {"uv": [5, 1, 4, 0], "texture": "#2"},
				"down": {"uv": [5, 1, 4, 2], "texture": "#2"}
			}
		},
		{
			"from": [11.75, 0, 12.75],
			"to": [12, 5, 13],
			"faces": {
				"north": {"uv": [0, 0, 1, 5], "texture": "#2"},
				"east": {"uv": [1, 0, 2, 5], "texture": "#2"},
				"south": {"uv": [2, 0, 3, 5], "texture": "#2"},
				"west": {"uv": [3, 0, 4, 5], "texture": "#2"},
				"up": {"uv": [5, 1, 4, 0], "texture": "#2"},
				"down": {"uv": [5, 1, 4, 2], "texture": "#2"}
			}
		},
		{
			"from": [4, 0, 12.75],
			"to": [4.25, 5, 13],
			"faces": {
				"north": {"uv": [0, 0, 1, 5], "texture": "#2"},
				"east": {"uv": [1, 0, 2, 5], "texture": "#2"},
				"south": {"uv": [2, 0, 3, 5], "texture": "#2"},
				"west": {"uv": [3, 0, 4, 5], "texture": "#2"},
				"up": {"uv": [5, 1, 4, 0], "texture": "#2"},
				"down": {"uv": [5, 1, 4, 2], "texture": "#2"}
			}
		},
		{
			"from": [3, 0, 11.75],
			"to": [3.25, 5, 12],
			"faces": {
				"north": {"uv": [0, 0, 1, 5], "texture": "#2"},
				"east": {"uv": [1, 0, 2, 5], "texture": "#2"},
				"south": {"uv": [2, 0, 3, 5], "texture": "#2"},
				"west": {"uv": [3, 0, 4, 5], "texture": "#2"},
				"up": {"uv": [5, 1, 4, 0], "texture": "#2"},
				"down": {"uv": [5, 1, 4, 2], "texture": "#2"}
			}
		},
		{
			"from": [3, 0, 4],
			"to": [3.25, 5, 4.25],
			"faces": {
				"north": {"uv": [0, 0, 1, 5], "texture": "#2"},
				"east": {"uv": [1, 0, 2, 5], "texture": "#2"},
				"south": {"uv": [2, 0, 3, 5], "texture": "#2"},
				"west": {"uv": [3, 0, 4, 5], "texture": "#2"},
				"up": {"uv": [5, 1, 4, 0], "texture": "#2"},
				"down": {"uv": [5, 1, 4, 2], "texture": "#2"}
			}
		},
		{
			"from": [7.875, 0, 13],
			"to": [8.125, 5, 13.25],
			"faces": {
				"north": {"uv": [0, 0, 1, 5], "texture": "#2"},
				"east": {"uv": [1, 0, 2, 5], "texture": "#2"},
				"south": {"uv": [2, 0, 3, 5], "texture": "#2"},
				"west": {"uv": [3, 0, 4, 5], "texture": "#2"},
				"up": {"uv": [5, 1, 4, 0], "texture": "#2"},
				"down": {"uv": [5, 1, 4, 2], "texture": "#2"}
			}
		},
		{
			"from": [5, 5, 12.75],
			"to": [11, 5.25, 13],
			"faces": {
				"north": {"uv": [0, 0, 1, 5], "texture": "#2"},
				"east": {"uv": [1, 0, 2, 5], "texture": "#2"},
				"south": {"uv": [2, 0, 3, 5], "texture": "#2"},
				"west": {"uv": [3, 0, 4, 5], "texture": "#2"},
				"up": {"uv": [5, 1, 4, 0], "texture": "#2"},
				"down": {"uv": [5, 1, 4, 2], "texture": "#2"}
			}
		},
		{
			"from": [5, 5, 3],
			"to": [11, 5.25, 3.25],
			"faces": {
				"north": {"uv": [0, 0, 1, 5], "texture": "#2"},
				"east": {"uv": [1, 0, 2, 5], "texture": "#2"},
				"south": {"uv": [2, 0, 3, 5], "texture": "#2"},
				"west": {"uv": [3, 0, 4, 5], "texture": "#2"},
				"up": {"uv": [5, 1, 4, 0], "texture": "#2"},
				"down": {"uv": [5, 1, 4, 2], "texture": "#2"}
			}
		},
		{
			"from": [4, 5, 3.25],
			"to": [5, 5.25, 3.5],
			"faces": {
				"north": {"uv": [0, 0, 1, 5], "texture": "#2"},
				"east": {"uv": [1, 0, 2, 5], "texture": "#2"},
				"south": {"uv": [2, 0, 3, 5], "texture": "#2"},
				"west": {"uv": [3, 0, 4, 5], "texture": "#2"},
				"up": {"uv": [5, 1, 4, 0], "texture": "#2"},
				"down": {"uv": [5, 1, 4, 2], "texture": "#2"}
			}
		},
		{
			"from": [11, 5, 3.25],
			"to": [12, 5.25, 3.5],
			"faces": {
				"north": {"uv": [0, 0, 1, 5], "texture": "#2"},
				"east": {"uv": [1, 0, 2, 5], "texture": "#2"},
				"south": {"uv": [2, 0, 3, 5], "texture": "#2"},
				"west": {"uv": [3, 0, 4, 5], "texture": "#2"},
				"up": {"uv": [5, 1, 4, 0], "texture": "#2"},
				"down": {"uv": [5, 1, 4, 2], "texture": "#2"}
			}
		},
		{
			"from": [4, 5, 12.5],
			"to": [5, 5.25, 12.75],
			"faces": {
				"north": {"uv": [0, 0, 1, 5], "texture": "#2"},
				"east": {"uv": [1, 0, 2, 5], "texture": "#2"},
				"south": {"uv": [2, 0, 3, 5], "texture": "#2"},
				"west": {"uv": [3, 0, 4, 5], "texture": "#2"},
				"up": {"uv": [5, 1, 4, 0], "texture": "#2"},
				"down": {"uv": [5, 1, 4, 2], "texture": "#2"}
			}
		},
		{
			"from": [11, 5, 12.5],
			"to": [12, 5.25, 12.75],
			"faces": {
				"north": {"uv": [0, 0, 1, 5], "texture": "#2"},
				"east": {"uv": [1, 0, 2, 5], "texture": "#2"},
				"south": {"uv": [2, 0, 3, 5], "texture": "#2"},
				"west": {"uv": [3, 0, 4, 5], "texture": "#2"},
				"up": {"uv": [5, 1, 4, 0], "texture": "#2"},
				"down": {"uv": [5, 1, 4, 2], "texture": "#2"}
			}
		},
		{
			"from": [12.5, 5, 4],
			"to": [12.75, 5.25, 5],
			"faces": {
				"north": {"uv": [1, 0, 2, 5], "texture": "#2"},
				"east": {"uv": [2, 0, 3, 5], "texture": "#2"},
				"south": {"uv": [3, 0, 4, 5], "texture": "#2"},
				"west": {"uv": [0, 0, 1, 5], "texture": "#2"},
				"up": {"uv": [5, 1, 4, 0], "rotation": 270, "texture": "#2"},
				"down": {"uv": [5, 1, 4, 2], "rotation": 90, "texture": "#2"}
			}
		},
		{
			"from": [12.5, 5, 11],
			"to": [12.75, 5.25, 12],
			"faces": {
				"north": {"uv": [1, 0, 2, 5], "texture": "#2"},
				"east": {"uv": [2, 0, 3, 5], "texture": "#2"},
				"south": {"uv": [3, 0, 4, 5], "texture": "#2"},
				"west": {"uv": [0, 0, 1, 5], "texture": "#2"},
				"up": {"uv": [5, 1, 4, 0], "rotation": 270, "texture": "#2"},
				"down": {"uv": [5, 1, 4, 2], "rotation": 90, "texture": "#2"}
			}
		},
		{
			"from": [3.25, 5, 11],
			"to": [3.5, 5.25, 12],
			"faces": {
				"north": {"uv": [1, 0, 2, 5], "texture": "#2"},
				"east": {"uv": [2, 0, 3, 5], "texture": "#2"},
				"south": {"uv": [3, 0, 4, 5], "texture": "#2"},
				"west": {"uv": [0, 0, 1, 5], "texture": "#2"},
				"up": {"uv": [5, 1, 4, 0], "rotation": 270, "texture": "#2"},
				"down": {"uv": [5, 1, 4, 2], "rotation": 90, "texture": "#2"}
			}
		},
		{
			"from": [3.25, 5, 4],
			"to": [3.5, 5.25, 5],
			"faces": {
				"north": {"uv": [1, 0, 2, 5], "texture": "#2"},
				"east": {"uv": [2, 0, 3, 5], "texture": "#2"},
				"south": {"uv": [3, 0, 4, 5], "texture": "#2"},
				"west": {"uv": [0, 0, 1, 5], "texture": "#2"},
				"up": {"uv": [5, 1, 4, 0], "rotation": 270, "texture": "#2"},
				"down": {"uv": [5, 1, 4, 2], "rotation": 90, "texture": "#2"}
			}
		},
		{
			"from": [3.5, 5, 3.5],
			"to": [3.75, 5.25, 4],
			"faces": {
				"north": {"uv": [1, 0, 2, 5], "texture": "#2"},
				"east": {"uv": [2, 0, 3, 5], "texture": "#2"},
				"south": {"uv": [3, 0, 4, 5], "texture": "#2"},
				"west": {"uv": [0, 0, 1, 5], "texture": "#2"},
				"up": {"uv": [5, 1, 4, 0], "rotation": 270, "texture": "#2"},
				"down": {"uv": [5, 1, 4, 2], "rotation": 90, "texture": "#2"}
			}
		},
		{
			"from": [3.5, 5, 12],
			"to": [3.75, 5.25, 12.5],
			"faces": {
				"north": {"uv": [1, 0, 2, 5], "texture": "#2"},
				"east": {"uv": [2, 0, 3, 5], "texture": "#2"},
				"south": {"uv": [3, 0, 4, 5], "texture": "#2"},
				"west": {"uv": [0, 0, 1, 5], "texture": "#2"},
				"up": {"uv": [5, 1, 4, 0], "rotation": 270, "texture": "#2"},
				"down": {"uv": [5, 1, 4, 2], "rotation": 90, "texture": "#2"}
			}
		},
		{
			"from": [12.25, 5, 12],
			"to": [12.5, 5.25, 12.5],
			"faces": {
				"north": {"uv": [1, 0, 2, 5], "texture": "#2"},
				"east": {"uv": [2, 0, 3, 5], "texture": "#2"},
				"south": {"uv": [3, 0, 4, 5], "texture": "#2"},
				"west": {"uv": [0, 0, 1, 5], "texture": "#2"},
				"up": {"uv": [5, 1, 4, 0], "rotation": 270, "texture": "#2"},
				"down": {"uv": [5, 1, 4, 2], "rotation": 90, "texture": "#2"}
			}
		},
		{
			"from": [12.25, 5, 3.5],
			"to": [12.5, 5.25, 4],
			"faces": {
				"north": {"uv": [1, 0, 2, 5], "texture": "#2"},
				"east": {"uv": [2, 0, 3, 5], "texture": "#2"},
				"south": {"uv": [3, 0, 4, 5], "texture": "#2"},
				"west": {"uv": [0, 0, 1, 5], "texture": "#2"},
				"up": {"uv": [5, 1, 4, 0], "rotation": 270, "texture": "#2"},
				"down": {"uv": [5, 1, 4, 2], "rotation": 90, "texture": "#2"}
			}
		},
		{
			"from": [12, 5, 3.5],
			"to": [12.25, 5.25, 3.75],
			"faces": {
				"north": {"uv": [1, 0, 2, 5], "texture": "#2"},
				"east": {"uv": [2, 0, 3, 5], "texture": "#2"},
				"south": {"uv": [3, 0, 4, 5], "texture": "#2"},
				"west": {"uv": [0, 0, 1, 5], "texture": "#2"},
				"up": {"uv": [5, 1, 4, 0], "rotation": 270, "texture": "#2"},
				"down": {"uv": [5, 1, 4, 2], "rotation": 90, "texture": "#2"}
			}
		},
		{
			"from": [3.75, 5, 3.5],
			"to": [4, 5.25, 3.75],
			"faces": {
				"north": {"uv": [1, 0, 2, 5], "texture": "#2"},
				"east": {"uv": [2, 0, 3, 5], "texture": "#2"},
				"south": {"uv": [3, 0, 4, 5], "texture": "#2"},
				"west": {"uv": [0, 0, 1, 5], "texture": "#2"},
				"up": {"uv": [5, 1, 4, 0], "rotation": 270, "texture": "#2"},
				"down": {"uv": [5, 1, 4, 2], "rotation": 90, "texture": "#2"}
			}
		},
		{
			"from": [3.75, 5, 12.25],
			"to": [4, 5.25, 12.5],
			"faces": {
				"north": {"uv": [1, 0, 2, 5], "texture": "#2"},
				"east": {"uv": [2, 0, 3, 5], "texture": "#2"},
				"south": {"uv": [3, 0, 4, 5], "texture": "#2"},
				"west": {"uv": [0, 0, 1, 5], "texture": "#2"},
				"up": {"uv": [5, 1, 4, 0], "rotation": 270, "texture": "#2"},
				"down": {"uv": [5, 1, 4, 2], "rotation": 90, "texture": "#2"}
			}
		},
		{
			"from": [12, 5, 12.25],
			"to": [12.25, 5.25, 12.5],
			"faces": {
				"north": {"uv": [1, 0, 2, 5], "texture": "#2"},
				"east": {"uv": [2, 0, 3, 5], "texture": "#2"},
				"south": {"uv": [3, 0, 4, 5], "texture": "#2"},
				"west": {"uv": [0, 0, 1, 5], "texture": "#2"},
				"up": {"uv": [5, 1, 4, 0], "rotation": 270, "texture": "#2"},
				"down": {"uv": [5, 1, 4, 2], "rotation": 90, "texture": "#2"}
			}
		},
		{
			"from": [3, 5, 5],
			"to": [3.25, 5.25, 11],
			"faces": {
				"north": {"uv": [1, 0, 2, 5], "texture": "#2"},
				"east": {"uv": [2, 0, 3, 5], "texture": "#2"},
				"south": {"uv": [3, 0, 4, 5], "texture": "#2"},
				"west": {"uv": [0, 0, 1, 5], "texture": "#2"},
				"up": {"uv": [5, 1, 4, 0], "rotation": 270, "texture": "#2"},
				"down": {"uv": [5, 1, 4, 2], "rotation": 90, "texture": "#2"}
			}
		},
		{
			"from": [12.75, 5, 5],
			"to": [13, 5.25, 11],
			"faces": {
				"north": {"uv": [1, 0, 2, 5], "texture": "#2"},
				"east": {"uv": [2, 0, 3, 5], "texture": "#2"},
				"south": {"uv": [3, 0, 4, 5], "texture": "#2"},
				"west": {"uv": [0, 0, 1, 5], "texture": "#2"},
				"up": {"uv": [5, 1, 4, 0], "rotation": 270, "texture": "#2"},
				"down": {"uv": [5, 1, 4, 2], "rotation": 90, "texture": "#2"}
			}
		},
		{
			"from": [6, 0, 13],
			"to": [6.25, 5, 13.25],
			"faces": {
				"north": {"uv": [0, 0, 1, 5], "texture": "#2"},
				"east": {"uv": [1, 0, 2, 5], "texture": "#2"},
				"south": {"uv": [2, 0, 3, 5], "texture": "#2"},
				"west": {"uv": [3, 0, 4, 5], "texture": "#2"},
				"up": {"uv": [5, 1, 4, 0], "texture": "#2"},
				"down": {"uv": [5, 1, 4, 2], "texture": "#2"}
			}
		},
		{
			"from": [2.75, 0, 9.75],
			"to": [3, 5, 10],
			"faces": {
				"north": {"uv": [0, 0, 1, 5], "texture": "#2"},
				"east": {"uv": [1, 0, 2, 5], "texture": "#2"},
				"south": {"uv": [2, 0, 3, 5], "texture": "#2"},
				"west": {"uv": [3, 0, 4, 5], "texture": "#2"},
				"up": {"uv": [5, 1, 4, 0], "texture": "#2"},
				"down": {"uv": [5, 1, 4, 2], "texture": "#2"}
			}
		},
		{
			"from": [2.75, 0, 7.875],
			"to": [3, 5, 8.125],
			"faces": {
				"north": {"uv": [0, 0, 1, 5], "texture": "#2"},
				"east": {"uv": [1, 0, 2, 5], "texture": "#2"},
				"south": {"uv": [2, 0, 3, 5], "texture": "#2"},
				"west": {"uv": [3, 0, 4, 5], "texture": "#2"},
				"up": {"uv": [5, 1, 4, 0], "texture": "#2"},
				"down": {"uv": [5, 1, 4, 2], "texture": "#2"}
			}
		},
		{
			"from": [2.75, 0, 6],
			"to": [3, 5, 6.25],
			"faces": {
				"north": {"uv": [0, 0, 1, 5], "texture": "#2"},
				"east": {"uv": [1, 0, 2, 5], "texture": "#2"},
				"south": {"uv": [2, 0, 3, 5], "texture": "#2"},
				"west": {"uv": [3, 0, 4, 5], "texture": "#2"},
				"up": {"uv": [5, 1, 4, 0], "texture": "#2"},
				"down": {"uv": [5, 1, 4, 2], "texture": "#2"}
			}
		},
		{
			"from": [12.75, 0, 4],
			"to": [13, 5, 4.25],
			"faces": {
				"north": {"uv": [0, 0, 1, 5], "texture": "#2"},
				"east": {"uv": [1, 0, 2, 5], "texture": "#2"},
				"south": {"uv": [2, 0, 3, 5], "texture": "#2"},
				"west": {"uv": [3, 0, 4, 5], "texture": "#2"},
				"up": {"uv": [5, 1, 4, 0], "texture": "#2"},
				"down": {"uv": [5, 1, 4, 2], "texture": "#2"}
			}
		},
		{
			"from": [12.75, 0, 11.75],
			"to": [13, 5, 12],
			"faces": {
				"north": {"uv": [0, 0, 1, 5], "texture": "#2"},
				"east": {"uv": [1, 0, 2, 5], "texture": "#2"},
				"south": {"uv": [2, 0, 3, 5], "texture": "#2"},
				"west": {"uv": [3, 0, 4, 5], "texture": "#2"},
				"up": {"uv": [5, 1, 4, 0], "texture": "#2"},
				"down": {"uv": [5, 1, 4, 2], "texture": "#2"}
			}
		}
	],
	"display": {
		"thirdperson_righthand": {
			"rotation": [67, 0, 53],
			"translation": [-2.5, 5.5, 2.75]
		},
		"thirdperson_lefthand": {
			"rotation": [67, 0, 0],
			"translation": [-5.5, 5.5, 2.75]
		},
		"firstperson_righthand": {
			"rotation": [0, 0, 51],
			"translation": [-4.25, 4.25, 0],
			"scale": [1.3, 1.3, 1.3]
		},
		"firstperson_lefthand": {
			"translation": [-9, 7.25, 0],
			"scale": [1.3, 1.3, 1.3]
		},
		"ground": {
			"translation": [0, 3.5, 0],
			"scale": [1, 0.92, 1]
		},
		"gui": {
			"rotation": [24, 39, -1],
			"translation": [0, 3.25, 0]
		},
		"head": {
			"translation": [0, 12.25, 0],
			"scale": [1.2, 1.01, 1.2]
		},
		"fixed": {
			"rotation": [-90, 0, 0],
			"translation": [0, 0, -16],
			"scale": [2, 2, 2]
		}
	}
}