{
	"credit": "Made with Blockbench",
	"textures": {
		"0": "item/vip/how_signature",
		"particle": "item/vip/how_signature"
	},
	"elements": [
		{
			"from": [-11, 0, -7],
			"to": [28, 2, 20],
			"faces": {
				"north": {"uv": [0, 0, 16, 2], "texture": "#0"},
				"east": {"uv": [0, 0, 16, 2], "texture": "#0"},
				"south": {"uv": [0, 0, 16, 2], "texture": "#0"},
				"west": {"uv": [0, 0, 16, 2], "texture": "#0"},
				"up": {"uv": [0, 0, 16, 16], "texture": "#0"},
				"down": {"uv": [0, 0, 15.9387, 2.10473], "texture": "#0"}
			}
		}
	],
	"display": {
		"thirdperson_righthand": {
			"rotation": [0, 180, 0],
			"translation": [0, 9.5, 0],
			"scale": [0.4, 0.4, 0.4]
		},
		"thirdperson_lefthand": {
			"rotation": [0, 180, 0],
			"translation": [0, 9.5, 0],
			"scale": [0.4, 0.4, 0.4]
		},
		"firstperson_righthand": {
			"rotation": [81, 0, 0],
			"translation": [3.25, 0.5, 0],
			"scale": [0.3, 0.3, 0.3]
		},
		"firstperson_lefthand": {
			"rotation": [81, 0, 0],
			"translation": [3, 0.5, 0],
			"scale": [0.3, 0.3, 0.3]
		},
		"ground": {
			"translation": [0, -0.25, 0],
			"scale": [0.5, 0.5, 0.5]
		},
		"gui": {
			"rotation": [90, 0, 0],
			"translation": [0.25, -0.25, 0],
			"scale": [0.45, 0.45, 0.45]
		},
		"head": {
			"rotation": [-90, 180, 0],
			"translation": [0, 11, -8.25],
			"scale": [0.5, 0.5, 0.5]
		},
		"fixed": {
			"rotation": [-90, 180, 0],
			"translation": [0, 0, -5.3],
			"scale": [0.8, 0.8, 0.8]
		}
	}
}