{
	"credit": "Made with Blockbench",
	"texture_size": [32, 32],
	"textures": {
		"0": "item/vip/how_scythe/handle",
		"1": "item/vip/how_scythe/blade",
		"particle": "item/vip/how_scythe/handle"
	},
	"elements": [
		{
			"from": [30, -8, 7.5],
			"to": [32, -6, 8.5],
			"rotation": {"angle": 0, "axis": "y", "origin": [9, 17, 8]},
			"faces": {
				"north": {"uv": [0, 0, 1, 1], "texture": "#0"},
				"east": {"uv": [2, 2, 2.5, 3], "texture": "#0"},
				"south": {"uv": [0, 1, 1, 2], "texture": "#0"},
				"west": {"uv": [2.5, 0, 3, 1], "texture": "#0"},
				"up": {"uv": [3.5, 1.5, 2.5, 1], "texture": "#0"},
				"down": {"uv": [3.5, 1.5, 2.5, 2], "texture": "#0"}
			}
		},
		{
			"from": [29, -6, 7.5],
			"to": [31, -5, 8.5],
			"rotation": {"angle": 0, "axis": "y", "origin": [9, 17, 8]},
			"faces": {
				"north": {"uv": [2.5, 2, 3.5, 2.5], "texture": "#0"},
				"east": {"uv": [1.5, 7, 2, 7.5], "texture": "#0"},
				"south": {"uv": [2.5, 2.5, 3.5, 3], "texture": "#0"},
				"west": {"uv": [2, 7, 2.5, 7.5], "texture": "#0"},
				"up": {"uv": [1, 3.5, 0, 3], "texture": "#0"},
				"down": {"uv": [4, 0, 3, 0.5], "texture": "#0"}
			}
		},
		{
			"from": [29, -7, 7.5],
			"to": [30, -6, 8.5],
			"rotation": {"angle": 0, "axis": "y", "origin": [9, 17, 8]},
			"faces": {
				"north": {"uv": [2.5, 7, 3, 7.5], "texture": "#0"},
				"east": {"uv": [3, 7, 3.5, 7.5], "texture": "#0"},
				"south": {"uv": [7, 3, 7.5, 3.5], "texture": "#0"},
				"west": {"uv": [3.5, 7, 4, 7.5], "texture": "#0"},
				"up": {"uv": [7.5, 4, 7, 3.5], "texture": "#0"},
				"down": {"uv": [4.5, 7, 4, 7.5], "texture": "#0"}
			}
		},
		{
			"from": [28, -6, 7.5],
			"to": [29, -5, 8.5],
			"rotation": {"angle": 0, "axis": "y", "origin": [9, 17, 8]},
			"faces": {
				"north": {"uv": [7, 4, 7.5, 4.5], "texture": "#0"},
				"east": {"uv": [4.5, 7, 5, 7.5], "texture": "#0"},
				"south": {"uv": [7, 4.5, 7.5, 5], "texture": "#0"},
				"west": {"uv": [5, 7, 5.5, 7.5], "texture": "#0"},
				"up": {"uv": [7.5, 5.5, 7, 5], "texture": "#0"},
				"down": {"uv": [6, 7, 5.5, 7.5], "texture": "#0"}
			}
		},
		{
			"from": [28, -5, 7.5],
			"to": [30, -4, 8.5],
			"rotation": {"angle": 0, "axis": "y", "origin": [9, 17, 8]},
			"faces": {
				"north": {"uv": [3, 0.5, 4, 1], "texture": "#0"},
				"east": {"uv": [7, 5.5, 7.5, 6], "texture": "#0"},
				"south": {"uv": [1, 3, 2, 3.5], "texture": "#0"},
				"west": {"uv": [6, 7, 6.5, 7.5], "texture": "#0"},
				"up": {"uv": [3, 3.5, 2, 3], "texture": "#0"},
				"down": {"uv": [4, 3, 3, 3.5], "texture": "#0"}
			}
		},
		{
			"from": [27, -5, 7.5],
			"to": [28, -4, 8.5],
			"rotation": {"angle": 0, "axis": "y", "origin": [9, 17, 8]},
			"faces": {
				"north": {"uv": [7, 6, 7.5, 6.5], "texture": "#0"},
				"east": {"uv": [6.5, 7, 7, 7.5], "texture": "#0"},
				"south": {"uv": [7, 6.5, 7.5, 7], "texture": "#0"},
				"west": {"uv": [7, 7, 7.5, 7.5], "texture": "#0"},
				"up": {"uv": [0.5, 8, 0, 7.5], "texture": "#0"},
				"down": {"uv": [1, 7.5, 0.5, 8], "texture": "#0"}
			}
		},
		{
			"from": [27, -4, 7.5],
			"to": [29, -3, 8.5],
			"rotation": {"angle": 0, "axis": "y", "origin": [9, 17, 8]},
			"faces": {
				"north": {"uv": [0, 3.5, 1, 4], "texture": "#0"},
				"east": {"uv": [7.5, 0.5, 8, 1], "texture": "#0"},
				"south": {"uv": [1, 3.5, 2, 4], "texture": "#0"},
				"west": {"uv": [1, 7.5, 1.5, 8], "texture": "#0"},
				"up": {"uv": [4.5, 1.5, 3.5, 1], "texture": "#0"},
				"down": {"uv": [4.5, 1.5, 3.5, 2], "texture": "#0"}
			}
		},
		{
			"from": [26, -4, 7.5],
			"to": [27, -3, 8.5],
			"rotation": {"angle": 0, "axis": "y", "origin": [9, 17, 8]},
			"faces": {
				"north": {"uv": [7.5, 1, 8, 1.5], "texture": "#0"},
				"east": {"uv": [1.5, 7.5, 2, 8], "texture": "#0"},
				"south": {"uv": [7.5, 1.5, 8, 2], "texture": "#0"},
				"west": {"uv": [2, 7.5, 2.5, 8], "texture": "#0"},
				"up": {"uv": [8, 2.5, 7.5, 2], "texture": "#0"},
				"down": {"uv": [3, 7.5, 2.5, 8], "texture": "#0"}
			}
		},
		{
			"from": [26, -3, 7.5],
			"to": [28, -2, 8.5],
			"rotation": {"angle": 0, "axis": "y", "origin": [9, 17, 8]},
			"faces": {
				"north": {"uv": [2, 3.5, 3, 4], "texture": "#0"},
				"east": {"uv": [7.5, 2.5, 8, 3], "texture": "#0"},
				"south": {"uv": [3.5, 2, 4.5, 2.5], "texture": "#0"},
				"west": {"uv": [3, 7.5, 3.5, 8], "texture": "#0"},
				"up": {"uv": [4.5, 3, 3.5, 2.5], "texture": "#0"},
				"down": {"uv": [4, 3.5, 3, 4], "texture": "#0"}
			}
		},
		{
			"from": [25, -3, 7.5],
			"to": [26, -2, 8.5],
			"rotation": {"angle": 0, "axis": "y", "origin": [9, 17, 8]},
			"faces": {
				"north": {"uv": [7.5, 3, 8, 3.5], "texture": "#0"},
				"east": {"uv": [3.5, 7.5, 4, 8], "texture": "#0"},
				"south": {"uv": [7.5, 3.5, 8, 4], "texture": "#0"},
				"west": {"uv": [4, 7.5, 4.5, 8], "texture": "#0"},
				"up": {"uv": [8, 4.5, 7.5, 4], "texture": "#0"},
				"down": {"uv": [5, 7.5, 4.5, 8], "texture": "#0"}
			}
		},
		{
			"from": [25, -2, 7.5],
			"to": [27, -1, 8.5],
			"rotation": {"angle": 0, "axis": "y", "origin": [9, 17, 8]},
			"faces": {
				"north": {"uv": [0, 4, 1, 4.5], "texture": "#0"},
				"east": {"uv": [7.5, 4.5, 8, 5], "texture": "#0"},
				"south": {"uv": [4, 0, 5, 0.5], "texture": "#0"},
				"west": {"uv": [5, 7.5, 5.5, 8], "texture": "#0"},
				"up": {"uv": [5, 1, 4, 0.5], "texture": "#0"},
				"down": {"uv": [2, 4, 1, 4.5], "texture": "#0"}
			}
		},
		{
			"from": [24, -2, 7.5],
			"to": [25, -1, 8.5],
			"rotation": {"angle": 0, "axis": "y", "origin": [9, 17, 8]},
			"faces": {
				"north": {"uv": [7.5, 5, 8, 5.5], "texture": "#0"},
				"east": {"uv": [5.5, 7.5, 6, 8], "texture": "#0"},
				"south": {"uv": [7.5, 5.5, 8, 6], "texture": "#0"},
				"west": {"uv": [6, 7.5, 6.5, 8], "texture": "#0"},
				"up": {"uv": [8, 6.5, 7.5, 6], "texture": "#0"},
				"down": {"uv": [7, 7.5, 6.5, 8], "texture": "#0"}
			}
		},
		{
			"from": [24, -1, 7.5],
			"to": [26, 0, 8.5],
			"rotation": {"angle": 0, "axis": "y", "origin": [9, 17, 8]},
			"faces": {
				"north": {"uv": [2, 4, 3, 4.5], "texture": "#0"},
				"east": {"uv": [7.5, 6.5, 8, 7], "texture": "#0"},
				"south": {"uv": [3, 4, 4, 4.5], "texture": "#0"},
				"west": {"uv": [7, 7.5, 7.5, 8], "texture": "#0"},
				"up": {"uv": [5, 3.5, 4, 3], "texture": "#0"},
				"down": {"uv": [5, 3.5, 4, 4], "texture": "#0"}
			}
		},
		{
			"from": [23, -1, 7.5],
			"to": [24, 0, 8.5],
			"rotation": {"angle": 0, "axis": "y", "origin": [9, 17, 8]},
			"faces": {
				"north": {"uv": [7.5, 7, 8, 7.5], "texture": "#0"},
				"east": {"uv": [7.5, 7.5, 8, 8], "texture": "#0"},
				"south": {"uv": [0, 8, 0.5, 8.5], "texture": "#0"},
				"west": {"uv": [8, 0, 8.5, 0.5], "texture": "#0"},
				"up": {"uv": [1, 8.5, 0.5, 8], "texture": "#0"},
				"down": {"uv": [8.5, 0.5, 8, 1], "texture": "#0"}
			}
		},
		{
			"from": [23, 0, 7.5],
			"to": [25, 1, 8.5],
			"rotation": {"angle": 0, "axis": "y", "origin": [9, 17, 8]},
			"faces": {
				"north": {"uv": [4, 4, 5, 4.5], "texture": "#0"},
				"east": {"uv": [1, 8, 1.5, 8.5], "texture": "#0"},
				"south": {"uv": [0, 4.5, 1, 5], "texture": "#0"},
				"west": {"uv": [8, 1, 8.5, 1.5], "texture": "#0"},
				"up": {"uv": [2, 5, 1, 4.5], "texture": "#0"},
				"down": {"uv": [5.5, 1, 4.5, 1.5], "texture": "#0"}
			}
		},
		{
			"from": [18, 4, 7.5],
			"to": [19, 5, 8.5],
			"rotation": {"angle": 0, "axis": "y", "origin": [9, 17, 8]},
			"faces": {
				"north": {"uv": [1.5, 8, 2, 8.5], "texture": "#0"},
				"east": {"uv": [8, 1.5, 8.5, 2], "texture": "#0"},
				"south": {"uv": [2, 8, 2.5, 8.5], "texture": "#0"},
				"west": {"uv": [8, 2, 8.5, 2.5], "texture": "#0"},
				"up": {"uv": [3, 8.5, 2.5, 8], "texture": "#0"},
				"down": {"uv": [8.5, 2.5, 8, 3], "texture": "#0"}
			}
		},
		{
			"from": [18, 5, 7.5],
			"to": [20, 6, 8.5],
			"rotation": {"angle": 0, "axis": "y", "origin": [9, 17, 8]},
			"faces": {
				"north": {"uv": [4.5, 1.5, 5.5, 2], "texture": "#0"},
				"east": {"uv": [3, 8, 3.5, 8.5], "texture": "#0"},
				"south": {"uv": [2, 4.5, 3, 5], "texture": "#0"},
				"west": {"uv": [8, 3, 8.5, 3.5], "texture": "#0"},
				"up": {"uv": [5.5, 2.5, 4.5, 2], "texture": "#0"},
				"down": {"uv": [5.5, 2.5, 4.5, 3], "texture": "#0"}
			}
		},
		{
			"from": [19, 4, 7.5],
			"to": [21, 5, 8.5],
			"rotation": {"angle": 0, "axis": "y", "origin": [9, 17, 8]},
			"faces": {
				"north": {"uv": [3, 4.5, 4, 5], "texture": "#0"},
				"east": {"uv": [3.5, 8, 4, 8.5], "texture": "#0"},
				"south": {"uv": [4, 4.5, 5, 5], "texture": "#0"},
				"west": {"uv": [8, 3.5, 8.5, 4], "texture": "#0"},
				"up": {"uv": [1, 5.5, 0, 5], "texture": "#0"},
				"down": {"uv": [6, 0, 5, 0.5], "texture": "#0"}
			}
		},
		{
			"from": [19, 3, 7.5],
			"to": [20, 4, 8.5],
			"rotation": {"angle": 0, "axis": "y", "origin": [9, 17, 8]},
			"faces": {
				"north": {"uv": [4, 8, 4.5, 8.5], "texture": "#0"},
				"east": {"uv": [8, 4, 8.5, 4.5], "texture": "#0"},
				"south": {"uv": [4.5, 8, 5, 8.5], "texture": "#0"},
				"west": {"uv": [8, 4.5, 8.5, 5], "texture": "#0"},
				"up": {"uv": [5.5, 8.5, 5, 8], "texture": "#0"},
				"down": {"uv": [8.5, 5, 8, 5.5], "texture": "#0"}
			}
		},
		{
			"from": [20, 3, 7.5],
			"to": [22, 4, 8.5],
			"rotation": {"angle": 0, "axis": "y", "origin": [9, 17, 8]},
			"faces": {
				"north": {"uv": [5, 0.5, 6, 1], "texture": "#0"},
				"east": {"uv": [5.5, 8, 6, 8.5], "texture": "#0"},
				"south": {"uv": [1, 5, 2, 5.5], "texture": "#0"},
				"west": {"uv": [8, 5.5, 8.5, 6], "texture": "#0"},
				"up": {"uv": [3, 5.5, 2, 5], "texture": "#0"},
				"down": {"uv": [4, 5, 3, 5.5], "texture": "#0"}
			}
		},
		{
			"from": [20, 2, 7.5],
			"to": [21, 3, 8.5],
			"rotation": {"angle": 0, "axis": "y", "origin": [9, 17, 8]},
			"faces": {
				"north": {"uv": [6, 8, 6.5, 8.5], "texture": "#0"},
				"east": {"uv": [8, 6, 8.5, 6.5], "texture": "#0"},
				"south": {"uv": [6.5, 8, 7, 8.5], "texture": "#0"},
				"west": {"uv": [8, 6.5, 8.5, 7], "texture": "#0"},
				"up": {"uv": [7.5, 8.5, 7, 8], "texture": "#0"},
				"down": {"uv": [8.5, 7, 8, 7.5], "texture": "#0"}
			}
		},
		{
			"from": [21, 2, 7.5],
			"to": [23, 3, 8.5],
			"rotation": {"angle": 0, "axis": "y", "origin": [9, 17, 8]},
			"faces": {
				"north": {"uv": [5, 3, 6, 3.5], "texture": "#0"},
				"east": {"uv": [7.5, 8, 8, 8.5], "texture": "#0"},
				"south": {"uv": [5, 3.5, 6, 4], "texture": "#0"},
				"west": {"uv": [8, 7.5, 8.5, 8], "texture": "#0"},
				"up": {"uv": [5, 5.5, 4, 5], "texture": "#0"},
				"down": {"uv": [6, 4, 5, 4.5], "texture": "#0"}
			}
		},
		{
			"from": [21, 1, 7.5],
			"to": [22, 2, 8.5],
			"rotation": {"angle": 0, "axis": "y", "origin": [9, 17, 8]},
			"faces": {
				"north": {"uv": [8, 8, 8.5, 8.5], "texture": "#0"},
				"east": {"uv": [0, 8.5, 0.5, 9], "texture": "#0"},
				"south": {"uv": [8.5, 0, 9, 0.5], "texture": "#0"},
				"west": {"uv": [0.5, 8.5, 1, 9], "texture": "#0"},
				"up": {"uv": [9, 1, 8.5, 0.5], "texture": "#0"},
				"down": {"uv": [1.5, 8.5, 1, 9], "texture": "#0"}
			}
		},
		{
			"from": [22, 1, 7.5],
			"to": [24, 2, 8.5],
			"rotation": {"angle": 0, "axis": "y", "origin": [9, 17, 8]},
			"faces": {
				"north": {"uv": [5, 4.5, 6, 5], "texture": "#0"},
				"east": {"uv": [8.5, 1, 9, 1.5], "texture": "#0"},
				"south": {"uv": [5, 5, 6, 5.5], "texture": "#0"},
				"west": {"uv": [1.5, 8.5, 2, 9], "texture": "#0"},
				"up": {"uv": [1, 6, 0, 5.5], "texture": "#0"},
				"down": {"uv": [2, 5.5, 1, 6], "texture": "#0"}
			}
		},
		{
			"from": [22, 0, 7.5],
			"to": [23, 1, 8.5],
			"rotation": {"angle": 0, "axis": "y", "origin": [9, 17, 8]},
			"faces": {
				"north": {"uv": [8.5, 1.5, 9, 2], "texture": "#0"},
				"east": {"uv": [2, 8.5, 2.5, 9], "texture": "#0"},
				"south": {"uv": [8.5, 2, 9, 2.5], "texture": "#0"},
				"west": {"uv": [2.5, 8.5, 3, 9], "texture": "#0"},
				"up": {"uv": [9, 3, 8.5, 2.5], "texture": "#0"},
				"down": {"uv": [3.5, 8.5, 3, 9], "texture": "#0"}
			}
		},
		{
			"from": [13, 9, 7.5],
			"to": [14, 10, 8.5],
			"rotation": {"angle": 0, "axis": "y", "origin": [9, 17, 8]},
			"faces": {
				"north": {"uv": [8.5, 3, 9, 3.5], "texture": "#0"},
				"east": {"uv": [3.5, 8.5, 4, 9], "texture": "#0"},
				"south": {"uv": [8.5, 3.5, 9, 4], "texture": "#0"},
				"west": {"uv": [4, 8.5, 4.5, 9], "texture": "#0"},
				"up": {"uv": [9, 4.5, 8.5, 4], "texture": "#0"},
				"down": {"uv": [5, 8.5, 4.5, 9], "texture": "#0"}
			}
		},
		{
			"from": [13, 10, 7.5],
			"to": [15, 11, 8.5],
			"rotation": {"angle": 0, "axis": "y", "origin": [9, 17, 8]},
			"faces": {
				"north": {"uv": [5.5, 1, 6.5, 1.5], "texture": "#0"},
				"east": {"uv": [8.5, 4.5, 9, 5], "texture": "#0"},
				"south": {"uv": [5.5, 1.5, 6.5, 2], "texture": "#0"},
				"west": {"uv": [5, 8.5, 5.5, 9], "texture": "#0"},
				"up": {"uv": [3, 6, 2, 5.5], "texture": "#0"},
				"down": {"uv": [6.5, 2, 5.5, 2.5], "texture": "#0"}
			}
		},
		{
			"from": [14, 9, 7.5],
			"to": [16, 10, 8.5],
			"rotation": {"angle": 0, "axis": "y", "origin": [9, 17, 8]},
			"faces": {
				"north": {"uv": [5.5, 2.5, 6.5, 3], "texture": "#0"},
				"east": {"uv": [8.5, 5, 9, 5.5], "texture": "#0"},
				"south": {"uv": [3, 5.5, 4, 6], "texture": "#0"},
				"west": {"uv": [5.5, 8.5, 6, 9], "texture": "#0"},
				"up": {"uv": [5, 6, 4, 5.5], "texture": "#0"},
				"down": {"uv": [6, 5.5, 5, 6], "texture": "#0"}
			}
		},
		{
			"from": [14, 8, 7.5],
			"to": [15, 9, 8.5],
			"rotation": {"angle": 0, "axis": "y", "origin": [9, 17, 8]},
			"faces": {
				"north": {"uv": [8.5, 5.5, 9, 6], "texture": "#0"},
				"east": {"uv": [6, 8.5, 6.5, 9], "texture": "#0"},
				"south": {"uv": [8.5, 6, 9, 6.5], "texture": "#0"},
				"west": {"uv": [6.5, 8.5, 7, 9], "texture": "#0"},
				"up": {"uv": [9, 7, 8.5, 6.5], "texture": "#0"},
				"down": {"uv": [7.5, 8.5, 7, 9], "texture": "#0"}
			}
		},
		{
			"from": [15, 8, 7.5],
			"to": [17, 9, 8.5],
			"rotation": {"angle": 0, "axis": "y", "origin": [9, 17, 8]},
			"faces": {
				"north": {"uv": [0, 6, 1, 6.5], "texture": "#0"},
				"east": {"uv": [8.5, 7, 9, 7.5], "texture": "#0"},
				"south": {"uv": [6, 0, 7, 0.5], "texture": "#0"},
				"west": {"uv": [7.5, 8.5, 8, 9], "texture": "#0"},
				"up": {"uv": [7, 1, 6, 0.5], "texture": "#0"},
				"down": {"uv": [2, 6, 1, 6.5], "texture": "#0"}
			}
		},
		{
			"from": [15, 7, 7.5],
			"to": [16, 8, 8.5],
			"rotation": {"angle": 0, "axis": "y", "origin": [9, 17, 8]},
			"faces": {
				"north": {"uv": [8.5, 7.5, 9, 8], "texture": "#0"},
				"east": {"uv": [8, 8.5, 8.5, 9], "texture": "#0"},
				"south": {"uv": [8.5, 8, 9, 8.5], "texture": "#0"},
				"west": {"uv": [8.5, 8.5, 9, 9], "texture": "#0"},
				"up": {"uv": [0.5, 9.5, 0, 9], "texture": "#0"},
				"down": {"uv": [9.5, 0, 9, 0.5], "texture": "#0"}
			}
		},
		{
			"from": [16, 7, 7.5],
			"to": [18, 8, 8.5],
			"rotation": {"angle": 0, "axis": "y", "origin": [9, 17, 8]},
			"faces": {
				"north": {"uv": [2, 6, 3, 6.5], "texture": "#0"},
				"east": {"uv": [0.5, 9, 1, 9.5], "texture": "#0"},
				"south": {"uv": [3, 6, 4, 6.5], "texture": "#0"},
				"west": {"uv": [9, 0.5, 9.5, 1], "texture": "#0"},
				"up": {"uv": [7, 3.5, 6, 3], "texture": "#0"},
				"down": {"uv": [7, 3.5, 6, 4], "texture": "#0"}
			}
		},
		{
			"from": [16, 6, 7.5],
			"to": [17, 7, 8.5],
			"rotation": {"angle": 0, "axis": "y", "origin": [9, 17, 8]},
			"faces": {
				"north": {"uv": [1, 9, 1.5, 9.5], "texture": "#0"},
				"east": {"uv": [9, 1, 9.5, 1.5], "texture": "#0"},
				"south": {"uv": [1.5, 9, 2, 9.5], "texture": "#0"},
				"west": {"uv": [9, 1.5, 9.5, 2], "texture": "#0"},
				"up": {"uv": [2.5, 9.5, 2, 9], "texture": "#0"},
				"down": {"uv": [9.5, 2, 9, 2.5], "texture": "#0"}
			}
		},
		{
			"from": [17, 6, 7.5],
			"to": [19, 7, 8.5],
			"rotation": {"angle": 0, "axis": "y", "origin": [9, 17, 8]},
			"faces": {
				"north": {"uv": [4, 6, 5, 6.5], "texture": "#0"},
				"east": {"uv": [2.5, 9, 3, 9.5], "texture": "#0"},
				"south": {"uv": [6, 4, 7, 4.5], "texture": "#0"},
				"west": {"uv": [9, 2.5, 9.5, 3], "texture": "#0"},
				"up": {"uv": [7, 5, 6, 4.5], "texture": "#0"},
				"down": {"uv": [6, 6, 5, 6.5], "texture": "#0"}
			}
		},
		{
			"from": [17, 5, 7.5],
			"to": [18, 6, 8.5],
			"rotation": {"angle": 0, "axis": "y", "origin": [9, 17, 8]},
			"faces": {
				"north": {"uv": [3, 9, 3.5, 9.5], "texture": "#0"},
				"east": {"uv": [9, 3, 9.5, 3.5], "texture": "#0"},
				"south": {"uv": [3.5, 9, 4, 9.5], "texture": "#0"},
				"west": {"uv": [9, 3.5, 9.5, 4], "texture": "#0"},
				"up": {"uv": [4.5, 9.5, 4, 9], "texture": "#0"},
				"down": {"uv": [9.5, 4, 9, 4.5], "texture": "#0"}
			}
		},
		{
			"from": [8, 14, 7.5],
			"to": [9, 15, 8.5],
			"rotation": {"angle": 0, "axis": "y", "origin": [9, 17, 8]},
			"faces": {
				"north": {"uv": [4.5, 9, 5, 9.5], "texture": "#0"},
				"east": {"uv": [9, 4.5, 9.5, 5], "texture": "#0"},
				"south": {"uv": [5, 9, 5.5, 9.5], "texture": "#0"},
				"west": {"uv": [9, 5, 9.5, 5.5], "texture": "#0"},
				"up": {"uv": [6, 9.5, 5.5, 9], "texture": "#0"},
				"down": {"uv": [9.5, 5.5, 9, 6], "texture": "#0"}
			}
		},
		{
			"from": [9, 16, 7.5],
			"to": [10, 18, 8.5],
			"rotation": {"angle": 0, "axis": "y", "origin": [9, 17, 8]},
			"faces": {
				"north": {"uv": [0, 2, 0.5, 3], "texture": "#0"},
				"east": {"uv": [0.5, 2, 1, 3], "texture": "#0"},
				"south": {"uv": [1, 2, 1.5, 3], "texture": "#0"},
				"west": {"uv": [1.5, 2, 2, 3], "texture": "#0"},
				"up": {"uv": [7.5, 1, 7, 0.5], "texture": "#0"},
				"down": {"uv": [1.5, 7, 1, 7.5], "texture": "#0"}
			}
		},
		{
			"from": [7, 15, 7.5],
			"to": [10, 16, 8.5],
			"rotation": {"angle": 0, "axis": "y", "origin": [9, 17, 8]},
			"faces": {
				"north": {"uv": [1, 0, 2.5, 0.5], "texture": "#0"},
				"east": {"uv": [6, 9, 6.5, 9.5], "texture": "#0"},
				"south": {"uv": [1, 0.5, 2.5, 1], "texture": "#0"},
				"west": {"uv": [9, 6, 9.5, 6.5], "texture": "#0"},
				"up": {"uv": [2.5, 1.5, 1, 1], "texture": "#0"},
				"down": {"uv": [2.5, 1.5, 1, 2], "texture": "#0"}
			}
		},
		{
			"from": [9, 14, 7.5],
			"to": [11, 15, 8.5],
			"rotation": {"angle": 0, "axis": "y", "origin": [9, 17, 8]},
			"faces": {
				"north": {"uv": [6, 5, 7, 5.5], "texture": "#0"},
				"east": {"uv": [6.5, 9, 7, 9.5], "texture": "#0"},
				"south": {"uv": [6, 5.5, 7, 6], "texture": "#0"},
				"west": {"uv": [9, 6.5, 9.5, 7], "texture": "#0"},
				"up": {"uv": [7, 6.5, 6, 6], "texture": "#0"},
				"down": {"uv": [1, 6.5, 0, 7], "texture": "#0"}
			}
		},
		{
			"from": [9, 13, 7.5],
			"to": [10, 14, 8.5],
			"rotation": {"angle": 0, "axis": "y", "origin": [9, 17, 8]},
			"faces": {
				"north": {"uv": [7, 9, 7.5, 9.5], "texture": "#0"},
				"east": {"uv": [9, 7, 9.5, 7.5], "texture": "#0"},
				"south": {"uv": [7.5, 9, 8, 9.5], "texture": "#0"},
				"west": {"uv": [9, 7.5, 9.5, 8], "texture": "#0"},
				"up": {"uv": [8.5, 9.5, 8, 9], "texture": "#0"},
				"down": {"uv": [9.5, 8, 9, 8.5], "texture": "#0"}
			}
		},
		{
			"from": [10, 13, 7.5],
			"to": [12, 14, 8.5],
			"rotation": {"angle": 0, "axis": "y", "origin": [9, 17, 8]},
			"faces": {
				"north": {"uv": [1, 6.5, 2, 7], "texture": "#0"},
				"east": {"uv": [8.5, 9, 9, 9.5], "texture": "#0"},
				"south": {"uv": [6.5, 1, 7.5, 1.5], "texture": "#0"},
				"west": {"uv": [9, 8.5, 9.5, 9], "texture": "#0"},
				"up": {"uv": [7.5, 2, 6.5, 1.5], "texture": "#0"},
				"down": {"uv": [3, 6.5, 2, 7], "texture": "#0"}
			}
		},
		{
			"from": [10, 12, 7.5],
			"to": [11, 13, 8.5],
			"rotation": {"angle": 0, "axis": "y", "origin": [9, 17, 8]},
			"faces": {
				"north": {"uv": [9, 9, 9.5, 9.5], "texture": "#0"},
				"east": {"uv": [0, 9.5, 0.5, 10], "texture": "#0"},
				"south": {"uv": [9.5, 0, 10, 0.5], "texture": "#0"},
				"west": {"uv": [0.5, 9.5, 1, 10], "texture": "#0"},
				"up": {"uv": [10, 1, 9.5, 0.5], "texture": "#0"},
				"down": {"uv": [1.5, 9.5, 1, 10], "texture": "#0"}
			}
		},
		{
			"from": [11, 12, 7.5],
			"to": [13, 13, 8.5],
			"rotation": {"angle": 0, "axis": "y", "origin": [9, 17, 8]},
			"faces": {
				"north": {"uv": [6.5, 2, 7.5, 2.5], "texture": "#0"},
				"east": {"uv": [9.5, 1, 10, 1.5], "texture": "#0"},
				"south": {"uv": [6.5, 2.5, 7.5, 3], "texture": "#0"},
				"west": {"uv": [1.5, 9.5, 2, 10], "texture": "#0"},
				"up": {"uv": [4, 7, 3, 6.5], "texture": "#0"},
				"down": {"uv": [5, 6.5, 4, 7], "texture": "#0"}
			}
		},
		{
			"from": [11, 11, 7.5],
			"to": [12, 12, 8.5],
			"rotation": {"angle": 0, "axis": "y", "origin": [9, 17, 8]},
			"faces": {
				"north": {"uv": [9.5, 1.5, 10, 2], "texture": "#0"},
				"east": {"uv": [2, 9.5, 2.5, 10], "texture": "#0"},
				"south": {"uv": [9.5, 2, 10, 2.5], "texture": "#0"},
				"west": {"uv": [2.5, 9.5, 3, 10], "texture": "#0"},
				"up": {"uv": [10, 3, 9.5, 2.5], "texture": "#0"},
				"down": {"uv": [3.5, 9.5, 3, 10], "texture": "#0"}
			}
		},
		{
			"from": [12, 11, 7.5],
			"to": [14, 12, 8.5],
			"rotation": {"angle": 0, "axis": "y", "origin": [9, 17, 8]},
			"faces": {
				"north": {"uv": [5, 6.5, 6, 7], "texture": "#0"},
				"east": {"uv": [9.5, 3, 10, 3.5], "texture": "#0"},
				"south": {"uv": [6, 6.5, 7, 7], "texture": "#0"},
				"west": {"uv": [3.5, 9.5, 4, 10], "texture": "#0"},
				"up": {"uv": [1, 7.5, 0, 7], "texture": "#0"},
				"down": {"uv": [8, 0, 7, 0.5], "texture": "#0"}
			}
		},
		{
			"from": [12, 10, 7.5],
			"to": [13, 11, 8.5],
			"rotation": {"angle": 0, "axis": "y", "origin": [9, 17, 8]},
			"faces": {
				"north": {"uv": [9.5, 3.5, 10, 4], "texture": "#0"},
				"east": {"uv": [4, 9.5, 4.5, 10], "texture": "#0"},
				"south": {"uv": [9.5, 4, 10, 4.5], "texture": "#0"},
				"west": {"uv": [4.5, 9.5, 5, 10], "texture": "#0"},
				"up": {"uv": [10, 5, 9.5, 4.5], "texture": "#0"},
				"down": {"uv": [5.5, 9.5, 5, 10], "texture": "#0"}
			}
		},
		{
			"from": [5, 16, 7.5],
			"to": [9, 20, 8.5],
			"rotation": {"angle": 0, "axis": "y", "origin": [9, 17, 8]},
			"faces": {
				"north": {"uv": [0, 0, 2, 2], "texture": "#1"},
				"east": {"uv": [4, 7.5, 4.5, 9.5], "texture": "#1"},
				"south": {"uv": [0, 2, 2, 4], "texture": "#1"},
				"west": {"uv": [4.5, 7.5, 5, 9.5], "texture": "#1"},
				"up": {"uv": [9.5, 8, 7.5, 7.5], "texture": "#1"},
				"down": {"uv": [10, 0, 8, 0.5], "texture": "#1"}
			}
		},
		{
			"from": [0, 16, 7.5],
			"to": [5, 19, 8.5],
			"rotation": {"angle": 0, "axis": "y", "origin": [9, 17, 8]},
			"faces": {
				"north": {"uv": [2, 0, 4.5, 1.5], "texture": "#1"},
				"east": {"uv": [5, 9, 5.5, 10.5], "texture": "#1"},
				"south": {"uv": [2, 1.5, 4.5, 3], "texture": "#1"},
				"west": {"uv": [5.5, 9, 6, 10.5], "texture": "#1"},
				"up": {"uv": [4, 8, 1.5, 7.5], "texture": "#1"},
				"down": {"uv": [10, 7, 7.5, 7.5], "texture": "#1"}
			}
		},
		{
			"from": [-2, 16, 7.5],
			"to": [0, 18, 8.5],
			"rotation": {"angle": 0, "axis": "y", "origin": [9, 17, 8]},
			"faces": {
				"north": {"uv": [5, 7.5, 6, 8.5], "texture": "#1"},
				"east": {"uv": [1.5, 4, 2, 5], "texture": "#1"},
				"south": {"uv": [8, 0.5, 9, 1.5], "texture": "#1"},
				"west": {"uv": [4, 9.5, 4.5, 10.5], "texture": "#1"},
				"up": {"uv": [11, 3.5, 10, 3], "texture": "#1"},
				"down": {"uv": [11, 3.5, 10, 4], "texture": "#1"}
			}
		},
		{
			"from": [-4, 14, 7.5],
			"to": [2, 15, 8.5],
			"rotation": {"angle": 0, "axis": "y", "origin": [9, 17, 8]},
			"faces": {
				"north": {"uv": [6.5, 5, 9.5, 5.5], "texture": "#1"},
				"east": {"uv": [1.5, 10.5, 2, 11], "texture": "#1"},
				"south": {"uv": [6.5, 5.5, 9.5, 6], "texture": "#1"},
				"west": {"uv": [2, 10.5, 2.5, 11], "texture": "#1"},
				"up": {"uv": [3, 7.5, 0, 7], "texture": "#1"},
				"down": {"uv": [6, 7, 3, 7.5], "texture": "#1"}
			}
		},
		{
			"from": [-3, 12, 7.5],
			"to": [1, 14, 8.5],
			"rotation": {"angle": 0, "axis": "y", "origin": [9, 17, 8]},
			"faces": {
				"north": {"uv": [0, 6, 2, 7], "texture": "#1"},
				"east": {"uv": [4.5, 9.5, 5, 10.5], "texture": "#1"},
				"south": {"uv": [6, 0, 8, 1], "texture": "#1"},
				"west": {"uv": [3.5, 10, 4, 11], "texture": "#1"},
				"up": {"uv": [3.5, 8.5, 1.5, 8], "texture": "#1"},
				"down": {"uv": [10, 1.5, 8, 2], "texture": "#1"}
			}
		},
		{
			"from": [-4, 10, 7.5],
			"to": [0, 12, 8.5],
			"rotation": {"angle": 0, "axis": "y", "origin": [9, 17, 8]},
			"faces": {
				"north": {"uv": [6, 1, 8, 2], "texture": "#1"},
				"east": {"uv": [10, 4, 10.5, 5], "texture": "#1"},
				"south": {"uv": [2, 6, 4, 7], "texture": "#1"},
				"west": {"uv": [6, 10, 6.5, 11], "texture": "#1"},
				"up": {"uv": [8, 8.5, 6, 8], "texture": "#1"},
				"down": {"uv": [10, 6, 8, 6.5], "texture": "#1"}
			}
		},
		{
			"from": [-5, 8, 7.5],
			"to": [-1, 10, 8.5],
			"rotation": {"angle": 0, "axis": "y", "origin": [9, 17, 8]},
			"faces": {
				"north": {"uv": [4, 6, 6, 7], "texture": "#1"},
				"east": {"uv": [10, 6, 10.5, 7], "texture": "#1"},
				"south": {"uv": [6, 6, 8, 7], "texture": "#1"},
				"west": {"uv": [6.5, 10, 7, 11], "texture": "#1"},
				"up": {"uv": [10, 7, 8, 6.5], "texture": "#1"},
				"down": {"uv": [10, 8, 8, 8.5], "texture": "#1"}
			}
		},
		{
			"from": [-5, 6, 7.5],
			"to": [-2, 8, 8.5],
			"rotation": {"angle": 0, "axis": "y", "origin": [9, 17, 8]},
			"faces": {
				"north": {"uv": [6, 7, 7.5, 8], "texture": "#1"},
				"east": {"uv": [7, 10, 7.5, 11], "texture": "#1"},
				"south": {"uv": [0, 7.5, 1.5, 8.5], "texture": "#1"},
				"west": {"uv": [7.5, 10, 8, 11], "texture": "#1"},
				"up": {"uv": [7.5, 9.5, 6, 9], "texture": "#1"},
				"down": {"uv": [9, 9, 7.5, 9.5], "texture": "#1"}
			}
		},
		{
			"from": [-6, 2, 7.5],
			"to": [-3, 6, 8.5],
			"rotation": {"angle": 0, "axis": "y", "origin": [9, 17, 8]},
			"faces": {
				"north": {"uv": [2, 3, 3.5, 5], "texture": "#1"},
				"east": {"uv": [3.5, 8, 4, 10], "texture": "#1"},
				"south": {"uv": [3.5, 3, 5, 5], "texture": "#1"},
				"west": {"uv": [0, 8.5, 0.5, 10.5], "texture": "#1"},
				"up": {"uv": [10.5, 9, 9, 8.5], "texture": "#1"},
				"down": {"uv": [10.5, 9, 9, 9.5], "texture": "#1"}
			}
		},
		{
			"from": [-7, -2, 7.5],
			"to": [-4, 2, 8.5],
			"rotation": {"angle": 0, "axis": "y", "origin": [9, 17, 8]},
			"faces": {
				"north": {"uv": [0, 4, 1.5, 6], "texture": "#1"},
				"east": {"uv": [0.5, 8.5, 1, 10.5], "texture": "#1"},
				"south": {"uv": [4.5, 0, 6, 2], "texture": "#1"},
				"west": {"uv": [1, 8.5, 1.5, 10.5], "texture": "#1"},
				"up": {"uv": [11, 2.5, 9.5, 2], "texture": "#1"},
				"down": {"uv": [11, 2.5, 9.5, 3], "texture": "#1"}
			}
		},
		{
			"from": [4, 20, 7.5],
			"to": [14, 21, 8.5],
			"rotation": {"angle": 0, "axis": "y", "origin": [9, 17, 8]},
			"faces": {
				"north": {"uv": [4.5, 2, 9.5, 2.5], "texture": "#1"},
				"east": {"uv": [2.5, 10.5, 3, 11], "texture": "#1"},
				"south": {"uv": [4.5, 2.5, 9.5, 3], "texture": "#1"},
				"west": {"uv": [3, 10.5, 3.5, 11], "texture": "#1"},
				"up": {"uv": [6.5, 5.5, 1.5, 5], "texture": "#1"},
				"down": {"uv": [10, 3, 5, 3.5], "texture": "#1"}
			}
		},
		{
			"from": [2, 19, 7.5],
			"to": [5, 20, 8.5],
			"rotation": {"angle": 0, "axis": "y", "origin": [9, 17, 8]},
			"faces": {
				"north": {"uv": [9.5, 5, 11, 5.5], "texture": "#1"},
				"east": {"uv": [4, 10.5, 4.5, 11], "texture": "#1"},
				"south": {"uv": [9.5, 5.5, 11, 6], "texture": "#1"},
				"west": {"uv": [10.5, 4, 11, 4.5], "texture": "#1"},
				"up": {"uv": [7.5, 10, 6, 9.5], "texture": "#1"},
				"down": {"uv": [9, 9.5, 7.5, 10], "texture": "#1"}
			}
		},
		{
			"from": [9, 19, 7.5],
			"to": [12, 20, 8.5],
			"rotation": {"angle": 0, "axis": "y", "origin": [9, 17, 8]},
			"faces": {
				"north": {"uv": [9.5, 7.5, 11, 8], "texture": "#1"},
				"east": {"uv": [4.5, 10.5, 5, 11], "texture": "#1"},
				"south": {"uv": [9, 9.5, 10.5, 10], "texture": "#1"},
				"west": {"uv": [10.5, 4.5, 11, 5], "texture": "#1"},
				"up": {"uv": [11.5, 0.5, 10, 0], "texture": "#1"},
				"down": {"uv": [11.5, 1.5, 10, 2], "texture": "#1"}
			}
		},
		{
			"from": [9, 18, 7.5],
			"to": [11, 19, 8.5],
			"rotation": {"angle": 0, "axis": "y", "origin": [9, 17, 8]},
			"faces": {
				"north": {"uv": [10, 7, 11, 7.5], "texture": "#1"},
				"east": {"uv": [5, 10.5, 5.5, 11], "texture": "#1"},
				"south": {"uv": [8, 10, 9, 10.5], "texture": "#1"},
				"west": {"uv": [5.5, 10.5, 6, 11], "texture": "#1"},
				"up": {"uv": [11, 8.5, 10, 8], "texture": "#1"},
				"down": {"uv": [10, 10, 9, 10.5], "texture": "#1"}
			}
		},
		{
			"from": [-6, -6, 7.5],
			"to": [-5, -2, 8.5],
			"rotation": {"angle": 0, "axis": "y", "origin": [9, 17, 8]},
			"faces": {
				"north": {"uv": [1.5, 8.5, 2, 10.5], "texture": "#1"},
				"east": {"uv": [2, 8.5, 2.5, 10.5], "texture": "#1"},
				"south": {"uv": [2.5, 8.5, 3, 10.5], "texture": "#1"},
				"west": {"uv": [3, 8.5, 3.5, 10.5], "texture": "#1"},
				"up": {"uv": [11, 6.5, 10.5, 6], "texture": "#1"},
				"down": {"uv": [11, 6.5, 10.5, 7], "texture": "#1"}
			}
		},
		{
			"from": [-3, 16, 7.5],
			"to": [-2, 17, 8.5],
			"rotation": {"angle": 0, "axis": "y", "origin": [9, 17, 8]},
			"faces": {
				"north": {"uv": [8, 10.5, 8.5, 11], "texture": "#1"},
				"east": {"uv": [8.5, 10.5, 9, 11], "texture": "#1"},
				"south": {"uv": [10.5, 8.5, 11, 9], "texture": "#1"},
				"west": {"uv": [9, 10.5, 9.5, 11], "texture": "#1"},
				"up": {"uv": [11, 9.5, 10.5, 9], "texture": "#1"},
				"down": {"uv": [10, 10.5, 9.5, 11], "texture": "#1"}
			}
		},
		{
			"from": [-5, 15, 7.5],
			"to": [5, 16, 8.5],
			"rotation": {"angle": 0, "axis": "y", "origin": [9, 17, 8]},
			"faces": {
				"north": {"uv": [5, 3.5, 10, 4], "texture": "#1"},
				"east": {"uv": [10.5, 9.5, 11, 10], "texture": "#1"},
				"south": {"uv": [5, 4, 10, 4.5], "texture": "#1"},
				"west": {"uv": [10.5, 10, 11, 10.5], "texture": "#1"},
				"up": {"uv": [10, 5, 5, 4.5], "texture": "#1"},
				"down": {"uv": [6.5, 5.5, 1.5, 6], "texture": "#1"}
			}
		},
		{
			"from": [-7, 2, 7.5],
			"to": [-6, 4, 8.5],
			"rotation": {"angle": 0, "axis": "y", "origin": [9, 17, 8]},
			"faces": {
				"north": {"uv": [10, 10, 10.5, 11], "texture": "#1"},
				"east": {"uv": [0, 10.5, 0.5, 11.5], "texture": "#1"},
				"south": {"uv": [0.5, 10.5, 1, 11.5], "texture": "#1"},
				"west": {"uv": [1, 10.5, 1.5, 11.5], "texture": "#1"},
				"up": {"uv": [11, 11, 10.5, 10.5], "texture": "#1"},
				"down": {"uv": [11.5, 0.5, 11, 1], "texture": "#1"}
			}
		},
		{
			"from": [6, 21, 7.5],
			"to": [10, 22, 8.5],
			"rotation": {"angle": 0, "axis": "y", "origin": [9, 17, 8]},
			"faces": {
				"north": {"uv": [5, 8.5, 7, 9], "texture": "#1"},
				"east": {"uv": [11, 1, 11.5, 1.5], "texture": "#1"},
				"south": {"uv": [7, 8.5, 9, 9], "texture": "#1"},
				"west": {"uv": [1.5, 11, 2, 11.5], "texture": "#1"},
				"up": {"uv": [11, 1, 9, 0.5], "texture": "#1"},
				"down": {"uv": [11, 1, 9, 1.5], "texture": "#1"}
			}
		}
	],
	"display": {
		"thirdperson_righthand": {
			"rotation": [0, -26, -61],
			"translation": [1.25, 19.5, 1]
		},
		"thirdperson_lefthand": {
			"rotation": [160, 40, -105],
			"translation": [6, 22, -2.5]
		},
		"firstperson_righthand": {
			"rotation": [-53, -19, -28],
			"translation": [7, 3.25, -11.5]
		},
		"firstperson_lefthand": {
			"rotation": [148, -10, -90],
			"translation": [7, -0.25, -11.5]
		},
		"ground": {
			"translation": [0, 13.25, 0]
		},
		"gui": {
			"rotation": [-22, 149, 0],
			"translation": [1.5, 1.25, 0],
			"scale": [0.45, 0.45, 0.45]
		},
		"head": {
			"translation": [13.75, 17.25, 0]
		},
		"fixed": {
			"translation": [-5.5, 3, 0]
		}
	},
	"groups": [
		{
			"name": "handle",
			"origin": [11, 10, 7.5],
			"color": 0,
			"children": [0, 1, 2, 3, 4, 5, 6, 7, 8, 9, 10, 11, 12, 13, 14, 15, 16, 17, 18, 19, 20, 21, 22, 23, 24, 25, 26, 27, 28, 29, 30, 31, 32, 33, 34, 35, 36, 37, 38, 39, 40, 41, 42, 43, 44, 45]
		},
		{
			"name": "blade",
			"origin": [7, 21, 8.5],
			"color": 0,
			"children": [46, 47, 48, 49, 50, 51, 52, 53, 54, 55, 56, 57, 58, 59, 60, 61, 62, 63, 64]
		}
	]
}