{
	"credit": "Made with Blockbench",
	"texture_size": [64, 64],
	"textures": {
		"0": "item/vip/how_mug",
		"particle": "item/vip/how_mug"
	},
	"elements": [
		{
			"from": [3.925, 1.5, 3.925],
			"to": [12.075, 9.5, 12.075],
			"rotation": {"angle": 0, "axis": "y", "origin": [1, 9, 1]},
			"faces": {
				"north": {"uv": [0, 5, 2, 7], "texture": "#0"},
				"east": {"uv": [0, 5, 2, 7], "texture": "#0"},
				"south": {"uv": [0, 5, 2, 7], "texture": "#0"},
				"west": {"uv": [0, 5, 2, 7], "texture": "#0"},
				"up": {"uv": [12.25, 11.25, 10.25, 9.25], "texture": "#0"},
				"down": {"uv": [2, 5, 0, 7], "texture": "#0"}
			}
		},
		{
			"from": [4, 1.5, 4],
			"to": [4, 9.5, 12],
			"rotation": {"angle": 0, "axis": "y", "origin": [1, 9, 1]},
			"faces": {
				"north": {"uv": [7.25, 12.25, 9.25, 14.25], "texture": "#0"},
				"east": {"uv": [0, 5, 2, 7], "texture": "#0"},
				"south": {"uv": [1.25, 11.5, 3.25, 13.5], "texture": "#0"},
				"west": {"uv": [4, 11.5, 6, 13.5], "texture": "#0"},
				"up": {"uv": [12.25, 11.25, 10.25, 9.25], "texture": "#0"},
				"down": {"uv": [2, 5, 0, 7], "texture": "#0"}
			}
		},
		{
			"from": [11.95, 1.5, 4],
			"to": [12, 9.5, 12],
			"rotation": {"angle": 0, "axis": "y", "origin": [15, 9, 1]},
			"faces": {
				"north": {"uv": [9.25, 12.25, 7.25, 14.25], "texture": "#0"},
				"east": {"uv": [6, 11.5, 4, 13.5], "texture": "#0"},
				"south": {"uv": [3.25, 11.5, 1.25, 13.5], "texture": "#0"},
				"west": {"uv": [2, 5, 0, 7], "texture": "#0"},
				"up": {"uv": [10.25, 11.25, 12.25, 9.25], "texture": "#0"},
				"down": {"uv": [0, 5, 2, 7], "texture": "#0"}
			}
		},
		{
			"from": [4, 1.5, 4],
			"to": [12, 1.5, 12],
			"rotation": {"angle": 0, "axis": "z", "origin": [15, 9, 1]},
			"faces": {
				"north": {"uv": [9.25, 12.25, 7.25, 14.25], "rotation": 270, "texture": "#0"},
				"east": {"uv": [10.25, 11.25, 12.25, 9.25], "rotation": 90, "texture": "#0"},
				"south": {"uv": [3.25, 11.5, 1.25, 13.5], "rotation": 90, "texture": "#0"},
				"west": {"uv": [0, 5, 2, 7], "rotation": 90, "texture": "#0"},
				"up": {"uv": [2, 5, 0, 7], "rotation": 90, "texture": "#0"},
				"down": {"uv": [6, 11.5, 4, 13.5], "rotation": 90, "texture": "#0"}
			}
		},
		{
			"from": [4, 1.5, 12],
			"to": [12, 9.5, 12],
			"rotation": {"angle": 0, "axis": "y", "origin": [15, 9, 15]},
			"faces": {
				"north": {"uv": [0, 5, 2, 7], "texture": "#0"},
				"east": {"uv": [1.25, 11.5, 3.25, 13.5], "texture": "#0"},
				"south": {"uv": [4, 11.5, 6, 13.5], "texture": "#0"},
				"west": {"uv": [7.25, 12.25, 9.25, 14.25], "texture": "#0"},
				"up": {"uv": [10.25, 9.25, 12.25, 11.25], "rotation": 90, "texture": "#0"},
				"down": {"uv": [0, 7, 2, 5], "rotation": 270, "texture": "#0"}
			}
		},
		{
			"from": [4, 1.5, 4],
			"to": [12, 9.5, 4],
			"rotation": {"angle": 0, "axis": "y", "origin": [15, 9, 1]},
			"faces": {
				"north": {"uv": [6, 11.5, 4, 13.5], "texture": "#0"},
				"east": {"uv": [3.25, 11.5, 1.25, 13.5], "texture": "#0"},
				"south": {"uv": [2, 5, 0, 7], "texture": "#0"},
				"west": {"uv": [9.25, 12.25, 7.25, 14.25], "texture": "#0"},
				"up": {"uv": [12.25, 9.25, 10.25, 11.25], "rotation": 90, "texture": "#0"},
				"down": {"uv": [2, 7, 0, 5], "rotation": 270, "texture": "#0"}
			}
		},
		{
			"from": [12, 1.5, 3],
			"to": [13, 9.5, 4],
			"rotation": {"angle": 0, "axis": "y", "origin": [9, 9, 0]},
			"faces": {
				"north": {"uv": [1.75, 7.75, 2, 9.75], "texture": "#0"},
				"east": {"uv": [6, 8, 6.25, 10], "texture": "#0"},
				"south": {"uv": [6.25, 8, 6.5, 10], "texture": "#0"},
				"west": {"uv": [7.75, 8, 8, 10], "texture": "#0"},
				"up": {"uv": [5.5, 8.75, 5.25, 8.5], "texture": "#0"},
				"down": {"uv": [8.75, 5.25, 8.5, 5.5], "texture": "#0"}
			}
		},
		{
			"from": [12, 1.5, 12],
			"to": [13, 9.5, 13],
			"rotation": {"angle": 0, "axis": "y", "origin": [9, 9, 9]},
			"faces": {
				"north": {"uv": [1.75, 7.75, 2, 9.75], "texture": "#0"},
				"east": {"uv": [6, 8, 6.25, 10], "texture": "#0"},
				"south": {"uv": [6.25, 8, 6.5, 10], "texture": "#0"},
				"west": {"uv": [7.75, 8, 8, 10], "texture": "#0"},
				"up": {"uv": [5.5, 8.75, 5.25, 8.5], "texture": "#0"},
				"down": {"uv": [8.75, 5.25, 8.5, 5.5], "texture": "#0"}
			}
		},
		{
			"from": [3, 1.5, 12],
			"to": [4, 9.5, 13],
			"rotation": {"angle": 0, "axis": "y", "origin": [0, 9, 9]},
			"faces": {
				"north": {"uv": [1.75, 7.75, 2, 9.75], "texture": "#0"},
				"east": {"uv": [6, 8, 6.25, 10], "texture": "#0"},
				"south": {"uv": [6.25, 8, 6.5, 10], "texture": "#0"},
				"west": {"uv": [7.75, 8, 8, 10], "texture": "#0"},
				"up": {"uv": [5.5, 8.75, 5.25, 8.5], "texture": "#0"},
				"down": {"uv": [8.75, 5.25, 8.5, 5.5], "texture": "#0"}
			}
		},
		{
			"from": [3, 0.5, 4],
			"to": [4, 1.5, 12],
			"rotation": {"angle": 0, "axis": "y", "origin": [0, 11, 19]},
			"faces": {
				"north": {"uv": [5.5, 8.75, 5.25, 8.5], "rotation": 180, "texture": "#0"},
				"east": {"uv": [6, 8, 6.25, 10], "rotation": 90, "texture": "#0"},
				"south": {"uv": [8.75, 5.25, 8.5, 5.5], "texture": "#0"},
				"west": {"uv": [7.75, 8, 8, 10], "rotation": 270, "texture": "#0"},
				"up": {"uv": [6.25, 8, 6.5, 10], "texture": "#0"},
				"down": {"uv": [1.75, 7.75, 2, 9.75], "rotation": 180, "texture": "#0"}
			}
		},
		{
			"from": [3, 9.5, 4],
			"to": [4, 10.5, 12],
			"rotation": {"angle": 0, "axis": "y", "origin": [0, 20, 19]},
			"faces": {
				"north": {"uv": [5.5, 8.75, 5.25, 8.5], "rotation": 180, "texture": "#0"},
				"east": {"uv": [6, 8, 6.25, 10], "rotation": 90, "texture": "#0"},
				"south": {"uv": [8.75, 5.25, 8.5, 5.5], "texture": "#0"},
				"west": {"uv": [7.75, 8, 8, 10], "rotation": 270, "texture": "#0"},
				"up": {"uv": [6.25, 8, 6.5, 10], "texture": "#0"},
				"down": {"uv": [1.75, 7.75, 2, 9.75], "rotation": 180, "texture": "#0"}
			}
		},
		{
			"from": [12, 9.5, 4],
			"to": [13, 10.5, 12],
			"rotation": {"angle": 0, "axis": "y", "origin": [9, 20, 19]},
			"faces": {
				"north": {"uv": [5.5, 8.75, 5.25, 8.5], "rotation": 180, "texture": "#0"},
				"east": {"uv": [6, 8, 6.25, 10], "rotation": 90, "texture": "#0"},
				"south": {"uv": [8.75, 5.25, 8.5, 5.5], "texture": "#0"},
				"west": {"uv": [7.75, 8, 8, 10], "rotation": 270, "texture": "#0"},
				"up": {"uv": [6.25, 8, 6.5, 10], "texture": "#0"},
				"down": {"uv": [1.75, 7.75, 2, 9.75], "rotation": 180, "texture": "#0"}
			}
		},
		{
			"from": [12, 0.5, 4],
			"to": [13, 1.5, 12],
			"rotation": {"angle": 0, "axis": "y", "origin": [9, 11, 19]},
			"faces": {
				"north": {"uv": [5.5, 8.75, 5.25, 8.5], "rotation": 180, "texture": "#0"},
				"east": {"uv": [6, 8, 6.25, 10], "rotation": 90, "texture": "#0"},
				"south": {"uv": [8.75, 5.25, 8.5, 5.5], "texture": "#0"},
				"west": {"uv": [7.75, 8, 8, 10], "rotation": 270, "texture": "#0"},
				"up": {"uv": [6.25, 8, 6.5, 10], "texture": "#0"},
				"down": {"uv": [1.75, 7.75, 2, 9.75], "rotation": 180, "texture": "#0"}
			}
		},
		{
			"from": [3, 1.5, 3],
			"to": [4, 9.5, 4],
			"rotation": {"angle": 0, "axis": "y", "origin": [0, 9, 0]},
			"faces": {
				"north": {"uv": [1.75, 7.75, 2, 9.75], "texture": "#0"},
				"east": {"uv": [6, 8, 6.25, 10], "texture": "#0"},
				"south": {"uv": [6.25, 8, 6.5, 10], "texture": "#0"},
				"west": {"uv": [7.75, 8, 8, 10], "texture": "#0"},
				"up": {"uv": [5.5, 8.75, 5.25, 8.5], "texture": "#0"},
				"down": {"uv": [8.75, 5.25, 8.5, 5.5], "texture": "#0"}
			}
		},
		{
			"from": [3, 9.5, 3],
			"to": [13, 10.5, 4],
			"rotation": {"angle": 0, "axis": "y", "origin": [-3, 48, 0]},
			"faces": {
				"north": {"uv": [1.75, 7.75, 2, 9.75], "rotation": 270, "texture": "#0"},
				"east": {"uv": [5.5, 8.75, 5.25, 8.5], "rotation": 90, "texture": "#0"},
				"south": {"uv": [6.25, 8, 6.5, 10], "rotation": 90, "texture": "#0"},
				"west": {"uv": [8.75, 5.25, 8.5, 5.5], "rotation": 90, "texture": "#0"},
				"up": {"uv": [7.75, 8, 8, 10], "rotation": 90, "texture": "#0"},
				"down": {"uv": [6, 8, 6.25, 10], "rotation": 90, "texture": "#0"}
			}
		},
		{
			"from": [3, 0.5, 3],
			"to": [13, 1.5, 4],
			"rotation": {"angle": 0, "axis": "y", "origin": [-3, 39, 0]},
			"faces": {
				"north": {"uv": [1.75, 7.75, 2, 9.75], "rotation": 270, "texture": "#0"},
				"east": {"uv": [5.5, 8.75, 5.25, 8.5], "rotation": 90, "texture": "#0"},
				"south": {"uv": [6.25, 8, 6.5, 10], "rotation": 90, "texture": "#0"},
				"west": {"uv": [8.75, 5.25, 8.5, 5.5], "rotation": 90, "texture": "#0"},
				"up": {"uv": [7.75, 8, 8, 10], "rotation": 90, "texture": "#0"},
				"down": {"uv": [6, 8, 6.25, 10], "rotation": 90, "texture": "#0"}
			}
		},
		{
			"from": [3, 0.5, 12],
			"to": [13, 1.5, 13],
			"rotation": {"angle": 0, "axis": "y", "origin": [-3, 39, 9]},
			"faces": {
				"north": {"uv": [1.75, 7.75, 2, 9.75], "rotation": 270, "texture": "#0"},
				"east": {"uv": [5.5, 8.75, 5.25, 8.5], "rotation": 90, "texture": "#0"},
				"south": {"uv": [6.25, 8, 6.5, 10], "rotation": 90, "texture": "#0"},
				"west": {"uv": [8.75, 5.25, 8.5, 5.5], "rotation": 90, "texture": "#0"},
				"up": {"uv": [7.75, 8, 8, 10], "rotation": 90, "texture": "#0"},
				"down": {"uv": [6, 8, 6.25, 10], "rotation": 90, "texture": "#0"}
			}
		},
		{
			"from": [3, 9.5, 12],
			"to": [13, 10.5, 13],
			"rotation": {"angle": 0, "axis": "y", "origin": [-3, 48, 9]},
			"faces": {
				"north": {"uv": [1.75, 7.75, 2, 9.75], "rotation": 270, "texture": "#0"},
				"east": {"uv": [5.5, 8.75, 5.25, 8.5], "rotation": 90, "texture": "#0"},
				"south": {"uv": [6.25, 8, 6.5, 10], "rotation": 90, "texture": "#0"},
				"west": {"uv": [8.75, 5.25, 8.5, 5.5], "rotation": 90, "texture": "#0"},
				"up": {"uv": [7.75, 8, 8, 10], "rotation": 90, "texture": "#0"},
				"down": {"uv": [6, 8, 6.25, 10], "rotation": 90, "texture": "#0"}
			}
		},
		{
			"from": [16, 3, 6],
			"to": [17, 8, 10],
			"rotation": {"angle": 0, "axis": "y", "origin": [9, 9, 9]},
			"faces": {
				"north": {"uv": [0.75, 5.5, 1.25, 6.25], "texture": "#0"},
				"east": {"uv": [0.75, 5.75, 1.25, 6.25], "texture": "#0"},
				"south": {"uv": [0.5, 5.5, 1.5, 6.5], "texture": "#0"},
				"west": {"uv": [0.75, 5.5, 1.25, 6.25], "texture": "#0"},
				"up": {"uv": [1, 6.25, 0.75, 6], "texture": "#0"},
				"down": {"uv": [1, 6, 0.75, 6.25], "texture": "#0"}
			}
		},
		{
			"from": [12, 8, 6],
			"to": [16, 9, 10],
			"rotation": {"angle": 0, "axis": "y", "origin": [9, 9, 9]},
			"faces": {
				"north": {"uv": [0.75, 5.5, 1.25, 6.25], "texture": "#0"},
				"east": {"uv": [0.75, 5.75, 1.25, 6.25], "texture": "#0"},
				"south": {"uv": [0.5, 5.5, 1.5, 6.5], "texture": "#0"},
				"west": {"uv": [0.75, 5.5, 1.25, 6.25], "texture": "#0"},
				"up": {"uv": [1, 6.25, 0.75, 6], "texture": "#0"},
				"down": {"uv": [1, 6, 0.75, 6.25], "texture": "#0"}
			}
		},
		{
			"from": [12, 2, 6],
			"to": [16, 3, 10],
			"rotation": {"angle": 0, "axis": "y", "origin": [9, 9, 9]},
			"faces": {
				"north": {"uv": [0.75, 5.5, 1.25, 6.25], "texture": "#0"},
				"east": {"uv": [0.75, 5.75, 1.25, 6.25], "texture": "#0"},
				"south": {"uv": [0.5, 5.5, 1.5, 6.5], "texture": "#0"},
				"west": {"uv": [0.75, 5.5, 1.25, 6.25], "texture": "#0"},
				"up": {"uv": [1, 6.25, 0.75, 6], "texture": "#0"},
				"down": {"uv": [1, 6, 0.75, 6.25], "texture": "#0"}
			}
		},
		{
			"from": [6.5, 2.5, 12],
			"to": [10.5, 3.5, 13],
			"rotation": {"angle": 0, "axis": "y", "origin": [4, 5, 9]},
			"faces": {
				"north": {"uv": [1, 8.25, 1.25, 9.5], "texture": "#0"},
				"east": {"uv": [8.25, 2, 8.5, 3.25], "texture": "#0"},
				"south": {"uv": [4, 8.25, 4.25, 9.5], "texture": "#0"},
				"west": {"uv": [4.25, 8.25, 4.5, 9.5], "texture": "#0"},
				"up": {"uv": [7.75, 8.5, 7.5, 8.25], "texture": "#0"},
				"down": {"uv": [8.75, 3, 8.5, 3.25], "texture": "#0"}
			}
		},
		{
			"from": [6.5, 5, 12],
			"to": [10.5, 6, 13],
			"rotation": {"angle": 0, "axis": "y", "origin": [4, 7, 9]},
			"faces": {
				"north": {"uv": [1, 8.25, 1.25, 9.5], "texture": "#0"},
				"east": {"uv": [8.25, 2, 8.5, 3.25], "texture": "#0"},
				"south": {"uv": [4, 8.25, 4.25, 9.5], "texture": "#0"},
				"west": {"uv": [4.25, 8.25, 4.5, 9.5], "texture": "#0"},
				"up": {"uv": [7.75, 8.5, 7.5, 8.25], "texture": "#0"},
				"down": {"uv": [8.75, 3, 8.5, 3.25], "texture": "#0"}
			}
		},
		{
			"from": [6.5, 7.5, 12],
			"to": [10.5, 8.5, 13],
			"rotation": {"angle": 0, "axis": "y", "origin": [4, 9, 9]},
			"faces": {
				"north": {"uv": [1, 8.25, 1.25, 9.5], "texture": "#0"},
				"east": {"uv": [8.25, 2, 8.5, 3.25], "texture": "#0"},
				"south": {"uv": [4, 8.25, 4.25, 9.5], "texture": "#0"},
				"west": {"uv": [4.25, 8.25, 4.5, 9.5], "texture": "#0"},
				"up": {"uv": [7.75, 8.5, 7.5, 8.25], "texture": "#0"},
				"down": {"uv": [8.75, 3, 8.5, 3.25], "texture": "#0"}
			}
		},
		{
			"from": [5.5, 2.5, 12],
			"to": [6.5, 8.5, 13],
			"rotation": {"angle": 0, "axis": "y", "origin": [2, 9, 9]},
			"faces": {
				"north": {"uv": [1, 8.25, 1.25, 9.5], "texture": "#0"},
				"east": {"uv": [8.25, 2, 8.5, 3.25], "texture": "#0"},
				"south": {"uv": [4, 8.25, 4.25, 9.5], "texture": "#0"},
				"west": {"uv": [4.25, 8.25, 4.5, 9.5], "texture": "#0"},
				"up": {"uv": [7.75, 8.5, 7.5, 8.25], "texture": "#0"},
				"down": {"uv": [8.75, 3, 8.5, 3.25], "texture": "#0"}
			}
		}
	],
	"display": {
		"thirdperson_righthand": {
			"rotation": [48, -90, 0],
			"translation": [0, 4.5, -1.75],
			"scale": [0.65, 0.65, 0.65]
		},
		"thirdperson_lefthand": {
			"rotation": [49, 90, 0],
			"translation": [0, 4.5, -1.75],
			"scale": [0.65, 0.65, 0.65]
		},
		"firstperson_righthand": {
			"rotation": [0, -90, 25],
			"translation": [1.13, 3.2, 1.13],
			"scale": [0.68, 0.68, 0.68]
		},
		"firstperson_lefthand": {
			"rotation": [-45, 90, 25],
			"translation": [1.13, 3.2, 1.13],
			"scale": [0.68, 0.68, 0.68]
		},
		"ground": {
			"translation": [0, 2, 0],
			"scale": [0.5, 0.5, 0.5]
		},
		"gui": {
			"rotation": [14, -25, -15],
			"translation": [0, 1.75, 0]
		},
		"head": {
			"rotation": [0, 180, 0],
			"translation": [0, 14.75, 0],
			"scale": [2, 2, 2]
		},
		"fixed": {
			"rotation": [-90, 180, 0],
			"translation": [0, 0, -8.5],
			"scale": [1.2, 1.2, 1.2]
		}
	},
	"groups": [
		0,
		1,
		2,
		3,
		4,
		5,
		6,
		7,
		8,
		9,
		10,
		11,
		12,
		13,
		14,
		15,
		16,
		17,
		18,
		19,
		20,
		{
			"name": "group",
			"origin": [2, 9, 9],
			"color": 0,
			"children": [21, 22, 23, 24]
		}
	]
}