{
	"credit": "Made with Blockbench",
	"texture_size": [64, 64],
	"textures": {
		"0": "item/vip/how_pillow",
		"particle": "item/vip/how_pillow"
	},
	"elements": [
		{
			"from": [5, 1.25, 0.75],
			"to": [11, 15.25, 14.75],
			"rotation": {"angle": 0, "axis": "y", "origin": [0, 2, 0]},
			"faces": {
				"north": {"uv": [3.5, 0, 5, 3.5], "texture": "#0"},
				"east": {"uv": [0, 0, 3.5, 3.5], "texture": "#0"},
				"south": {"uv": [3.5, 3.5, 5, 7], "texture": "#0"},
				"west": {"uv": [0, 3.5, 3.5, 7], "texture": "#0"},
				"up": {"uv": [6.5, 3.5, 5, 0], "texture": "#0"},
				"down": {"uv": [6.5, 3.5, 5, 7], "texture": "#0"}
			}
		},
		{
			"from": [4.625, 1.675, 1.225],
			"to": [11.375, 14.825, 14.325],
			"rotation": {"angle": 0, "axis": "y", "origin": [0, 2, 0]},
			"faces": {
				"north": {"uv": [3.5, 0, 5, 3.5], "texture": "#0"},
				"east": {"uv": [0, 0, 3.5, 3.5], "texture": "#0"},
				"south": {"uv": [3.5, 3.5, 5, 7], "texture": "#0"},
				"west": {"uv": [0, 3.5, 3.5, 7], "texture": "#0"},
				"up": {"uv": [6.5, 3.5, 5, 0], "texture": "#0"},
				"down": {"uv": [6.5, 3.5, 5, 7], "texture": "#0"}
			}
		},
		{
			"from": [4, 2.95, 2.5],
			"to": [12.05, 13.55, 13.05],
			"rotation": {"angle": 0, "axis": "y", "origin": [0, 2, 0]},
			"faces": {
				"north": {"uv": [3.5, 0, 5, 3.5], "texture": "#0"},
				"east": {"uv": [0, 3.5, 3.5, 7], "texture": "#0"},
				"south": {"uv": [3.5, 3.5, 5, 7], "texture": "#0"},
				"west": {"uv": [0, 3.5, 3.5, 7], "texture": "#0"},
				"up": {"uv": [6.5, 3.5, 5, 0], "texture": "#0"},
				"down": {"uv": [6.5, 3.5, 5, 7], "texture": "#0"}
			}
		},
		{
			"from": [5.05, -0.125, 12.025],
			"to": [10.95, 4.125, 16.275],
			"rotation": {"angle": 0, "axis": "y", "origin": [0, 2, 0]},
			"faces": {
				"north": {"uv": [9.5, 4, 11, 5], "texture": "#0"},
				"east": {"uv": [0, 11, 1, 12], "texture": "#0"},
				"south": {"uv": [9.5, 5, 11, 6], "texture": "#0"},
				"west": {"uv": [11, 0, 12, 1], "texture": "#0"},
				"up": {"uv": [11, 7, 9.5, 6], "texture": "#0"},
				"down": {"uv": [1.5, 10, 0, 11], "texture": "#0"}
			}
		},
		{
			"from": [5.05, -0.125, -0.725],
			"to": [10.95, 4.125, 3.525],
			"rotation": {"angle": 0, "axis": "y", "origin": [0, 2, 0]},
			"faces": {
				"north": {"uv": [1.5, 10, 3, 11], "texture": "#0"},
				"east": {"uv": [1, 11, 2, 12], "texture": "#0"},
				"south": {"uv": [3, 10, 4.5, 11], "texture": "#0"},
				"west": {"uv": [11, 1, 12, 2], "texture": "#0"},
				"up": {"uv": [6, 11, 4.5, 10], "texture": "#0"},
				"down": {"uv": [7.5, 10.5, 6, 11.5], "texture": "#0"}
			}
		},
		{
			"from": [5.05, 12.6, -0.725],
			"to": [10.95, 16.85, 3.525],
			"rotation": {"angle": 0, "axis": "y", "origin": [0, 2, 0]},
			"faces": {
				"north": {"uv": [10.5, 7, 12, 8], "texture": "#0"},
				"east": {"uv": [2, 11, 3, 12], "texture": "#0"},
				"south": {"uv": [7.5, 10.5, 9, 11.5], "texture": "#0"},
				"west": {"uv": [11, 2, 12, 3], "texture": "#0"},
				"up": {"uv": [12, 9, 10.5, 8], "texture": "#0"},
				"down": {"uv": [10.5, 10.5, 9, 11.5], "texture": "#0"}
			}
		},
		{
			"from": [5.05, 12.6, 12.025],
			"to": [10.95, 16.85, 16.275],
			"rotation": {"angle": 0, "axis": "y", "origin": [0, 2, 0]},
			"faces": {
				"north": {"uv": [9.5, 0, 11, 1], "texture": "#0"},
				"east": {"uv": [10.5, 9, 11.5, 10], "texture": "#0"},
				"south": {"uv": [9.5, 1, 11, 2], "texture": "#0"},
				"west": {"uv": [10.5, 10, 11.5, 11], "texture": "#0"},
				"up": {"uv": [11, 3, 9.5, 2], "texture": "#0"},
				"down": {"uv": [11, 3, 9.5, 4], "texture": "#0"}
			}
		},
		{
			"from": [5.075, 3.65, -1.5],
			"to": [10.925, 9.65, 4.5],
			"rotation": {"angle": 22.5, "axis": "x", "origin": [0, 2, 0]},
			"faces": {
				"north": {"uv": [6.5, 0, 8, 1.5], "texture": "#0"},
				"east": {"uv": [6.5, 1.5, 8, 3], "texture": "#0"},
				"south": {"uv": [6.5, 3, 8, 4.5], "texture": "#0"},
				"west": {"uv": [12.75, 5.25, 14.25, 6.75], "texture": "#0"},
				"up": {"uv": [8, 7.5, 6.5, 6], "texture": "#0"},
				"down": {"uv": [1.5, 7, 0, 8.5], "texture": "#0"}
			}
		},
		{
			"from": [5.075, -1.25, 2.425],
			"to": [10.925, 4.75, 8.425],
			"rotation": {"angle": -22.5, "axis": "x", "origin": [0, 2, 0]},
			"faces": {
				"north": {"uv": [1.5, 7, 0, 8.5], "rotation": 180, "texture": "#0"},
				"east": {"uv": [6.5, 1.5, 8, 3], "rotation": 270, "texture": "#0"},
				"south": {"uv": [8, 7.5, 6.5, 6], "texture": "#0"},
				"west": {"uv": [6.5, 4.5, 8, 6], "rotation": 90, "texture": "#0"},
				"up": {"uv": [6.5, 0, 8, 1.5], "rotation": 180, "texture": "#0"},
				"down": {"uv": [6.5, 3, 8, 4.5], "texture": "#0"}
			}
		},
		{
			"from": [5.075, -2.3, 9.825],
			"to": [10.9, 3.7, 15.825],
			"rotation": {"angle": -22.5, "axis": "x", "origin": [0, 2, 0]},
			"faces": {
				"north": {"uv": [3, 8.5, 1.5, 10], "rotation": 180, "texture": "#0"},
				"east": {"uv": [8, 3, 9.5, 4.5], "rotation": 270, "texture": "#0"},
				"south": {"uv": [1.5, 10, 0, 8.5], "texture": "#0"},
				"west": {"uv": [12.75, 5.25, 14.25, 6.75], "rotation": 90, "texture": "#0"},
				"up": {"uv": [8, 1.5, 9.5, 3], "rotation": 180, "texture": "#0"},
				"down": {"uv": [8, 4.5, 9.5, 6], "texture": "#0"}
			}
		},
		{
			"from": [5.075, 4.65, 5.925],
			"to": [10.9, 10.65, 11.925],
			"rotation": {"angle": 22.5, "axis": "x", "origin": [0, 2, 0]},
			"faces": {
				"north": {"uv": [8, 1.5, 9.5, 3], "texture": "#0"},
				"east": {"uv": [8, 3, 9.5, 4.5], "texture": "#0"},
				"south": {"uv": [8, 4.5, 9.5, 6], "texture": "#0"},
				"west": {"uv": [8, 6, 9.5, 7.5], "texture": "#0"},
				"up": {"uv": [1.5, 10, 0, 8.5], "texture": "#0"},
				"down": {"uv": [3, 8.5, 1.5, 10], "texture": "#0"}
			}
		},
		{
			"from": [5.075, 11.025, -2.45],
			"to": [10.925, 17.025, 3.55],
			"rotation": {"angle": 22.5, "axis": "x", "origin": [0, 2, 0]},
			"faces": {
				"north": {"uv": [3, 8.5, 4.5, 10], "texture": "#0"},
				"east": {"uv": [4.5, 8.5, 6, 10], "texture": "#0"},
				"south": {"uv": [6, 9, 7.5, 10.5], "texture": "#0"},
				"west": {"uv": [13.5, 3.25, 15, 4.75], "texture": "#0"},
				"up": {"uv": [10.5, 9, 9, 7.5], "texture": "#0"},
				"down": {"uv": [10.5, 9, 9, 10.5], "texture": "#0"}
			}
		},
		{
			"from": [5.075, 6.125, 3.425],
			"to": [10.925, 12.125, 9.425],
			"rotation": {"angle": -22.5, "axis": "x", "origin": [0, 2, 0]},
			"faces": {
				"north": {"uv": [10.5, 9, 9, 10.5], "rotation": 180, "texture": "#0"},
				"east": {"uv": [4.5, 8.5, 6, 10], "rotation": 270, "texture": "#0"},
				"south": {"uv": [10.5, 9, 9, 7.5], "texture": "#0"},
				"west": {"uv": [12.75, 11.25, 14.25, 12.75], "rotation": 90, "texture": "#0"},
				"up": {"uv": [3, 8.5, 4.5, 10], "rotation": 180, "texture": "#0"},
				"down": {"uv": [6, 9, 7.5, 10.5], "texture": "#0"}
			}
		},
		{
			"from": [5.075, 5.1, 10.8],
			"to": [10.925, 11.1, 16.8],
			"rotation": {"angle": -22.5, "axis": "x", "origin": [0, 2, 0]},
			"faces": {
				"north": {"uv": [9.5, 0, 8, 1.5], "rotation": 180, "texture": "#0"},
				"east": {"uv": [3, 7, 4.5, 8.5], "rotation": 270, "texture": "#0"},
				"south": {"uv": [9, 9, 7.5, 7.5], "texture": "#0"},
				"west": {"uv": [13.25, 9.5, 14.75, 11], "rotation": 90, "texture": "#0"},
				"up": {"uv": [1.5, 7, 3, 8.5], "rotation": 180, "texture": "#0"},
				"down": {"uv": [4.5, 7, 6, 8.5], "texture": "#0"}
			}
		},
		{
			"from": [5.075, 12.075, 4.925],
			"to": [10.925, 18.075, 10.925],
			"rotation": {"angle": 22.5, "axis": "x", "origin": [0, 2, 0]},
			"faces": {
				"north": {"uv": [1.5, 7, 3, 8.5], "texture": "#0"},
				"east": {"uv": [3, 7, 4.5, 8.5], "texture": "#0"},
				"south": {"uv": [4.5, 7, 6, 8.5], "texture": "#0"},
				"west": {"uv": [13.25, 4.25, 14.75, 5.75], "texture": "#0"},
				"up": {"uv": [9, 9, 7.5, 7.5], "texture": "#0"},
				"down": {"uv": [9.5, 0, 8, 1.5], "texture": "#0"}
			}
		}
	],
	"display": {
		"thirdperson_righthand": {
			"translation": [0.75, -2, -3.25],
			"scale": [1.32, 0.75, 0.75]
		},
		"thirdperson_lefthand": {
			"translation": [0.5, -2, -3.25],
			"scale": [1.32, 0.75, 0.75]
		},
		"firstperson_righthand": {
			"rotation": [17, 15, -28],
			"translation": [2.5, 1.75, 1.25],
			"scale": [1.4, 0.7, 0.7]
		},
		"firstperson_lefthand": {
			"rotation": [20, 15, -28],
			"translation": [3.25, 1.75, 1.25],
			"scale": [1.4, 0.7, 0.7]
		},
		"ground": {
			"rotation": [28, 87, 0],
			"translation": [0, 4.75, 0],
			"scale": [1.36, 0.7, 0.7]
		},
		"gui": {
			"rotation": [32, 130, -42],
			"translation": [0, -0.75, 0],
			"scale": [0.98, 0.63, 0.63]
		},
		"head": {
			"rotation": [-34, 90, -54],
			"translation": [0, 12.25, 0],
			"scale": [1.63, 1.2, 1.2]
		},
		"fixed": {
			"rotation": [0, 90, 0],
			"translation": [0, 0, -10.75],
			"scale": [2.7, 1.4, 1.4]
		}
	}
}