{
	"credit": "Made with Blockbench",
	"texture_size": [128, 128],
	"textures": {
		"1": "item/vip/plate",
		"particle": "item/vip/plate"
	},
	"elements": [
		{
			"from": [12, 0, 4],
			"to": [13, 1, 13],
			"rotation": {"angle": 0, "axis": "y", "origin": [5, 94, 12]},
			"faces": {
				"north": {"uv": [7.375, 1.125, 7.5, 1.25], "texture": "#1"},
				"east": {"uv": [6.25, 1.125, 7.375, 1.25], "texture": "#1"},
				"south": {"uv": [8.625, 1.125, 8.75, 1.25], "texture": "#1"},
				"west": {"uv": [7.5, 1.125, 8.625, 1.25], "texture": "#1"},
				"up": {"uv": [7.5, 1.125, 7.375, 0], "rotation": 90, "texture": "#1"},
				"down": {"uv": [7.625, 0, 7.5, 1.125], "rotation": 270, "texture": "#1"}
			}
		},
		{
			"from": [3, 0, 3],
			"to": [4, 1, 12],
			"rotation": {"angle": 0, "axis": "y", "origin": [5, 94, 12]},
			"faces": {
				"north": {"uv": [7.375, 1.125, 7.5, 1.25], "texture": "#1"},
				"east": {"uv": [6.25, 1.125, 7.375, 1.25], "texture": "#1"},
				"south": {"uv": [8.625, 1.125, 8.75, 1.25], "texture": "#1"},
				"west": {"uv": [7.5, 1.125, 8.625, 1.25], "texture": "#1"},
				"up": {"uv": [7.5, 1.125, 7.375, 0], "rotation": 90, "texture": "#1"},
				"down": {"uv": [7.625, 0, 7.5, 1.125], "rotation": 270, "texture": "#1"}
			}
		},
		{
			"from": [3, 0, 12],
			"to": [12, 1, 13],
			"rotation": {"angle": 0, "axis": "y", "origin": [11, 94, 20]},
			"faces": {
				"north": {"uv": [6.875, 4.125, 8, 4.25], "texture": "#1"},
				"east": {"uv": [6.75, 4.125, 6.875, 4.25], "texture": "#1"},
				"south": {"uv": [8.125, 4.125, 9.25, 4.25], "texture": "#1"},
				"west": {"uv": [8, 4.125, 8.125, 4.25], "texture": "#1"},
				"up": {"uv": [8, 4.125, 6.875, 4], "texture": "#1"},
				"down": {"uv": [9.125, 4, 8, 4.125], "texture": "#1"}
			}
		},
		{
			"from": [4, 0, 3],
			"to": [13, 1, 4],
			"rotation": {"angle": 0, "axis": "y", "origin": [11, 94, 20]},
			"faces": {
				"north": {"uv": [6.875, 4.125, 8, 4.25], "texture": "#1"},
				"east": {"uv": [6.75, 4.125, 6.875, 4.25], "texture": "#1"},
				"south": {"uv": [8.125, 4.125, 9.25, 4.25], "texture": "#1"},
				"west": {"uv": [8, 4.125, 8.125, 4.25], "texture": "#1"},
				"up": {"uv": [8, 4.125, 6.875, 4], "texture": "#1"},
				"down": {"uv": [9.125, 4, 8, 4.125], "texture": "#1"}
			}
		},
		{
			"from": [2, 1, 2],
			"to": [14, 2, 14],
			"rotation": {"angle": 0, "axis": "y", "origin": [1, 0, 1]},
			"faces": {
				"north": {"uv": [1.5, 3.375, 3, 3.5], "texture": "#1"},
				"east": {"uv": [0, 3.375, 1.5, 3.5], "texture": "#1"},
				"south": {"uv": [4.5, 3.375, 6, 3.5], "texture": "#1"},
				"west": {"uv": [3, 3.375, 4.5, 3.5], "texture": "#1"},
				"up": {"uv": [3, 3.375, 1.5, 1.875], "rotation": 180, "texture": "#1"},
				"down": {"uv": [4.5, 1.875, 3, 3.375], "texture": "#1"}
			}
		},
		{
			"from": [2, 2, 0],
			"to": [14, 3, 1],
			"faces": {
				"north": {"uv": [6.375, 4, 7.875, 4.125], "texture": "#1"},
				"east": {"uv": [6.25, 4, 6.375, 4.125], "texture": "#1"},
				"south": {"uv": [8, 4, 9.5, 4.125], "texture": "#1"},
				"west": {"uv": [7.875, 4, 8, 4.125], "texture": "#1"},
				"up": {"uv": [7.875, 4, 6.375, 3.875], "rotation": 180, "texture": "#1"},
				"down": {"uv": [9.375, 3.875, 7.875, 4], "texture": "#1"}
			}
		},
		{
			"from": [2, 1, 1],
			"to": [14, 2, 2],
			"rotation": {"angle": 0, "axis": "y", "origin": [0, -1, 1]},
			"faces": {
				"north": {"uv": [5.625, 5.625, 7.125, 5.75], "texture": "#1"},
				"east": {"uv": [5.5, 5.625, 5.625, 5.75], "texture": "#1"},
				"south": {"uv": [7.25, 5.625, 8.75, 5.75], "texture": "#1"},
				"west": {"uv": [7.125, 5.625, 7.25, 5.75], "texture": "#1"},
				"up": {"uv": [7.125, 5.625, 5.625, 5.5], "rotation": 180, "texture": "#1"},
				"down": {"uv": [8.625, 5.5, 7.125, 5.625], "texture": "#1"}
			}
		},
		{
			"from": [2, 1, 14],
			"to": [14, 2, 15],
			"rotation": {"angle": 0, "axis": "y", "origin": [0, -1, 14]},
			"faces": {
				"north": {"uv": [3.375, 6.875, 4.875, 7], "texture": "#1"},
				"east": {"uv": [3.25, 6.875, 3.375, 7], "texture": "#1"},
				"south": {"uv": [5, 6.875, 6.5, 7], "texture": "#1"},
				"west": {"uv": [4.875, 6.875, 5, 7], "texture": "#1"},
				"up": {"uv": [4.875, 6.875, 3.375, 6.75], "rotation": 180, "texture": "#1"},
				"down": {"uv": [6.375, 6.75, 4.875, 6.875], "texture": "#1"}
			}
		},
		{
			"from": [2, 2, 15],
			"to": [14, 3, 16],
			"rotation": {"angle": 0, "axis": "y", "origin": [0, -1, 14]},
			"faces": {
				"north": {"uv": [3.375, 6.875, 4.875, 7], "texture": "#1"},
				"east": {"uv": [3.25, 6.875, 3.375, 7], "texture": "#1"},
				"south": {"uv": [5, 6.875, 6.5, 7], "texture": "#1"},
				"west": {"uv": [4.875, 6.875, 5, 7], "texture": "#1"},
				"up": {"uv": [4.875, 6.875, 3.375, 6.75], "rotation": 180, "texture": "#1"},
				"down": {"uv": [6.375, 6.75, 4.875, 6.875], "texture": "#1"}
			}
		},
		{
			"from": [15, 2, 2],
			"to": [16, 3, 14],
			"faces": {
				"north": {"uv": [1.5, 6.625, 1.625, 6.75], "texture": "#1"},
				"east": {"uv": [0, 6.625, 1.5, 6.75], "texture": "#1"},
				"south": {"uv": [3.125, 6.625, 3.25, 6.75], "texture": "#1"},
				"west": {"uv": [1.625, 6.625, 3.125, 6.75], "texture": "#1"},
				"up": {"uv": [1.625, 6.625, 1.5, 5.125], "rotation": 180, "texture": "#1"},
				"down": {"uv": [1.75, 5.125, 1.625, 6.625], "texture": "#1"}
			}
		},
		{
			"from": [0, 2, 2],
			"to": [1, 3, 14],
			"faces": {
				"north": {"uv": [1.5, 6.625, 1.625, 6.75], "texture": "#1"},
				"east": {"uv": [0, 6.625, 1.5, 6.75], "texture": "#1"},
				"south": {"uv": [3.125, 6.625, 3.25, 6.75], "texture": "#1"},
				"west": {"uv": [1.625, 6.625, 3.125, 6.75], "texture": "#1"},
				"up": {"uv": [1.625, 6.625, 1.5, 5.125], "rotation": 180, "texture": "#1"},
				"down": {"uv": [1.75, 5.125, 1.625, 6.625], "texture": "#1"}
			}
		},
		{
			"from": [14, 1, 2],
			"to": [15, 2, 14],
			"faces": {
				"north": {"uv": [1.5, 6.625, 1.625, 6.75], "texture": "#1"},
				"east": {"uv": [0, 6.625, 1.5, 6.75], "texture": "#1"},
				"south": {"uv": [3.125, 6.625, 3.25, 6.75], "texture": "#1"},
				"west": {"uv": [1.625, 6.625, 3.125, 6.75], "texture": "#1"},
				"up": {"uv": [1.625, 6.625, 1.5, 5.125], "rotation": 180, "texture": "#1"},
				"down": {"uv": [1.75, 5.125, 1.625, 6.625], "texture": "#1"}
			}
		},
		{
			"from": [1, 1, 2],
			"to": [2, 2, 14],
			"faces": {
				"north": {"uv": [1.5, 6.625, 1.625, 6.75], "texture": "#1"},
				"east": {"uv": [0, 6.625, 1.5, 6.75], "texture": "#1"},
				"south": {"uv": [3.125, 6.625, 3.25, 6.75], "texture": "#1"},
				"west": {"uv": [1.625, 6.625, 3.125, 6.75], "texture": "#1"},
				"up": {"uv": [1.625, 6.625, 1.5, 5.125], "rotation": 180, "texture": "#1"},
				"down": {"uv": [1.75, 5.125, 1.625, 6.625], "texture": "#1"}
			}
		},
		{
			"from": [1, 2, 1],
			"to": [2, 3, 2],
			"faces": {
				"north": {"uv": [1.125, 2, 1.25, 2.125], "texture": "#1"},
				"east": {"uv": [1, 2, 1.125, 2.125], "texture": "#1"},
				"south": {"uv": [1.375, 2, 1.5, 2.125], "texture": "#1"},
				"west": {"uv": [1.25, 2, 1.375, 2.125], "texture": "#1"},
				"up": {"uv": [1.25, 2, 1.125, 1.875], "rotation": 180, "texture": "#1"},
				"down": {"uv": [1.375, 1.875, 1.25, 2], "texture": "#1"}
			}
		},
		{
			"from": [14, 2, 1],
			"to": [15, 3, 2],
			"faces": {
				"north": {"uv": [0.625, 2, 0.75, 2.125], "texture": "#1"},
				"east": {"uv": [0.5, 2, 0.625, 2.125], "texture": "#1"},
				"south": {"uv": [0.875, 2, 1, 2.125], "texture": "#1"},
				"west": {"uv": [0.75, 2, 0.875, 2.125], "texture": "#1"},
				"up": {"uv": [0.75, 2, 0.625, 1.875], "rotation": 180, "texture": "#1"},
				"down": {"uv": [0.875, 1.875, 0.75, 2], "texture": "#1"}
			}
		},
		{
			"from": [14, 2, 14],
			"to": [15, 3, 15],
			"faces": {
				"north": {"uv": [0.125, 2, 0.25, 2.125], "texture": "#1"},
				"east": {"uv": [0, 2, 0.125, 2.125], "texture": "#1"},
				"south": {"uv": [0.375, 2, 0.5, 2.125], "texture": "#1"},
				"west": {"uv": [0.25, 2, 0.375, 2.125], "texture": "#1"},
				"up": {"uv": [0.25, 2, 0.125, 1.875], "rotation": 180, "texture": "#1"},
				"down": {"uv": [0.375, 1.875, 0.25, 2], "texture": "#1"}
			}
		},
		{
			"from": [1, 2, 14],
			"to": [2, 3, 15],
			"faces": {
				"north": {"uv": [1, 1.625, 1.125, 1.75], "texture": "#1"},
				"east": {"uv": [0.875, 1.625, 1, 1.75], "texture": "#1"},
				"south": {"uv": [1.25, 1.625, 1.375, 1.75], "texture": "#1"},
				"west": {"uv": [1.125, 1.625, 1.25, 1.75], "texture": "#1"},
				"up": {"uv": [1.125, 1.625, 1, 1.5], "rotation": 180, "texture": "#1"},
				"down": {"uv": [1.25, 1.5, 1.125, 1.625], "texture": "#1"}
			}
		},
		{
			"from": [2, 1, 2],
			"to": [14, 2, 14],
			"rotation": {"angle": 0, "axis": "y", "origin": [1, 0, 1]},
			"faces": {
				"north": {"uv": [1.5, 1.75, 3, 1.875], "texture": "#1"},
				"east": {"uv": [0, 1.75, 1.5, 1.875], "texture": "#1"},
				"south": {"uv": [4.5, 1.75, 6, 1.875], "texture": "#1"},
				"west": {"uv": [3, 1.75, 4.5, 1.875], "texture": "#1"},
				"up": {"uv": [3, 1.75, 1.5, 0.25], "rotation": 180, "texture": "#1"},
				"down": {"uv": [4.5, 0.25, 3, 1.75], "texture": "#1"}
			}
		},
		{
			"from": [2, 2, 0],
			"to": [14, 3, 1],
			"faces": {
				"north": {"uv": [6.625, 6.625, 8.125, 6.75], "texture": "#1"},
				"east": {"uv": [6.5, 6.625, 6.625, 6.75], "texture": "#1"},
				"south": {"uv": [8.25, 6.625, 9.75, 6.75], "texture": "#1"},
				"west": {"uv": [8.125, 6.625, 8.25, 6.75], "texture": "#1"},
				"up": {"uv": [8.125, 6.625, 6.625, 6.5], "rotation": 180, "texture": "#1"},
				"down": {"uv": [9.625, 6.5, 8.125, 6.625], "texture": "#1"}
			}
		},
		{
			"from": [15, 2, 2],
			"to": [16, 3, 14],
			"faces": {
				"north": {"uv": [6, 1.5, 6.125, 1.625], "texture": "#1"},
				"east": {"uv": [4.5, 1.5, 6, 1.625], "texture": "#1"},
				"south": {"uv": [7.625, 1.5, 7.75, 1.625], "texture": "#1"},
				"west": {"uv": [6.125, 1.5, 7.625, 1.625], "texture": "#1"},
				"up": {"uv": [6.125, 1.5, 6, 0], "rotation": 180, "texture": "#1"},
				"down": {"uv": [6.25, 0, 6.125, 1.5], "texture": "#1"}
			}
		},
		{
			"from": [1, 2, 1],
			"to": [2, 3, 2],
			"faces": {
				"north": {"uv": [1, 1.375, 1.125, 1.5], "texture": "#1"},
				"east": {"uv": [0.875, 1.375, 1, 1.5], "texture": "#1"},
				"south": {"uv": [1.25, 1.375, 1.375, 1.5], "texture": "#1"},
				"west": {"uv": [1.125, 1.375, 1.25, 1.5], "texture": "#1"},
				"up": {"uv": [1.125, 1.375, 1, 1.25], "rotation": 180, "texture": "#1"},
				"down": {"uv": [1.25, 1.25, 1.125, 1.375], "texture": "#1"}
			}
		},
		{
			"from": [14, 2, 1],
			"to": [15, 3, 2],
			"faces": {
				"north": {"uv": [1, 1.125, 1.125, 1.25], "texture": "#1"},
				"east": {"uv": [0.875, 1.125, 1, 1.25], "texture": "#1"},
				"south": {"uv": [1.25, 1.125, 1.375, 1.25], "texture": "#1"},
				"west": {"uv": [1.125, 1.125, 1.25, 1.25], "texture": "#1"},
				"up": {"uv": [1.125, 1.125, 1, 1], "rotation": 180, "texture": "#1"},
				"down": {"uv": [1.25, 1, 1.125, 1.125], "texture": "#1"}
			}
		},
		{
			"from": [14, 2, 14],
			"to": [15, 3, 15],
			"faces": {
				"north": {"uv": [1, 0.875, 1.125, 1], "texture": "#1"},
				"east": {"uv": [0.875, 0.875, 1, 1], "texture": "#1"},
				"south": {"uv": [1.25, 0.875, 1.375, 1], "texture": "#1"},
				"west": {"uv": [1.125, 0.875, 1.25, 1], "texture": "#1"},
				"up": {"uv": [1.125, 0.875, 1, 0.75], "rotation": 180, "texture": "#1"},
				"down": {"uv": [1.25, 0.75, 1.125, 0.875], "texture": "#1"}
			}
		},
		{
			"from": [1, 2, 14],
			"to": [2, 3, 15],
			"faces": {
				"north": {"uv": [1, 0.625, 1.125, 0.75], "texture": "#1"},
				"east": {"uv": [0.875, 0.625, 1, 0.75], "texture": "#1"},
				"south": {"uv": [1.25, 0.625, 1.375, 0.75], "texture": "#1"},
				"west": {"uv": [1.125, 0.625, 1.25, 0.75], "texture": "#1"},
				"up": {"uv": [1.125, 0.625, 1, 0.5], "rotation": 180, "texture": "#1"},
				"down": {"uv": [1.25, 0.5, 1.125, 0.625], "texture": "#1"}
			}
		},
		{
			"from": [2, 1, 1],
			"to": [14, 2, 2],
			"rotation": {"angle": 0, "axis": "y", "origin": [0, -1, 1]},
			"faces": {
				"north": {"uv": [6.375, 1.375, 7.875, 1.5], "texture": "#1"},
				"east": {"uv": [6.25, 1.375, 6.375, 1.5], "texture": "#1"},
				"south": {"uv": [8, 1.375, 9.5, 1.5], "texture": "#1"},
				"west": {"uv": [7.875, 1.375, 8, 1.5], "texture": "#1"},
				"up": {"uv": [7.875, 1.375, 6.375, 1.25], "rotation": 180, "texture": "#1"},
				"down": {"uv": [9.375, 1.25, 7.875, 1.375], "texture": "#1"}
			}
		},
		{
			"from": [2, 1, 14],
			"to": [14, 2, 15],
			"rotation": {"angle": 0, "axis": "y", "origin": [0, -1, 14]},
			"faces": {
				"north": {"uv": [1.875, 0.125, 3.375, 0.25], "texture": "#1"},
				"east": {"uv": [1.75, 0.125, 1.875, 0.25], "texture": "#1"},
				"south": {"uv": [3.5, 0.125, 5, 0.25], "texture": "#1"},
				"west": {"uv": [3.375, 0.125, 3.5, 0.25], "texture": "#1"},
				"up": {"uv": [3.375, 0.125, 1.875, 0], "rotation": 180, "texture": "#1"},
				"down": {"uv": [4.875, 0, 3.375, 0.125], "texture": "#1"}
			}
		}
	],
	"display": {
		"thirdperson_righthand": {
			"rotation": [52, 0, 0],
			"translation": [0, 4, 1],
			"scale": [0.5, 0.5, 0.5]
		},
		"thirdperson_lefthand": {
			"rotation": [52, 0, 0],
			"translation": [0, 4, 1],
			"scale": [0.5, 0.5, 0.5]
		},
		"firstperson_righthand": {
			"rotation": [16, 0, 0],
			"translation": [4.25, 2.75, -7]
		},
		"firstperson_lefthand": {
			"rotation": [16, 0, 0],
			"translation": [4.25, 2.75, -7]
		},
		"ground": {
			"translation": [0, 3.5, 0]
		},
		"gui": {
			"rotation": [68, 25, -21],
			"translation": [1.75, 2.25, 3.25],
			"scale": [0.9, 0.9, 0.9]
		},
		"head": {
			"rotation": [180, 0, 0],
			"translation": [0, 0.75, 0],
			"scale": [1.1, 1.1, 1.1]
		},
		"fixed": {
			"rotation": [-90, 0, 0],
			"translation": [0, 0, -15.75],
			"scale": [2, 2, 2]
		}
	},
	"groups": [
		{
			"name": "group",
			"origin": [-14, -1, 0],
			"color": 0,
			"children": [0, 1, 2, 3, 4, 5, 6, 7, 8, 9, 10, 11, 12, 13, 14, 15, 16, 17, 18, 19, 20, 21, 22, 23, 24, 25]
		}
	]
}