{
	"credit": "Made with Blockbench",
	"texture_size": [32, 32],
	"textures": {
		"0": "item/special_event/chinese_new_year_2025/wand/teeth",
		"1": "item/special_event/chinese_new_year_2025/wand/crystal",
		"2": "item/special_event/chinese_new_year_2025/wand/stick",
		"5": "item/special_event/chinese_new_year_2025/wand/gold",
		"particle": "item/special_event/chinese_new_year_2025/wand/teeth"
	},
	"elements": [
		{
			"from": [6.2, 20, 6.2],
			"to": [9.8, 22, 9.7],
			"faces": {
				"north": {"uv": [5, 3, 7, 4], "texture": "#2"},
				"east": {"uv": [5, 5, 6.5, 6], "texture": "#2"},
				"south": {"uv": [5, 4, 7, 5], "texture": "#2"},
				"west": {"uv": [6, 0, 7.5, 1], "texture": "#2"},
				"up": {"uv": [2, 5, 0, 3.5], "texture": "#2"},
				"down": {"uv": [4, 3.5, 2, 5], "texture": "#2"}
			}
		},
		{
			"from": [6.5, 19, 6.5],
			"to": [9.5, 20, 9.5],
			"faces": {
				"north": {"uv": [2, 7.5, 3.5, 8], "texture": "#2"},
				"east": {"uv": [3.5, 7.5, 5, 8], "texture": "#2"},
				"south": {"uv": [5, 7.5, 6.5, 8], "texture": "#2"},
				"west": {"uv": [7.5, 5, 9, 5.5], "texture": "#2"},
				"up": {"uv": [2.5, 6.5, 1, 5], "texture": "#2"},
				"down": {"uv": [4, 5, 2.5, 6.5], "texture": "#2"}
			}
		},
		{
			"from": [6.8, 13, 6.8],
			"to": [9.2, 19, 9.2],
			"rotation": {"angle": 0, "axis": "y", "origin": [6.5, 12, 6.5]},
			"faces": {
				"north": {"uv": [4, 0, 5, 3], "texture": "#2"},
				"east": {"uv": [4, 3, 5, 6], "texture": "#2"},
				"south": {"uv": [0, 5, 1, 8], "texture": "#2"},
				"west": {"uv": [5, 0, 6, 3], "texture": "#2"},
				"up": {"uv": [2, 7.5, 1, 6.5], "texture": "#2"},
				"down": {"uv": [3, 6.5, 2, 7.5], "texture": "#2"}
			}
		},
		{
			"from": [7, 6, 7],
			"to": [9, 13, 9],
			"rotation": {"angle": 0, "axis": "y", "origin": [7, 6, 7]},
			"faces": {
				"north": {"uv": [0, 0, 1, 3.5], "texture": "#2"},
				"east": {"uv": [1, 0, 2, 3.5], "texture": "#2"},
				"south": {"uv": [2, 0, 3, 3.5], "texture": "#2"},
				"west": {"uv": [3, 0, 4, 3.5], "texture": "#2"},
				"up": {"uv": [4, 7.5, 3, 6.5], "texture": "#2"},
				"down": {"uv": [7.5, 5, 6.5, 6], "texture": "#2"}
			}
		},
		{
			"from": [7.1, 3, 7.1],
			"to": [8.9, 6, 8.9],
			"rotation": {"angle": 0, "axis": "y", "origin": [7, 3, 7]},
			"faces": {
				"north": {"uv": [6, 1, 7, 2.5], "texture": "#2"},
				"east": {"uv": [4, 6, 5, 7.5], "texture": "#2"},
				"south": {"uv": [5, 6, 6, 7.5], "texture": "#2"},
				"west": {"uv": [6, 6, 7, 7.5], "texture": "#2"},
				"up": {"uv": [8, 2, 7, 1], "texture": "#2"},
				"down": {"uv": [8, 2, 7, 3], "texture": "#2"}
			}
		},
		{
			"from": [7.2, 1, 7.2],
			"to": [8.8, 3, 8.8],
			"rotation": {"angle": 0, "axis": "y", "origin": [0, 1, 0]},
			"faces": {
				"north": {"uv": [7, 3, 8, 4], "texture": "#2"},
				"east": {"uv": [7, 4, 8, 5], "texture": "#2"},
				"south": {"uv": [7, 6, 8, 7], "texture": "#2"},
				"west": {"uv": [7, 7, 8, 8], "texture": "#2"},
				"up": {"uv": [8.5, 1, 7.5, 0], "texture": "#2"},
				"down": {"uv": [2, 7.5, 1, 8.5], "texture": "#2"}
			}
		},
		{
			"name": "mid",
			"from": [6, 21.5, 6],
			"to": [10, 25.5, 10],
			"rotation": {"angle": 0, "axis": "y", "origin": [-5, -3, 0]},
			"faces": {
				"north": {"uv": [0, 0, 4, 4], "texture": "#1"},
				"east": {"uv": [0, 4, 4, 8], "texture": "#1"},
				"south": {"uv": [4, 0, 8, 4], "texture": "#1"},
				"west": {"uv": [4, 4, 8, 8], "texture": "#1"},
				"up": {"uv": [4, 12, 0, 8], "texture": "#1"},
				"down": {"uv": [12, 0, 8, 4], "texture": "#1"}
			}
		},
		{
			"from": [7, 25.9, 6.8],
			"to": [9, 27, 8.8],
			"rotation": {"angle": 0, "axis": "y", "origin": [7, 25.9, 6.8]},
			"faces": {
				"north": {"uv": [1.5, 6.5, 2.5, 7], "texture": "#5"},
				"east": {"uv": [3, 7, 4, 7.5], "texture": "#5"},
				"south": {"uv": [6.5, 8.5, 7.5, 9], "texture": "#5"},
				"west": {"uv": [10, 6.5, 11, 7], "texture": "#5"},
				"up": {"uv": [9, 1.5, 8, 0.5], "texture": "#5"},
				"down": {"uv": [9, 1.5, 8, 2.5], "texture": "#5"}
			}
		},
		{
			"from": [7, 25.7, 6.1],
			"to": [9, 26.7, 6.8],
			"rotation": {"angle": 0, "axis": "y", "origin": [7, 25.9, 6.1]},
			"faces": {
				"north": {"uv": [10, 7, 11, 7.5], "texture": "#5"},
				"east": {"uv": [2.5, 4.5, 2.75, 5], "texture": "#5"},
				"south": {"uv": [7.5, 10, 8.5, 10.5], "texture": "#5"},
				"west": {"uv": [2.5, 5, 2.75, 5.5], "texture": "#5"},
				"up": {"uv": [5, 10.75, 4, 10.5], "texture": "#5"},
				"down": {"uv": [6, 10.5, 5, 10.75], "texture": "#5"}
			}
		},
		{
			"from": [7, 25.5, 5.7],
			"to": [9, 26.5, 6.1],
			"rotation": {"angle": 0, "axis": "y", "origin": [7, 25.9, 5.4]},
			"faces": {
				"north": {"uv": [10, 7.5, 11, 8], "texture": "#5"},
				"east": {"uv": [5, 3, 5.25, 3.5], "texture": "#5"},
				"south": {"uv": [10, 8, 11, 8.5], "texture": "#5"},
				"west": {"uv": [5, 3.5, 5.25, 4], "texture": "#5"},
				"up": {"uv": [7, 10.75, 6, 10.5], "texture": "#5"},
				"down": {"uv": [8, 10.5, 7, 10.75], "texture": "#5"}
			}
		},
		{
			"from": [7, 21.5, 5.4],
			"to": [9, 25.5, 5.9],
			"rotation": {"angle": 0, "axis": "y", "origin": [7, 24.9, 5.2]},
			"faces": {
				"north": {"uv": [4, 0, 5, 2], "texture": "#5"},
				"east": {"uv": [9.5, 10, 9.75, 12], "texture": "#5"},
				"south": {"uv": [4, 2, 5, 4], "texture": "#5"},
				"west": {"uv": [10, 10, 10.25, 12], "texture": "#5"},
				"up": {"uv": [11.5, 10.75, 10.5, 10.5], "texture": "#5"},
				"down": {"uv": [1, 11, 0, 11.25], "texture": "#5"}
			}
		},
		{
			"from": [7.475, 20.725, 5.5],
			"to": [10.525, 21.5, 10.225],
			"rotation": {"angle": 0, "axis": "y", "origin": [7.35, 20.9, 5.5]},
			"faces": {
				"north": {"uv": [8.5, 3.5, 10, 4], "texture": "#5"},
				"east": {"uv": [7.5, 7.5, 9.75, 8], "texture": "#5"},
				"south": {"uv": [8.5, 4, 10, 4.5], "texture": "#5"},
				"west": {"uv": [8, 0, 10.25, 0.5], "texture": "#5"},
				"up": {"uv": [1.5, 2.25, 0, 0], "texture": "#5"},
				"down": {"uv": [3, 0, 1.5, 2.25], "texture": "#5"}
			}
		},
		{
			"from": [6.15, 19.9, 5.725],
			"to": [8.625, 20.725, 9.8],
			"rotation": {"angle": 0, "axis": "y", "origin": [5.45, 20.525, 5.5]},
			"faces": {
				"north": {"uv": [8.5, 3.5, 10, 4], "texture": "#5"},
				"east": {"uv": [7.5, 7.5, 9.75, 8], "texture": "#5"},
				"south": {"uv": [8.5, 4, 10, 4.5], "texture": "#5"},
				"west": {"uv": [8, 0, 10.25, 0.5], "texture": "#5"},
				"up": {"uv": [1.5, 2.25, 0, 0], "texture": "#5"},
				"down": {"uv": [3, 0, 1.5, 2.25], "texture": "#5"}
			}
		},
		{
			"from": [8.1, 19.7, 6],
			"to": [10.1, 20.8, 9.4],
			"rotation": {"angle": 0, "axis": "y", "origin": [7, 20.7, 5.8]},
			"faces": {
				"north": {"uv": [10, 8.5, 11, 9], "texture": "#5"},
				"east": {"uv": [8, 2.5, 9.75, 3], "texture": "#5"},
				"south": {"uv": [10, 9, 11, 9.5], "texture": "#5"},
				"west": {"uv": [1, 8.5, 2.75, 9], "texture": "#5"},
				"up": {"uv": [2.5, 6.25, 1.5, 4.5], "texture": "#5"},
				"down": {"uv": [5.5, 4, 4.5, 5.75], "texture": "#5"}
			}
		},
		{
			"from": [6.1, 20.4, 5.7],
			"to": [9.675, 21.175, 10.15],
			"rotation": {"angle": 0, "axis": "y", "origin": [5, 21.4, 5.3]},
			"faces": {
				"north": {"uv": [10, 8.5, 11, 9], "texture": "#5"},
				"east": {"uv": [8, 2.5, 9.75, 3], "texture": "#5"},
				"south": {"uv": [10, 9, 11, 9.5], "texture": "#5"},
				"west": {"uv": [1, 8.5, 2.75, 9], "texture": "#5"},
				"up": {"uv": [2.5, 6.25, 1.5, 4.5], "texture": "#5"},
				"down": {"uv": [5.5, 4, 4.5, 5.75], "texture": "#5"}
			}
		},
		{
			"from": [7.425, 19, 6.7],
			"to": [10.075, 20, 10.1],
			"rotation": {"angle": 0, "axis": "y", "origin": [8.2, 19.4, 5.5]},
			"faces": {
				"north": {"uv": [8.5, 5, 9.75, 5.5], "texture": "#5"},
				"east": {"uv": [3, 8.5, 4.75, 9], "texture": "#5"},
				"south": {"uv": [8.5, 5.5, 9.75, 6], "texture": "#5"},
				"west": {"uv": [8.5, 3, 10.25, 3.5], "texture": "#5"},
				"up": {"uv": [1.25, 4.25, 0, 2.5], "texture": "#5"},
				"down": {"uv": [2.75, 2.5, 1.5, 4.25], "texture": "#5"}
			}
		},
		{
			"from": [6.85, 18.3, 6.975],
			"to": [9.55, 19.3, 9.95],
			"rotation": {"angle": 0, "axis": "y", "origin": [7.575, 18.7, 5.45]},
			"faces": {
				"north": {"uv": [8.5, 6, 9.75, 6.5], "texture": "#5"},
				"east": {"uv": [8.5, 4.5, 10, 5], "texture": "#5"},
				"south": {"uv": [8.5, 6.5, 9.75, 7], "texture": "#5"},
				"west": {"uv": [5, 8.5, 6.5, 9], "texture": "#5"},
				"up": {"uv": [4.25, 5.5, 3, 4], "texture": "#5"},
				"down": {"uv": [1.25, 4.5, 0, 6], "texture": "#5"}
			}
		},
		{
			"from": [6.4, 17.725, 7.425],
			"to": [8.825, 18.6, 9.625],
			"rotation": {"angle": 0, "axis": "y", "origin": [8.05, 17.825, 5.125]},
			"faces": {
				"north": {"uv": [8.5, 7, 9.75, 7.5], "texture": "#5"},
				"east": {"uv": [0, 10.5, 1, 11], "texture": "#5"},
				"south": {"uv": [8.5, 8, 9.75, 8.5], "texture": "#5"},
				"west": {"uv": [10.5, 0, 11.5, 0.5], "texture": "#5"},
				"up": {"uv": [1.25, 8.5, 0, 7.5], "texture": "#5"},
				"down": {"uv": [4.25, 7.5, 3, 8.5], "texture": "#5"}
			}
		},
		{
			"from": [6.4, 16.85, 6.475],
			"to": [8.825, 17.725, 8.925],
			"rotation": {"angle": 0, "axis": "y", "origin": [8.05, 16.95, 4.425]},
			"faces": {
				"north": {"uv": [8.5, 8.5, 9.75, 9], "texture": "#5"},
				"east": {"uv": [9, 0.5, 10.25, 1], "texture": "#5"},
				"south": {"uv": [1, 9, 2.25, 9.5], "texture": "#5"},
				"west": {"uv": [9, 1, 10.25, 1.5], "texture": "#5"},
				"up": {"uv": [6.25, 1.25, 5, 0], "texture": "#5"},
				"down": {"uv": [6.25, 1.5, 5, 2.75], "texture": "#5"}
			}
		},
		{
			"from": [7.15, 15.1, 7.175],
			"to": [9.575, 15.975, 9.625],
			"rotation": {"angle": 0, "axis": "y", "origin": [8.8, 15.2, 5.125]},
			"faces": {
				"north": {"uv": [9, 1.5, 10.25, 2], "texture": "#5"},
				"east": {"uv": [9, 2, 10.25, 2.5], "texture": "#5"},
				"south": {"uv": [2.5, 9, 3.75, 9.5], "texture": "#5"},
				"west": {"uv": [4, 9, 5.25, 9.5], "texture": "#5"},
				"up": {"uv": [3.75, 6.75, 2.5, 5.5], "texture": "#5"},
				"down": {"uv": [6.75, 3, 5.5, 4.25], "texture": "#5"}
			}
		},
		{
			"from": [7.15, 15.975, 6.475],
			"to": [9.575, 16.85, 8.925],
			"rotation": {"angle": 0, "axis": "y", "origin": [8.8, 16.075, 4.425]},
			"faces": {
				"north": {"uv": [5.5, 9, 6.75, 9.5], "texture": "#5"},
				"east": {"uv": [7, 9, 8.25, 9.5], "texture": "#5"},
				"south": {"uv": [8.5, 9, 9.75, 9.5], "texture": "#5"},
				"west": {"uv": [0, 9.5, 1.25, 10], "texture": "#5"},
				"up": {"uv": [6.75, 5.75, 5.5, 4.5], "texture": "#5"},
				"down": {"uv": [1.25, 6, 0, 7.25], "texture": "#5"}
			}
		},
		{
			"from": [6.45, 14.225, 7.175],
			"to": [8.875, 15.1, 9.625],
			"rotation": {"angle": 0, "axis": "y", "origin": [8.1, 14.325, 5.125]},
			"faces": {
				"north": {"uv": [1.5, 9.5, 2.75, 10], "texture": "#5"},
				"east": {"uv": [3, 9.5, 4.25, 10], "texture": "#5"},
				"south": {"uv": [4.5, 9.5, 5.75, 10], "texture": "#5"},
				"west": {"uv": [6, 9.5, 7.25, 10], "texture": "#5"},
				"up": {"uv": [5.25, 7.25, 4, 6], "texture": "#5"},
				"down": {"uv": [6.75, 6, 5.5, 7.25], "texture": "#5"}
			}
		},
		{
			"from": [6.45, 13.35, 6.35],
			"to": [8.875, 14.225, 8.8],
			"rotation": {"angle": 0, "axis": "y", "origin": [8.1, 13.45, 4.3]},
			"faces": {
				"north": {"uv": [7.5, 9.5, 8.75, 10], "texture": "#5"},
				"east": {"uv": [9, 9.5, 10.25, 10], "texture": "#5"},
				"south": {"uv": [0, 10, 1.25, 10.5], "texture": "#5"},
				"west": {"uv": [1.5, 10, 2.75, 10.5], "texture": "#5"},
				"up": {"uv": [7.75, 1.25, 6.5, 0], "texture": "#5"},
				"down": {"uv": [7.75, 1.5, 6.5, 2.75], "texture": "#5"}
			}
		},
		{
			"from": [7.25, 12.475, 6.525],
			"to": [9.55, 13.35, 8.975],
			"rotation": {"angle": 0, "axis": "y", "origin": [8.9, 12.575, 4.475]},
			"faces": {
				"north": {"uv": [10, 2.5, 11.25, 3], "texture": "#5"},
				"east": {"uv": [3, 10, 4.25, 10.5], "texture": "#5"},
				"south": {"uv": [10, 3.5, 11.25, 4], "texture": "#5"},
				"west": {"uv": [10, 4, 11.25, 4.5], "texture": "#5"},
				"up": {"uv": [2.75, 8.25, 1.5, 7], "texture": "#5"},
				"down": {"uv": [8.25, 3, 7, 4.25], "texture": "#5"}
			}
		},
		{
			"from": [7.25, 11.6, 7.25],
			"to": [9.55, 12.475, 9.4],
			"rotation": {"angle": 0, "axis": "y", "origin": [8.9, 11.7, 5.2]},
			"faces": {
				"north": {"uv": [4.5, 10, 5.75, 10.5], "texture": "#5"},
				"east": {"uv": [10.5, 0.5, 11.5, 1], "texture": "#5"},
				"south": {"uv": [10, 4.5, 11.25, 5], "texture": "#5"},
				"west": {"uv": [1, 10.5, 2, 11], "texture": "#5"},
				"up": {"uv": [5.75, 8.5, 4.5, 7.5], "texture": "#5"},
				"down": {"uv": [7.25, 7.5, 6, 8.5], "texture": "#5"}
			}
		},
		{
			"from": [6.725, 10.725, 7.25],
			"to": [8.75, 11.6, 9.4],
			"rotation": {"angle": 0, "axis": "y", "origin": [8.375, 10.825, 5.2]},
			"faces": {
				"north": {"uv": [10.5, 1, 11.5, 1.5], "texture": "#5"},
				"east": {"uv": [10.5, 1.5, 11.5, 2], "texture": "#5"},
				"south": {"uv": [2, 10.5, 3, 11], "texture": "#5"},
				"west": {"uv": [10.5, 2, 11.5, 2.5], "texture": "#5"},
				"up": {"uv": [8.5, 9, 7.5, 8], "texture": "#5"},
				"down": {"uv": [1, 8.5, 0, 9.5], "texture": "#5"}
			}
		},
		{
			"from": [6.725, 9.85, 6.6],
			"to": [9.25, 10.725, 8.925],
			"rotation": {"angle": 0, "axis": "y", "origin": [8.375, 9.95, 4.55]},
			"faces": {
				"north": {"uv": [10, 5, 11.25, 5.5], "texture": "#5"},
				"east": {"uv": [10, 5.5, 11.25, 6], "texture": "#5"},
				"south": {"uv": [6, 10, 7.25, 10.5], "texture": "#5"},
				"west": {"uv": [10, 6, 11.25, 6.5], "texture": "#5"},
				"up": {"uv": [8.25, 5.75, 7, 4.5], "texture": "#5"},
				"down": {"uv": [8.25, 6, 7, 7.25], "texture": "#5"}
			}
		},
		{
			"from": [7.525, 9.65, 8.925],
			"to": [9.25, 10.275, 9.1],
			"rotation": {"angle": 0, "axis": "y", "origin": [8.375, 9.5, 4.725]},
			"faces": {
				"north": {"uv": [3, 11, 3.75, 11.25], "texture": "#5"},
				"east": {"uv": [11, 6.5, 11.25, 6.75], "texture": "#5"},
				"south": {"uv": [4, 11, 4.75, 11.25], "texture": "#5"},
				"west": {"uv": [7, 11, 7.25, 11.25], "texture": "#5"},
				"up": {"uv": [5.75, 11.25, 5, 11], "texture": "#5"},
				"down": {"uv": [6.75, 11, 6, 11.25], "texture": "#5"}
			}
		},
		{
			"from": [6.975, 26.35, 7.875],
			"to": [9.025, 26.8, 8.7],
			"rotation": {"angle": 0, "axis": "y", "origin": [7.025, 25.3, 6.7]},
			"faces": {
				"north": {"uv": [1, 11, 2, 11.25], "texture": "#5"},
				"east": {"uv": [4, 5.5, 4.5, 5.75], "texture": "#5"},
				"south": {"uv": [2, 11, 3, 11.25], "texture": "#5"},
				"west": {"uv": [8, 10.5, 8.5, 10.75], "texture": "#5"},
				"up": {"uv": [4, 11, 3, 10.5], "texture": "#5"},
				"down": {"uv": [11.5, 3, 10.5, 3.5], "texture": "#5"}
			}
		},
		{
			"from": [8.2, 25.5, 8.2],
			"to": [8.6, 25.9, 8.6],
			"rotation": {"angle": 0, "axis": "y", "origin": [6.6, 25.5, 6.6]},
			"faces": {
				"north": {"uv": [0, 0, 1, 1], "texture": "#0"},
				"east": {"uv": [0, 1, 1, 2], "texture": "#0"},
				"south": {"uv": [1, 0, 2, 1], "texture": "#0"},
				"west": {"uv": [1, 1, 2, 2], "texture": "#0"},
				"up": {"uv": [1, 3, 0, 2], "texture": "#0"},
				"down": {"uv": [3, 0, 2, 1], "texture": "#0"}
			}
		},
		{
			"from": [7.4, 25.5, 8.2],
			"to": [7.8, 25.9, 8.6],
			"rotation": {"angle": 0, "axis": "y", "origin": [5.8, 25.5, 6.6]},
			"faces": {
				"north": {"uv": [1, 2, 2, 3], "texture": "#0"},
				"east": {"uv": [2, 1, 3, 2], "texture": "#0"},
				"south": {"uv": [2, 2, 3, 3], "texture": "#0"},
				"west": {"uv": [0, 3, 1, 4], "texture": "#0"},
				"up": {"uv": [4, 1, 3, 0], "texture": "#0"},
				"down": {"uv": [2, 3, 1, 4], "texture": "#0"}
			}
		}
	],
	"display": {
		"thirdperson_righthand": {
			"rotation": [22, 180, 0],
			"translation": [0, 1.5, 1.75],
			"scale": [0.85, 1, 0.85]
		},
		"thirdperson_lefthand": {
			"rotation": [52, -37, 0],
			"translation": [0, -1, -0.5],
			"scale": [0.85, 1, 0.85]
		},
		"firstperson_righthand": {
			"rotation": [-28, -176, 0],
			"translation": [1.13, 1.95, 1.13],
			"scale": [0.68, 0.68, 0.68]
		},
		"firstperson_lefthand": {
			"rotation": [-5, -83, -4],
			"translation": [1.13, 0.7, 1.13],
			"scale": [0.68, 0.68, 0.68]
		},
		"ground": {
			"translation": [0, 4.75, 0],
			"scale": [0.7, 0.7, 0.7]
		},
		"gui": {
			"rotation": [-15, 25, 44],
			"translation": [2.75, -3.5, 0],
			"scale": [0.7, 0.7, 0.7]
		},
		"head": {
			"rotation": [0, 180, 0],
			"translation": [0, 2, -0.25],
			"scale": [4, 4, 4]
		},
		"fixed": {
			"rotation": [0, 180, 0],
			"translation": [0, -12.75, -2.25],
			"scale": [2, 2, 2]
		}
	},
	"groups": [
		{
			"name": "wand",
			"origin": [0, 1, 0],
			"color": 0,
			"children": [0, 1, 2, 3, 4, 5]
		},
		{
			"name": "ball",
			"origin": [-5, -3, 0],
			"color": 0,
			"children": [6]
		},
		{
			"name": "body",
			"origin": [8.375, 9.5, 4.725],
			"color": 0,
			"children": [7, 8, 9, 10, 11, 12, 13, 14, 15, 16, 17, 18, 19, 20, 21, 22, 23, 24, 25, 26, 27, 28]
		},
		{
			"name": "teeth",
			"origin": [5.8, 25.5, 6.6],
			"color": 0,
			"children": [29, 30]
		}
	]
}