{
	"credit": "Made with Blockbench",
	"texture_size": [64, 32],
	"textures": {
		"0": "item/enchanting_book",
		"particle": "item/enchanting_book"
	},
	"elements": [
		{
			"name": "cover_left_rotation",
			"from": [8.975, -0.025, 8.975],
			"to": [15.025, 10, 9.45],
			"rotation": {"angle": 22.5, "axis": "y", "origin": [9, 3, 9]},
			"faces": {
				"north": {"uv": [4, 0, 5.5, 5], "texture": "#0"},
				"east": {"uv": [4, 0, 4, 5], "texture": "#0"},
				"south": {"uv": [5.5, 0, 7, 5], "texture": "#0"},
				"west": {"uv": [5.5, 0, 5.5, 5], "texture": "#0"},
				"up": {"uv": [5.5, 0, 4, 0], "texture": "#0"},
				"down": {"uv": [7, 0, 5.5, 0], "texture": "#0"}
			}
		},
		{
			"name": "cover_right_rotation",
			"from": [0.975, -0.025, 8.975],
			"to": [7.025, 10, 9.45],
			"rotation": {"angle": -22.5, "axis": "y", "origin": [7, 4, 9]},
			"faces": {
				"north": {"uv": [0, 0, 1.5, 5], "texture": "#0"},
				"east": {"uv": [0, 0, 0, 5], "texture": "#0"},
				"south": {"uv": [1.5, 0, 3, 5], "texture": "#0"},
				"west": {"uv": [1.5, 0, 1.5, 5], "texture": "#0"},
				"up": {"uv": [1.5, 0, 0, 0], "texture": "#0"},
				"down": {"uv": [3, 0, 1.5, 0], "texture": "#0"}
			}
		},
		{
			"name": "spine_rotation",
			"from": [6.85, 0, 9],
			"to": [9.15, 10, 9.425],
			"rotation": {"angle": 0, "axis": "y", "origin": [8, 0, 9]},
			"faces": {
				"north": {"uv": [3, 0, 3.5, 5], "texture": "#0"},
				"east": {"uv": [3, 0, 3, 5], "texture": "#0"},
				"south": {"uv": [3.5, 0, 4, 5], "texture": "#0"},
				"west": {"uv": [3.5, 0, 3.5, 5], "texture": "#0"},
				"up": {"uv": [3.5, 0, 3, 0], "texture": "#0"},
				"down": {"uv": [4, 0, 3.5, 0], "texture": "#0"}
			}
		},
		{
			"name": "page_left_rotation",
			"from": [8.45, 1, 8.1],
			"to": [14.35, 9, 9.1],
			"rotation": {"angle": 22.5, "axis": "y", "origin": [7.95, 3, 9.2]},
			"faces": {
				"north": {"uv": [3.25, 5.5, 4.5, 9.5], "texture": "#0"},
				"east": {"uv": [3, 5.5, 3.25, 9.5], "texture": "#0"},
				"south": {"uv": [4.75, 5.5, 6, 9.5], "texture": "#0"},
				"west": {"uv": [4.5, 5.5, 4.75, 9.5], "texture": "#0"},
				"up": {"uv": [4.5, 5.5, 3.25, 5], "texture": "#0"},
				"down": {"uv": [5.75, 5, 4.5, 5.5], "texture": "#0"}
			}
		},
		{
			"name": "page_right_rotation",
			"from": [2.05, 1, 8.1],
			"to": [7.55, 9, 9.1],
			"rotation": {"angle": -22.5, "axis": "y", "origin": [8.05, 4, 9.2]},
			"faces": {
				"north": {"uv": [0.25, 5.5, 1.5, 9.5], "texture": "#0"},
				"east": {"uv": [0, 5.5, 0.25, 9.5], "texture": "#0"},
				"south": {"uv": [1.75, 5.5, 3, 9.5], "texture": "#0"},
				"west": {"uv": [1.5, 5.5, 1.75, 9.5], "texture": "#0"},
				"up": {"uv": [1.5, 5.5, 0.25, 5], "texture": "#0"},
				"down": {"uv": [2.75, 5, 1.5, 5.5], "texture": "#0"}
			}
		},
		{
			"name": "flip_left_rotation",
			"from": [8.75, 1, 7.475],
			"to": [14.25, 9, 7.675],
			"rotation": {"angle": 45, "axis": "y", "origin": [8.75, 0, 8.525]},
			"faces": {
				"north": {"uv": [6, 5, 7.25, 9], "texture": "#0"},
				"east": {"uv": [6, 5, 6, 9], "texture": "#0"},
				"south": {"uv": [7.25, 5, 8.5, 9], "texture": "#0"},
				"west": {"uv": [7.25, 5, 7.25, 9], "texture": "#0"},
				"up": {"uv": [7.25, 5, 6, 5.5], "texture": "#0"},
				"down": {"uv": [8.5, 5, 7.25, 5.5], "texture": "#0"}
			}
		},
		{
			"name": "flip_right_rotation",
			"from": [2.425, 1, 7.75],
			"to": [7.925, 9, 7.95],
			"rotation": {"angle": -45, "axis": "y", "origin": [7.925, 0, 7.85]},
			"faces": {
				"north": {"uv": [6, 5, 7.25, 9], "texture": "#0"},
				"east": {"uv": [6, 5, 6, 9], "texture": "#0"},
				"south": {"uv": [7.25, 5, 8.5, 9], "texture": "#0"},
				"west": {"uv": [7.25, 5, 7.25, 9], "texture": "#0"},
				"up": {"uv": [7.25, 5, 6, 5.5], "texture": "#0"},
				"down": {"uv": [8.5, 5, 7.25, 5.5], "texture": "#0"}
			}
		}
	],
	"display": {
		"thirdperson_righthand": {
			"rotation": [-18, 179, 0],
			"translation": [-0.5, 7.25, -1.25],
			"scale": [1.2, 1, 1]
		},
		"thirdperson_lefthand": {
			"rotation": [-18, 179, 0],
			"translation": [-0.5, 7.25, -1.25],
			"scale": [1.2, 1, 1]
		},
		"firstperson_righthand": {
			"rotation": [101, 19, 15],
			"translation": [9, -5, -9],
			"scale": [1.7, 1.3, 1.3]
		},
		"firstperson_lefthand": {
			"rotation": [101, 19, 15],
			"translation": [9, -5, -9],
			"scale": [1.7, 1.3, 1.3]
		},
		"ground": {
			"rotation": [90, 0, 0],
			"translation": [1.25, -0.75, 2.25]
		},
		"gui": {
			"rotation": [-42, -166, 27],
			"translation": [1, 0.75, 0],
			"scale": [0.9, 0.9, 0.9]
		},
		"head": {
			"rotation": [-90, 0, 0],
			"translation": [0, 8.75, -4.25],
			"scale": [1.5, 1.5, 1.5]
		},
		"fixed": {
			"translation": [0, 6.5, -2.5],
			"scale": [2, 2, 2]
		}
	}
}