{
	"credit": "Made with Blockbench",
	"texture_size": [32, 32],
	"textures": {
		"0": "item/headgear/face_mask/aqua",
		"particle": "item/headgear/face_mask/aqua"
	},
	"elements": [
		{
			"from": [-0.2, 1, 0.5],
			"to": [0, 6, 15],
			"faces": {
				"north": {"uv": [2, 6, 2.5, 8.5], "texture": "#0"},
				"east": {"uv": [0, 0, 7.5, 2.5], "texture": "#0"},
				"south": {"uv": [2.5, 6, 3, 8.5], "texture": "#0"},
				"west": {"uv": [0, 2.5, 7.5, 5], "texture": "#0"},
				"up": {"uv": [0.5, 12.5, 0, 5], "texture": "#0"},
				"down": {"uv": [1, 5, 0.5, 12.5], "texture": "#0"}
			}
		},
		{
			"from": [-0.2, 0, 1.5],
			"to": [0, 1, 14],
			"faces": {
				"north": {"uv": [3, 6, 3.5, 6.5], "texture": "#0"},
				"east": {"uv": [1, 5, 7.5, 5.5], "texture": "#0"},
				"south": {"uv": [3.5, 6, 4, 6.5], "texture": "#0"},
				"west": {"uv": [1, 5.5, 7.5, 6], "texture": "#0"},
				"up": {"uv": [1.5, 12.5, 1, 6], "texture": "#0"},
				"down": {"uv": [2, 6, 1.5, 12.5], "texture": "#0"}
			}
		},
		{
			"from": [0, 5, 15],
			"to": [1, 6, 15],
			"color": 9,
			"faces": {
				"north": {"uv": [0, 0, 0.5, 0.5], "texture": "#missing"},
				"east": {"uv": [0, 0, 0, 0.5], "texture": "#missing"},
				"south": {"uv": [0, 0, 0.5, 0.5], "texture": "#missing"},
				"west": {"uv": [0, 0, 0, 0.5], "texture": "#missing"},
				"up": {"uv": [0, 0, 0.5, 0], "texture": "#missing"},
				"down": {"uv": [0, 0, 0.5, 0], "texture": "#missing"}
			}
		},
		{
			"from": [0, 1, 15],
			"to": [1, 2, 15],
			"color": 9,
			"faces": {
				"north": {"uv": [0, 0, 0.5, 0.5], "texture": "#missing"},
				"east": {"uv": [0, 0, 0, 0.5], "texture": "#missing"},
				"south": {"uv": [0, 0, 0.5, 0.5], "texture": "#missing"},
				"west": {"uv": [0, 0, 0, 0.5], "texture": "#missing"},
				"up": {"uv": [0, 0, 0.5, 0], "texture": "#missing"},
				"down": {"uv": [0, 0, 0.5, 0], "texture": "#missing"}
			}
		},
		{
			"from": [1, 6, 15],
			"to": [3, 7, 15],
			"color": 9,
			"faces": {
				"north": {"uv": [0, 0, 1, 0.5], "texture": "#missing"},
				"east": {"uv": [0, 0, 0, 0.5], "texture": "#missing"},
				"south": {"uv": [0, 0, 1, 0.5], "texture": "#missing"},
				"west": {"uv": [0, 0, 0, 0.5], "texture": "#missing"},
				"up": {"uv": [0, 0, 1, 0], "texture": "#missing"},
				"down": {"uv": [0, 0, 1, 0], "texture": "#missing"}
			}
		},
		{
			"from": [3, 7, 15],
			"to": [6, 8, 15],
			"color": 9,
			"faces": {
				"north": {"uv": [0, 0, 1.5, 0.5], "texture": "#missing"},
				"east": {"uv": [0, 0, 0, 0.5], "texture": "#missing"},
				"south": {"uv": [0, 0, 1.5, 0.5], "texture": "#missing"},
				"west": {"uv": [0, 0, 0, 0.5], "texture": "#missing"},
				"up": {"uv": [0, 0, 1.5, 0], "texture": "#missing"},
				"down": {"uv": [0, 0, 1.5, 0], "texture": "#missing"}
			}
		},
		{
			"from": [8, 5, 15],
			"to": [9, 8, 15],
			"color": 9,
			"faces": {
				"north": {"uv": [0, 0, 0.5, 1.5], "texture": "#missing"},
				"east": {"uv": [0, 0, 0, 1.5], "texture": "#missing"},
				"south": {"uv": [0, 0, 0.5, 1.5], "texture": "#missing"},
				"west": {"uv": [0, 0, 0, 1.5], "texture": "#missing"},
				"up": {"uv": [0, 0, 0.5, 0], "texture": "#missing"},
				"down": {"uv": [0, 0, 0.5, 0], "texture": "#missing"}
			}
		},
		{
			"from": [1, 2, 15],
			"to": [4, 3, 15],
			"color": 9,
			"faces": {
				"north": {"uv": [0, 0, 1.5, 0.5], "texture": "#missing"},
				"east": {"uv": [0, 0, 0, 0.5], "texture": "#missing"},
				"south": {"uv": [0, 0, 1.5, 0.5], "texture": "#missing"},
				"west": {"uv": [0, 0, 0, 0.5], "texture": "#missing"},
				"up": {"uv": [0, 0, 1.5, 0], "texture": "#missing"},
				"down": {"uv": [0, 0, 1.5, 0], "texture": "#missing"}
			}
		},
		{
			"from": [7, 4, 15],
			"to": [8, 5, 15],
			"color": 9,
			"faces": {
				"north": {"uv": [0, 0, 0.5, 0.5], "texture": "#missing"},
				"east": {"uv": [0, 0, 0, 0.5], "texture": "#missing"},
				"south": {"uv": [0, 0, 0.5, 0.5], "texture": "#missing"},
				"west": {"uv": [0, 0, 0, 0.5], "texture": "#missing"},
				"up": {"uv": [0, 0, 0.5, 0], "texture": "#missing"},
				"down": {"uv": [0, 0, 0.5, 0], "texture": "#missing"}
			}
		},
		{
			"from": [6, 8, 15],
			"to": [8, 9, 15],
			"color": 9,
			"faces": {
				"north": {"uv": [0, 0, 1, 0.5], "texture": "#missing"},
				"east": {"uv": [0, 0, 0, 0.5], "texture": "#missing"},
				"south": {"uv": [0, 0, 1, 0.5], "texture": "#missing"},
				"west": {"uv": [0, 0, 0, 0.5], "texture": "#missing"},
				"up": {"uv": [0, 0, 1, 0], "texture": "#missing"},
				"down": {"uv": [0, 0, 1, 0], "texture": "#missing"}
			}
		},
		{
			"from": [4, 3, 15],
			"to": [7, 4, 15],
			"color": 9,
			"faces": {
				"north": {"uv": [0, 0, 1.5, 0.5], "texture": "#missing"},
				"east": {"uv": [0, 0, 0, 0.5], "texture": "#missing"},
				"south": {"uv": [0, 0, 1.5, 0.5], "texture": "#missing"},
				"west": {"uv": [0, 0, 0, 0.5], "texture": "#missing"},
				"up": {"uv": [0, 0, 1.5, 0], "texture": "#missing"},
				"down": {"uv": [0, 0, 1.5, 0], "texture": "#missing"}
			}
		},
		{
			"from": [0, 5, 0.5],
			"to": [1, 6, 0.5],
			"color": 9,
			"faces": {
				"north": {"uv": [0, 0, 0.5, 0.5], "texture": "#missing"},
				"east": {"uv": [0, 0, 0, 0.5], "texture": "#missing"},
				"south": {"uv": [0, 0, 0.5, 0.5], "texture": "#missing"},
				"west": {"uv": [0, 0, 0, 0.5], "texture": "#missing"},
				"up": {"uv": [0, 0, 0.5, 0], "texture": "#missing"},
				"down": {"uv": [0, 0, 0.5, 0], "texture": "#missing"}
			}
		},
		{
			"from": [0, 1, 0.5],
			"to": [1, 2, 0.5],
			"color": 9,
			"faces": {
				"north": {"uv": [0, 0, 0.5, 0.5], "texture": "#missing"},
				"east": {"uv": [0, 0, 0, 0.5], "texture": "#missing"},
				"south": {"uv": [0, 0, 0.5, 0.5], "texture": "#missing"},
				"west": {"uv": [0, 0, 0, 0.5], "texture": "#missing"},
				"up": {"uv": [0, 0, 0.5, 0], "texture": "#missing"},
				"down": {"uv": [0, 0, 0.5, 0], "texture": "#missing"}
			}
		},
		{
			"from": [1, 6, 0.5],
			"to": [3, 7, 0.5],
			"color": 9,
			"faces": {
				"north": {"uv": [0, 0, 1, 0.5], "texture": "#missing"},
				"east": {"uv": [0, 0, 0, 0.5], "texture": "#missing"},
				"south": {"uv": [0, 0, 1, 0.5], "texture": "#missing"},
				"west": {"uv": [0, 0, 0, 0.5], "texture": "#missing"},
				"up": {"uv": [0, 0, 1, 0], "texture": "#missing"},
				"down": {"uv": [0, 0, 1, 0], "texture": "#missing"}
			}
		},
		{
			"from": [3, 7, 0.5],
			"to": [6, 8, 0.5],
			"color": 9,
			"faces": {
				"north": {"uv": [0, 0, 1.5, 0.5], "texture": "#missing"},
				"east": {"uv": [0, 0, 0, 0.5], "texture": "#missing"},
				"south": {"uv": [0, 0, 1.5, 0.5], "texture": "#missing"},
				"west": {"uv": [0, 0, 0, 0.5], "texture": "#missing"},
				"up": {"uv": [0, 0, 1.5, 0], "texture": "#missing"},
				"down": {"uv": [0, 0, 1.5, 0], "texture": "#missing"}
			}
		},
		{
			"from": [8, 5, 0.5],
			"to": [9, 8, 0.5],
			"color": 9,
			"faces": {
				"north": {"uv": [0, 0, 0.5, 1.5], "texture": "#missing"},
				"east": {"uv": [0, 0, 0, 1.5], "texture": "#missing"},
				"south": {"uv": [0, 0, 0.5, 1.5], "texture": "#missing"},
				"west": {"uv": [0, 0, 0, 1.5], "texture": "#missing"},
				"up": {"uv": [0, 0, 0.5, 0], "texture": "#missing"},
				"down": {"uv": [0, 0, 0.5, 0], "texture": "#missing"}
			}
		},
		{
			"from": [1, 2, 0.5],
			"to": [4, 3, 0.5],
			"color": 9,
			"faces": {
				"north": {"uv": [0, 0, 1.5, 0.5], "texture": "#missing"},
				"east": {"uv": [0, 0, 0, 0.5], "texture": "#missing"},
				"south": {"uv": [0, 0, 1.5, 0.5], "texture": "#missing"},
				"west": {"uv": [0, 0, 0, 0.5], "texture": "#missing"},
				"up": {"uv": [0, 0, 1.5, 0], "texture": "#missing"},
				"down": {"uv": [0, 0, 1.5, 0], "texture": "#missing"}
			}
		},
		{
			"from": [7, 4, 0.5],
			"to": [8, 5, 0.5],
			"color": 9,
			"faces": {
				"north": {"uv": [0, 0, 0.5, 0.5], "texture": "#missing"},
				"east": {"uv": [0, 0, 0, 0.5], "texture": "#missing"},
				"south": {"uv": [0, 0, 0.5, 0.5], "texture": "#missing"},
				"west": {"uv": [0, 0, 0, 0.5], "texture": "#missing"},
				"up": {"uv": [0, 0, 0.5, 0], "texture": "#missing"},
				"down": {"uv": [0, 0, 0.5, 0], "texture": "#missing"}
			}
		},
		{
			"from": [6, 8, 0.5],
			"to": [8, 9, 0.5],
			"color": 9,
			"faces": {
				"north": {"uv": [0, 0, 1, 0.5], "texture": "#missing"},
				"east": {"uv": [0, 0, 0, 0.5], "texture": "#missing"},
				"south": {"uv": [0, 0, 1, 0.5], "texture": "#missing"},
				"west": {"uv": [0, 0, 0, 0.5], "texture": "#missing"},
				"up": {"uv": [0, 0, 1, 0], "texture": "#missing"},
				"down": {"uv": [0, 0, 1, 0], "texture": "#missing"}
			}
		},
		{
			"from": [4, 3, 0.5],
			"to": [7, 4, 0.5],
			"color": 9,
			"faces": {
				"north": {"uv": [0, 0, 1.5, 0.5], "texture": "#missing"},
				"east": {"uv": [0, 0, 0, 0.5], "texture": "#missing"},
				"south": {"uv": [0, 0, 1.5, 0.5], "texture": "#missing"},
				"west": {"uv": [0, 0, 0, 0.5], "texture": "#missing"},
				"up": {"uv": [0, 0, 1.5, 0], "texture": "#missing"},
				"down": {"uv": [0, 0, 1.5, 0], "texture": "#missing"}
			}
		}
	],
	"gui_light": "front",
	"display": {
		"thirdperson_righthand": {
			"rotation": [0, 90, 0],
			"translation": [-0.25, 4, 1],
			"scale": [0, 0.5, 0.5]
		},
		"thirdperson_lefthand": {
			"rotation": [0, -90, 0],
			"translation": [0.25, 4, 1],
			"scale": [0, 0.5, 0.5]
		},
		"firstperson_righthand": {
			"rotation": [0, 70, 0],
			"translation": [0.75, 5.25, 0],
			"scale": [0, 0.6, 0.5]
		},
		"firstperson_lefthand": {
			"rotation": [0, -110, 0],
			"translation": [0, 5.5, 0.25],
			"scale": [0, 0.6, 0.5]
		},
		"ground": {
			"rotation": [-20, 0, -20],
			"translation": [0, 3.75, 0],
			"scale": [0.25, 0.5, 0.5]
		},
		"gui": {
			"rotation": [0, 67, 0],
			"translation": [1.5, 1, 0],
			"scale": [0.9, 0.9, 0.9]
		},
		"head": {
			"rotation": [0, -90, 0],
			"translation": [-0.25, -1.75, 0.75]
		},
		"fixed": {
			"rotation": [0, -90, 0],
			"translation": [-0.5, 2.75, 7.5]
		}
	},
	"groups": [
		0,
		1,
		{
			"name": "group",
			"origin": [0, 0, 0],
			"color": 0,
			"nbt": "{}",
			"children": [2, 3, 4, 5, 6, 7, 8, 9, 10]
		},
		{
			"name": "group",
			"origin": [0, 0, 0],
			"color": 0,
			"nbt": "{}",
			"children": [11, 12, 13, 14, 15, 16, 17, 18, 19]
		}
	]
}