{
	"credit": "Made with Blockbench",
	"textures": {
		"0": "item/special_event/chinese_valentines_2024/yellow",
		"1": "item/special_event/chinese_valentines_2024/rose",
		"particle": "item/special_event/chinese_valentines_2024/yellow"
	},
	"elements": [
		{
			"from": [11.2, 0, 4.225],
			"to": [11.525, 2.2, 5],
			"rotation": {"angle": 0, "axis": "y", "origin": [14.825, 0, 5]},
			"faces": {
				"north": {"uv": [2, 0, 3, 2], "texture": "#0"},
				"east": {"uv": [2, 2, 3, 4], "texture": "#0"},
				"south": {"uv": [3, 0, 4, 2], "texture": "#0"},
				"west": {"uv": [3, 2, 4, 4], "texture": "#0"},
				"up": {"uv": [2, 7, 1, 6], "texture": "#0"},
				"down": {"uv": [3, 6, 2, 7], "texture": "#0"}
			}
		},
		{
			"from": [5.125, 0, 3.425],
			"to": [6.5, 2.475, 4],
			"rotation": {"angle": 0, "axis": "y", "origin": [7.5, 0, 3]},
			"faces": {
				"north": {"uv": [0, 0, 1.375, 2.475], "texture": "#0"},
				"east": {"uv": [0, 0, 0.575, 2.475], "texture": "#0"},
				"south": {"uv": [0, 0, 1.375, 2.475], "texture": "#0"},
				"west": {"uv": [0, 0, 0.575, 2.475], "texture": "#0"},
				"up": {"uv": [0, 0, 1.375, 0.575], "texture": "#0"},
				"down": {"uv": [0, 0, 1.375, 0.575], "texture": "#0"}
			}
		},
		{
			"from": [11.5, 0, 7.075],
			"to": [11.8, 1.45, 8.3],
			"rotation": {"angle": 0, "axis": "y", "origin": [8.125, 0, 8.775]},
			"faces": {
				"north": {"uv": [6, 2, 7, 3], "texture": "#0"},
				"east": {"uv": [3, 6, 4, 7], "texture": "#0"},
				"south": {"uv": [6, 3, 7, 4], "texture": "#0"},
				"west": {"uv": [4, 6, 5, 7], "texture": "#0"},
				"up": {"uv": [7, 5, 6, 4], "texture": "#0"},
				"down": {"uv": [6, 6, 5, 7], "texture": "#0"}
			}
		},
		{
			"from": [4.2, 0, 5],
			"to": [4.5, 1.825, 7.075],
			"rotation": {"angle": 0, "axis": "y", "origin": [7.875, 0, 8]},
			"faces": {
				"north": {"uv": [0.3, 0, 0.6, 1.825], "texture": "#0"},
				"east": {"uv": [4, 0, 6.075, 1.825], "texture": "#0"},
				"south": {"uv": [0.3, 0, 0.6, 1.825], "texture": "#0"},
				"west": {"uv": [4, 0, 6.075, 1.825], "texture": "#0"},
				"up": {"uv": [0.3, 0, 0.6, 2.075], "texture": "#0"},
				"down": {"uv": [0.3, 0, 0.6, 2.075], "texture": "#0"}
			}
		},
		{
			"from": [5.05, 0, 9],
			"to": [6.3, 0.625, 9.4],
			"rotation": {"angle": -45, "axis": "y", "origin": [5.05, 0, 9]},
			"faces": {
				"north": {"uv": [0, 0, 1.25, 0.625], "texture": "#0"},
				"east": {"uv": [0, 0, 0.4, 0.625], "texture": "#0"},
				"south": {"uv": [0, 0, 1.25, 0.625], "texture": "#0"},
				"west": {"uv": [0, 0, 0.4, 0.625], "texture": "#0"},
				"up": {"uv": [0, 0, 1.25, 0.4], "texture": "#0"},
				"down": {"uv": [0, 0, 1.25, 0.4], "texture": "#0"}
			}
		},
		{
			"from": [9.7, 0, 9],
			"to": [10.95, 0.625, 9.4],
			"rotation": {"angle": 45, "axis": "y", "origin": [10.95, 0, 9]},
			"faces": {
				"north": {"uv": [1.25, 0, 0, 0.625], "texture": "#0"},
				"east": {"uv": [0.4, 0, 0, 0.625], "texture": "#0"},
				"south": {"uv": [1.25, 0, 0, 0.625], "texture": "#0"},
				"west": {"uv": [0.4, 0, 0, 0.625], "texture": "#0"},
				"up": {"uv": [1.25, 0, 0, 0.4], "texture": "#0"},
				"down": {"uv": [1.25, 0, 0, 0.4], "texture": "#0"}
			}
		},
		{
			"from": [4.8, 0, 4],
			"to": [5.125, 2.2, 4.7],
			"rotation": {"angle": 0, "axis": "y", "origin": [1.5, 0, 5]},
			"faces": {
				"north": {"uv": [0, 0, 0.325, 2.2], "texture": "#0"},
				"east": {"uv": [0, 0, 0.7, 2.2], "texture": "#0"},
				"south": {"uv": [0, 0, 0.325, 2.2], "texture": "#0"},
				"west": {"uv": [0, 0, 0.7, 2.2], "texture": "#0"},
				"up": {"uv": [0, 0, 0.325, 0.7], "texture": "#0"},
				"down": {"uv": [0, 0, 0.325, 0.7], "texture": "#0"}
			}
		},
		{
			"from": [6.5, 0, 2.85],
			"to": [9.5, 3.05, 3.425],
			"rotation": {"angle": 0, "axis": "y", "origin": [10.5, 0, 2.425]},
			"faces": {
				"north": {"uv": [0, 0, 3, 3.05], "texture": "#0"},
				"east": {"uv": [0, 0, 0.575, 3.05], "texture": "#0"},
				"south": {"uv": [0, 0, 3, 3.05], "texture": "#0"},
				"west": {"uv": [0, 0, 0.575, 3.05], "texture": "#0"},
				"up": {"uv": [0, 0, 3, 0.575], "texture": "#0"},
				"down": {"uv": [0, 0, 3, 0.575], "texture": "#0"}
			}
		},
		{
			"from": [9.5, 0, 3.425],
			"to": [10.875, 2.475, 4],
			"rotation": {"angle": 0, "axis": "y", "origin": [8.5, 0, 3]},
			"faces": {
				"north": {"uv": [1.375, 0, 0, 2.475], "texture": "#0"},
				"east": {"uv": [0.575, 0, 0, 2.475], "texture": "#0"},
				"south": {"uv": [1.375, 0, 0, 2.475], "texture": "#0"},
				"west": {"uv": [0.575, 0, 0, 2.475], "texture": "#0"},
				"up": {"uv": [1.375, 0, 0, 0.575], "texture": "#0"},
				"down": {"uv": [1.375, 0, 0, 0.575], "texture": "#0"}
			}
		},
		{
			"from": [4.325, 0, 8.3],
			"to": [4.675, 1.2, 9.3],
			"rotation": {"angle": 22.5, "axis": "y", "origin": [4.325, 0, 8.3]},
			"faces": {
				"north": {"uv": [0, 0, 0.35, 1.2], "texture": "#0"},
				"east": {"uv": [0, 0, 1, 1.2], "texture": "#0"},
				"south": {"uv": [0, 0, 0.35, 1.2], "texture": "#0"},
				"west": {"uv": [0, 0, 1, 1.2], "texture": "#0"},
				"up": {"uv": [0, 0, 0.35, 1], "texture": "#0"},
				"down": {"uv": [0, 0, 0.35, 1], "texture": "#0"}
			}
		},
		{
			"from": [11.325, 0, 8.3],
			"to": [11.675, 1.2, 9.3],
			"rotation": {"angle": -22.5, "axis": "y", "origin": [11.675, 0, 8.3]},
			"faces": {
				"north": {"uv": [0.35, 0, 0, 1.2], "texture": "#0"},
				"east": {"uv": [1, 0, 0, 1.2], "texture": "#0"},
				"south": {"uv": [0.35, 0, 0, 1.2], "texture": "#0"},
				"west": {"uv": [1, 0, 0, 1.2], "texture": "#0"},
				"up": {"uv": [0.35, 0, 0, 1], "texture": "#0"},
				"down": {"uv": [0.35, 0, 0, 1], "texture": "#0"}
			}
		},
		{
			"from": [8.725, 3.05, 2.85],
			"to": [9.5, 3.475, 3.425],
			"rotation": {"angle": 0, "axis": "y", "origin": [10.5, 3.05, 2.425]},
			"faces": {
				"north": {"uv": [7, 6, 8, 7], "texture": "#0"},
				"east": {"uv": [7, 7, 8, 8], "texture": "#0"},
				"south": {"uv": [0, 8, 1, 9], "texture": "#0"},
				"west": {"uv": [8, 0, 9, 1], "texture": "#0"},
				"up": {"uv": [2, 9, 1, 8], "texture": "#0"},
				"down": {"uv": [9, 1, 8, 2], "texture": "#0"}
			}
		},
		{
			"from": [7.15, 3.9, 2.85],
			"to": [7.925, 4.325, 3.35],
			"rotation": {"angle": 0, "axis": "y", "origin": [6.15, 3.9, 2.425]},
			"faces": {
				"north": {"uv": [0.775, 0, 1.55, 0.425], "texture": "#0"},
				"east": {"uv": [0.575, 0, 1.075, 0.425], "texture": "#0"},
				"south": {"uv": [0.775, 0, 1.55, 0.425], "texture": "#0"},
				"west": {"uv": [0.575, 0, 1.075, 0.425], "texture": "#0"},
				"up": {"uv": [0.775, 0, 1.55, 0.5], "texture": "#0"},
				"down": {"uv": [0.775, 0, 1.55, 0.5], "texture": "#0"}
			}
		},
		{
			"from": [8.425, 3.475, 2.85],
			"to": [9.2, 3.9, 3.425],
			"rotation": {"angle": 0, "axis": "y", "origin": [10.2, 3.475, 2.425]},
			"faces": {
				"north": {"uv": [2, 8, 3, 9], "texture": "#0"},
				"east": {"uv": [8, 2, 9, 3], "texture": "#0"},
				"south": {"uv": [3, 8, 4, 9], "texture": "#0"},
				"west": {"uv": [8, 3, 9, 4], "texture": "#0"},
				"up": {"uv": [5, 9, 4, 8], "texture": "#0"},
				"down": {"uv": [9, 4, 8, 5], "texture": "#0"}
			}
		},
		{
			"from": [6.5, 3.05, 2.85],
			"to": [7.275, 3.475, 3.425],
			"rotation": {"angle": 0, "axis": "y", "origin": [5.5, 3.05, 2.425]},
			"faces": {
				"north": {"uv": [8, 6, 7, 7], "texture": "#0"},
				"east": {"uv": [9, 0, 8, 1], "texture": "#0"},
				"south": {"uv": [1, 8, 0, 9], "texture": "#0"},
				"west": {"uv": [8, 7, 7, 8], "texture": "#0"},
				"up": {"uv": [1, 9, 2, 8], "texture": "#0"},
				"down": {"uv": [8, 1, 9, 2], "texture": "#0"}
			}
		},
		{
			"from": [8.075, 3.9, 2.85],
			"to": [8.85, 4.325, 3.35],
			"rotation": {"angle": 0, "axis": "y", "origin": [9.85, 3.9, 2.425]},
			"faces": {
				"north": {"uv": [1.55, 0, 0.775, 0.425], "texture": "#0"},
				"east": {"uv": [1.075, 0, 0.575, 0.425], "texture": "#0"},
				"south": {"uv": [1.55, 0, 0.775, 0.425], "texture": "#0"},
				"west": {"uv": [1.075, 0, 0.575, 0.425], "texture": "#0"},
				"up": {"uv": [1.55, 0, 0.775, 0.5], "texture": "#0"},
				"down": {"uv": [1.55, 0, 0.775, 0.5], "texture": "#0"}
			}
		},
		{
			"from": [6.175, 3.75, 3.425],
			"to": [6.45, 4.35, 3.625],
			"rotation": {"angle": 0, "axis": "y", "origin": [4.675, 3.75, 3]},
			"faces": {
				"north": {"uv": [0.275, 0, 0, 0.6], "texture": "#0"},
				"east": {"uv": [0.2, 0, 0, 0.6], "texture": "#0"},
				"south": {"uv": [0.275, 0, 0, 0.6], "texture": "#0"},
				"west": {"uv": [0.2, 0, 0, 0.6], "texture": "#0"},
				"up": {"uv": [0.275, 0, 0, 0.2], "texture": "#0"},
				"down": {"uv": [0.275, 0, 0, 0.2], "texture": "#0"}
			}
		},
		{
			"from": [7.625, 4.325, 2.85],
			"to": [8.375, 5.275, 3.3],
			"rotation": {"angle": 0, "axis": "y", "origin": [9.375, 4.325, 2.425]},
			"faces": {
				"north": {"uv": [0, 0, 0.75, 0.95], "texture": "#0"},
				"east": {"uv": [0, 0, 0.45, 0.95], "texture": "#0"},
				"south": {"uv": [0, 0, 0.75, 0.95], "texture": "#0"},
				"west": {"uv": [0, 0, 0.45, 0.95], "texture": "#0"},
				"up": {"uv": [0, 0, 0.75, 0.45], "texture": "#0"},
				"down": {"uv": [0, 0, 0.75, 0.45], "texture": "#0"}
			}
		},
		{
			"from": [7.775, 5.275, 2.85],
			"to": [8.225, 6.225, 3.175],
			"rotation": {"angle": 0, "axis": "y", "origin": [9.375, 5.275, 2.425]},
			"faces": {
				"north": {"uv": [0, 0, 0.45, 0.95], "texture": "#0"},
				"east": {"uv": [0, 0, 0.325, 0.95], "texture": "#0"},
				"south": {"uv": [0, 0, 0.45, 0.95], "texture": "#0"},
				"west": {"uv": [0, 0, 0.325, 0.95], "texture": "#0"},
				"up": {"uv": [0, 0, 0.45, 0.325], "texture": "#0"},
				"down": {"uv": [0, 0, 0.45, 0.325], "texture": "#0"}
			}
		},
		{
			"from": [9.775, 2.475, 3.425],
			"to": [10.55, 2.9, 4],
			"rotation": {"angle": 0, "axis": "y", "origin": [11.55, 2.475, 3]},
			"faces": {
				"north": {"uv": [8, 8, 9, 9], "texture": "#0"},
				"east": {"uv": [0, 9, 1, 10], "texture": "#0"},
				"south": {"uv": [9, 0, 10, 1], "texture": "#0"},
				"west": {"uv": [1, 9, 2, 10], "texture": "#0"},
				"up": {"uv": [10, 2, 9, 1], "texture": "#0"},
				"down": {"uv": [3, 9, 2, 10], "texture": "#0"}
			}
		},
		{
			"from": [6.8, 3.475, 2.85],
			"to": [7.575, 3.9, 3.425],
			"rotation": {"angle": 0, "axis": "y", "origin": [5.8, 3.475, 2.425]},
			"faces": {
				"north": {"uv": [3, 8, 2, 9], "texture": "#0"},
				"east": {"uv": [9, 3, 8, 4], "texture": "#0"},
				"south": {"uv": [4, 8, 3, 9], "texture": "#0"},
				"west": {"uv": [9, 2, 8, 3], "texture": "#0"},
				"up": {"uv": [4, 9, 5, 8], "texture": "#0"},
				"down": {"uv": [8, 4, 9, 5], "texture": "#0"}
			}
		},
		{
			"from": [9.5, 2.9, 3.425],
			"to": [10.15, 3.325, 3.825],
			"rotation": {"angle": 0, "axis": "y", "origin": [11.275, 2.9, 3]},
			"faces": {
				"north": {"uv": [9, 2, 10, 3], "texture": "#0"},
				"east": {"uv": [3, 9, 4, 10], "texture": "#0"},
				"south": {"uv": [9, 3, 10, 4], "texture": "#0"},
				"west": {"uv": [4, 9, 5, 10], "texture": "#0"},
				"up": {"uv": [10, 5, 9, 4], "texture": "#0"},
				"down": {"uv": [6, 9, 5, 10], "texture": "#0"}
			}
		},
		{
			"from": [5.175, 3.475, 3.875],
			"to": [5.45, 3.9, 3.95],
			"rotation": {"angle": 0, "axis": "y", "origin": [3.75, 3.475, 3.45]},
			"faces": {
				"north": {"uv": [0.275, 0, 0, 0.425], "texture": "#0"},
				"east": {"uv": [0.075, 0, 0, 0.425], "texture": "#0"},
				"south": {"uv": [0.275, 0, 0, 0.425], "texture": "#0"},
				"west": {"uv": [0.075, 0, 0, 0.425], "texture": "#0"},
				"up": {"uv": [0.275, 0, 0, 0.075], "texture": "#0"},
				"down": {"uv": [0.275, 0, 0, 0.075], "texture": "#0"}
			}
		},
		{
			"from": [9.5, 3.325, 3.425],
			"to": [9.975, 3.75, 3.625],
			"rotation": {"angle": 0, "axis": "y", "origin": [11.275, 3.325, 3]},
			"faces": {
				"north": {"uv": [9, 5, 10, 6], "texture": "#0"},
				"east": {"uv": [6, 9, 7, 10], "texture": "#0"},
				"south": {"uv": [9, 6, 10, 7], "texture": "#0"},
				"west": {"uv": [7, 9, 8, 10], "texture": "#0"},
				"up": {"uv": [10, 8, 9, 7], "texture": "#0"},
				"down": {"uv": [9, 9, 8, 10], "texture": "#0"}
			}
		},
		{
			"from": [5.85, 2.9, 3.425],
			"to": [6.5, 3.325, 3.825],
			"rotation": {"angle": 0, "axis": "y", "origin": [4.725, 2.9, 3]},
			"faces": {
				"north": {"uv": [10, 2, 9, 3], "texture": "#0"},
				"east": {"uv": [5, 9, 4, 10], "texture": "#0"},
				"south": {"uv": [10, 3, 9, 4], "texture": "#0"},
				"west": {"uv": [4, 9, 3, 10], "texture": "#0"},
				"up": {"uv": [9, 5, 10, 4], "texture": "#0"},
				"down": {"uv": [5, 9, 6, 10], "texture": "#0"}
			}
		},
		{
			"from": [9.55, 3.75, 3.425],
			"to": [9.825, 4.35, 3.625],
			"rotation": {"angle": 0, "axis": "y", "origin": [11.325, 3.75, 3]},
			"faces": {
				"north": {"uv": [0, 0, 0.275, 0.6], "texture": "#0"},
				"east": {"uv": [0, 0, 0.2, 0.6], "texture": "#0"},
				"south": {"uv": [0, 0, 0.275, 0.6], "texture": "#0"},
				"west": {"uv": [0, 0, 0.2, 0.6], "texture": "#0"},
				"up": {"uv": [0, 0, 0.275, 0.2], "texture": "#0"},
				"down": {"uv": [0, 0, 0.275, 0.2], "texture": "#0"}
			}
		},
		{
			"from": [6.025, 3.325, 3.425],
			"to": [6.5, 3.75, 3.625],
			"rotation": {"angle": 0, "axis": "y", "origin": [4.725, 3.325, 3]},
			"faces": {
				"north": {"uv": [10, 5, 9, 6], "texture": "#0"},
				"east": {"uv": [8, 9, 7, 10], "texture": "#0"},
				"south": {"uv": [10, 6, 9, 7], "texture": "#0"},
				"west": {"uv": [7, 9, 6, 10], "texture": "#0"},
				"up": {"uv": [9, 8, 10, 7], "texture": "#0"},
				"down": {"uv": [8, 9, 9, 10], "texture": "#0"}
			}
		},
		{
			"from": [10.775, 2.2, 3.9],
			"to": [11.55, 2.625, 4.3],
			"rotation": {"angle": -22.5, "axis": "y", "origin": [10.775, 2.2, 3.9]},
			"faces": {
				"north": {"uv": [2, 10, 3, 11], "texture": "#0"},
				"east": {"uv": [10, 2, 11, 3], "texture": "#0"},
				"south": {"uv": [3, 10, 4, 11], "texture": "#0"},
				"west": {"uv": [10, 3, 11, 4], "texture": "#0"},
				"up": {"uv": [5, 11, 4, 10], "texture": "#0"},
				"down": {"uv": [11, 4, 10, 5], "texture": "#0"}
			}
		},
		{
			"from": [5.45, 2.475, 3.425],
			"to": [6.225, 2.9, 4],
			"rotation": {"angle": 0, "axis": "y", "origin": [4.45, 2.475, 3]},
			"faces": {
				"north": {"uv": [9, 8, 8, 9], "texture": "#0"},
				"east": {"uv": [2, 9, 1, 10], "texture": "#0"},
				"south": {"uv": [10, 0, 9, 1], "texture": "#0"},
				"west": {"uv": [1, 9, 0, 10], "texture": "#0"},
				"up": {"uv": [9, 2, 10, 1], "texture": "#0"},
				"down": {"uv": [2, 9, 3, 10], "texture": "#0"}
			}
		},
		{
			"from": [10.55, 2.625, 3.875],
			"to": [11.25, 3.05, 4.15],
			"rotation": {"angle": 0, "axis": "y", "origin": [12.25, 2.625, 3.575]},
			"faces": {
				"north": {"uv": [5, 10, 6, 11], "texture": "#0"},
				"east": {"uv": [10, 5, 11, 6], "texture": "#0"},
				"south": {"uv": [6, 10, 7, 11], "texture": "#0"},
				"west": {"uv": [10, 6, 11, 7], "texture": "#0"},
				"up": {"uv": [8, 11, 7, 10], "texture": "#0"},
				"down": {"uv": [11, 7, 10, 8], "texture": "#0"}
			}
		},
		{
			"from": [4.45, 2.2, 3.9],
			"to": [5.225, 2.625, 4.3],
			"rotation": {"angle": 22.5, "axis": "y", "origin": [5.225, 2.2, 3.9]},
			"faces": {
				"north": {"uv": [3, 10, 2, 11], "texture": "#0"},
				"east": {"uv": [11, 3, 10, 4], "texture": "#0"},
				"south": {"uv": [4, 10, 3, 11], "texture": "#0"},
				"west": {"uv": [11, 2, 10, 3], "texture": "#0"},
				"up": {"uv": [4, 11, 5, 10], "texture": "#0"},
				"down": {"uv": [10, 4, 11, 5], "texture": "#0"}
			}
		},
		{
			"from": [10.55, 3.05, 3.875],
			"to": [10.975, 3.475, 4.075],
			"rotation": {"angle": 0, "axis": "y", "origin": [12.25, 3.05, 3.5]},
			"faces": {
				"north": {"uv": [8, 10, 9, 11], "texture": "#0"},
				"east": {"uv": [10, 8, 11, 9], "texture": "#0"},
				"south": {"uv": [9, 10, 10, 11], "texture": "#0"},
				"west": {"uv": [10, 9, 11, 10], "texture": "#0"},
				"up": {"uv": [11, 11, 10, 10], "texture": "#0"},
				"down": {"uv": [1, 11, 0, 12], "texture": "#0"}
			}
		},
		{
			"from": [4.75, 2.625, 3.875],
			"to": [5.45, 3.05, 4.15],
			"rotation": {"angle": 0, "axis": "y", "origin": [3.75, 2.625, 3.575]},
			"faces": {
				"north": {"uv": [6, 10, 5, 11], "texture": "#0"},
				"east": {"uv": [11, 6, 10, 7], "texture": "#0"},
				"south": {"uv": [7, 10, 6, 11], "texture": "#0"},
				"west": {"uv": [11, 5, 10, 6], "texture": "#0"},
				"up": {"uv": [7, 11, 8, 10], "texture": "#0"},
				"down": {"uv": [10, 7, 11, 8], "texture": "#0"}
			}
		},
		{
			"from": [10.55, 3.475, 3.875],
			"to": [10.825, 3.9, 3.95],
			"rotation": {"angle": 0, "axis": "y", "origin": [12.25, 3.475, 3.45]},
			"faces": {
				"north": {"uv": [0, 0, 0.275, 0.425], "texture": "#0"},
				"east": {"uv": [0, 0, 0.075, 0.425], "texture": "#0"},
				"south": {"uv": [0, 0, 0.275, 0.425], "texture": "#0"},
				"west": {"uv": [0, 0, 0.075, 0.425], "texture": "#0"},
				"up": {"uv": [0, 0, 0.275, 0.075], "texture": "#0"},
				"down": {"uv": [0, 0, 0.275, 0.075], "texture": "#0"}
			}
		},
		{
			"from": [5.65, 2.9, 3.8],
			"to": [5.85, 3.15, 4],
			"rotation": {"angle": 0, "axis": "y", "origin": [4.375, 2.9, 3.425]},
			"faces": {
				"north": {"uv": [0.2, 0, 0, 0.25], "texture": "#0"},
				"east": {"uv": [0.2, 0, 0, 0.25], "texture": "#0"},
				"south": {"uv": [0.2, 0, 0, 0.25], "texture": "#0"},
				"west": {"uv": [0.2, 0, 0, 0.25], "texture": "#0"},
				"up": {"uv": [0.2, 0, 0, 0.2], "texture": "#0"},
				"down": {"uv": [0.2, 0, 0, 0.2], "texture": "#0"}
			}
		},
		{
			"from": [10.35, 2.9, 3.8],
			"to": [10.55, 3.475, 4],
			"rotation": {"angle": 0, "axis": "y", "origin": [11.825, 2.9, 3.425]},
			"faces": {
				"north": {"uv": [11, 3, 12, 4], "texture": "#0"},
				"east": {"uv": [4, 11, 5, 12], "texture": "#0"},
				"south": {"uv": [11, 4, 12, 5], "texture": "#0"},
				"west": {"uv": [5, 11, 6, 12], "texture": "#0"},
				"up": {"uv": [12, 6, 11, 5], "texture": "#0"},
				"down": {"uv": [7, 11, 6, 12], "texture": "#0"}
			}
		},
		{
			"from": [5.025, 3.05, 3.875],
			"to": [5.45, 3.475, 4.075],
			"rotation": {"angle": 0, "axis": "y", "origin": [3.75, 3.05, 3.5]},
			"faces": {
				"north": {"uv": [9, 10, 8, 11], "texture": "#0"},
				"east": {"uv": [11, 9, 10, 10], "texture": "#0"},
				"south": {"uv": [10, 10, 9, 11], "texture": "#0"},
				"west": {"uv": [11, 8, 10, 9], "texture": "#0"},
				"up": {"uv": [10, 11, 11, 10], "texture": "#0"},
				"down": {"uv": [0, 11, 1, 12], "texture": "#0"}
			}
		},
		{
			"from": [10.15, 2.9, 3.8],
			"to": [10.35, 3.15, 4],
			"rotation": {"angle": 0, "axis": "y", "origin": [11.625, 2.9, 3.425]},
			"faces": {
				"north": {"uv": [0, 0, 0.2, 0.25], "texture": "#0"},
				"east": {"uv": [0, 0, 0.2, 0.25], "texture": "#0"},
				"south": {"uv": [0, 0, 0.2, 0.25], "texture": "#0"},
				"west": {"uv": [0, 0, 0.2, 0.25], "texture": "#0"},
				"up": {"uv": [0, 0, 0.2, 0.2], "texture": "#0"},
				"down": {"uv": [0, 0, 0.2, 0.2], "texture": "#0"}
			}
		},
		{
			"from": [5.45, 2.9, 3.8],
			"to": [5.65, 3.475, 4],
			"rotation": {"angle": 0, "axis": "y", "origin": [4.175, 2.9, 3.425]},
			"faces": {
				"north": {"uv": [12, 3, 11, 4], "texture": "#0"},
				"east": {"uv": [6, 11, 5, 12], "texture": "#0"},
				"south": {"uv": [12, 4, 11, 5], "texture": "#0"},
				"west": {"uv": [5, 11, 4, 12], "texture": "#0"},
				"up": {"uv": [11, 6, 12, 5], "texture": "#0"},
				"down": {"uv": [6, 11, 7, 12], "texture": "#0"}
			}
		},
		{
			"from": [4.2, 0, 7.075],
			"to": [4.5, 1.45, 8.3],
			"rotation": {"angle": 0, "axis": "y", "origin": [7.875, 0, 8.775]},
			"faces": {
				"north": {"uv": [7, 2, 6, 3], "texture": "#0"},
				"east": {"uv": [5, 6, 4, 7], "texture": "#0"},
				"south": {"uv": [7, 3, 6, 4], "texture": "#0"},
				"west": {"uv": [4, 6, 3, 7], "texture": "#0"},
				"up": {"uv": [6, 5, 7, 4], "texture": "#0"},
				"down": {"uv": [5, 6, 6, 7], "texture": "#0"}
			}
		},
		{
			"from": [11.5, 0, 5],
			"to": [11.8, 1.825, 7.075],
			"rotation": {"angle": 0, "axis": "y", "origin": [8.125, 0, 8]},
			"faces": {
				"north": {"uv": [0.6, 0, 0.3, 1.825], "texture": "#0"},
				"east": {"uv": [6.075, 0, 4, 1.825], "texture": "#0"},
				"south": {"uv": [0.6, 0, 0.3, 1.825], "texture": "#0"},
				"west": {"uv": [6.075, 0, 4, 1.825], "texture": "#0"},
				"up": {"uv": [0.6, 0, 0.3, 2.075], "texture": "#0"},
				"down": {"uv": [0.6, 0, 0.3, 2.075], "texture": "#0"}
			}
		},
		{
			"from": [11.5, 1.975, 5],
			"to": [11.8, 2.1, 5.725],
			"rotation": {"angle": 0, "axis": "y", "origin": [8.125, 0.275, 8]},
			"faces": {
				"north": {"uv": [0.6, 0, 0.3, 1.825], "texture": "#0"},
				"east": {"uv": [6.075, 0, 4, 1.825], "texture": "#0"},
				"south": {"uv": [0.6, 0, 0.3, 1.825], "texture": "#0"},
				"west": {"uv": [6.075, 0, 4, 1.825], "texture": "#0"},
				"up": {"uv": [0.6, 0, 0.3, 2.075], "texture": "#0"},
				"down": {"uv": [0.6, 0, 0.3, 2.075], "texture": "#0"}
			}
		},
		{
			"from": [11.5, 1.825, 5.725],
			"to": [11.8, 1.975, 6.45],
			"rotation": {"angle": 0, "axis": "y", "origin": [8.125, 0.15, 8.725]},
			"faces": {
				"north": {"uv": [0.6, 0, 0.3, 1.825], "texture": "#0"},
				"east": {"uv": [6.075, 0, 4, 1.825], "texture": "#0"},
				"south": {"uv": [0.6, 0, 0.3, 1.825], "texture": "#0"},
				"west": {"uv": [6.075, 0, 4, 1.825], "texture": "#0"},
				"up": {"uv": [0.6, 0, 0.3, 2.075], "texture": "#0"},
				"down": {"uv": [0.6, 0, 0.3, 2.075], "texture": "#0"}
			}
		},
		{
			"from": [4.2, 1.975, 5],
			"to": [4.5, 2.1, 5.725],
			"rotation": {"angle": 0, "axis": "y", "origin": [0.825, 0.275, 8]},
			"faces": {
				"north": {"uv": [0.6, 0, 0.3, 1.825], "texture": "#0"},
				"east": {"uv": [6.075, 0, 4, 1.825], "texture": "#0"},
				"south": {"uv": [0.6, 0, 0.3, 1.825], "texture": "#0"},
				"west": {"uv": [6.075, 0, 4, 1.825], "texture": "#0"},
				"up": {"uv": [0.6, 0, 0.3, 2.075], "texture": "#0"},
				"down": {"uv": [0.6, 0, 0.3, 2.075], "texture": "#0"}
			}
		},
		{
			"from": [4.2, 1.825, 5.725],
			"to": [4.5, 1.975, 6.45],
			"rotation": {"angle": 0, "axis": "y", "origin": [0.825, 0.15, 8.725]},
			"faces": {
				"north": {"uv": [0.6, 0, 0.3, 1.825], "texture": "#0"},
				"east": {"uv": [6.075, 0, 4, 1.825], "texture": "#0"},
				"south": {"uv": [0.6, 0, 0.3, 1.825], "texture": "#0"},
				"west": {"uv": [6.075, 0, 4, 1.825], "texture": "#0"},
				"up": {"uv": [0.6, 0, 0.3, 2.075], "texture": "#0"},
				"down": {"uv": [0.6, 0, 0.3, 2.075], "texture": "#0"}
			}
		},
		{
			"from": [4.475, 0, 4.225],
			"to": [4.8, 2.2, 5],
			"rotation": {"angle": 0, "axis": "y", "origin": [1.175, 0, 5]},
			"faces": {
				"north": {"uv": [3, 0, 2, 2], "texture": "#0"},
				"east": {"uv": [4, 2, 3, 4], "texture": "#0"},
				"south": {"uv": [4, 0, 3, 2], "texture": "#0"},
				"west": {"uv": [3, 2, 2, 4], "texture": "#0"},
				"up": {"uv": [1, 7, 2, 6], "texture": "#0"},
				"down": {"uv": [2, 6, 3, 7], "texture": "#0"}
			}
		},
		{
			"from": [10.875, 0, 4],
			"to": [11.2, 2.2, 4.7],
			"rotation": {"angle": 0, "axis": "y", "origin": [14.5, 0, 5]},
			"faces": {
				"north": {"uv": [0.325, 0, 0, 2.2], "texture": "#0"},
				"east": {"uv": [0.7, 0, 0, 2.2], "texture": "#0"},
				"south": {"uv": [0.325, 0, 0, 2.2], "texture": "#0"},
				"west": {"uv": [0.7, 0, 0, 2.2], "texture": "#0"},
				"up": {"uv": [0.325, 0, 0, 0.7], "texture": "#0"},
				"down": {"uv": [0.325, 0, 0, 0.7], "texture": "#0"}
			}
		},
		{
			"from": [7.425, 0.675, 2.625],
			"to": [8.575, 2.6, 2.85],
			"rotation": {"angle": 0, "axis": "y", "origin": [6.5, 0.875, 2.625]},
			"faces": {
				"north": {"uv": [0, 0, 1, 2], "texture": "#1"},
				"east": {"uv": [1, 2, 1.5, 4], "texture": "#1"},
				"south": {"uv": [1, 0, 2, 2], "texture": "#1"},
				"west": {"uv": [2, 2, 2.5, 4], "texture": "#1"},
				"up": {"uv": [9, 8.5, 8, 8], "texture": "#1"},
				"down": {"uv": [1, 9, 0, 9.5], "texture": "#1"}
			}
		},
		{
			"from": [7.525, 0.875, 2.5],
			"to": [8.475, 2.4, 2.725],
			"rotation": {"angle": 0, "axis": "y", "origin": [6.5, 0.875, 2.5]},
			"faces": {
				"north": {"uv": [0, 2, 1, 3.5], "texture": "#1"},
				"east": {"uv": [1, 4, 1.5, 5.5], "texture": "#1"},
				"south": {"uv": [2, 0, 3, 1.5], "texture": "#1"},
				"west": {"uv": [2, 4, 2.5, 5.5], "texture": "#1"},
				"up": {"uv": [10, 0.5, 9, 0], "texture": "#1"},
				"down": {"uv": [2, 9, 1, 9.5], "texture": "#1"}
			}
		},
		{
			"from": [7.6, 0.75, 2.5],
			"to": [8.4, 0.875, 2.725],
			"rotation": {"angle": 0, "axis": "y", "origin": [6.5, -0.775, 2.5]},
			"faces": {
				"north": {"uv": [9, 1, 10, 1.5], "texture": "#1"},
				"east": {"uv": [11, 4, 11.5, 4.5], "texture": "#1"},
				"south": {"uv": [2, 9, 3, 9.5], "texture": "#1"},
				"west": {"uv": [5, 11, 5.5, 11.5], "texture": "#1"},
				"up": {"uv": [10, 2.5, 9, 2], "texture": "#1"},
				"down": {"uv": [4, 9, 3, 9.5], "texture": "#1"}
			}
		},
		{
			"from": [7.6, 2.4, 2.5],
			"to": [8.4, 2.525, 2.725],
			"rotation": {"angle": 0, "axis": "y", "origin": [6.5, 0.875, 2.5]},
			"faces": {
				"north": {"uv": [9, 3, 10, 3.5], "texture": "#1"},
				"east": {"uv": [11, 5, 11.5, 5.5], "texture": "#1"},
				"south": {"uv": [4, 9, 5, 9.5], "texture": "#1"},
				"west": {"uv": [6, 11, 6.5, 11.5], "texture": "#1"},
				"up": {"uv": [10, 4.5, 9, 4], "texture": "#1"},
				"down": {"uv": [6, 9, 5, 9.5], "texture": "#1"}
			}
		},
		{
			"from": [7.55, 2.6, 2.625],
			"to": [8.45, 2.7, 2.85],
			"rotation": {"angle": 0, "axis": "y", "origin": [6.5, 1.075, 2.625]},
			"faces": {
				"north": {"uv": [9, 5, 10, 5.5], "texture": "#1"},
				"east": {"uv": [11, 6, 11.5, 6.5], "texture": "#1"},
				"south": {"uv": [6, 9, 7, 9.5], "texture": "#1"},
				"west": {"uv": [7, 11, 7.5, 11.5], "texture": "#1"},
				"up": {"uv": [10, 6.5, 9, 6], "texture": "#1"},
				"down": {"uv": [8, 9, 7, 9.5], "texture": "#1"}
			}
		},
		{
			"from": [7.55, 0.575, 2.625],
			"to": [8.45, 0.675, 2.85],
			"rotation": {"angle": 0, "axis": "y", "origin": [6.5, -0.95, 2.625]},
			"faces": {
				"north": {"uv": [9, 7, 10, 7.5], "texture": "#1"},
				"east": {"uv": [11, 7, 11.5, 7.5], "texture": "#1"},
				"south": {"uv": [8, 9, 9, 9.5], "texture": "#1"},
				"west": {"uv": [8, 11, 8.5, 11.5], "texture": "#1"},
				"up": {"uv": [10, 8.5, 9, 8], "texture": "#1"},
				"down": {"uv": [10, 9, 9, 9.5], "texture": "#1"}
			}
		},
		{
			"from": [7.3, 0.85, 2.625],
			"to": [7.425, 2.375, 2.85],
			"rotation": {"angle": 0, "axis": "y", "origin": [6.05, 0.55, 2.625]},
			"faces": {
				"north": {"uv": [4, 2, 4.5, 3.5], "texture": "#1"},
				"east": {"uv": [3, 4, 3.5, 5.5], "texture": "#1"},
				"south": {"uv": [4, 4, 4.5, 5.5], "texture": "#1"},
				"west": {"uv": [5, 0, 5.5, 1.5], "texture": "#1"},
				"up": {"uv": [11.5, 8.5, 11, 8], "texture": "#1"},
				"down": {"uv": [9.5, 11, 9, 11.5], "texture": "#1"}
			}
		},
		{
			"from": [9.85, 0.725, 3.275],
			"to": [10.3, 1.75, 3.5],
			"rotation": {"angle": 0, "axis": "y", "origin": [8.55, 0.725, 3.275]},
			"faces": {
				"north": {"uv": [7, 3, 7.5, 4], "texture": "#1"},
				"east": {"uv": [4, 7, 4.5, 8], "texture": "#1"},
				"south": {"uv": [7, 4, 7.5, 5], "texture": "#1"},
				"west": {"uv": [5, 7, 5.5, 8], "texture": "#1"},
				"up": {"uv": [9.5, 10.5, 9, 10], "texture": "#1"},
				"down": {"uv": [10.5, 9, 10, 9.5], "texture": "#1"}
			}
		},
		{
			"from": [9.725, 0.8, 3.275],
			"to": [9.85, 1.65, 3.5],
			"rotation": {"angle": 0, "axis": "y", "origin": [8.55, 0.4, 3.275]},
			"faces": {
				"north": {"uv": [7, 5, 7.5, 6], "texture": "#1"},
				"east": {"uv": [6, 7, 6.5, 8], "texture": "#1"},
				"south": {"uv": [7, 6, 7.5, 7], "texture": "#1"},
				"west": {"uv": [7, 7, 7.5, 8], "texture": "#1"},
				"up": {"uv": [10.5, 10.5, 10, 10], "texture": "#1"},
				"down": {"uv": [0.5, 11, 0, 11.5], "texture": "#1"}
			}
		},
		{
			"from": [10.3, 0.8, 3.275],
			"to": [10.425, 1.65, 3.5],
			"rotation": {"angle": 0, "axis": "y", "origin": [9.125, 0.4, 3.275]},
			"faces": {
				"north": {"uv": [0, 8, 0.5, 9], "texture": "#1"},
				"east": {"uv": [8, 0, 8.5, 1], "texture": "#1"},
				"south": {"uv": [1, 8, 1.5, 9], "texture": "#1"},
				"west": {"uv": [8, 1, 8.5, 2], "texture": "#1"},
				"up": {"uv": [11.5, 0.5, 11, 0], "texture": "#1"},
				"down": {"uv": [1.5, 11, 1, 11.5], "texture": "#1"}
			}
		},
		{
			"from": [9.9, 0.775, 3.225],
			"to": [10.25, 1.675, 3.275],
			"rotation": {"angle": 0, "axis": "y", "origin": [8.55, 0.725, 3.225]},
			"faces": {
				"north": {"uv": [2, 8, 2.5, 9], "texture": "#1"},
				"east": {"uv": [8, 2, 8.5, 3], "texture": "#1"},
				"south": {"uv": [3, 8, 3.5, 9], "texture": "#1"},
				"west": {"uv": [8, 3, 8.5, 4], "texture": "#1"},
				"up": {"uv": [11.5, 1.5, 11, 1], "texture": "#1"},
				"down": {"uv": [2.5, 11, 2, 11.5], "texture": "#1"}
			}
		},
		{
			"from": [9.85, 0.825, 3.225],
			"to": [9.9, 1.6, 3.275],
			"rotation": {"angle": 0, "axis": "y", "origin": [8.55, 0.725, 3.225]},
			"faces": {
				"north": {"uv": [4, 8, 4.5, 9], "texture": "#1"},
				"east": {"uv": [8, 4, 8.5, 5], "texture": "#1"},
				"south": {"uv": [5, 8, 5.5, 9], "texture": "#1"},
				"west": {"uv": [8, 5, 8.5, 6], "texture": "#1"},
				"up": {"uv": [11.5, 2.5, 11, 2], "texture": "#1"},
				"down": {"uv": [3.5, 11, 3, 11.5], "texture": "#1"}
			}
		},
		{
			"from": [10.25, 0.825, 3.225],
			"to": [10.3, 1.6, 3.275],
			"rotation": {"angle": 0, "axis": "y", "origin": [8.95, 0.725, 3.225]},
			"faces": {
				"north": {"uv": [6, 8, 6.5, 9], "texture": "#1"},
				"east": {"uv": [8, 6, 8.5, 7], "texture": "#1"},
				"south": {"uv": [7, 8, 7.5, 9], "texture": "#1"},
				"west": {"uv": [8, 7, 8.5, 8], "texture": "#1"},
				"up": {"uv": [11.5, 3.5, 11, 3], "texture": "#1"},
				"down": {"uv": [4.5, 11, 4, 11.5], "texture": "#1"}
			}
		},
		{
			"from": [5.7, 0.725, 3.275],
			"to": [6.15, 1.75, 3.5],
			"rotation": {"angle": 0, "axis": "y", "origin": [7.45, 0.725, 3.275]},
			"faces": {
				"north": {"uv": [0, 10, 0.5, 11], "texture": "#1"},
				"east": {"uv": [10, 0, 10.5, 1], "texture": "#1"},
				"south": {"uv": [1, 10, 1.5, 11], "texture": "#1"},
				"west": {"uv": [10, 1, 10.5, 2], "texture": "#1"},
				"up": {"uv": [11.5, 9.5, 11, 9], "texture": "#1"},
				"down": {"uv": [10.5, 11, 10, 11.5], "texture": "#1"}
			}
		},
		{
			"from": [6.15, 0.8, 3.275],
			"to": [6.275, 1.65, 3.5],
			"rotation": {"angle": 0, "axis": "y", "origin": [7.45, 0.4, 3.275]},
			"faces": {
				"north": {"uv": [0, 6, 0.5, 7], "texture": "#1"},
				"east": {"uv": [6, 0, 6.5, 1], "texture": "#1"},
				"south": {"uv": [1, 6, 1.5, 7], "texture": "#1"},
				"west": {"uv": [6, 1, 6.5, 2], "texture": "#1"},
				"up": {"uv": [3.5, 10.5, 3, 10], "texture": "#1"},
				"down": {"uv": [10.5, 3, 10, 3.5], "texture": "#1"}
			}
		},
		{
			"from": [5.575, 0.8, 3.275],
			"to": [5.7, 1.65, 3.5],
			"rotation": {"angle": 0, "axis": "y", "origin": [6.875, 0.4, 3.275]},
			"faces": {
				"north": {"uv": [2, 6, 2.5, 7], "texture": "#1"},
				"east": {"uv": [6, 2, 6.5, 3], "texture": "#1"},
				"south": {"uv": [3, 6, 3.5, 7], "texture": "#1"},
				"west": {"uv": [6, 3, 6.5, 4], "texture": "#1"},
				"up": {"uv": [4.5, 10.5, 4, 10], "texture": "#1"},
				"down": {"uv": [10.5, 4, 10, 4.5], "texture": "#1"}
			}
		},
		{
			"from": [5.75, 0.775, 3.225],
			"to": [6.1, 1.675, 3.275],
			"rotation": {"angle": 0, "axis": "y", "origin": [7.45, 0.725, 3.225]},
			"faces": {
				"north": {"uv": [4, 6, 4.5, 7], "texture": "#1"},
				"east": {"uv": [6, 4, 6.5, 5], "texture": "#1"},
				"south": {"uv": [5, 6, 5.5, 7], "texture": "#1"},
				"west": {"uv": [6, 5, 6.5, 6], "texture": "#1"},
				"up": {"uv": [5.5, 10.5, 5, 10], "texture": "#1"},
				"down": {"uv": [10.5, 5, 10, 5.5], "texture": "#1"}
			}
		},
		{
			"from": [6.1, 0.825, 3.225],
			"to": [6.15, 1.6, 3.275],
			"rotation": {"angle": 0, "axis": "y", "origin": [7.45, 0.725, 3.225]},
			"faces": {
				"north": {"uv": [6, 6, 6.5, 7], "texture": "#1"},
				"east": {"uv": [0, 7, 0.5, 8], "texture": "#1"},
				"south": {"uv": [7, 0, 7.5, 1], "texture": "#1"},
				"west": {"uv": [1, 7, 1.5, 8], "texture": "#1"},
				"up": {"uv": [6.5, 10.5, 6, 10], "texture": "#1"},
				"down": {"uv": [10.5, 6, 10, 6.5], "texture": "#1"}
			}
		},
		{
			"from": [5.7, 0.825, 3.225],
			"to": [5.75, 1.6, 3.275],
			"rotation": {"angle": 0, "axis": "y", "origin": [7.05, 0.725, 3.225]},
			"faces": {
				"north": {"uv": [7, 1, 7.5, 2], "texture": "#1"},
				"east": {"uv": [2, 7, 2.5, 8], "texture": "#1"},
				"south": {"uv": [7, 2, 7.5, 3], "texture": "#1"},
				"west": {"uv": [3, 7, 3.5, 8], "texture": "#1"},
				"up": {"uv": [7.5, 10.5, 7, 10], "texture": "#1"},
				"down": {"uv": [10.5, 7, 10, 7.5], "texture": "#1"}
			}
		},
		{
			"from": [8.575, 0.85, 2.625],
			"to": [8.7, 2.375, 2.85],
			"rotation": {"angle": 0, "axis": "y", "origin": [9.95, 0.55, 2.625]},
			"faces": {
				"north": {"uv": [3, 0, 3.5, 1.5], "texture": "#1"},
				"east": {"uv": [3, 2, 3.5, 3.5], "texture": "#1"},
				"south": {"uv": [0, 4, 0.5, 5.5], "texture": "#1"},
				"west": {"uv": [4, 0, 4.5, 1.5], "texture": "#1"},
				"up": {"uv": [8.5, 10.5, 8, 10], "texture": "#1"},
				"down": {"uv": [10.5, 8, 10, 8.5], "texture": "#1"}
			}
		}
	],
	"display": {
		"thirdperson_righthand": {
			"rotation": [-24, 180, 0],
			"translation": [0, 4.75, -5.75],
			"scale": [0.9, 0.9, 0.9]
		},
		"thirdperson_lefthand": {
			"rotation": [44, 0, 0],
			"translation": [0, 4.75, 4.5],
			"scale": [0.9, 0.9, 0.9]
		},
		"firstperson_righthand": {
			"rotation": [0, 123, 0],
			"translation": [0.75, 10.25, 0.5]
		},
		"firstperson_lefthand": {
			"translation": [0, 6.25, 2],
			"scale": [0.8, 0.8, 0.8]
		},
		"ground": {
			"translation": [0, 4.25, 0]
		},
		"gui": {
			"rotation": [-19, -175, 2],
			"translation": [0, 6.5, 1.25],
			"scale": [1.5, 1.5, 1.5]
		},
		"head": {
			"translation": [0, 20.75, 2.25],
			"scale": [1.8, 1.8, 1.8]
		},
		"fixed": {
			"rotation": [-90, 0, 0],
			"translation": [0, 2.75, -18.25],
			"scale": [2.3, 2.3, 2.3]
		}
	},
	"groups": [
		{
			"name": "crown",
			"origin": [14.5, 0, 5],
			"color": 0,
			"children": [
				0,
				1,
				2,
				3,
				4,
				5,
				6,
				7,
				8,
				9,
				10,
				11,
				12,
				13,
				14,
				15,
				16,
				17,
				18,
				19,
				20,
				21,
				22,
				23,
				24,
				25,
				26,
				27,
				28,
				29,
				30,
				31,
				32,
				33,
				34,
				35,
				36,
				37,
				38,
				39,
				40,
				41,
				42,
				43,
				44,
				45,
				46
			]
		},
		{
			"name": "jewlery",
			"origin": [0.4, 0, -0.05],
			"color": 0,
			"children": [
				47,
				48,
				49,
				50,
				51,
				52,
				53,
				{
					"name": "jewlery",
					"origin": [0.4, 0, -0.05],
					"color": 0,
					"children": [54, 55, 56, 57, 58, 59]
				}
			]
		},
		{
			"name": "jewlery",
			"origin": [15.6, 0, -0.05],
			"color": 0,
			"children": [
				{
					"name": "jewlery",
					"origin": [15.6, 0, -0.05],
					"color": 0,
					"children": [60, 61, 62, 63, 64, 65]
				},
				66
			]
		}
	]
}