{
    "item.goat_horn.sound.french": {
        "sounds": [
            {
                "name":"custom/frenchhorn"
            }
        ]
    },
    "item.goat_horn.sound.airhorn": {
        "sounds": [
            {
                "name":"custom/airhorn"
            }
        ]
    },
    "item.goat_horn.sound.fun": {
        "sounds": [
            {
                "name":"custom/funhorn"
            }
        ]
    },
    "item.goat_horn.sound.car": {
        "sounds": [
            {
                "name":"custom/carhorn"
            }
        ]
    },
    "item.goat_horn.sound.mediv": {
        "sounds": [
            {
                "name":"custom/castlehorn"
            }
        ]
    },
    "item.goat_horn.sound.no": {
        "sounds": [
            {
                "name":"custom/no"
            }
        ]
    },
    "item.goat_horn.sound.call": {
        "sounds": [
            {
                "name":"custom/call"
            }
        ]
    },
    "item.goat_horn.sound.0": {
        "replace": true,
        "sounds": [
          {"name": "item/goat_horn/call0", "stream": false}
        ]
    }
}