{
	"credit": "Made with Blockbench",
	"texture_size": [64, 64],
	"textures": {
		"1": "item/special_event/chinese_valentines_2023/red_rose",
		"2": "item/special_event/chinese_valentines_2024/bouquet",
		"particle": "item/special_event/chinese_valentines_2024/bouquet"
	},
	"elements": [
		{
			"name": "base",
			"from": [11, 0, 7],
			"to": [14, 2, 9],
			"rotation": {"angle": 0, "axis": "z", "origin": [2, 0.975, 8]},
			"faces": {
				"north": {"uv": [1, 2, 2.5, 3], "texture": "#1"},
				"east": {"uv": [0, 2, 1, 3], "texture": "#1"},
				"south": {"uv": [3.5, 2, 5, 3], "texture": "#1"},
				"west": {"uv": [2.5, 2, 3.5, 3], "texture": "#1"},
				"up": {"uv": [2.5, 2, 1, 1], "texture": "#1"},
				"down": {"uv": [4, 1, 2.5, 2], "texture": "#1"}
			}
		},
		{
			"name": "inside",
			"from": [13.25, 0.5, 7.5],
			"to": [14.25, 1.5, 8.5],
			"rotation": {"angle": 0, "axis": "z", "origin": [2, 0.975, 8]},
			"faces": {
				"north": {"uv": [0.5, 5.5, 1, 6], "texture": "#1"},
				"east": {"uv": [0, 5.5, 0.5, 6], "texture": "#1"},
				"south": {"uv": [1.5, 5.5, 2, 6], "texture": "#1"},
				"west": {"uv": [1, 5.5, 1.5, 6], "texture": "#1"},
				"up": {"uv": [1, 5.5, 0.5, 5], "texture": "#1"},
				"down": {"uv": [1.5, 5, 1, 5.5], "texture": "#1"}
			}
		},
		{
			"name": "outside1",
			"from": [11.2388, 0, 5.17317],
			"to": [13.2388, 2, 5.17317],
			"rotation": {"angle": -22.5, "axis": "y", "origin": [2, 0.975, 8]},
			"faces": {
				"north": {"uv": [4, 4, 5, 5], "texture": "#1"},
				"east": {"uv": [4, 4, 4, 5], "texture": "#1"},
				"south": {"uv": [5, 4, 6, 5], "texture": "#1"},
				"west": {"uv": [5, 4, 5, 5], "texture": "#1"},
				"up": {"uv": [5, 4, 4, 4], "texture": "#1"},
				"down": {"uv": [6, 4, 5, 4], "texture": "#1"}
			}
		},
		{
			"name": "outside2",
			"from": [11.62148, 0, 10.90295],
			"to": [13.62148, 2, 10.90295],
			"rotation": {"angle": 22.5, "axis": "y", "origin": [2, 0.975, 8]},
			"faces": {
				"north": {"uv": [3, 3, 4, 4], "texture": "#1"},
				"east": {"uv": [3, 3, 3, 4], "texture": "#1"},
				"south": {"uv": [4, 3, 5, 4], "texture": "#1"},
				"west": {"uv": [4, 3, 4, 4], "texture": "#1"},
				"up": {"uv": [4, 3, 3, 3], "texture": "#1"},
				"down": {"uv": [5, 3, 4, 3], "texture": "#1"}
			}
		},
		{
			"name": "outside3",
			"from": [11.24836, -1.82874, 7],
			"to": [13.24836, -1.82874, 9],
			"rotation": {"angle": 22.5, "axis": "z", "origin": [2, 0.975, 8]},
			"faces": {
				"north": {"uv": [4, 2, 5, 2], "texture": "#1"},
				"east": {"uv": [3, 2, 4, 2], "texture": "#1"},
				"south": {"uv": [6, 2, 7, 2], "texture": "#1"},
				"west": {"uv": [5, 2, 6, 2], "texture": "#1"},
				"up": {"uv": [5, 2, 4, 1], "texture": "#1"},
				"down": {"uv": [6, 1, 5, 2], "texture": "#1"}
			}
		},
		{
			"name": "outside4",
			"from": [11.61191, 3.90105, 7],
			"to": [13.61191, 3.90105, 9],
			"rotation": {"angle": -22.5, "axis": "z", "origin": [2, 0.975, 8]},
			"faces": {
				"north": {"uv": [1, 4, 2, 4], "texture": "#1"},
				"east": {"uv": [0, 4, 1, 4], "texture": "#1"},
				"south": {"uv": [3, 4, 4, 4], "texture": "#1"},
				"west": {"uv": [2, 4, 3, 4], "texture": "#1"},
				"up": {"uv": [2, 4, 1, 3], "texture": "#1"},
				"down": {"uv": [3, 3, 2, 4], "texture": "#1"}
			}
		},
		{
			"name": "base",
			"from": [4.675, 0.5, 7.5],
			"to": [11, 1.5, 8.5],
			"rotation": {"angle": 0, "axis": "z", "origin": [2, 0.975, 8]},
			"faces": {
				"north": {"uv": [0.5, 0.5, 5, 1], "texture": "#1"},
				"east": {"uv": [0, 0.5, 0.5, 1], "texture": "#1"},
				"south": {"uv": [5.5, 0.5, 10, 1], "texture": "#1"},
				"west": {"uv": [5, 0.5, 5.5, 1], "texture": "#1"},
				"up": {"uv": [5, 0.5, 0.5, 0], "texture": "#1"},
				"down": {"uv": [9.5, 0, 5, 0.5], "texture": "#1"}
			}
		},
		{
			"name": "leaf1",
			"from": [8.69813, 0, 10.77445],
			"to": [8.69813, 2, 12.77445],
			"rotation": {"angle": 22.5, "axis": "y", "origin": [2, 0.975, 8]},
			"faces": {
				"north": {"uv": [3, 4, 3, 5], "texture": "#1"},
				"east": {"uv": [2, 4, 3, 5], "texture": "#1"},
				"south": {"uv": [4, 4, 4, 5], "texture": "#1"},
				"west": {"uv": [3, 4, 4, 5], "texture": "#1"},
				"up": {"uv": [3, 4, 3, 3], "texture": "#1"},
				"down": {"uv": [3, 3, 3, 4], "texture": "#1"}
			}
		},
		{
			"name": "leaf2",
			"from": [6.31597, 0, 4.04748],
			"to": [6.31597, 2, 6.04748],
			"rotation": {"angle": -22.5, "axis": "y", "origin": [2, 0.975, 8]},
			"faces": {
				"north": {"uv": [1, 4, 1, 5], "texture": "#1"},
				"east": {"uv": [0, 4, 1, 5], "texture": "#1"},
				"south": {"uv": [2, 4, 2, 5], "texture": "#1"},
				"west": {"uv": [1, 4, 2, 5], "texture": "#1"},
				"up": {"uv": [1, 4, 1, 3], "texture": "#1"},
				"down": {"uv": [1, 3, 1, 4], "texture": "#1"}
			}
		},
		{
			"name": "base",
			"from": [11, 2, 5],
			"to": [14, 4, 7],
			"rotation": {"angle": 0, "axis": "y", "origin": [2, 2.975, 6]},
			"faces": {
				"north": {"uv": [1, 2, 2.5, 3], "texture": "#1"},
				"east": {"uv": [0, 2, 1, 3], "texture": "#1"},
				"south": {"uv": [3.5, 2, 5, 3], "texture": "#1"},
				"west": {"uv": [2.5, 2, 3.5, 3], "texture": "#1"},
				"up": {"uv": [2.5, 2, 1, 1], "texture": "#1"},
				"down": {"uv": [4, 1, 2.5, 2], "texture": "#1"}
			}
		},
		{
			"name": "inside",
			"from": [13.25, 2.5, 5.5],
			"to": [14.25, 3.5, 6.5],
			"rotation": {"angle": 0, "axis": "y", "origin": [2, 2.975, 6]},
			"faces": {
				"north": {"uv": [0.5, 5.5, 1, 6], "texture": "#1"},
				"east": {"uv": [0, 5.5, 0.5, 6], "texture": "#1"},
				"south": {"uv": [1.5, 5.5, 2, 6], "texture": "#1"},
				"west": {"uv": [1, 5.5, 1.5, 6], "texture": "#1"},
				"up": {"uv": [1, 5.5, 0.5, 5], "texture": "#1"},
				"down": {"uv": [1.5, 5, 1, 5.5], "texture": "#1"}
			}
		},
		{
			"name": "outside1",
			"from": [11.2388, 2, 3.17317],
			"to": [13.2388, 4, 3.17317],
			"rotation": {"angle": -22.5, "axis": "y", "origin": [2, 2.975, 6]},
			"faces": {
				"north": {"uv": [4, 4, 5, 5], "texture": "#1"},
				"east": {"uv": [4, 4, 4, 5], "texture": "#1"},
				"south": {"uv": [5, 4, 6, 5], "texture": "#1"},
				"west": {"uv": [5, 4, 5, 5], "texture": "#1"},
				"up": {"uv": [5, 4, 4, 4], "texture": "#1"},
				"down": {"uv": [6, 4, 5, 4], "texture": "#1"}
			}
		},
		{
			"name": "outside2",
			"from": [11.62148, 2, 8.90295],
			"to": [13.62148, 4, 8.90295],
			"rotation": {"angle": 22.5, "axis": "y", "origin": [2, 2.975, 6]},
			"faces": {
				"north": {"uv": [3, 3, 4, 4], "texture": "#1"},
				"east": {"uv": [3, 3, 3, 4], "texture": "#1"},
				"south": {"uv": [4, 3, 5, 4], "texture": "#1"},
				"west": {"uv": [4, 3, 4, 4], "texture": "#1"},
				"up": {"uv": [4, 3, 3, 3], "texture": "#1"},
				"down": {"uv": [5, 3, 4, 3], "texture": "#1"}
			}
		},
		{
			"name": "outside3",
			"from": [11.24836, 0.17126, 5],
			"to": [13.24836, 0.17126, 7],
			"rotation": {"angle": 22.5, "axis": "z", "origin": [2, 2.975, 6]},
			"faces": {
				"north": {"uv": [4, 2, 5, 2], "texture": "#1"},
				"east": {"uv": [3, 2, 4, 2], "texture": "#1"},
				"south": {"uv": [6, 2, 7, 2], "texture": "#1"},
				"west": {"uv": [5, 2, 6, 2], "texture": "#1"},
				"up": {"uv": [5, 2, 4, 1], "texture": "#1"},
				"down": {"uv": [6, 1, 5, 2], "texture": "#1"}
			}
		},
		{
			"name": "outside4",
			"from": [11.61191, 5.90105, 5],
			"to": [13.61191, 5.90105, 7],
			"rotation": {"angle": -22.5, "axis": "z", "origin": [2, 2.975, 6]},
			"faces": {
				"north": {"uv": [1, 4, 2, 4], "texture": "#1"},
				"east": {"uv": [0, 4, 1, 4], "texture": "#1"},
				"south": {"uv": [3, 4, 4, 4], "texture": "#1"},
				"west": {"uv": [2, 4, 3, 4], "texture": "#1"},
				"up": {"uv": [2, 4, 1, 3], "texture": "#1"},
				"down": {"uv": [3, 3, 2, 4], "texture": "#1"}
			}
		},
		{
			"name": "base",
			"from": [7.675, -0.45, 5.425],
			"to": [10.675, 1.55, 7.425],
			"rotation": {"angle": 0, "axis": "y", "origin": [-1.325, 0.525, 6.425]},
			"faces": {
				"north": {"uv": [1, 2, 2.5, 3], "texture": "#1"},
				"east": {"uv": [0, 2, 1, 3], "texture": "#1"},
				"south": {"uv": [3.5, 2, 5, 3], "texture": "#1"},
				"west": {"uv": [2.5, 2, 3.5, 3], "texture": "#1"},
				"up": {"uv": [2.5, 2, 1, 1], "texture": "#1"},
				"down": {"uv": [4, 1, 2.5, 2], "texture": "#1"}
			}
		},
		{
			"name": "inside",
			"from": [9.925, 0.05, 5.925],
			"to": [10.925, 1.05, 6.925],
			"rotation": {"angle": 0, "axis": "y", "origin": [-1.325, 0.525, 6.425]},
			"faces": {
				"north": {"uv": [0.5, 5.5, 1, 6], "texture": "#1"},
				"east": {"uv": [0, 5.5, 0.5, 6], "texture": "#1"},
				"south": {"uv": [1.5, 5.5, 2, 6], "texture": "#1"},
				"west": {"uv": [1, 5.5, 1.5, 6], "texture": "#1"},
				"up": {"uv": [1, 5.5, 0.5, 5], "texture": "#1"},
				"down": {"uv": [1.5, 5, 1, 5.5], "texture": "#1"}
			}
		},
		{
			"name": "outside1",
			"from": [7.9138, -0.45, 3.59817],
			"to": [9.9138, 1.55, 3.59817],
			"rotation": {"angle": -22.5, "axis": "y", "origin": [-1.325, 0.525, 6.425]},
			"faces": {
				"north": {"uv": [4, 4, 5, 5], "texture": "#1"},
				"east": {"uv": [4, 4, 4, 5], "texture": "#1"},
				"south": {"uv": [5, 4, 6, 5], "texture": "#1"},
				"west": {"uv": [5, 4, 5, 5], "texture": "#1"},
				"up": {"uv": [5, 4, 4, 4], "texture": "#1"},
				"down": {"uv": [6, 4, 5, 4], "texture": "#1"}
			}
		},
		{
			"name": "outside2",
			"from": [8.29648, -0.45, 9.32795],
			"to": [10.29648, 1.55, 9.32795],
			"rotation": {"angle": 22.5, "axis": "y", "origin": [-1.325, 0.525, 6.425]},
			"faces": {
				"north": {"uv": [3, 3, 4, 4], "texture": "#1"},
				"east": {"uv": [3, 3, 3, 4], "texture": "#1"},
				"south": {"uv": [4, 3, 5, 4], "texture": "#1"},
				"west": {"uv": [4, 3, 4, 4], "texture": "#1"},
				"up": {"uv": [4, 3, 3, 3], "texture": "#1"},
				"down": {"uv": [5, 3, 4, 3], "texture": "#1"}
			}
		},
		{
			"name": "outside3",
			"from": [7.92336, -2.27874, 5.425],
			"to": [9.92336, -2.27874, 7.425],
			"rotation": {"angle": 22.5, "axis": "z", "origin": [-1.325, 0.525, 6.425]},
			"faces": {
				"north": {"uv": [4, 2, 5, 2], "texture": "#1"},
				"east": {"uv": [3, 2, 4, 2], "texture": "#1"},
				"south": {"uv": [6, 2, 7, 2], "texture": "#1"},
				"west": {"uv": [5, 2, 6, 2], "texture": "#1"},
				"up": {"uv": [5, 2, 4, 1], "texture": "#1"},
				"down": {"uv": [6, 1, 5, 2], "texture": "#1"}
			}
		},
		{
			"name": "outside4",
			"from": [8.28691, 3.45105, 5.425],
			"to": [10.28691, 3.45105, 7.425],
			"rotation": {"angle": -22.5, "axis": "z", "origin": [-1.325, 0.525, 6.425]},
			"faces": {
				"north": {"uv": [1, 4, 2, 4], "texture": "#1"},
				"east": {"uv": [0, 4, 1, 4], "texture": "#1"},
				"south": {"uv": [3, 4, 4, 4], "texture": "#1"},
				"west": {"uv": [2, 4, 3, 4], "texture": "#1"},
				"up": {"uv": [2, 4, 1, 3], "texture": "#1"},
				"down": {"uv": [3, 3, 2, 4], "texture": "#1"}
			}
		},
		{
			"name": "base",
			"from": [8.8, -1.275, 8.225],
			"to": [10.675, 0.725, 10.225],
			"rotation": {"angle": 0, "axis": "y", "origin": [-1.325, -0.3, 9.225]},
			"faces": {
				"north": {"uv": [1, 2, 2.5, 3], "texture": "#1"},
				"east": {"uv": [0, 2, 1, 3], "texture": "#1"},
				"south": {"uv": [3.5, 2, 5, 3], "texture": "#1"},
				"west": {"uv": [2.5, 2, 3.5, 3], "texture": "#1"},
				"up": {"uv": [2.5, 2, 1, 1], "texture": "#1"},
				"down": {"uv": [4, 1, 2.5, 2], "texture": "#1"}
			}
		},
		{
			"name": "inside",
			"from": [9.925, -0.775, 8.725],
			"to": [10.925, 0.225, 9.725],
			"rotation": {"angle": 0, "axis": "y", "origin": [-1.325, -0.3, 9.225]},
			"faces": {
				"north": {"uv": [0.5, 5.5, 1, 6], "texture": "#1"},
				"east": {"uv": [0, 5.5, 0.5, 6], "texture": "#1"},
				"south": {"uv": [1.5, 5.5, 2, 6], "texture": "#1"},
				"west": {"uv": [1, 5.5, 1.5, 6], "texture": "#1"},
				"up": {"uv": [1, 5.5, 0.5, 5], "texture": "#1"},
				"down": {"uv": [1.5, 5, 1, 5.5], "texture": "#1"}
			}
		},
		{
			"name": "outside1",
			"from": [7.9138, -1.15, 6.39817],
			"to": [9.9138, 0.725, 6.39817],
			"rotation": {"angle": -22.5, "axis": "y", "origin": [-1.325, -0.3, 9.225]},
			"faces": {
				"north": {"uv": [4, 4, 5, 5], "texture": "#1"},
				"east": {"uv": [4, 4, 4, 5], "texture": "#1"},
				"south": {"uv": [5, 4, 6, 5], "texture": "#1"},
				"west": {"uv": [5, 4, 5, 5], "texture": "#1"},
				"up": {"uv": [5, 4, 4, 4], "texture": "#1"},
				"down": {"uv": [6, 4, 5, 4], "texture": "#1"}
			}
		},
		{
			"name": "outside2",
			"from": [8.29648, -1.275, 12.12795],
			"to": [10.29648, 0.725, 12.12795],
			"rotation": {"angle": 22.5, "axis": "y", "origin": [-1.325, -0.3, 9.225]},
			"faces": {
				"north": {"uv": [3, 3, 4, 4], "texture": "#1"},
				"east": {"uv": [3, 3, 3, 4], "texture": "#1"},
				"south": {"uv": [4, 3, 5, 4], "texture": "#1"},
				"west": {"uv": [4, 3, 4, 4], "texture": "#1"},
				"up": {"uv": [4, 3, 3, 3], "texture": "#1"},
				"down": {"uv": [5, 3, 4, 3], "texture": "#1"}
			}
		},
		{
			"name": "outside3",
			"from": [7.92336, -3.10374, 8.225],
			"to": [9.92336, -3.10374, 10.225],
			"rotation": {"angle": 22.5, "axis": "z", "origin": [-1.325, -0.3, 9.225]},
			"faces": {
				"north": {"uv": [4, 2, 5, 2], "texture": "#1"},
				"east": {"uv": [3, 2, 4, 2], "texture": "#1"},
				"south": {"uv": [6, 2, 7, 2], "texture": "#1"},
				"west": {"uv": [5, 2, 6, 2], "texture": "#1"},
				"up": {"uv": [5, 2, 4, 1], "texture": "#1"},
				"down": {"uv": [6, 1, 5, 2], "texture": "#1"}
			}
		},
		{
			"name": "outside4",
			"from": [8.28691, 2.62605, 8.225],
			"to": [10.28691, 2.62605, 10.225],
			"rotation": {"angle": -22.5, "axis": "z", "origin": [-1.325, -0.3, 9.225]},
			"faces": {
				"north": {"uv": [1, 4, 2, 4], "texture": "#1"},
				"east": {"uv": [0, 4, 1, 4], "texture": "#1"},
				"south": {"uv": [3, 4, 4, 4], "texture": "#1"},
				"west": {"uv": [2, 4, 3, 4], "texture": "#1"},
				"up": {"uv": [2, 4, 1, 3], "texture": "#1"},
				"down": {"uv": [3, 3, 2, 4], "texture": "#1"}
			}
		},
		{
			"name": "base",
			"from": [6.525, 2.5, 6.2],
			"to": [11, 3.5, 6.5],
			"rotation": {"angle": 0, "axis": "y", "origin": [2, 2.975, 6]},
			"faces": {
				"north": {"uv": [0.5, 0.5, 5, 1], "texture": "#1"},
				"east": {"uv": [0, 0.5, 0.5, 1], "texture": "#1"},
				"south": {"uv": [5.5, 0.5, 10, 1], "texture": "#1"},
				"west": {"uv": [5, 0.5, 5.5, 1], "texture": "#1"},
				"up": {"uv": [5, 0.5, 0.5, 0], "texture": "#1"},
				"down": {"uv": [9.5, 0, 5, 0.5], "texture": "#1"}
			}
		},
		{
			"name": "inside",
			"from": [10.55, 3.675, 4.925],
			"to": [11.55, 4.675, 5.925],
			"rotation": {"angle": 0, "axis": "y", "origin": [-0.7, 4.15, 5.425]},
			"faces": {
				"north": {"uv": [0.5, 5.5, 1, 6], "texture": "#1"},
				"east": {"uv": [0, 5.5, 0.5, 6], "texture": "#1"},
				"south": {"uv": [1.5, 5.5, 2, 6], "texture": "#1"},
				"west": {"uv": [1, 5.5, 1.5, 6], "texture": "#1"},
				"up": {"uv": [1, 5.5, 0.5, 5], "texture": "#1"},
				"down": {"uv": [1.5, 5, 1, 5.5], "texture": "#1"}
			}
		},
		{
			"name": "outside1",
			"from": [8.5388, 3.175, 2.59817],
			"to": [10.5388, 5.175, 2.59817],
			"rotation": {"angle": -22.5, "axis": "y", "origin": [-0.7, 4.15, 5.425]},
			"faces": {
				"north": {"uv": [4, 4, 5, 5], "texture": "#1"},
				"east": {"uv": [4, 4, 4, 5], "texture": "#1"},
				"south": {"uv": [5, 4, 6, 5], "texture": "#1"},
				"west": {"uv": [5, 4, 5, 5], "texture": "#1"},
				"up": {"uv": [5, 4, 4, 4], "texture": "#1"},
				"down": {"uv": [6, 4, 5, 4], "texture": "#1"}
			}
		},
		{
			"name": "outside3",
			"from": [8.54836, 0.97126, 4.775],
			"to": [10.54836, 0.97126, 5.875],
			"rotation": {"angle": 22.5, "axis": "z", "origin": [-0.7, 3.775, 4.875]},
			"faces": {
				"north": {"uv": [4, 2, 5, 2], "texture": "#1"},
				"east": {"uv": [3, 2, 4, 2], "texture": "#1"},
				"south": {"uv": [6, 2, 7, 2], "texture": "#1"},
				"west": {"uv": [5, 2, 6, 2], "texture": "#1"},
				"up": {"uv": [5, 2, 4, 1], "texture": "#1"},
				"down": {"uv": [6, 1, 5, 2], "texture": "#1"}
			}
		},
		{
			"name": "outside2",
			"from": [8.92148, 3.175, 8.67795],
			"to": [10.92148, 5.175, 8.67795],
			"rotation": {"angle": 22.5, "axis": "y", "origin": [-0.7, 4.15, 5.775]},
			"faces": {
				"north": {"uv": [3, 3, 4, 4], "texture": "#1"},
				"east": {"uv": [3, 3, 3, 4], "texture": "#1"},
				"south": {"uv": [4, 3, 5, 4], "texture": "#1"},
				"west": {"uv": [4, 3, 4, 4], "texture": "#1"},
				"up": {"uv": [4, 3, 3, 3], "texture": "#1"},
				"down": {"uv": [5, 3, 4, 3], "texture": "#1"}
			}
		},
		{
			"name": "base",
			"from": [10.05, 3.175, 4.425],
			"to": [11.3, 5.175, 6.425],
			"rotation": {"angle": 0, "axis": "y", "origin": [-0.7, 4.15, 5.425]},
			"faces": {
				"north": {"uv": [1, 2, 2.5, 3], "texture": "#1"},
				"east": {"uv": [0, 2, 1, 3], "texture": "#1"},
				"south": {"uv": [3.5, 2, 5, 3], "texture": "#1"},
				"west": {"uv": [2.5, 2, 3.5, 3], "texture": "#1"},
				"up": {"uv": [2.5, 2, 1, 1], "texture": "#1"},
				"down": {"uv": [4, 1, 2.5, 2], "texture": "#1"}
			}
		},
		{
			"name": "outside4",
			"from": [8.91191, 7.07605, 5.325],
			"to": [10.91191, 7.07605, 6.425],
			"rotation": {"angle": -22.5, "axis": "z", "origin": [-0.7, 4.15, 5.425]},
			"faces": {
				"north": {"uv": [1, 4, 2, 4], "texture": "#1"},
				"east": {"uv": [0, 4, 1, 4], "texture": "#1"},
				"south": {"uv": [3, 4, 4, 4], "texture": "#1"},
				"west": {"uv": [2, 4, 3, 4], "texture": "#1"},
				"up": {"uv": [2, 4, 1, 3], "texture": "#1"},
				"down": {"uv": [3, 3, 2, 4], "texture": "#1"}
			}
		},
		{
			"name": "base",
			"from": [5.575, 3.675, 5.625],
			"to": [8.3, 4.675, 5.925],
			"rotation": {"angle": 0, "axis": "y", "origin": [-0.7, 4.15, 5.425]},
			"faces": {
				"north": {"uv": [0.5, 0.5, 5, 1], "texture": "#1"},
				"east": {"uv": [0, 0.5, 0.5, 1], "texture": "#1"},
				"south": {"uv": [5.5, 0.5, 10, 1], "texture": "#1"},
				"west": {"uv": [5, 0.5, 5.5, 1], "texture": "#1"},
				"up": {"uv": [5, 0.5, 0.5, 0], "texture": "#1"},
				"down": {"uv": [9.5, 0, 5, 0.5], "texture": "#1"}
			}
		},
		{
			"name": "leaf1",
			"from": [8.69813, 2, 8.77445],
			"to": [8.69813, 4, 10.77445],
			"rotation": {"angle": 22.5, "axis": "y", "origin": [2, 2.975, 6]},
			"faces": {
				"north": {"uv": [3, 4, 3, 5], "texture": "#1"},
				"east": {"uv": [2, 4, 3, 5], "texture": "#1"},
				"south": {"uv": [4, 4, 4, 5], "texture": "#1"},
				"west": {"uv": [3, 4, 4, 5], "texture": "#1"},
				"up": {"uv": [3, 4, 3, 3], "texture": "#1"},
				"down": {"uv": [3, 3, 3, 4], "texture": "#1"}
			}
		},
		{
			"name": "leaf2",
			"from": [6.31597, 2, 3.87248],
			"to": [6.31597, 4, 4.04748],
			"rotation": {"angle": -22.5, "axis": "y", "origin": [2, 2.975, 6]},
			"faces": {
				"north": {"uv": [1, 4, 1, 5], "texture": "#1"},
				"east": {"uv": [0, 4, 1, 5], "texture": "#1"},
				"south": {"uv": [2, 4, 2, 5], "texture": "#1"},
				"west": {"uv": [1, 4, 2, 5], "texture": "#1"},
				"up": {"uv": [1, 4, 1, 3], "texture": "#1"},
				"down": {"uv": [1, 3, 1, 4], "texture": "#1"}
			}
		},
		{
			"name": "base",
			"from": [9.5, 2.6, 7.8],
			"to": [12.5, 4.6, 9.8],
			"rotation": {"angle": 0, "axis": "y", "origin": [0.5, 3.575, 8.8]},
			"faces": {
				"north": {"uv": [1, 2, 2.5, 3], "texture": "#1"},
				"east": {"uv": [0, 2, 1, 3], "texture": "#1"},
				"south": {"uv": [3.5, 2, 5, 3], "texture": "#1"},
				"west": {"uv": [2.5, 2, 3.5, 3], "texture": "#1"},
				"up": {"uv": [2.5, 2, 1, 1], "texture": "#1"},
				"down": {"uv": [4, 1, 2.5, 2], "texture": "#1"}
			}
		},
		{
			"name": "inside",
			"from": [11.75, 3.1, 8.3],
			"to": [12.75, 4.1, 9.3],
			"rotation": {"angle": 0, "axis": "y", "origin": [0.5, 3.575, 8.8]},
			"faces": {
				"north": {"uv": [0.5, 5.5, 1, 6], "texture": "#1"},
				"east": {"uv": [0, 5.5, 0.5, 6], "texture": "#1"},
				"south": {"uv": [1.5, 5.5, 2, 6], "texture": "#1"},
				"west": {"uv": [1, 5.5, 1.5, 6], "texture": "#1"},
				"up": {"uv": [1, 5.5, 0.5, 5], "texture": "#1"},
				"down": {"uv": [1.5, 5, 1, 5.5], "texture": "#1"}
			}
		},
		{
			"name": "outside1",
			"from": [9.7388, 2.6, 5.97317],
			"to": [11.7388, 4.6, 5.97317],
			"rotation": {"angle": -22.5, "axis": "y", "origin": [0.5, 3.575, 8.8]},
			"faces": {
				"north": {"uv": [4, 4, 5, 5], "texture": "#1"},
				"east": {"uv": [4, 4, 4, 5], "texture": "#1"},
				"south": {"uv": [5, 4, 6, 5], "texture": "#1"},
				"west": {"uv": [5, 4, 5, 5], "texture": "#1"},
				"up": {"uv": [5, 4, 4, 4], "texture": "#1"},
				"down": {"uv": [6, 4, 5, 4], "texture": "#1"}
			}
		},
		{
			"name": "outside2",
			"from": [10.12148, 2.6, 11.70295],
			"to": [12.12148, 4.6, 11.70295],
			"rotation": {"angle": 22.5, "axis": "y", "origin": [0.5, 3.575, 8.8]},
			"faces": {
				"north": {"uv": [3, 3, 4, 4], "texture": "#1"},
				"east": {"uv": [3, 3, 3, 4], "texture": "#1"},
				"south": {"uv": [4, 3, 5, 4], "texture": "#1"},
				"west": {"uv": [4, 3, 4, 4], "texture": "#1"},
				"up": {"uv": [4, 3, 3, 3], "texture": "#1"},
				"down": {"uv": [5, 3, 4, 3], "texture": "#1"}
			}
		},
		{
			"name": "outside3",
			"from": [9.74836, 0.77126, 7.8],
			"to": [11.74836, 0.77126, 9.8],
			"rotation": {"angle": 22.5, "axis": "z", "origin": [0.5, 3.575, 8.8]},
			"faces": {
				"north": {"uv": [4, 2, 5, 2], "texture": "#1"},
				"east": {"uv": [3, 2, 4, 2], "texture": "#1"},
				"south": {"uv": [6, 2, 7, 2], "texture": "#1"},
				"west": {"uv": [5, 2, 6, 2], "texture": "#1"},
				"up": {"uv": [5, 2, 4, 1], "texture": "#1"},
				"down": {"uv": [6, 1, 5, 2], "texture": "#1"}
			}
		},
		{
			"name": "outside4",
			"from": [10.11191, 6.50105, 7.8],
			"to": [12.11191, 6.50105, 9.8],
			"rotation": {"angle": -22.5, "axis": "z", "origin": [0.5, 3.575, 8.8]},
			"faces": {
				"north": {"uv": [1, 4, 2, 4], "texture": "#1"},
				"east": {"uv": [0, 4, 1, 4], "texture": "#1"},
				"south": {"uv": [3, 4, 4, 4], "texture": "#1"},
				"west": {"uv": [2, 4, 3, 4], "texture": "#1"},
				"up": {"uv": [2, 4, 1, 3], "texture": "#1"},
				"down": {"uv": [3, 3, 2, 4], "texture": "#1"}
			}
		},
		{
			"name": "base",
			"from": [0.5, 3.1, 8.3],
			"to": [9.5, 4.1, 9.3],
			"rotation": {"angle": 0, "axis": "y", "origin": [0.5, 3.575, 8.8]},
			"faces": {
				"north": {"uv": [0.5, 0.5, 5, 1], "texture": "#1"},
				"east": {"uv": [0, 0.5, 0.5, 1], "texture": "#1"},
				"south": {"uv": [5.5, 0.5, 10, 1], "texture": "#1"},
				"west": {"uv": [5, 0.5, 5.5, 1], "texture": "#1"},
				"up": {"uv": [5, 0.5, 0.5, 0], "texture": "#1"},
				"down": {"uv": [9.5, 0, 5, 0.5], "texture": "#1"}
			}
		},
		{
			"name": "leaf1",
			"from": [7.19813, 2.6, 11.57445],
			"to": [7.19813, 4.6, 13.57445],
			"rotation": {"angle": 22.5, "axis": "y", "origin": [0.5, 3.575, 8.8]},
			"faces": {
				"north": {"uv": [3, 4, 3, 5], "texture": "#1"},
				"east": {"uv": [2, 4, 3, 5], "texture": "#1"},
				"south": {"uv": [4, 4, 4, 5], "texture": "#1"},
				"west": {"uv": [3, 4, 4, 5], "texture": "#1"},
				"up": {"uv": [3, 4, 3, 3], "texture": "#1"},
				"down": {"uv": [3, 3, 3, 4], "texture": "#1"}
			}
		},
		{
			"name": "leaf2",
			"from": [4.81597, 2.6, 4.84748],
			"to": [4.81597, 4.6, 6.84748],
			"rotation": {"angle": -22.5, "axis": "y", "origin": [0.5, 3.575, 8.8]},
			"faces": {
				"north": {"uv": [1, 4, 1, 5], "texture": "#1"},
				"east": {"uv": [0, 4, 1, 5], "texture": "#1"},
				"south": {"uv": [2, 4, 2, 5], "texture": "#1"},
				"west": {"uv": [1, 4, 2, 5], "texture": "#1"},
				"up": {"uv": [1, 4, 1, 3], "texture": "#1"},
				"down": {"uv": [1, 3, 1, 4], "texture": "#1"}
			}
		},
		{
			"name": "base",
			"from": [10.125, 4.275, 5.775],
			"to": [13.125, 6.275, 7.775],
			"rotation": {"angle": 0, "axis": "y", "origin": [1.125, 5.25, 6.775]},
			"faces": {
				"north": {"uv": [1, 2, 2.5, 3], "texture": "#1"},
				"east": {"uv": [0, 2, 1, 3], "texture": "#1"},
				"south": {"uv": [3.5, 2, 5, 3], "texture": "#1"},
				"west": {"uv": [2.5, 2, 3.5, 3], "texture": "#1"},
				"up": {"uv": [2.5, 2, 1, 1], "texture": "#1"},
				"down": {"uv": [4, 1, 2.5, 2], "texture": "#1"}
			}
		},
		{
			"name": "inside",
			"from": [12.375, 4.775, 6.275],
			"to": [13.375, 5.775, 7.275],
			"rotation": {"angle": 0, "axis": "y", "origin": [1.125, 5.25, 6.775]},
			"faces": {
				"north": {"uv": [0.5, 5.5, 1, 6], "texture": "#1"},
				"east": {"uv": [0, 5.5, 0.5, 6], "texture": "#1"},
				"south": {"uv": [1.5, 5.5, 2, 6], "texture": "#1"},
				"west": {"uv": [1, 5.5, 1.5, 6], "texture": "#1"},
				"up": {"uv": [1, 5.5, 0.5, 5], "texture": "#1"},
				"down": {"uv": [1.5, 5, 1, 5.5], "texture": "#1"}
			}
		},
		{
			"name": "outside1",
			"from": [10.3638, 4.275, 3.94817],
			"to": [12.3638, 6.275, 3.94817],
			"rotation": {"angle": -22.5, "axis": "y", "origin": [1.125, 5.25, 6.775]},
			"faces": {
				"north": {"uv": [4, 4, 5, 5], "texture": "#1"},
				"east": {"uv": [4, 4, 4, 5], "texture": "#1"},
				"south": {"uv": [5, 4, 6, 5], "texture": "#1"},
				"west": {"uv": [5, 4, 5, 5], "texture": "#1"},
				"up": {"uv": [5, 4, 4, 4], "texture": "#1"},
				"down": {"uv": [6, 4, 5, 4], "texture": "#1"}
			}
		},
		{
			"name": "outside2",
			"from": [10.74648, 4.275, 9.67795],
			"to": [12.74648, 6.275, 9.67795],
			"rotation": {"angle": 22.5, "axis": "y", "origin": [1.125, 5.25, 6.775]},
			"faces": {
				"north": {"uv": [3, 3, 4, 4], "texture": "#1"},
				"east": {"uv": [3, 3, 3, 4], "texture": "#1"},
				"south": {"uv": [4, 3, 5, 4], "texture": "#1"},
				"west": {"uv": [4, 3, 4, 4], "texture": "#1"},
				"up": {"uv": [4, 3, 3, 3], "texture": "#1"},
				"down": {"uv": [5, 3, 4, 3], "texture": "#1"}
			}
		},
		{
			"name": "outside3",
			"from": [10.37336, 2.44626, 5.775],
			"to": [12.37336, 2.44626, 7.775],
			"rotation": {"angle": 22.5, "axis": "z", "origin": [1.125, 5.25, 6.775]},
			"faces": {
				"north": {"uv": [4, 2, 5, 2], "texture": "#1"},
				"east": {"uv": [3, 2, 4, 2], "texture": "#1"},
				"south": {"uv": [6, 2, 7, 2], "texture": "#1"},
				"west": {"uv": [5, 2, 6, 2], "texture": "#1"},
				"up": {"uv": [5, 2, 4, 1], "texture": "#1"},
				"down": {"uv": [6, 1, 5, 2], "texture": "#1"}
			}
		},
		{
			"name": "outside4",
			"from": [10.73691, 8.17605, 5.775],
			"to": [12.73691, 8.17605, 7.775],
			"rotation": {"angle": -22.5, "axis": "z", "origin": [1.125, 5.25, 6.775]},
			"faces": {
				"north": {"uv": [1, 4, 2, 4], "texture": "#1"},
				"east": {"uv": [0, 4, 1, 4], "texture": "#1"},
				"south": {"uv": [3, 4, 4, 4], "texture": "#1"},
				"west": {"uv": [2, 4, 3, 4], "texture": "#1"},
				"up": {"uv": [2, 4, 1, 3], "texture": "#1"},
				"down": {"uv": [3, 3, 2, 4], "texture": "#1"}
			}
		},
		{
			"name": "base",
			"from": [4.725, 4.775, 6.275],
			"to": [10.125, 5.775, 7.275],
			"rotation": {"angle": 0, "axis": "y", "origin": [1.125, 5.25, 6.775]},
			"faces": {
				"north": {"uv": [0.5, 0.5, 5, 1], "texture": "#1"},
				"east": {"uv": [0, 0.5, 0.5, 1], "texture": "#1"},
				"south": {"uv": [5.5, 0.5, 10, 1], "texture": "#1"},
				"west": {"uv": [5, 0.5, 5.5, 1], "texture": "#1"},
				"up": {"uv": [5, 0.5, 0.5, 0], "texture": "#1"},
				"down": {"uv": [9.5, 0, 5, 0.5], "texture": "#1"}
			}
		},
		{
			"name": "leaf1",
			"from": [7.82313, 4.275, 9.54945],
			"to": [7.82313, 6.275, 11.54945],
			"rotation": {"angle": 22.5, "axis": "y", "origin": [1.125, 5.25, 6.775]},
			"faces": {
				"north": {"uv": [3, 4, 3, 5], "texture": "#1"},
				"east": {"uv": [2, 4, 3, 5], "texture": "#1"},
				"south": {"uv": [4, 4, 4, 5], "texture": "#1"},
				"west": {"uv": [3, 4, 4, 5], "texture": "#1"},
				"up": {"uv": [3, 4, 3, 3], "texture": "#1"},
				"down": {"uv": [3, 3, 3, 4], "texture": "#1"}
			}
		},
		{
			"name": "leaf2",
			"from": [5.44097, 4.275, 3.84748],
			"to": [5.44097, 6.275, 4.82248],
			"rotation": {"angle": -22.5, "axis": "y", "origin": [1.125, 5.25, 6.775]},
			"faces": {
				"north": {"uv": [1, 4, 1, 5], "texture": "#1"},
				"east": {"uv": [0, 4, 1, 5], "texture": "#1"},
				"south": {"uv": [2, 4, 2, 5], "texture": "#1"},
				"west": {"uv": [1, 4, 2, 5], "texture": "#1"},
				"up": {"uv": [1, 4, 1, 3], "texture": "#1"},
				"down": {"uv": [1, 3, 1, 4], "texture": "#1"}
			}
		},
		{
			"name": "base",
			"from": [9.575, 5.025, 9.05],
			"to": [12.575, 7.025, 11.05],
			"rotation": {"angle": 0, "axis": "y", "origin": [0.575, 6, 10.05]},
			"faces": {
				"north": {"uv": [1, 2, 2.5, 3], "texture": "#1"},
				"east": {"uv": [0, 2, 1, 3], "texture": "#1"},
				"south": {"uv": [3.5, 2, 5, 3], "texture": "#1"},
				"west": {"uv": [2.5, 2, 3.5, 3], "texture": "#1"},
				"up": {"uv": [2.5, 2, 1, 1], "texture": "#1"},
				"down": {"uv": [4, 1, 2.5, 2], "texture": "#1"}
			}
		},
		{
			"name": "inside",
			"from": [11.825, 5.525, 9.55],
			"to": [12.825, 6.525, 10.55],
			"rotation": {"angle": 0, "axis": "y", "origin": [0.575, 6, 10.05]},
			"faces": {
				"north": {"uv": [0.5, 5.5, 1, 6], "texture": "#1"},
				"east": {"uv": [0, 5.5, 0.5, 6], "texture": "#1"},
				"south": {"uv": [1.5, 5.5, 2, 6], "texture": "#1"},
				"west": {"uv": [1, 5.5, 1.5, 6], "texture": "#1"},
				"up": {"uv": [1, 5.5, 0.5, 5], "texture": "#1"},
				"down": {"uv": [1.5, 5, 1, 5.5], "texture": "#1"}
			}
		},
		{
			"name": "outside1",
			"from": [9.8138, 5.025, 7.22317],
			"to": [11.8138, 7.025, 7.22317],
			"rotation": {"angle": -22.5, "axis": "y", "origin": [0.575, 6, 10.05]},
			"faces": {
				"north": {"uv": [4, 4, 5, 5], "texture": "#1"},
				"east": {"uv": [4, 4, 4, 5], "texture": "#1"},
				"south": {"uv": [5, 4, 6, 5], "texture": "#1"},
				"west": {"uv": [5, 4, 5, 5], "texture": "#1"},
				"up": {"uv": [5, 4, 4, 4], "texture": "#1"},
				"down": {"uv": [6, 4, 5, 4], "texture": "#1"}
			}
		},
		{
			"name": "outside2",
			"from": [10.19648, 5.025, 12.95295],
			"to": [12.19648, 7.025, 12.95295],
			"rotation": {"angle": 22.5, "axis": "y", "origin": [0.575, 6, 10.05]},
			"faces": {
				"north": {"uv": [3, 3, 4, 4], "texture": "#1"},
				"east": {"uv": [3, 3, 3, 4], "texture": "#1"},
				"south": {"uv": [4, 3, 5, 4], "texture": "#1"},
				"west": {"uv": [4, 3, 4, 4], "texture": "#1"},
				"up": {"uv": [4, 3, 3, 3], "texture": "#1"},
				"down": {"uv": [5, 3, 4, 3], "texture": "#1"}
			}
		},
		{
			"name": "outside3",
			"from": [9.82336, 3.19626, 9.05],
			"to": [11.82336, 3.19626, 11.05],
			"rotation": {"angle": 22.5, "axis": "z", "origin": [0.575, 6, 10.05]},
			"faces": {
				"north": {"uv": [4, 2, 5, 2], "texture": "#1"},
				"east": {"uv": [3, 2, 4, 2], "texture": "#1"},
				"south": {"uv": [6, 2, 7, 2], "texture": "#1"},
				"west": {"uv": [5, 2, 6, 2], "texture": "#1"},
				"up": {"uv": [5, 2, 4, 1], "texture": "#1"},
				"down": {"uv": [6, 1, 5, 2], "texture": "#1"}
			}
		},
		{
			"name": "outside4",
			"from": [10.18691, 8.92605, 9.05],
			"to": [12.18691, 8.92605, 11.05],
			"rotation": {"angle": -22.5, "axis": "z", "origin": [0.575, 6, 10.05]},
			"faces": {
				"north": {"uv": [1, 4, 2, 4], "texture": "#1"},
				"east": {"uv": [0, 4, 1, 4], "texture": "#1"},
				"south": {"uv": [3, 4, 4, 4], "texture": "#1"},
				"west": {"uv": [2, 4, 3, 4], "texture": "#1"},
				"up": {"uv": [2, 4, 1, 3], "texture": "#1"},
				"down": {"uv": [3, 3, 2, 4], "texture": "#1"}
			}
		},
		{
			"name": "base",
			"from": [3.125, 5.525, 9.55],
			"to": [9.575, 6.525, 10.55],
			"rotation": {"angle": 0, "axis": "y", "origin": [0.575, 6, 10.05]},
			"faces": {
				"north": {"uv": [0.5, 0.5, 5, 1], "texture": "#1"},
				"east": {"uv": [0, 0.5, 0.5, 1], "texture": "#1"},
				"south": {"uv": [5.5, 0.5, 10, 1], "texture": "#1"},
				"west": {"uv": [5, 0.5, 5.5, 1], "texture": "#1"},
				"up": {"uv": [5, 0.5, 0.5, 0], "texture": "#1"},
				"down": {"uv": [9.5, 0, 5, 0.5], "texture": "#1"}
			}
		},
		{
			"name": "leaf1",
			"from": [7.27313, 5.025, 12.82445],
			"to": [7.27313, 7.025, 14.82445],
			"rotation": {"angle": 22.5, "axis": "y", "origin": [0.575, 6, 10.05]},
			"faces": {
				"north": {"uv": [3, 4, 3, 5], "texture": "#1"},
				"east": {"uv": [2, 4, 3, 5], "texture": "#1"},
				"south": {"uv": [4, 4, 4, 5], "texture": "#1"},
				"west": {"uv": [3, 4, 4, 5], "texture": "#1"},
				"up": {"uv": [3, 4, 3, 3], "texture": "#1"},
				"down": {"uv": [3, 3, 3, 4], "texture": "#1"}
			}
		},
		{
			"name": "leaf2",
			"from": [4.89097, 5.025, 6.09748],
			"to": [4.89097, 7.025, 8.09748],
			"rotation": {"angle": -22.5, "axis": "y", "origin": [0.575, 6, 10.05]},
			"faces": {
				"north": {"uv": [1, 4, 1, 5], "texture": "#1"},
				"east": {"uv": [0, 4, 1, 5], "texture": "#1"},
				"south": {"uv": [2, 4, 2, 5], "texture": "#1"},
				"west": {"uv": [1, 4, 2, 5], "texture": "#1"},
				"up": {"uv": [1, 4, 1, 3], "texture": "#1"},
				"down": {"uv": [1, 3, 1, 4], "texture": "#1"}
			}
		},
		{
			"name": "base",
			"from": [10.8, 0.55, 9.975],
			"to": [13.8, 2.55, 11.975],
			"rotation": {"angle": 0, "axis": "y", "origin": [1.8, 1.525, 10.975]},
			"faces": {
				"north": {"uv": [1, 2, 2.5, 3], "texture": "#1"},
				"east": {"uv": [0, 2, 1, 3], "texture": "#1"},
				"south": {"uv": [3.5, 2, 5, 3], "texture": "#1"},
				"west": {"uv": [2.5, 2, 3.5, 3], "texture": "#1"},
				"up": {"uv": [2.5, 2, 1, 1], "texture": "#1"},
				"down": {"uv": [4, 1, 2.5, 2], "texture": "#1"}
			}
		},
		{
			"name": "inside",
			"from": [13.05, 1.05, 10.475],
			"to": [14.05, 2.05, 11.475],
			"rotation": {"angle": 0, "axis": "y", "origin": [1.8, 1.525, 10.975]},
			"faces": {
				"north": {"uv": [0.5, 5.5, 1, 6], "texture": "#1"},
				"east": {"uv": [0, 5.5, 0.5, 6], "texture": "#1"},
				"south": {"uv": [1.5, 5.5, 2, 6], "texture": "#1"},
				"west": {"uv": [1, 5.5, 1.5, 6], "texture": "#1"},
				"up": {"uv": [1, 5.5, 0.5, 5], "texture": "#1"},
				"down": {"uv": [1.5, 5, 1, 5.5], "texture": "#1"}
			}
		},
		{
			"name": "outside1",
			"from": [11.0388, 0.55, 8.14817],
			"to": [13.0388, 2.55, 8.14817],
			"rotation": {"angle": -22.5, "axis": "y", "origin": [1.8, 1.525, 10.975]},
			"faces": {
				"north": {"uv": [4, 4, 5, 5], "texture": "#1"},
				"east": {"uv": [4, 4, 4, 5], "texture": "#1"},
				"south": {"uv": [5, 4, 6, 5], "texture": "#1"},
				"west": {"uv": [5, 4, 5, 5], "texture": "#1"},
				"up": {"uv": [5, 4, 4, 4], "texture": "#1"},
				"down": {"uv": [6, 4, 5, 4], "texture": "#1"}
			}
		},
		{
			"name": "outside2",
			"from": [11.42148, 0.55, 13.87795],
			"to": [13.42148, 2.55, 13.87795],
			"rotation": {"angle": 22.5, "axis": "y", "origin": [1.8, 1.525, 10.975]},
			"faces": {
				"north": {"uv": [3, 3, 4, 4], "texture": "#1"},
				"east": {"uv": [3, 3, 3, 4], "texture": "#1"},
				"south": {"uv": [4, 3, 5, 4], "texture": "#1"},
				"west": {"uv": [4, 3, 4, 4], "texture": "#1"},
				"up": {"uv": [4, 3, 3, 3], "texture": "#1"},
				"down": {"uv": [5, 3, 4, 3], "texture": "#1"}
			}
		},
		{
			"name": "outside3",
			"from": [11.04836, -1.27874, 9.975],
			"to": [13.04836, -1.27874, 11.975],
			"rotation": {"angle": 22.5, "axis": "z", "origin": [1.8, 1.525, 10.975]},
			"faces": {
				"north": {"uv": [4, 2, 5, 2], "texture": "#1"},
				"east": {"uv": [3, 2, 4, 2], "texture": "#1"},
				"south": {"uv": [6, 2, 7, 2], "texture": "#1"},
				"west": {"uv": [5, 2, 6, 2], "texture": "#1"},
				"up": {"uv": [5, 2, 4, 1], "texture": "#1"},
				"down": {"uv": [6, 1, 5, 2], "texture": "#1"}
			}
		},
		{
			"name": "outside4",
			"from": [11.41191, 4.45105, 9.975],
			"to": [13.41191, 4.45105, 11.975],
			"rotation": {"angle": -22.5, "axis": "z", "origin": [1.8, 1.525, 10.975]},
			"faces": {
				"north": {"uv": [1, 4, 2, 4], "texture": "#1"},
				"east": {"uv": [0, 4, 1, 4], "texture": "#1"},
				"south": {"uv": [3, 4, 4, 4], "texture": "#1"},
				"west": {"uv": [2, 4, 3, 4], "texture": "#1"},
				"up": {"uv": [2, 4, 1, 3], "texture": "#1"},
				"down": {"uv": [3, 3, 2, 4], "texture": "#1"}
			}
		},
		{
			"name": "base",
			"from": [5.525, 1.05, 10.475],
			"to": [10.8, 2.05, 11.475],
			"rotation": {"angle": 0, "axis": "y", "origin": [1.8, 1.525, 10.975]},
			"faces": {
				"north": {"uv": [0.5, 0.5, 5, 1], "texture": "#1"},
				"east": {"uv": [0, 0.5, 0.5, 1], "texture": "#1"},
				"south": {"uv": [5.5, 0.5, 10, 1], "texture": "#1"},
				"west": {"uv": [5, 0.5, 5.5, 1], "texture": "#1"},
				"up": {"uv": [5, 0.5, 0.5, 0], "texture": "#1"},
				"down": {"uv": [9.5, 0, 5, 0.5], "texture": "#1"}
			}
		},
		{
			"name": "leaf1",
			"from": [8.49813, 0.55, 13.74945],
			"to": [8.49813, 2.55, 15.74945],
			"rotation": {"angle": 22.5, "axis": "y", "origin": [1.8, 1.525, 10.975]},
			"faces": {
				"north": {"uv": [3, 4, 3, 5], "texture": "#1"},
				"east": {"uv": [2, 4, 3, 5], "texture": "#1"},
				"south": {"uv": [4, 4, 4, 5], "texture": "#1"},
				"west": {"uv": [3, 4, 4, 5], "texture": "#1"},
				"up": {"uv": [3, 4, 3, 3], "texture": "#1"},
				"down": {"uv": [3, 3, 3, 4], "texture": "#1"}
			}
		},
		{
			"name": "leaf2",
			"from": [6.11597, 0.55, 7.02248],
			"to": [6.11597, 2.55, 9.02248],
			"rotation": {"angle": -22.5, "axis": "y", "origin": [1.8, 1.525, 10.975]},
			"faces": {
				"north": {"uv": [1, 4, 1, 5], "texture": "#1"},
				"east": {"uv": [0, 4, 1, 5], "texture": "#1"},
				"south": {"uv": [2, 4, 2, 5], "texture": "#1"},
				"west": {"uv": [1, 4, 2, 5], "texture": "#1"},
				"up": {"uv": [1, 4, 1, 3], "texture": "#1"},
				"down": {"uv": [1, 3, 1, 4], "texture": "#1"}
			}
		},
		{
			"name": "base",
			"from": [10.8, 3.075, 10.925],
			"to": [13.8, 5.075, 12.925],
			"rotation": {"angle": 0, "axis": "y", "origin": [1.8, 4.05, 11.925]},
			"faces": {
				"north": {"uv": [1, 2, 2.5, 3], "texture": "#1"},
				"east": {"uv": [0, 2, 1, 3], "texture": "#1"},
				"south": {"uv": [3.5, 2, 5, 3], "texture": "#1"},
				"west": {"uv": [2.5, 2, 3.5, 3], "texture": "#1"},
				"up": {"uv": [2.5, 2, 1, 1], "texture": "#1"},
				"down": {"uv": [4, 1, 2.5, 2], "texture": "#1"}
			}
		},
		{
			"name": "inside",
			"from": [13.05, 3.575, 11.425],
			"to": [14.05, 4.575, 12.425],
			"rotation": {"angle": 0, "axis": "y", "origin": [1.8, 4.05, 11.925]},
			"faces": {
				"north": {"uv": [0.5, 5.5, 1, 6], "texture": "#1"},
				"east": {"uv": [0, 5.5, 0.5, 6], "texture": "#1"},
				"south": {"uv": [1.5, 5.5, 2, 6], "texture": "#1"},
				"west": {"uv": [1, 5.5, 1.5, 6], "texture": "#1"},
				"up": {"uv": [1, 5.5, 0.5, 5], "texture": "#1"},
				"down": {"uv": [1.5, 5, 1, 5.5], "texture": "#1"}
			}
		},
		{
			"name": "outside1",
			"from": [11.0388, 3.075, 9.09817],
			"to": [13.0388, 5.075, 9.09817],
			"rotation": {"angle": -22.5, "axis": "y", "origin": [1.8, 4.05, 11.925]},
			"faces": {
				"north": {"uv": [4, 4, 5, 5], "texture": "#1"},
				"east": {"uv": [4, 4, 4, 5], "texture": "#1"},
				"south": {"uv": [5, 4, 6, 5], "texture": "#1"},
				"west": {"uv": [5, 4, 5, 5], "texture": "#1"},
				"up": {"uv": [5, 4, 4, 4], "texture": "#1"},
				"down": {"uv": [6, 4, 5, 4], "texture": "#1"}
			}
		},
		{
			"name": "outside2",
			"from": [11.42148, 3.075, 14.82795],
			"to": [13.42148, 5.075, 14.82795],
			"rotation": {"angle": 22.5, "axis": "y", "origin": [1.8, 4.05, 11.925]},
			"faces": {
				"north": {"uv": [3, 3, 4, 4], "texture": "#1"},
				"east": {"uv": [3, 3, 3, 4], "texture": "#1"},
				"south": {"uv": [4, 3, 5, 4], "texture": "#1"},
				"west": {"uv": [4, 3, 4, 4], "texture": "#1"},
				"up": {"uv": [4, 3, 3, 3], "texture": "#1"},
				"down": {"uv": [5, 3, 4, 3], "texture": "#1"}
			}
		},
		{
			"name": "outside3",
			"from": [11.04836, 1.24626, 10.925],
			"to": [13.04836, 1.24626, 12.925],
			"rotation": {"angle": 22.5, "axis": "z", "origin": [1.8, 4.05, 11.925]},
			"faces": {
				"north": {"uv": [4, 2, 5, 2], "texture": "#1"},
				"east": {"uv": [3, 2, 4, 2], "texture": "#1"},
				"south": {"uv": [6, 2, 7, 2], "texture": "#1"},
				"west": {"uv": [5, 2, 6, 2], "texture": "#1"},
				"up": {"uv": [5, 2, 4, 1], "texture": "#1"},
				"down": {"uv": [6, 1, 5, 2], "texture": "#1"}
			}
		},
		{
			"name": "outside4",
			"from": [11.41191, 6.97605, 10.925],
			"to": [13.41191, 6.97605, 12.925],
			"rotation": {"angle": -22.5, "axis": "z", "origin": [1.8, 4.05, 11.925]},
			"faces": {
				"north": {"uv": [1, 4, 2, 4], "texture": "#1"},
				"east": {"uv": [0, 4, 1, 4], "texture": "#1"},
				"south": {"uv": [3, 4, 4, 4], "texture": "#1"},
				"west": {"uv": [2, 4, 3, 4], "texture": "#1"},
				"up": {"uv": [2, 4, 1, 3], "texture": "#1"},
				"down": {"uv": [3, 3, 2, 4], "texture": "#1"}
			}
		},
		{
			"name": "base",
			"from": [5.2, 3.575, 11.425],
			"to": [10.8, 4.575, 12.425],
			"rotation": {"angle": 0, "axis": "y", "origin": [1.8, 4.05, 11.925]},
			"faces": {
				"north": {"uv": [0.5, 0.5, 5, 1], "texture": "#1"},
				"east": {"uv": [0, 0.5, 0.5, 1], "texture": "#1"},
				"south": {"uv": [5.5, 0.5, 10, 1], "texture": "#1"},
				"west": {"uv": [5, 0.5, 5.5, 1], "texture": "#1"},
				"up": {"uv": [5, 0.5, 0.5, 0], "texture": "#1"},
				"down": {"uv": [9.5, 0, 5, 0.5], "texture": "#1"}
			}
		},
		{
			"name": "leaf1",
			"from": [8.49813, 3.075, 14.69945],
			"to": [8.49813, 5.075, 16.69945],
			"rotation": {"angle": 22.5, "axis": "y", "origin": [1.8, 4.05, 11.925]},
			"faces": {
				"north": {"uv": [3, 4, 3, 5], "texture": "#1"},
				"east": {"uv": [2, 4, 3, 5], "texture": "#1"},
				"south": {"uv": [4, 4, 4, 5], "texture": "#1"},
				"west": {"uv": [3, 4, 4, 5], "texture": "#1"},
				"up": {"uv": [3, 4, 3, 3], "texture": "#1"},
				"down": {"uv": [3, 3, 3, 4], "texture": "#1"}
			}
		},
		{
			"name": "leaf2",
			"from": [6.11597, 3.075, 7.97248],
			"to": [6.11597, 5.075, 9.97248],
			"rotation": {"angle": -22.5, "axis": "y", "origin": [1.8, 4.05, 11.925]},
			"faces": {
				"north": {"uv": [1, 4, 1, 5], "texture": "#1"},
				"east": {"uv": [0, 4, 1, 5], "texture": "#1"},
				"south": {"uv": [2, 4, 2, 5], "texture": "#1"},
				"west": {"uv": [1, 4, 2, 5], "texture": "#1"},
				"up": {"uv": [1, 4, 1, 3], "texture": "#1"},
				"down": {"uv": [1, 3, 1, 4], "texture": "#1"}
			}
		},
		{
			"name": "base",
			"from": [7.65, 6.325, 7.05],
			"to": [10.65, 8.325, 9.05],
			"rotation": {"angle": 0, "axis": "y", "origin": [-1.35, 7.3, 8.05]},
			"faces": {
				"north": {"uv": [1, 2, 2.5, 3], "texture": "#1"},
				"east": {"uv": [0, 2, 1, 3], "texture": "#1"},
				"south": {"uv": [3.5, 2, 5, 3], "texture": "#1"},
				"west": {"uv": [2.5, 2, 3.5, 3], "texture": "#1"},
				"up": {"uv": [2.5, 2, 1, 1], "texture": "#1"},
				"down": {"uv": [4, 1, 2.5, 2], "texture": "#1"}
			}
		},
		{
			"name": "inside",
			"from": [9.9, 6.825, 7.55],
			"to": [10.9, 7.825, 8.55],
			"rotation": {"angle": 0, "axis": "y", "origin": [-1.35, 7.3, 8.05]},
			"faces": {
				"north": {"uv": [0.5, 5.5, 1, 6], "texture": "#1"},
				"east": {"uv": [0, 5.5, 0.5, 6], "texture": "#1"},
				"south": {"uv": [1.5, 5.5, 2, 6], "texture": "#1"},
				"west": {"uv": [1, 5.5, 1.5, 6], "texture": "#1"},
				"up": {"uv": [1, 5.5, 0.5, 5], "texture": "#1"},
				"down": {"uv": [1.5, 5, 1, 5.5], "texture": "#1"}
			}
		},
		{
			"name": "outside1",
			"from": [7.8888, 6.325, 5.22317],
			"to": [9.8888, 8.325, 5.22317],
			"rotation": {"angle": -22.5, "axis": "y", "origin": [-1.35, 7.3, 8.05]},
			"faces": {
				"north": {"uv": [4, 4, 5, 5], "texture": "#1"},
				"east": {"uv": [4, 4, 4, 5], "texture": "#1"},
				"south": {"uv": [5, 4, 6, 5], "texture": "#1"},
				"west": {"uv": [5, 4, 5, 5], "texture": "#1"},
				"up": {"uv": [5, 4, 4, 4], "texture": "#1"},
				"down": {"uv": [6, 4, 5, 4], "texture": "#1"}
			}
		},
		{
			"name": "outside2",
			"from": [8.27148, 6.325, 10.95295],
			"to": [10.27148, 8.325, 10.95295],
			"rotation": {"angle": 22.5, "axis": "y", "origin": [-1.35, 7.3, 8.05]},
			"faces": {
				"north": {"uv": [3, 3, 4, 4], "texture": "#1"},
				"east": {"uv": [3, 3, 3, 4], "texture": "#1"},
				"south": {"uv": [4, 3, 5, 4], "texture": "#1"},
				"west": {"uv": [4, 3, 4, 4], "texture": "#1"},
				"up": {"uv": [4, 3, 3, 3], "texture": "#1"},
				"down": {"uv": [5, 3, 4, 3], "texture": "#1"}
			}
		},
		{
			"name": "outside3",
			"from": [7.89836, 4.49626, 7.05],
			"to": [9.89836, 4.49626, 9.05],
			"rotation": {"angle": 22.5, "axis": "z", "origin": [-1.35, 7.3, 8.05]},
			"faces": {
				"north": {"uv": [4, 2, 5, 2], "texture": "#1"},
				"east": {"uv": [3, 2, 4, 2], "texture": "#1"},
				"south": {"uv": [6, 2, 7, 2], "texture": "#1"},
				"west": {"uv": [5, 2, 6, 2], "texture": "#1"},
				"up": {"uv": [5, 2, 4, 1], "texture": "#1"},
				"down": {"uv": [6, 1, 5, 2], "texture": "#1"}
			}
		},
		{
			"name": "outside4",
			"from": [8.26191, 10.22605, 7.05],
			"to": [10.26191, 10.22605, 9.05],
			"rotation": {"angle": -22.5, "axis": "z", "origin": [-1.35, 7.3, 8.05]},
			"faces": {
				"north": {"uv": [1, 4, 2, 4], "texture": "#1"},
				"east": {"uv": [0, 4, 1, 4], "texture": "#1"},
				"south": {"uv": [3, 4, 4, 4], "texture": "#1"},
				"west": {"uv": [2, 4, 3, 4], "texture": "#1"},
				"up": {"uv": [2, 4, 1, 3], "texture": "#1"},
				"down": {"uv": [3, 3, 2, 4], "texture": "#1"}
			}
		},
		{
			"name": "base",
			"from": [5.225, 6.825, 7.55],
			"to": [7.65, 7.825, 8.55],
			"rotation": {"angle": 0, "axis": "y", "origin": [-1.35, 7.3, 8.05]},
			"faces": {
				"north": {"uv": [0.5, 0.5, 5, 1], "texture": "#1"},
				"east": {"uv": [0, 0.5, 0.5, 1], "texture": "#1"},
				"south": {"uv": [5.5, 0.5, 10, 1], "texture": "#1"},
				"west": {"uv": [5, 0.5, 5.5, 1], "texture": "#1"},
				"up": {"uv": [5, 0.5, 0.5, 0], "texture": "#1"},
				"down": {"uv": [9.5, 0, 5, 0.5], "texture": "#1"}
			}
		},
		{
			"name": "leaf1",
			"from": [5.34813, 6.325, 10.82445],
			"to": [5.34813, 8.325, 12.82445],
			"rotation": {"angle": 22.5, "axis": "y", "origin": [-1.35, 7.3, 8.05]},
			"faces": {
				"north": {"uv": [3, 4, 3, 5], "texture": "#1"},
				"east": {"uv": [2, 4, 3, 5], "texture": "#1"},
				"south": {"uv": [4, 4, 4, 5], "texture": "#1"},
				"west": {"uv": [3, 4, 4, 5], "texture": "#1"},
				"up": {"uv": [3, 4, 3, 3], "texture": "#1"},
				"down": {"uv": [3, 3, 3, 4], "texture": "#1"}
			}
		},
		{
			"name": "base",
			"from": [10.225, 5.6, 11.225],
			"to": [13.225, 7.6, 13.225],
			"rotation": {"angle": 0, "axis": "y", "origin": [1.225, 6.575, 12.225]},
			"faces": {
				"north": {"uv": [1, 2, 2.5, 3], "texture": "#1"},
				"east": {"uv": [0, 2, 1, 3], "texture": "#1"},
				"south": {"uv": [3.5, 2, 5, 3], "texture": "#1"},
				"west": {"uv": [2.5, 2, 3.5, 3], "texture": "#1"},
				"up": {"uv": [2.5, 2, 1, 1], "texture": "#1"},
				"down": {"uv": [4, 1, 2.5, 2], "texture": "#1"}
			}
		},
		{
			"name": "inside",
			"from": [12.475, 6.1, 11.725],
			"to": [13.475, 7.1, 12.725],
			"rotation": {"angle": 0, "axis": "y", "origin": [1.225, 6.575, 12.225]},
			"faces": {
				"north": {"uv": [0.5, 5.5, 1, 6], "texture": "#1"},
				"east": {"uv": [0, 5.5, 0.5, 6], "texture": "#1"},
				"south": {"uv": [1.5, 5.5, 2, 6], "texture": "#1"},
				"west": {"uv": [1, 5.5, 1.5, 6], "texture": "#1"},
				"up": {"uv": [1, 5.5, 0.5, 5], "texture": "#1"},
				"down": {"uv": [1.5, 5, 1, 5.5], "texture": "#1"}
			}
		},
		{
			"name": "outside1",
			"from": [10.4638, 5.6, 9.39817],
			"to": [12.4638, 7.6, 9.39817],
			"rotation": {"angle": -22.5, "axis": "y", "origin": [1.225, 6.575, 12.225]},
			"faces": {
				"north": {"uv": [4, 4, 5, 5], "texture": "#1"},
				"east": {"uv": [4, 4, 4, 5], "texture": "#1"},
				"south": {"uv": [5, 4, 6, 5], "texture": "#1"},
				"west": {"uv": [5, 4, 5, 5], "texture": "#1"},
				"up": {"uv": [5, 4, 4, 4], "texture": "#1"},
				"down": {"uv": [6, 4, 5, 4], "texture": "#1"}
			}
		},
		{
			"name": "outside2",
			"from": [10.84648, 5.6, 15.12795],
			"to": [12.84648, 7.6, 15.12795],
			"rotation": {"angle": 22.5, "axis": "y", "origin": [1.225, 6.575, 12.225]},
			"faces": {
				"north": {"uv": [3, 3, 4, 4], "texture": "#1"},
				"east": {"uv": [3, 3, 3, 4], "texture": "#1"},
				"south": {"uv": [4, 3, 5, 4], "texture": "#1"},
				"west": {"uv": [4, 3, 4, 4], "texture": "#1"},
				"up": {"uv": [4, 3, 3, 3], "texture": "#1"},
				"down": {"uv": [5, 3, 4, 3], "texture": "#1"}
			}
		},
		{
			"name": "outside3",
			"from": [10.47336, 3.77126, 11.225],
			"to": [12.47336, 3.77126, 13.225],
			"rotation": {"angle": 22.5, "axis": "z", "origin": [1.225, 6.575, 12.225]},
			"faces": {
				"north": {"uv": [4, 2, 5, 2], "texture": "#1"},
				"east": {"uv": [3, 2, 4, 2], "texture": "#1"},
				"south": {"uv": [6, 2, 7, 2], "texture": "#1"},
				"west": {"uv": [5, 2, 6, 2], "texture": "#1"},
				"up": {"uv": [5, 2, 4, 1], "texture": "#1"},
				"down": {"uv": [6, 1, 5, 2], "texture": "#1"}
			}
		},
		{
			"name": "outside4",
			"from": [10.83691, 9.50105, 11.225],
			"to": [12.83691, 9.50105, 13.225],
			"rotation": {"angle": -22.5, "axis": "z", "origin": [1.225, 6.575, 12.225]},
			"faces": {
				"north": {"uv": [1, 4, 2, 4], "texture": "#1"},
				"east": {"uv": [0, 4, 1, 4], "texture": "#1"},
				"south": {"uv": [3, 4, 4, 4], "texture": "#1"},
				"west": {"uv": [2, 4, 3, 4], "texture": "#1"},
				"up": {"uv": [2, 4, 1, 3], "texture": "#1"},
				"down": {"uv": [3, 3, 2, 4], "texture": "#1"}
			}
		},
		{
			"name": "base",
			"from": [7.875, 6.975, 9.6],
			"to": [10.875, 8.975, 11.6],
			"rotation": {"angle": 0, "axis": "y", "origin": [-1.125, 7.95, 10.6]},
			"faces": {
				"north": {"uv": [1, 2, 2.5, 3], "texture": "#1"},
				"east": {"uv": [0, 2, 1, 3], "texture": "#1"},
				"south": {"uv": [3.5, 2, 5, 3], "texture": "#1"},
				"west": {"uv": [2.5, 2, 3.5, 3], "texture": "#1"},
				"up": {"uv": [2.5, 2, 1, 1], "texture": "#1"},
				"down": {"uv": [4, 1, 2.5, 2], "texture": "#1"}
			}
		},
		{
			"name": "inside",
			"from": [10.125, 7.475, 10.1],
			"to": [11.125, 8.475, 11.1],
			"rotation": {"angle": 0, "axis": "y", "origin": [-1.125, 7.95, 10.6]},
			"faces": {
				"north": {"uv": [0.5, 5.5, 1, 6], "texture": "#1"},
				"east": {"uv": [0, 5.5, 0.5, 6], "texture": "#1"},
				"south": {"uv": [1.5, 5.5, 2, 6], "texture": "#1"},
				"west": {"uv": [1, 5.5, 1.5, 6], "texture": "#1"},
				"up": {"uv": [1, 5.5, 0.5, 5], "texture": "#1"},
				"down": {"uv": [1.5, 5, 1, 5.5], "texture": "#1"}
			}
		},
		{
			"name": "outside1",
			"from": [8.1138, 6.975, 7.77317],
			"to": [10.1138, 8.975, 7.77317],
			"rotation": {"angle": -22.5, "axis": "y", "origin": [-1.125, 7.95, 10.6]},
			"faces": {
				"north": {"uv": [4, 4, 5, 5], "texture": "#1"},
				"east": {"uv": [4, 4, 4, 5], "texture": "#1"},
				"south": {"uv": [5, 4, 6, 5], "texture": "#1"},
				"west": {"uv": [5, 4, 5, 5], "texture": "#1"},
				"up": {"uv": [5, 4, 4, 4], "texture": "#1"},
				"down": {"uv": [6, 4, 5, 4], "texture": "#1"}
			}
		},
		{
			"name": "outside2",
			"from": [8.49648, 6.975, 13.50295],
			"to": [10.49648, 8.975, 13.50295],
			"rotation": {"angle": 22.5, "axis": "y", "origin": [-1.125, 7.95, 10.6]},
			"faces": {
				"north": {"uv": [3, 3, 4, 4], "texture": "#1"},
				"east": {"uv": [3, 3, 3, 4], "texture": "#1"},
				"south": {"uv": [4, 3, 5, 4], "texture": "#1"},
				"west": {"uv": [4, 3, 4, 4], "texture": "#1"},
				"up": {"uv": [4, 3, 3, 3], "texture": "#1"},
				"down": {"uv": [5, 3, 4, 3], "texture": "#1"}
			}
		},
		{
			"name": "outside3",
			"from": [8.12336, 5.14626, 9.6],
			"to": [10.12336, 5.14626, 11.6],
			"rotation": {"angle": 22.5, "axis": "z", "origin": [-1.125, 7.95, 10.6]},
			"faces": {
				"north": {"uv": [4, 2, 5, 2], "texture": "#1"},
				"east": {"uv": [3, 2, 4, 2], "texture": "#1"},
				"south": {"uv": [6, 2, 7, 2], "texture": "#1"},
				"west": {"uv": [5, 2, 6, 2], "texture": "#1"},
				"up": {"uv": [5, 2, 4, 1], "texture": "#1"},
				"down": {"uv": [6, 1, 5, 2], "texture": "#1"}
			}
		},
		{
			"name": "outside4",
			"from": [8.48691, 10.87605, 9.6],
			"to": [10.48691, 10.87605, 11.6],
			"rotation": {"angle": -22.5, "axis": "z", "origin": [-1.125, 7.95, 10.6]},
			"faces": {
				"north": {"uv": [1, 4, 2, 4], "texture": "#1"},
				"east": {"uv": [0, 4, 1, 4], "texture": "#1"},
				"south": {"uv": [3, 4, 4, 4], "texture": "#1"},
				"west": {"uv": [2, 4, 3, 4], "texture": "#1"},
				"up": {"uv": [2, 4, 1, 3], "texture": "#1"},
				"down": {"uv": [3, 3, 2, 4], "texture": "#1"}
			}
		},
		{
			"name": "base",
			"from": [7.45, 6.975, 11.6],
			"to": [10.45, 8.975, 13.6],
			"rotation": {"angle": 0, "axis": "y", "origin": [-1.55, 7.95, 12.6]},
			"faces": {
				"north": {"uv": [1, 2, 2.5, 3], "texture": "#1"},
				"east": {"uv": [0, 2, 1, 3], "texture": "#1"},
				"south": {"uv": [3.5, 2, 5, 3], "texture": "#1"},
				"west": {"uv": [2.5, 2, 3.5, 3], "texture": "#1"},
				"up": {"uv": [2.5, 2, 1, 1], "texture": "#1"},
				"down": {"uv": [4, 1, 2.5, 2], "texture": "#1"}
			}
		},
		{
			"name": "inside",
			"from": [9.7, 7.475, 12.1],
			"to": [10.7, 8.475, 13.1],
			"rotation": {"angle": 0, "axis": "y", "origin": [-1.55, 7.95, 12.6]},
			"faces": {
				"north": {"uv": [0.5, 5.5, 1, 6], "texture": "#1"},
				"east": {"uv": [0, 5.5, 0.5, 6], "texture": "#1"},
				"south": {"uv": [1.5, 5.5, 2, 6], "texture": "#1"},
				"west": {"uv": [1, 5.5, 1.5, 6], "texture": "#1"},
				"up": {"uv": [1, 5.5, 0.5, 5], "texture": "#1"},
				"down": {"uv": [1.5, 5, 1, 5.5], "texture": "#1"}
			}
		},
		{
			"name": "outside1",
			"from": [7.6888, 6.975, 9.77317],
			"to": [9.6888, 8.975, 9.77317],
			"rotation": {"angle": -22.5, "axis": "y", "origin": [-1.55, 7.95, 12.6]},
			"faces": {
				"north": {"uv": [4, 4, 5, 5], "texture": "#1"},
				"east": {"uv": [4, 4, 4, 5], "texture": "#1"},
				"south": {"uv": [5, 4, 6, 5], "texture": "#1"},
				"west": {"uv": [5, 4, 5, 5], "texture": "#1"},
				"up": {"uv": [5, 4, 4, 4], "texture": "#1"},
				"down": {"uv": [6, 4, 5, 4], "texture": "#1"}
			}
		},
		{
			"name": "outside2",
			"from": [8.07148, 6.975, 15.50295],
			"to": [10.07148, 8.975, 15.50295],
			"rotation": {"angle": 22.5, "axis": "y", "origin": [-1.55, 7.95, 12.6]},
			"faces": {
				"north": {"uv": [3, 3, 4, 4], "texture": "#1"},
				"east": {"uv": [3, 3, 3, 4], "texture": "#1"},
				"south": {"uv": [4, 3, 5, 4], "texture": "#1"},
				"west": {"uv": [4, 3, 4, 4], "texture": "#1"},
				"up": {"uv": [4, 3, 3, 3], "texture": "#1"},
				"down": {"uv": [5, 3, 4, 3], "texture": "#1"}
			}
		},
		{
			"name": "outside3",
			"from": [7.69836, 5.14626, 11.6],
			"to": [9.69836, 5.14626, 13.6],
			"rotation": {"angle": 22.5, "axis": "z", "origin": [-1.55, 7.95, 12.6]},
			"faces": {
				"north": {"uv": [4, 2, 5, 2], "texture": "#1"},
				"east": {"uv": [3, 2, 4, 2], "texture": "#1"},
				"south": {"uv": [6, 2, 7, 2], "texture": "#1"},
				"west": {"uv": [5, 2, 6, 2], "texture": "#1"},
				"up": {"uv": [5, 2, 4, 1], "texture": "#1"},
				"down": {"uv": [6, 1, 5, 2], "texture": "#1"}
			}
		},
		{
			"name": "outside4",
			"from": [8.06191, 10.87605, 11.6],
			"to": [10.06191, 10.87605, 13.6],
			"rotation": {"angle": -22.5, "axis": "z", "origin": [-1.55, 7.95, 12.6]},
			"faces": {
				"north": {"uv": [1, 4, 2, 4], "texture": "#1"},
				"east": {"uv": [0, 4, 1, 4], "texture": "#1"},
				"south": {"uv": [3, 4, 4, 4], "texture": "#1"},
				"west": {"uv": [2, 4, 3, 4], "texture": "#1"},
				"up": {"uv": [2, 4, 1, 3], "texture": "#1"},
				"down": {"uv": [3, 3, 2, 4], "texture": "#1"}
			}
		},
		{
			"name": "base",
			"from": [6.975, 6.975, 5.425],
			"to": [9.975, 8.975, 7.425],
			"rotation": {"angle": 0, "axis": "y", "origin": [-2.025, 7.95, 6.425]},
			"faces": {
				"north": {"uv": [1, 2, 2.5, 3], "texture": "#1"},
				"east": {"uv": [0, 2, 1, 3], "texture": "#1"},
				"south": {"uv": [3.5, 2, 5, 3], "texture": "#1"},
				"west": {"uv": [2.5, 2, 3.5, 3], "texture": "#1"},
				"up": {"uv": [2.5, 2, 1, 1], "texture": "#1"},
				"down": {"uv": [4, 1, 2.5, 2], "texture": "#1"}
			}
		},
		{
			"name": "inside",
			"from": [9.225, 7.475, 5.925],
			"to": [10.225, 8.475, 6.925],
			"rotation": {"angle": 0, "axis": "y", "origin": [-2.025, 7.95, 6.425]},
			"faces": {
				"north": {"uv": [0.5, 5.5, 1, 6], "texture": "#1"},
				"east": {"uv": [0, 5.5, 0.5, 6], "texture": "#1"},
				"south": {"uv": [1.5, 5.5, 2, 6], "texture": "#1"},
				"west": {"uv": [1, 5.5, 1.5, 6], "texture": "#1"},
				"up": {"uv": [1, 5.5, 0.5, 5], "texture": "#1"},
				"down": {"uv": [1.5, 5, 1, 5.5], "texture": "#1"}
			}
		},
		{
			"name": "outside1",
			"from": [7.2138, 6.975, 3.59817],
			"to": [9.2138, 8.975, 3.59817],
			"rotation": {"angle": -22.5, "axis": "y", "origin": [-2.025, 7.95, 6.425]},
			"faces": {
				"north": {"uv": [4, 4, 5, 5], "texture": "#1"},
				"east": {"uv": [4, 4, 4, 5], "texture": "#1"},
				"south": {"uv": [5, 4, 6, 5], "texture": "#1"},
				"west": {"uv": [5, 4, 5, 5], "texture": "#1"},
				"up": {"uv": [5, 4, 4, 4], "texture": "#1"},
				"down": {"uv": [6, 4, 5, 4], "texture": "#1"}
			}
		},
		{
			"name": "outside2",
			"from": [7.59648, 6.975, 9.32795],
			"to": [9.59648, 8.975, 9.32795],
			"rotation": {"angle": 22.5, "axis": "y", "origin": [-2.025, 7.95, 6.425]},
			"faces": {
				"north": {"uv": [3, 3, 4, 4], "texture": "#1"},
				"east": {"uv": [3, 3, 3, 4], "texture": "#1"},
				"south": {"uv": [4, 3, 5, 4], "texture": "#1"},
				"west": {"uv": [4, 3, 4, 4], "texture": "#1"},
				"up": {"uv": [4, 3, 3, 3], "texture": "#1"},
				"down": {"uv": [5, 3, 4, 3], "texture": "#1"}
			}
		},
		{
			"name": "outside3",
			"from": [7.22336, 5.14626, 5.425],
			"to": [9.22336, 5.14626, 7.425],
			"rotation": {"angle": 22.5, "axis": "z", "origin": [-2.025, 7.95, 6.425]},
			"faces": {
				"north": {"uv": [4, 2, 5, 2], "texture": "#1"},
				"east": {"uv": [3, 2, 4, 2], "texture": "#1"},
				"south": {"uv": [6, 2, 7, 2], "texture": "#1"},
				"west": {"uv": [5, 2, 6, 2], "texture": "#1"},
				"up": {"uv": [5, 2, 4, 1], "texture": "#1"},
				"down": {"uv": [6, 1, 5, 2], "texture": "#1"}
			}
		},
		{
			"name": "outside4",
			"from": [7.58691, 10.87605, 5.425],
			"to": [9.58691, 10.87605, 7.425],
			"rotation": {"angle": -22.5, "axis": "z", "origin": [-2.025, 7.95, 6.425]},
			"faces": {
				"north": {"uv": [1, 4, 2, 4], "texture": "#1"},
				"east": {"uv": [0, 4, 1, 4], "texture": "#1"},
				"south": {"uv": [3, 4, 4, 4], "texture": "#1"},
				"west": {"uv": [2, 4, 3, 4], "texture": "#1"},
				"up": {"uv": [2, 4, 1, 3], "texture": "#1"},
				"down": {"uv": [3, 3, 2, 4], "texture": "#1"}
			}
		},
		{
			"name": "base",
			"from": [8.8, -0.925, 11.5],
			"to": [11.8, 1.075, 13.5],
			"rotation": {"angle": 0, "axis": "y", "origin": [-0.2, 0.05, 12.5]},
			"faces": {
				"north": {"uv": [1, 2, 2.5, 3], "texture": "#1"},
				"east": {"uv": [0, 2, 1, 3], "texture": "#1"},
				"south": {"uv": [3.5, 2, 5, 3], "texture": "#1"},
				"west": {"uv": [2.5, 2, 3.5, 3], "texture": "#1"},
				"up": {"uv": [2.5, 2, 1, 1], "texture": "#1"},
				"down": {"uv": [4, 1, 2.5, 2], "texture": "#1"}
			}
		},
		{
			"name": "inside",
			"from": [11.05, -0.425, 12],
			"to": [12.05, 0.575, 13],
			"rotation": {"angle": 0, "axis": "y", "origin": [-0.2, 0.05, 12.5]},
			"faces": {
				"north": {"uv": [0.5, 5.5, 1, 6], "texture": "#1"},
				"east": {"uv": [0, 5.5, 0.5, 6], "texture": "#1"},
				"south": {"uv": [1.5, 5.5, 2, 6], "texture": "#1"},
				"west": {"uv": [1, 5.5, 1.5, 6], "texture": "#1"},
				"up": {"uv": [1, 5.5, 0.5, 5], "texture": "#1"},
				"down": {"uv": [1.5, 5, 1, 5.5], "texture": "#1"}
			}
		},
		{
			"name": "outside1",
			"from": [9.0388, -0.925, 9.67317],
			"to": [11.0388, 1.075, 9.67317],
			"rotation": {"angle": -22.5, "axis": "y", "origin": [-0.2, 0.05, 12.5]},
			"faces": {
				"north": {"uv": [4, 4, 5, 5], "texture": "#1"},
				"east": {"uv": [4, 4, 4, 5], "texture": "#1"},
				"south": {"uv": [5, 4, 6, 5], "texture": "#1"},
				"west": {"uv": [5, 4, 5, 5], "texture": "#1"},
				"up": {"uv": [5, 4, 4, 4], "texture": "#1"},
				"down": {"uv": [6, 4, 5, 4], "texture": "#1"}
			}
		},
		{
			"name": "outside2",
			"from": [9.42148, -0.925, 15.40295],
			"to": [11.42148, 1.075, 15.40295],
			"rotation": {"angle": 22.5, "axis": "y", "origin": [-0.2, 0.05, 12.5]},
			"faces": {
				"north": {"uv": [3, 3, 4, 4], "texture": "#1"},
				"east": {"uv": [3, 3, 3, 4], "texture": "#1"},
				"south": {"uv": [4, 3, 5, 4], "texture": "#1"},
				"west": {"uv": [4, 3, 4, 4], "texture": "#1"},
				"up": {"uv": [4, 3, 3, 3], "texture": "#1"},
				"down": {"uv": [5, 3, 4, 3], "texture": "#1"}
			}
		},
		{
			"name": "outside3",
			"from": [9.04836, -2.75374, 11.5],
			"to": [11.04836, -2.75374, 13.5],
			"rotation": {"angle": 22.5, "axis": "z", "origin": [-0.2, 0.05, 12.5]},
			"faces": {
				"north": {"uv": [4, 2, 5, 2], "texture": "#1"},
				"east": {"uv": [3, 2, 4, 2], "texture": "#1"},
				"south": {"uv": [6, 2, 7, 2], "texture": "#1"},
				"west": {"uv": [5, 2, 6, 2], "texture": "#1"},
				"up": {"uv": [5, 2, 4, 1], "texture": "#1"},
				"down": {"uv": [6, 1, 5, 2], "texture": "#1"}
			}
		},
		{
			"name": "outside4",
			"from": [9.41191, 2.97605, 11.5],
			"to": [11.41191, 2.97605, 13.5],
			"rotation": {"angle": -22.5, "axis": "z", "origin": [-0.2, 0.05, 12.5]},
			"faces": {
				"north": {"uv": [1, 4, 2, 4], "texture": "#1"},
				"east": {"uv": [0, 4, 1, 4], "texture": "#1"},
				"south": {"uv": [3, 4, 4, 4], "texture": "#1"},
				"west": {"uv": [2, 4, 3, 4], "texture": "#1"},
				"up": {"uv": [2, 4, 1, 3], "texture": "#1"},
				"down": {"uv": [3, 3, 2, 4], "texture": "#1"}
			}
		},
		{
			"name": "base",
			"from": [9.125, 1.45, 11.975],
			"to": [12.125, 3.45, 13.975],
			"rotation": {"angle": 0, "axis": "y", "origin": [0.125, 2.425, 12.975]},
			"faces": {
				"north": {"uv": [1, 2, 2.5, 3], "texture": "#1"},
				"east": {"uv": [0, 2, 1, 3], "texture": "#1"},
				"south": {"uv": [3.5, 2, 5, 3], "texture": "#1"},
				"west": {"uv": [2.5, 2, 3.5, 3], "texture": "#1"},
				"up": {"uv": [2.5, 2, 1, 1], "texture": "#1"},
				"down": {"uv": [4, 1, 2.5, 2], "texture": "#1"}
			}
		},
		{
			"name": "inside",
			"from": [11.375, 1.95, 12.475],
			"to": [12.375, 2.95, 13.475],
			"rotation": {"angle": 0, "axis": "y", "origin": [0.125, 2.425, 12.975]},
			"faces": {
				"north": {"uv": [0.5, 5.5, 1, 6], "texture": "#1"},
				"east": {"uv": [0, 5.5, 0.5, 6], "texture": "#1"},
				"south": {"uv": [1.5, 5.5, 2, 6], "texture": "#1"},
				"west": {"uv": [1, 5.5, 1.5, 6], "texture": "#1"},
				"up": {"uv": [1, 5.5, 0.5, 5], "texture": "#1"},
				"down": {"uv": [1.5, 5, 1, 5.5], "texture": "#1"}
			}
		},
		{
			"name": "outside1",
			"from": [9.3638, 1.45, 10.14817],
			"to": [11.3638, 3.45, 10.14817],
			"rotation": {"angle": -22.5, "axis": "y", "origin": [0.125, 2.425, 12.975]},
			"faces": {
				"north": {"uv": [4, 4, 5, 5], "texture": "#1"},
				"east": {"uv": [4, 4, 4, 5], "texture": "#1"},
				"south": {"uv": [5, 4, 6, 5], "texture": "#1"},
				"west": {"uv": [5, 4, 5, 5], "texture": "#1"},
				"up": {"uv": [5, 4, 4, 4], "texture": "#1"},
				"down": {"uv": [6, 4, 5, 4], "texture": "#1"}
			}
		},
		{
			"name": "outside2",
			"from": [9.74648, 1.45, 15.87795],
			"to": [11.74648, 3.45, 15.87795],
			"rotation": {"angle": 22.5, "axis": "y", "origin": [0.125, 2.425, 12.975]},
			"faces": {
				"north": {"uv": [3, 3, 4, 4], "texture": "#1"},
				"east": {"uv": [3, 3, 3, 4], "texture": "#1"},
				"south": {"uv": [4, 3, 5, 4], "texture": "#1"},
				"west": {"uv": [4, 3, 4, 4], "texture": "#1"},
				"up": {"uv": [4, 3, 3, 3], "texture": "#1"},
				"down": {"uv": [5, 3, 4, 3], "texture": "#1"}
			}
		},
		{
			"name": "outside3",
			"from": [9.37336, -0.37874, 11.975],
			"to": [11.37336, -0.37874, 13.975],
			"rotation": {"angle": 22.5, "axis": "z", "origin": [0.125, 2.425, 12.975]},
			"faces": {
				"north": {"uv": [4, 2, 5, 2], "texture": "#1"},
				"east": {"uv": [3, 2, 4, 2], "texture": "#1"},
				"south": {"uv": [6, 2, 7, 2], "texture": "#1"},
				"west": {"uv": [5, 2, 6, 2], "texture": "#1"},
				"up": {"uv": [5, 2, 4, 1], "texture": "#1"},
				"down": {"uv": [6, 1, 5, 2], "texture": "#1"}
			}
		},
		{
			"name": "outside4",
			"from": [9.73691, 5.35105, 11.975],
			"to": [11.73691, 5.35105, 13.975],
			"rotation": {"angle": -22.5, "axis": "z", "origin": [0.125, 2.425, 12.975]},
			"faces": {
				"north": {"uv": [1, 4, 2, 4], "texture": "#1"},
				"east": {"uv": [0, 4, 1, 4], "texture": "#1"},
				"south": {"uv": [3, 4, 4, 4], "texture": "#1"},
				"west": {"uv": [2, 4, 3, 4], "texture": "#1"},
				"up": {"uv": [2, 4, 1, 3], "texture": "#1"},
				"down": {"uv": [3, 3, 2, 4], "texture": "#1"}
			}
		},
		{
			"name": "base",
			"from": [4.575, 6.1, 11.725],
			"to": [10.225, 7.1, 12.725],
			"rotation": {"angle": 0, "axis": "y", "origin": [1.225, 6.575, 12.225]},
			"faces": {
				"north": {"uv": [0.5, 0.5, 5, 1], "texture": "#1"},
				"east": {"uv": [0, 0.5, 0.5, 1], "texture": "#1"},
				"south": {"uv": [5.5, 0.5, 10, 1], "texture": "#1"},
				"west": {"uv": [5, 0.5, 5.5, 1], "texture": "#1"},
				"up": {"uv": [5, 0.5, 0.5, 0], "texture": "#1"},
				"down": {"uv": [9.5, 0, 5, 0.5], "texture": "#1"}
			}
		},
		{
			"name": "leaf1",
			"from": [7.92313, 5.6, 14.99945],
			"to": [7.92313, 7.6, 16.99945],
			"rotation": {"angle": 22.5, "axis": "y", "origin": [1.225, 6.575, 12.225]},
			"faces": {
				"north": {"uv": [3, 4, 3, 5], "texture": "#1"},
				"east": {"uv": [2, 4, 3, 5], "texture": "#1"},
				"south": {"uv": [4, 4, 4, 5], "texture": "#1"},
				"west": {"uv": [3, 4, 4, 5], "texture": "#1"},
				"up": {"uv": [3, 4, 3, 3], "texture": "#1"},
				"down": {"uv": [3, 3, 3, 4], "texture": "#1"}
			}
		},
		{
			"name": "leaf2",
			"from": [5.54097, 5.6, 8.27248],
			"to": [5.54097, 7.6, 10.27248],
			"rotation": {"angle": -22.5, "axis": "y", "origin": [1.225, 6.575, 12.225]},
			"faces": {
				"north": {"uv": [1, 4, 1, 5], "texture": "#1"},
				"east": {"uv": [0, 4, 1, 5], "texture": "#1"},
				"south": {"uv": [2, 4, 2, 5], "texture": "#1"},
				"west": {"uv": [1, 4, 2, 5], "texture": "#1"},
				"up": {"uv": [1, 4, 1, 3], "texture": "#1"},
				"down": {"uv": [1, 3, 1, 4], "texture": "#1"}
			}
		},
		{
			"from": [7.325, -1, 8.4],
			"to": [11, 9, 8.4],
			"rotation": {"angle": 22.5, "axis": "y", "origin": [0, 0, 6.4]},
			"faces": {
				"north": {"uv": [3, 2.5, 4, 5], "texture": "#2"},
				"east": {"uv": [0, 0, 0, 2.5], "texture": "#2"},
				"south": {"uv": [4, 0, 5, 2.5], "texture": "#2"},
				"west": {"uv": [0, 0, 0, 2.5], "texture": "#2"},
				"up": {"uv": [1, 0, 0, 0], "texture": "#2"},
				"down": {"uv": [1, 0, 0, 0], "texture": "#2"}
			}
		},
		{
			"from": [8.925, 1.8, 5.4],
			"to": [12.6, 1.8, 13.625],
			"rotation": {"angle": -22.5, "axis": "z", "origin": [1.6, 3.8, 6.4]},
			"faces": {
				"north": {"uv": [0, 0, 1, 0], "texture": "#2"},
				"east": {"uv": [0, 0, 2, 0], "texture": "#2"},
				"south": {"uv": [0, 0, 1, 0], "texture": "#2"},
				"west": {"uv": [0, 0, 2, 0], "texture": "#2"},
				"up": {"uv": [4.25, 7, 3.25, 5], "texture": "#2"},
				"down": {"uv": [5.25, 5, 4.25, 7], "texture": "#2"}
			}
		},
		{
			"from": [7.35, 6, 5.4],
			"to": [11.025, 6, 13.625],
			"rotation": {"angle": 22.5, "axis": "z", "origin": [0.025, 8, 6.4]},
			"faces": {
				"north": {"uv": [0, 0, 1, 0], "texture": "#2"},
				"east": {"uv": [0, 0, 2, 0], "texture": "#2"},
				"south": {"uv": [0, 0, 1, 0], "texture": "#2"},
				"west": {"uv": [0, 0, 2, 0], "texture": "#2"},
				"up": {"uv": [6.25, 6.5, 5.25, 4.5], "texture": "#2"},
				"down": {"uv": [7, 2, 6, 4], "texture": "#2"}
			}
		},
		{
			"from": [4.35, -1, 5.4],
			"to": [8.025, 9, 13.625],
			"rotation": {"angle": 0, "axis": "z", "origin": [-2.975, 10.85, 6.4]},
			"faces": {
				"north": {"uv": [4, 2.5, 5, 5], "texture": "#2"},
				"east": {"uv": [0, 0, 2, 2.5], "texture": "#2"},
				"south": {"uv": [0, 4.5, 1, 7], "texture": "#2"},
				"west": {"uv": [2, 0, 4, 2.5], "texture": "#2"},
				"up": {"uv": [7.25, 2, 6.25, 0], "texture": "#2"},
				"down": {"uv": [7.25, 4, 6.25, 6], "texture": "#2"}
			}
		},
		{
			"from": [-1.875, 1.5, 7.3],
			"to": [2.75, 6.15, 11.55],
			"rotation": {"angle": 0, "axis": "y", "origin": [-9.975, 15.25, 6.4]},
			"faces": {
				"north": {"uv": [4, 2.5, 5, 5], "texture": "#2"},
				"east": {"uv": [0, 0, 2, 2.5], "texture": "#2"},
				"south": {"uv": [0, 4.5, 1, 7], "texture": "#2"},
				"west": {"uv": [2, 0, 4, 2.5], "texture": "#2"},
				"up": {"uv": [7.25, 2, 6.25, 0], "texture": "#2"},
				"down": {"uv": [7.25, 4, 6.25, 6], "texture": "#2"}
			}
		},
		{
			"from": [-0.85, 0.65, 7.275],
			"to": [2.9, 2.975, 11.5],
			"rotation": {"angle": 22.5, "axis": "z", "origin": [-8.1, 8.9, 6.4]},
			"faces": {
				"north": {"uv": [7, 2, 8.25, 3.25], "texture": "#2"},
				"east": {"uv": [5.25, 6.5, 6.25, 7.75], "texture": "#2"},
				"south": {"uv": [3.25, 7, 4.5, 8.25], "texture": "#2"},
				"west": {"uv": [0, 7, 1, 8.25], "texture": "#2"},
				"up": {"uv": [8.5, 1, 7.25, 0], "texture": "#2"},
				"down": {"uv": [8.5, 1, 7.25, 2], "texture": "#2"}
			}
		},
		{
			"from": [5.125, 1.625, 9.625],
			"to": [8.4, 6.2, 11.95],
			"rotation": {"angle": 22.5, "axis": "y", "origin": [-2.6, 7.675, 17.875]},
			"faces": {
				"north": {"uv": [8.5, 1, 7.25, 2], "rotation": 180, "texture": "#2"},
				"east": {"uv": [5.25, 6.5, 6.25, 7.75], "rotation": 270, "texture": "#2"},
				"south": {"uv": [8.5, 1, 7.25, 0], "texture": "#2"},
				"west": {"uv": [0, 7, 1, 8.25], "rotation": 90, "texture": "#2"},
				"up": {"uv": [7, 2, 8.25, 3.25], "rotation": 180, "texture": "#2"},
				"down": {"uv": [3.25, 7, 4.5, 8.25], "texture": "#2"}
			}
		},
		{
			"from": [0.225, 1.425, 5.625],
			"to": [3, 6.1, 7.95],
			"rotation": {"angle": -22.5, "axis": "y", "origin": [-8, 7.675, 13.875]},
			"faces": {
				"north": {"uv": [8.5, 1, 7.25, 2], "rotation": 180, "texture": "#2"},
				"east": {"uv": [5.25, 6.5, 6.25, 7.75], "rotation": 270, "texture": "#2"},
				"south": {"uv": [8.5, 1, 7.25, 0], "texture": "#2"},
				"west": {"uv": [0, 7, 1, 8.25], "rotation": 90, "texture": "#2"},
				"up": {"uv": [7, 2, 8.25, 3.25], "rotation": 180, "texture": "#2"},
				"down": {"uv": [3.25, 7, 4.5, 8.25], "texture": "#2"}
			}
		},
		{
			"from": [5.775, 3.75, 7.425],
			"to": [9.1, 6.4, 11.625],
			"rotation": {"angle": -22.5, "axis": "z", "origin": [-1.9, 13, 6.4]},
			"faces": {
				"north": {"uv": [7, 2, 8.25, 3.25], "texture": "#2"},
				"east": {"uv": [5.25, 6.5, 6.25, 7.75], "texture": "#2"},
				"south": {"uv": [3.25, 7, 4.5, 8.25], "texture": "#2"},
				"west": {"uv": [0, 7, 1, 8.25], "texture": "#2"},
				"up": {"uv": [8.5, 1, 7.25, 0], "texture": "#2"},
				"down": {"uv": [8.5, 1, 7.25, 2], "texture": "#2"}
			}
		},
		{
			"from": [8.925, -1, 10.925],
			"to": [12.6, 9, 10.925],
			"rotation": {"angle": -22.5, "axis": "y", "origin": [1.6, 0, 8.925]},
			"faces": {
				"north": {"uv": [5, 2, 6, 4.5], "texture": "#2"},
				"east": {"uv": [0, 0, 0, 2.5], "texture": "#2"},
				"south": {"uv": [2.25, 5, 3.25, 7.5], "texture": "#2"},
				"west": {"uv": [0, 0, 0, 2.5], "texture": "#2"},
				"up": {"uv": [1, 0, 0, 0], "texture": "#2"},
				"down": {"uv": [1, 0, 0, 0], "texture": "#2"}
			}
		}
	],
	"display": {
		"thirdperson_righthand": {
			"rotation": [0, 0, 90],
			"translation": [-4.75, 4.75, -0.5]
		},
		"thirdperson_lefthand": {
			"rotation": [0, 0, -71],
			"translation": [-0.25, 3, 0]
		},
		"firstperson_righthand": {
			"rotation": [-20, 0, 90],
			"translation": [-4.5, 2.5, 0]
		},
		"firstperson_lefthand": {
			"rotation": [12, 100, -90],
			"translation": [-6.5, 1.25, -2]
		},
		"ground": {
			"rotation": [0, 0, 90],
			"translation": [-2.5, 3.5, 0],
			"scale": [0.67, 0.67, 0.67]
		},
		"gui": {
			"rotation": [61, 71, 56],
			"translation": [-2.5, -0.75, -2],
			"scale": [0.81, 1.02, 1.21]
		},
		"head": {
			"rotation": [90, 90, 0],
			"translation": [-2.25, 11.75, 5.6],
			"scale": [1.5, 1.5, 1.5]
		},
		"fixed": {
			"rotation": [0, 90, 0],
			"translation": [-3, 5.5, -14.5],
			"scale": [1.5, 1.5, 1.5]
		}
	},
	"groups": [
		{
			"name": "rose",
			"origin": [0, 0, 0],
			"color": 0,
			"children": [
				{
					"name": "flower",
					"origin": [0, 0, 0],
					"color": 0,
					"children": [0, 1, 2, 3, 4, 5]
				},
				{
					"name": "stem",
					"origin": [0, 0, 0],
					"color": 0,
					"children": [6, 7, 8]
				},
				{
					"name": "rose",
					"origin": [0, 0, 0],
					"color": 0,
					"children": [
						{
							"name": "flower",
							"origin": [0, 0, 0],
							"color": 0,
							"children": [
								9,
								10,
								11,
								12,
								13,
								14,
								{
									"name": "flower",
									"origin": [0, 0, 0],
									"color": 0,
									"children": [
										15,
										16,
										17,
										18,
										19,
										20,
										{
											"name": "flower",
											"origin": [0, 0, 0],
											"color": 0,
											"children": [21, 22, 23, 24, 25, 26]
										}
									]
								}
							]
						},
						{
							"name": "stem",
							"origin": [0, 0, 0],
							"color": 0,
							"children": [27, 28, 29, 30, 31, 32, 33, 34, 35, 36]
						},
						{
							"name": "rose",
							"origin": [0, 0, 0],
							"color": 0,
							"children": [
								{
									"name": "flower",
									"origin": [0, 0, 0],
									"color": 0,
									"children": [37, 38, 39, 40, 41, 42]
								},
								{
									"name": "stem",
									"origin": [0, 0, 0],
									"color": 0,
									"children": [43, 44, 45]
								},
								{
									"name": "rose",
									"origin": [0, 0, 0],
									"color": 0,
									"children": [
										{
											"name": "flower",
											"origin": [0, 0, 0],
											"color": 0,
											"children": [46, 47, 48, 49, 50, 51]
										},
										{
											"name": "stem",
											"origin": [0, 0, 0],
											"color": 0,
											"children": [52, 53, 54]
										},
										{
											"name": "rose",
											"origin": [0, 0, 0],
											"color": 0,
											"children": [
												{
													"name": "flower",
													"origin": [0, 0, 0],
													"color": 0,
													"children": [55, 56, 57, 58, 59, 60]
												},
												{
													"name": "stem",
													"origin": [0, 0, 0],
													"color": 0,
													"children": [61, 62, 63]
												},
												{
													"name": "rose",
													"origin": [0, 0, 0],
													"color": 0,
													"children": [
														{
															"name": "flower",
															"origin": [0, 0, 0],
															"color": 0,
															"children": [64, 65, 66, 67, 68, 69]
														},
														{
															"name": "stem",
															"origin": [0, 0, 0],
															"color": 0,
															"children": [70, 71, 72]
														},
														{
															"name": "rose",
															"origin": [0, 0, 0],
															"color": 0,
															"children": [
																{
																	"name": "flower",
																	"origin": [0, 0, 0],
																	"color": 0,
																	"children": [73, 74, 75, 76, 77, 78]
																},
																{
																	"name": "stem",
																	"origin": [0, 0, 0],
																	"color": 0,
																	"children": [79, 80, 81]
																},
																{
																	"name": "rose",
																	"origin": [0, 0, 0],
																	"color": 0,
																	"children": [
																		{
																			"name": "flower",
																			"origin": [0, 0, 0],
																			"color": 0,
																			"children": [82, 83, 84, 85, 86, 87]
																		},
																		{
																			"name": "stem",
																			"origin": [0, 0, 0],
																			"color": 0,
																			"children": [88, 89]
																		},
																		{
																			"name": "rose",
																			"origin": [0, 0, 0],
																			"color": 0,
																			"children": [
																				{
																					"name": "flower",
																					"origin": [0, 0, 0],
																					"color": 0,
																					"children": [
																						90,
																						91,
																						92,
																						93,
																						94,
																						95,
																						{
																							"name": "flower",
																							"origin": [0, 0, 0],
																							"color": 0,
																							"children": [
																								96,
																								97,
																								98,
																								99,
																								100,
																								101,
																								{
																									"name": "flower",
																									"origin": [0, 0, 0],
																									"color": 0,
																									"children": [
																										102,
																										103,
																										104,
																										105,
																										106,
																										107,
																										{
																											"name": "flower",
																											"origin": [0, 0, 0],
																											"color": 0,
																											"children": [
																												108,
																												109,
																												110,
																												111,
																												112,
																												113,
																												{
																													"name": "flower",
																													"origin": [0, 0, 0],
																													"color": 0,
																													"children": [
																														114,
																														115,
																														116,
																														117,
																														118,
																														119,
																														{
																															"name": "flower",
																															"origin": [0, 0, 0],
																															"color": 0,
																															"children": [120, 121, 122, 123, 124, 125]
																														}
																													]
																												}
																											]
																										}
																									]
																								}
																							]
																						}
																					]
																				},
																				{
																					"name": "stem",
																					"origin": [0, 0, 0],
																					"color": 0,
																					"children": [126, 127, 128]
																				}
																			]
																		}
																	]
																}
															]
														}
													]
												}
											]
										}
									]
								}
							]
						}
					]
				}
			]
		},
		{
			"name": "group",
			"origin": [1.6, 0, 8.925],
			"color": 0,
			"children": [129, 130, 131, 132, 133, 134, 135, 136, 137, 138]
		}
	]
}