{
	"credit": "Made with Blockbench",
	"texture_size": [32, 32],
	"textures": {
		"0": "item/special_event/chinese_valentines_2024/heart",
		"particle": "item/special_event/chinese_valentines_2024/heart"
	},
	"elements": [
		{
			"from": [0, 8, 0],
			"to": [14.5, 9, 0.3],
			"faces": {
				"north": {"uv": [0, 0, 7.25, 0.5], "texture": "#0"},
				"east": {"uv": [8.5, 0, 8.75, 0.5], "texture": "#0"},
				"south": {"uv": [0, 0.5, 7.25, 1], "texture": "#0"},
				"west": {"uv": [8.5, 0.5, 8.75, 1], "texture": "#0"},
				"up": {"uv": [10.25, 2.25, 3, 2], "texture": "#0"},
				"down": {"uv": [10.25, 2.5, 3, 2.75], "texture": "#0"}
			}
		},
		{
			"from": [0.8, 9, 0],
			"to": [6.2, 9.3, 0.3],
			"rotation": {"angle": 0, "axis": "y", "origin": [0, 0.3, 0]},
			"faces": {
				"north": {"uv": [0, 3, 2.75, 4], "texture": "#0"},
				"east": {"uv": [2.5, 7.5, 2.75, 8.5], "texture": "#0"},
				"south": {"uv": [3, 1, 5.75, 2], "texture": "#0"},
				"west": {"uv": [3, 7.5, 3.25, 8.5], "texture": "#0"},
				"up": {"uv": [4.75, 6.25, 2, 6], "texture": "#0"},
				"down": {"uv": [8.75, 4, 6, 4.25], "texture": "#0"}
			}
		},
		{
			"from": [4.05, 9.3, 0],
			"to": [5.85, 9.675, 0.3],
			"rotation": {"angle": 0, "axis": "y", "origin": [0, 2.3, 0]},
			"faces": {
				"north": {"uv": [12.5, 12, 15.25, 13], "texture": "#0"},
				"east": {"uv": [2.5, 7.5, 2.75, 8.5], "texture": "#0"},
				"south": {"uv": [3, 1, 5.75, 2], "texture": "#0"},
				"west": {"uv": [3, 7.5, 3.25, 8.5], "texture": "#0"},
				"up": {"uv": [4.75, 6.25, 2, 6], "texture": "#0"},
				"down": {"uv": [8.75, 4, 6, 4.25], "texture": "#0"}
			}
		},
		{
			"from": [11.825, 9.675, 0],
			"to": [13.125, 9.875, 0.3],
			"rotation": {"angle": 0, "axis": "y", "origin": [7.525, 2.675, 0]},
			"faces": {
				"north": {"uv": [12.5, 12, 15.25, 13], "texture": "#0"},
				"east": {"uv": [2.5, 7.5, 2.75, 8.5], "texture": "#0"},
				"south": {"uv": [3, 1, 5.75, 2], "texture": "#0"},
				"west": {"uv": [3, 7.5, 3.25, 8.5], "texture": "#0"},
				"up": {"uv": [4.75, 6.25, 2, 6], "texture": "#0"},
				"down": {"uv": [8.75, 4, 6, 4.25], "texture": "#0"}
			}
		},
		{
			"from": [8.925, 9.675, 0],
			"to": [10.225, 9.875, 0.3],
			"rotation": {"angle": 0, "axis": "y", "origin": [4.275, 2.675, 0]},
			"faces": {
				"north": {"uv": [12.5, 12, 15.25, 13], "texture": "#0"},
				"east": {"uv": [2.5, 7.5, 2.75, 8.5], "texture": "#0"},
				"south": {"uv": [3, 1, 5.75, 2], "texture": "#0"},
				"west": {"uv": [3, 7.5, 3.25, 8.5], "texture": "#0"},
				"up": {"uv": [4.75, 6.25, 2, 6], "texture": "#0"},
				"down": {"uv": [8.75, 4, 6, 4.25], "texture": "#0"}
			}
		},
		{
			"from": [1.4, 9.675, 0],
			"to": [2.7, 9.875, 0.3],
			"rotation": {"angle": 0, "axis": "y", "origin": [-3.25, 2.675, 0]},
			"faces": {
				"north": {"uv": [12.5, 12, 15.25, 13], "texture": "#0"},
				"east": {"uv": [2.5, 7.5, 2.75, 8.5], "texture": "#0"},
				"south": {"uv": [3, 1, 5.75, 2], "texture": "#0"},
				"west": {"uv": [3, 7.5, 3.25, 8.5], "texture": "#0"},
				"up": {"uv": [4.75, 6.25, 2, 6], "texture": "#0"},
				"down": {"uv": [8.75, 4, 6, 4.25], "texture": "#0"}
			}
		},
		{
			"from": [4.3, 9.675, 0],
			"to": [5.6, 9.875, 0.3],
			"rotation": {"angle": 0, "axis": "y", "origin": [0, 2.675, 0]},
			"faces": {
				"north": {"uv": [12.5, 12, 15.25, 13], "texture": "#0"},
				"east": {"uv": [2.5, 7.5, 2.75, 8.5], "texture": "#0"},
				"south": {"uv": [3, 1, 5.75, 2], "texture": "#0"},
				"west": {"uv": [3, 7.5, 3.25, 8.5], "texture": "#0"},
				"up": {"uv": [4.75, 6.25, 2, 6], "texture": "#0"},
				"down": {"uv": [8.75, 4, 6, 4.25], "texture": "#0"}
			}
		},
		{
			"from": [1.15, 9.3, 0],
			"to": [2.95, 9.675, 0.3],
			"rotation": {"angle": 0, "axis": "y", "origin": [-3.25, 2.3, 0]},
			"faces": {
				"north": {"uv": [12.5, 12, 15.25, 13], "texture": "#0"},
				"east": {"uv": [2.5, 7.5, 2.75, 8.5], "texture": "#0"},
				"south": {"uv": [3, 1, 5.75, 2], "texture": "#0"},
				"west": {"uv": [3, 7.5, 3.25, 8.5], "texture": "#0"},
				"up": {"uv": [4.75, 6.25, 2, 6], "texture": "#0"},
				"down": {"uv": [8.75, 4, 6, 4.25], "texture": "#0"}
			}
		},
		{
			"from": [8.325, 9, 0],
			"to": [13.725, 9.3, 0.3],
			"rotation": {"angle": 0, "axis": "y", "origin": [7.525, 0.3, 0]},
			"faces": {
				"north": {"uv": [0, 3, 2.75, 4], "texture": "#0"},
				"east": {"uv": [2.5, 7.5, 2.75, 8.5], "texture": "#0"},
				"south": {"uv": [3, 1, 5.75, 2], "texture": "#0"},
				"west": {"uv": [3, 7.5, 3.25, 8.5], "texture": "#0"},
				"up": {"uv": [4.75, 6.25, 2, 6], "texture": "#0"},
				"down": {"uv": [8.75, 4, 6, 4.25], "texture": "#0"}
			}
		},
		{
			"from": [0.8, 6.65, 0],
			"to": [6.2, 8.05, 0.3],
			"rotation": {"angle": 0, "axis": "y", "origin": [0, -1.175, 0]},
			"faces": {
				"north": {"uv": [0, 3, 2.75, 4], "texture": "#0"},
				"east": {"uv": [2.5, 7.5, 2.75, 8.5], "texture": "#0"},
				"south": {"uv": [3, 1, 5.75, 2], "texture": "#0"},
				"west": {"uv": [3, 7.5, 3.25, 8.5], "texture": "#0"},
				"up": {"uv": [4.75, 6.25, 2, 6], "texture": "#0"},
				"down": {"uv": [8.75, 4, 6, 4.25], "texture": "#0"}
			}
		},
		{
			"from": [8.325, 6.65, 0],
			"to": [13.725, 8.05, 0.3],
			"rotation": {"angle": 0, "axis": "y", "origin": [7.525, -1.175, 0]},
			"faces": {
				"north": {"uv": [0, 3, 2.75, 4], "texture": "#0"},
				"east": {"uv": [2.5, 7.5, 2.75, 8.5], "texture": "#0"},
				"south": {"uv": [3, 1, 5.75, 2], "texture": "#0"},
				"west": {"uv": [3, 7.5, 3.25, 8.5], "texture": "#0"},
				"up": {"uv": [4.75, 6.25, 2, 6], "texture": "#0"},
				"down": {"uv": [8.75, 4, 6, 4.25], "texture": "#0"}
			}
		},
		{
			"from": [8.05, 7.1, 0],
			"to": [8.325, 8.025, 0.3],
			"rotation": {"angle": 0, "axis": "y", "origin": [7.525, -1.2, 0]},
			"faces": {
				"north": {"uv": [0, 3, 2.75, 4], "texture": "#0"},
				"east": {"uv": [2.5, 7.5, 2.75, 8.5], "texture": "#0"},
				"south": {"uv": [3, 1, 5.75, 2], "texture": "#0"},
				"west": {"uv": [3, 7.5, 3.25, 8.5], "texture": "#0"},
				"up": {"uv": [4.75, 6.25, 2, 6], "texture": "#0"},
				"down": {"uv": [8.75, 4, 6, 4.25], "texture": "#0"}
			}
		},
		{
			"from": [13.725, 7.1, 0],
			"to": [14, 8.025, 0.3],
			"rotation": {"angle": 0, "axis": "y", "origin": [13.2, -1.2, 0]},
			"faces": {
				"north": {"uv": [0, 3, 2.75, 4], "texture": "#0"},
				"east": {"uv": [2.5, 7.5, 2.75, 8.5], "texture": "#0"},
				"south": {"uv": [3, 1, 5.75, 2], "texture": "#0"},
				"west": {"uv": [3, 7.5, 3.25, 8.5], "texture": "#0"},
				"up": {"uv": [4.75, 6.25, 2, 6], "texture": "#0"},
				"down": {"uv": [8.75, 4, 6, 4.25], "texture": "#0"}
			}
		},
		{
			"from": [6.2, 7.1, 0],
			"to": [6.475, 8.025, 0.3],
			"rotation": {"angle": 0, "axis": "y", "origin": [5.675, -1.2, 0]},
			"faces": {
				"north": {"uv": [0, 3, 2.75, 4], "texture": "#0"},
				"east": {"uv": [2.5, 7.5, 2.75, 8.5], "texture": "#0"},
				"south": {"uv": [3, 1, 5.75, 2], "texture": "#0"},
				"west": {"uv": [3, 7.5, 3.25, 8.5], "texture": "#0"},
				"up": {"uv": [4.75, 6.25, 2, 6], "texture": "#0"},
				"down": {"uv": [8.75, 4, 6, 4.25], "texture": "#0"}
			}
		},
		{
			"from": [0.525, 7.1, 0],
			"to": [0.8, 8.025, 0.3],
			"rotation": {"angle": 0, "axis": "y", "origin": [0, -1.2, 0]},
			"faces": {
				"north": {"uv": [0, 3, 2.75, 4], "texture": "#0"},
				"east": {"uv": [2.5, 7.5, 2.75, 8.5], "texture": "#0"},
				"south": {"uv": [3, 1, 5.75, 2], "texture": "#0"},
				"west": {"uv": [3, 7.5, 3.25, 8.5], "texture": "#0"},
				"up": {"uv": [4.75, 6.25, 2, 6], "texture": "#0"},
				"down": {"uv": [8.75, 4, 6, 4.25], "texture": "#0"}
			}
		},
		{
			"from": [11.575, 9.3, 0],
			"to": [13.375, 9.675, 0.3],
			"rotation": {"angle": 0, "axis": "y", "origin": [7.525, 2.3, 0]},
			"faces": {
				"north": {"uv": [12.5, 12, 15.25, 13], "texture": "#0"},
				"east": {"uv": [2.5, 7.5, 2.75, 8.5], "texture": "#0"},
				"south": {"uv": [3, 1, 5.75, 2], "texture": "#0"},
				"west": {"uv": [3, 7.5, 3.25, 8.5], "texture": "#0"},
				"up": {"uv": [4.75, 6.25, 2, 6], "texture": "#0"},
				"down": {"uv": [8.75, 4, 6, 4.25], "texture": "#0"}
			}
		},
		{
			"from": [8.675, 9.3, 0],
			"to": [10.475, 9.675, 0.3],
			"rotation": {"angle": 0, "axis": "y", "origin": [4.275, 2.3, 0]},
			"faces": {
				"north": {"uv": [12.5, 12, 15.25, 13], "texture": "#0"},
				"east": {"uv": [2.5, 7.5, 2.75, 8.5], "texture": "#0"},
				"south": {"uv": [3, 1, 5.75, 2], "texture": "#0"},
				"west": {"uv": [3, 7.5, 3.25, 8.5], "texture": "#0"},
				"up": {"uv": [4.75, 6.25, 2, 6], "texture": "#0"},
				"down": {"uv": [8.75, 4, 6, 4.25], "texture": "#0"}
			}
		},
		{
			"from": [2.225, 5.15, 0],
			"to": [4.775, 5.65, 0.3],
			"rotation": {"angle": 0, "axis": "y", "origin": [0, 0.65, 0]},
			"faces": {
				"north": {"uv": [2, 6.5, 3.5, 6.75], "texture": "#0"},
				"east": {"uv": [8.5, 7, 8.75, 7.25], "texture": "#0"},
				"south": {"uv": [3.5, 6.5, 5, 6.75], "texture": "#0"},
				"west": {"uv": [7.5, 8.5, 7.75, 8.75], "texture": "#0"},
				"up": {"uv": [6.5, 6.75, 5, 6.5], "texture": "#0"},
				"down": {"uv": [8, 6.5, 6.5, 6.75], "texture": "#0"}
			}
		},
		{
			"from": [10.45, 4.75, 0],
			"to": [11.55, 5.175, 0.3],
			"rotation": {"angle": 0, "axis": "y", "origin": [0, 0.175, 0]},
			"faces": {
				"north": {"uv": [2, 7, 3.5, 7.25], "texture": "#0"},
				"east": {"uv": [8.5, 7.5, 8.75, 7.75], "texture": "#0"},
				"south": {"uv": [3.5, 7, 5, 7.25], "texture": "#0"},
				"west": {"uv": [8, 8.5, 8.25, 8.75], "texture": "#0"},
				"up": {"uv": [6.5, 7.25, 5, 7], "texture": "#0"},
				"down": {"uv": [8, 7, 6.5, 7.25], "texture": "#0"}
			}
		},
		{
			"from": [2.95, 4.75, 0],
			"to": [4.05, 5.175, 0.3],
			"rotation": {"angle": 0, "axis": "y", "origin": [0, 0.175, 0]},
			"faces": {
				"north": {"uv": [2, 6.5, 3.5, 6.75], "texture": "#0"},
				"east": {"uv": [8.5, 7, 8.75, 7.25], "texture": "#0"},
				"south": {"uv": [3.5, 6.5, 5, 6.75], "texture": "#0"},
				"west": {"uv": [7.5, 8.5, 7.75, 8.75], "texture": "#0"},
				"up": {"uv": [6.5, 6.75, 5, 6.5], "texture": "#0"},
				"down": {"uv": [8, 6.5, 6.5, 6.75], "texture": "#0"}
			}
		},
		{
			"from": [1.125, 6.15, 0],
			"to": [1.5, 6.65, 0.3],
			"rotation": {"angle": 0, "axis": "y", "origin": [-2.825, 1.65, 0]},
			"faces": {
				"north": {"uv": [2, 6.5, 3.5, 6.75], "texture": "#0"},
				"east": {"uv": [8.5, 7, 8.75, 7.25], "texture": "#0"},
				"south": {"uv": [3.5, 6.5, 5, 6.75], "texture": "#0"},
				"west": {"uv": [7.5, 8.5, 7.75, 8.75], "texture": "#0"},
				"up": {"uv": [6.5, 6.75, 5, 6.5], "texture": "#0"},
				"down": {"uv": [8, 6.5, 6.5, 6.75], "texture": "#0"}
			}
		},
		{
			"from": [5.5, 6.15, 0],
			"to": [5.875, 6.65, 0.3],
			"rotation": {"angle": 0, "axis": "y", "origin": [1.55, 1.65, 0]},
			"faces": {
				"north": {"uv": [2, 6.5, 3.5, 6.75], "texture": "#0"},
				"east": {"uv": [8.5, 7, 8.75, 7.25], "texture": "#0"},
				"south": {"uv": [3.5, 6.5, 5, 6.75], "texture": "#0"},
				"west": {"uv": [7.5, 8.5, 7.75, 8.75], "texture": "#0"},
				"up": {"uv": [6.5, 6.75, 5, 6.5], "texture": "#0"},
				"down": {"uv": [8, 6.5, 6.5, 6.75], "texture": "#0"}
			}
		},
		{
			"from": [8.625, 6.15, 0],
			"to": [9, 6.65, 0.3],
			"rotation": {"angle": 0, "axis": "y", "origin": [4.675, 1.65, 0]},
			"faces": {
				"north": {"uv": [2, 6.5, 3.5, 6.75], "texture": "#0"},
				"east": {"uv": [8.5, 7, 8.75, 7.25], "texture": "#0"},
				"south": {"uv": [3.5, 6.5, 5, 6.75], "texture": "#0"},
				"west": {"uv": [7.5, 8.5, 7.75, 8.75], "texture": "#0"},
				"up": {"uv": [6.5, 6.75, 5, 6.5], "texture": "#0"},
				"down": {"uv": [8, 6.5, 6.5, 6.75], "texture": "#0"}
			}
		},
		{
			"from": [13, 6.15, 0],
			"to": [13.375, 6.65, 0.3],
			"rotation": {"angle": 0, "axis": "y", "origin": [9.05, 1.65, 0]},
			"faces": {
				"north": {"uv": [2, 6.5, 3.5, 6.75], "texture": "#0"},
				"east": {"uv": [8.5, 7, 8.75, 7.25], "texture": "#0"},
				"south": {"uv": [3.5, 6.5, 5, 6.75], "texture": "#0"},
				"west": {"uv": [7.5, 8.5, 7.75, 8.75], "texture": "#0"},
				"up": {"uv": [6.5, 6.75, 5, 6.5], "texture": "#0"},
				"down": {"uv": [8, 6.5, 6.5, 6.75], "texture": "#0"}
			}
		},
		{
			"from": [9.725, 5.15, 0],
			"to": [12.275, 5.65, 0.3],
			"rotation": {"angle": 0, "axis": "y", "origin": [0, 0.65, 0]},
			"faces": {
				"north": {"uv": [2, 7, 3.5, 7.25], "texture": "#0"},
				"east": {"uv": [8.5, 7.5, 8.75, 7.75], "texture": "#0"},
				"south": {"uv": [3.5, 7, 5, 7.25], "texture": "#0"},
				"west": {"uv": [8, 8.5, 8.25, 8.75], "texture": "#0"},
				"up": {"uv": [6.5, 7.25, 5, 7], "texture": "#0"},
				"down": {"uv": [8, 7, 6.5, 7.25], "texture": "#0"}
			}
		},
		{
			"from": [1.5, 5.65, 0],
			"to": [5.5, 6.65, 0.3],
			"rotation": {"angle": 0, "axis": "y", "origin": [0, 0.65, 0]},
			"faces": {
				"north": {"uv": [1, 4, 3.5, 4.5], "texture": "#0"},
				"east": {"uv": [2, 8.5, 2.25, 9], "texture": "#0"},
				"south": {"uv": [3.5, 4, 6, 4.5], "texture": "#0"},
				"west": {"uv": [2.5, 8.5, 2.75, 9], "texture": "#0"},
				"up": {"uv": [8.5, 4.75, 6, 4.5], "texture": "#0"},
				"down": {"uv": [7.5, 6, 5, 6.25], "texture": "#0"}
			}
		},
		{
			"from": [9, 5.65, 0],
			"to": [13, 6.65, 0.3],
			"rotation": {"angle": 0, "axis": "y", "origin": [0, 0.65, 0]},
			"faces": {
				"north": {"uv": [1, 4.5, 3.5, 5], "texture": "#0"},
				"east": {"uv": [3, 8.5, 3.25, 9], "texture": "#0"},
				"south": {"uv": [3.5, 4.5, 6, 5], "texture": "#0"},
				"west": {"uv": [3.5, 8.5, 3.75, 9], "texture": "#0"},
				"up": {"uv": [8.5, 5.25, 6, 5], "texture": "#0"},
				"down": {"uv": [8.5, 5.5, 6, 5.75], "texture": "#0"}
			}
		},
		{
			"from": [0, 8.3, 0.3],
			"to": [0.3, 9, 10.3],
			"faces": {
				"north": {"uv": [8.5, 6.5, 8.75, 6.75], "texture": "#0"},
				"east": {"uv": [3, 3, 8, 3.25], "texture": "#0"},
				"south": {"uv": [7, 8.5, 7.25, 8.75], "texture": "#0"},
				"west": {"uv": [3, 3.5, 8, 3.75], "texture": "#0"},
				"up": {"uv": [0.25, 9, 0, 4], "texture": "#0"},
				"down": {"uv": [0.75, 4, 0.5, 9], "texture": "#0"}
			}
		},
		{
			"from": [0, 7.6, 9.7],
			"to": [0.3, 8.3, 11.5],
			"faces": {
				"north": {"uv": [8.5, 8, 8.75, 8.25], "texture": "#0"},
				"east": {"uv": [3.5, 7.5, 4.5, 7.75], "texture": "#0"},
				"south": {"uv": [8.5, 8.5, 8.75, 8.75], "texture": "#0"},
				"west": {"uv": [4.5, 7.5, 5.5, 7.75], "texture": "#0"},
				"up": {"uv": [5.75, 8.5, 5.5, 7.5], "texture": "#0"},
				"down": {"uv": [6.25, 7.5, 6, 8.5], "texture": "#0"}
			}
		},
		{
			"from": [0, 6.9, 10.8],
			"to": [0.3, 7.6, 12.2],
			"faces": {
				"north": {"uv": [0, 9, 0.25, 9.25], "texture": "#0"},
				"east": {"uv": [8, 3, 8.75, 3.25], "texture": "#0"},
				"south": {"uv": [9, 0, 9.25, 0.25], "texture": "#0"},
				"west": {"uv": [3.5, 8, 4.25, 8.25], "texture": "#0"},
				"up": {"uv": [4.75, 8.75, 4.5, 8], "texture": "#0"},
				"down": {"uv": [5.25, 8, 5, 8.75], "texture": "#0"}
			}
		},
		{
			"from": [0, 5.8, 11.9],
			"to": [0.3, 6.9, 12.5],
			"faces": {
				"north": {"uv": [4, 8.5, 4.25, 9], "texture": "#0"},
				"east": {"uv": [8.5, 4.5, 8.75, 5], "texture": "#0"},
				"south": {"uv": [8.5, 5, 8.75, 5.5], "texture": "#0"},
				"west": {"uv": [5.5, 8.5, 5.75, 9], "texture": "#0"},
				"up": {"uv": [0.75, 9.25, 0.5, 9], "texture": "#0"},
				"down": {"uv": [9.25, 0.5, 9, 0.75], "texture": "#0"}
			}
		},
		{
			"from": [14.2, 8.3, 0.3],
			"to": [14.5, 9, 10.3],
			"faces": {
				"north": {"uv": [9, 1, 9.25, 1.25], "texture": "#0"},
				"east": {"uv": [1, 5, 6, 5.25], "texture": "#0"},
				"south": {"uv": [9, 1.5, 9.25, 1.75], "texture": "#0"},
				"west": {"uv": [1, 5.5, 6, 5.75], "texture": "#0"},
				"up": {"uv": [1.25, 11, 1, 6], "texture": "#0"},
				"down": {"uv": [1.75, 6, 1.5, 11], "texture": "#0"}
			}
		},
		{
			"from": [14.2, 7.6, 9.7],
			"to": [14.5, 8.3, 11.5],
			"faces": {
				"north": {"uv": [2, 9, 2.25, 9.25], "texture": "#0"},
				"east": {"uv": [7.5, 6, 8.5, 6.25], "texture": "#0"},
				"south": {"uv": [2.5, 9, 2.75, 9.25], "texture": "#0"},
				"west": {"uv": [6.5, 7.5, 7.5, 7.75], "texture": "#0"},
				"up": {"uv": [7.75, 8.5, 7.5, 7.5], "texture": "#0"},
				"down": {"uv": [8.25, 0, 8, 1], "texture": "#0"}
			}
		},
		{
			"from": [14.2, 6.9, 10.8],
			"to": [14.5, 7.6, 12.2],
			"faces": {
				"north": {"uv": [3, 9, 3.25, 9.25], "texture": "#0"},
				"east": {"uv": [8, 3.5, 8.75, 3.75], "texture": "#0"},
				"south": {"uv": [9, 3, 9.25, 3.25], "texture": "#0"},
				"west": {"uv": [6.5, 8, 7.25, 8.25], "texture": "#0"},
				"up": {"uv": [8.25, 7.25, 8, 6.5], "texture": "#0"},
				"down": {"uv": [8.25, 7.5, 8, 8.25], "texture": "#0"}
			}
		},
		{
			"from": [14.2, 5.8, 11.9],
			"to": [14.5, 6.9, 12.5],
			"faces": {
				"north": {"uv": [8.5, 5.5, 8.75, 6], "texture": "#0"},
				"east": {"uv": [6, 8.5, 6.25, 9], "texture": "#0"},
				"south": {"uv": [8.5, 6, 8.75, 6.5], "texture": "#0"},
				"west": {"uv": [6.5, 8.5, 6.75, 9], "texture": "#0"},
				"up": {"uv": [3.75, 9.25, 3.5, 9], "texture": "#0"},
				"down": {"uv": [9.25, 3.5, 9, 3.75], "texture": "#0"}
			}
		}
	],
	"gui_light": "front",
	"display": {
		"thirdperson_righthand": {
			"translation": [0.25, 1.75, 4],
			"scale": [0.5, 0.5, 0.5]
		},
		"thirdperson_lefthand": {
			"translation": [-0.25, 1.75, 4],
			"scale": [0.5, 0.5, 0.5]
		},
		"firstperson_righthand": {
			"translation": [5.25, 0.25, 1.75]
		},
		"firstperson_lefthand": {
			"translation": [4.25, 0.25, 1.5]
		},
		"ground": {
			"scale": [0.5, 0.5, 0.5]
		},
		"gui": {
			"rotation": [14, 154, 1],
			"translation": [0.5, 0.5, 0],
			"scale": [0.8, 0.8, 0.8]
		},
		"head": {
			"translation": [0.75, -1.5, 0.5]
		},
		"fixed": {
			"translation": [1, 1, 1],
			"scale": [1.15, 1.15, 0.14]
		}
	},
	"groups": [
		{
			"name": "group",
			"origin": [0, 0, 0],
			"color": 0,
			"children": [0, 1, 2, 3, 4, 5, 6, 7, 8, 9, 10, 11, 12, 13, 14, 15, 16, 17, 18, 19, 20, 21, 22, 23, 24, 25, 26]
		},
		{
			"name": "group",
			"origin": [0, 0, 0],
			"color": 0,
			"children": [27, 28, 29, 30]
		},
		{
			"name": "group",
			"origin": [0, 0, 0],
			"color": 0,
			"children": [31, 32, 33, 34]
		}
	]
}