{
    "model": {
        "type": "range_dispatch",
        "property": "custom_model_data",
        "fallback": {
            "type": "model",
            "model": "item/bread"
        },
        "entries": [
            {
                "threshold": 1337001,
                "model": {
                    "type": "model",
                    "model": "custom/popiah"
                }
            },
            {
                "threshold": 1337002,
                "model": {
                    "type": "model",
                    "model": "special_event/april_fools_2024/bread"
                }
            }
        ]
    }
}