{
    "model": {
        "type": "range_dispatch",
        "property": "custom_model_data",
        "fallback": {
            "type": "model",
            "model": "item/golden_carrot"
        },
        "entries": [
            {
                "threshold": 1337001,
                "model": {
                    "type": "model",
                    "model": "special_event/dragon_boat_festival_2023/ricedumpling_salty"
                }
            },
            {
                "threshold": 1337002,
                "model": {
                    "type": "model",
                    "model": "special_event/dragon_boat_festival_2023/ricedumpling_sweet"
                }
            },
            {
                "threshold": 1337003,
                "model": {
                    "type": "model",
                    "model": "food/melon_juice"
                }
            },
            {
                "threshold": 1337004,
                "model": {
                    "type": "model",
                    "model": "drink/milktea"
                }
            }
        ]
    }
}