{
    "model": {
        "type": "range_dispatch",
        "property": "custom_model_data",
        "fallback": {
            "type": "model",
            "model": "item/skull_banner_pattern"
        },
        "entries": [
            {
                "threshold": 1,
                "model": {
                    "type": "model",
                    "model": "vip/how_figures/babu"
                }
            },
            {
                "threshold": 2,
                "model": {
                    "type": "model",
                    "model": "vip/how_figures/baibai"
                }
            },
            {
                "threshold": 3,
                "model": {
                    "type": "model",
                    "model": "vip/how_figures/oooo"
                }
            },
            {
                "threshold": 4,
                "model": {
                    "type": "model",
                    "model": "vip/how_figures/cm"
                }
            },
            {
                "threshold": 5,
                "model": {
                    "type": "model",
                    "model": "vip/how_figures/x"
                }
            },
            {
                "threshold": 6,
                "model": {
                    "type": "model",
                    "model": "vip/how_figures/bsm"
                }
            },
            {
                "threshold": 1337001,
                "model": {
                    "type": "model",
                    "model": "japan/omamori/black"
                }
            },
            {
                "threshold": 1337002,
                "model": {
                    "type": "model",
                    "model": "headgear/face_mask/aqua"
                }
            },
            {
                "threshold": 1337003,
                "model": {
                    "type": "model",
                    "model": "headgear/face_mask/green"
                }
            },
            {
                "threshold": 1337004,
                "model": {
                    "type": "model",
                    "model": "headgear/face_mask/orange"
                }
            },
            {
                "threshold": 1337005,
                "model": {
                    "type": "model",
                    "model": "headgear/face_mask/pink"
                }
            },
            {
                "threshold": 1337006,
                "model": {
                    "type": "model",
                    "model": "headgear/face_mask/black"
                }
            },
            {
                "threshold": 1337007,
                "model": {
                    "type": "model",
                    "model": "headgear/sunglasses"
                }
            },
            {
                "threshold": 1337008,
                "model": {
                    "type": "model",
                    "model": "vip/plate"
                }
            },
            {
                "threshold": 1337009,
                "model": {
                    "type": "model",
                    "model": "vip/how_painting/1"
                }
            },
            {
                "threshold": 1337010,
                "model": {
                    "type": "model",
                    "model": "vip/babu_painting"
                }
            },
            {
                "threshold": 1337011,
                "model": {
                    "type": "model",
                    "model": "vip/how_statue"
                }
            },
            {
                "threshold": 1337012,
                "model": {
                    "type": "model",
                    "model": "vip/how_cup"
                }
            },
            {
                "threshold": 1337013,
                "model": {
                    "type": "model",
                    "model": "vip/how_mug"
                }
            },
            {
                "threshold": 1337014,
                "model": {
                    "type": "model",
                    "model": "vip/how_signature"
                }
            },
            {
                "threshold": 1337015,
                "model": {
                    "type": "model",
                    "model": "vip/how_wine"
                }
            },
            {
                "threshold": 1337016,
                "model": {
                    "type": "model",
                    "model": "vip/how_bucket"
                }
            },
            {
                "threshold": 1337017,
                "model": {
                    "type": "model",
                    "model": "vip/how_drum"
                }
            },
            {
                "threshold": 1337018,
                "model": {
                    "type": "model",
                    "model": ""
                }
            },
            {
                "threshold": 1337019,
                "model": {
                    "type": "model",
                    "model": ""
                }
            },
            {
                "threshold": 1337020,
                "model": {
                    "type": "model",
                    "model": "vip/how_hat"
                }
            },
            {
                "threshold": 1337021,
                "model": {
                    "type": "model",
                    "model": "special_event/april_fools_2024/how_clown"
                }
            },
            {
                "threshold": 1337022,
                "model": {
                    "type": "model",
                    "model": "vip/how_card"
                }
            },
            {
                "threshold": 1337023,
                "model": {
                    "type": "model",
                    "model": "vip/how_pillow"
                }
            },
            {
                "threshold": 1337024,
                "model": {
                    "type": "model",
                    "model": "vip/how_painting/2"
                }
            },
            {
                "threshold": 1337025,
                "model": {
                    "type": "model",
                    "model": "vip/how_figures/howie"
                }
            },
            {
                "threshold": 1337026,
                "model": {
                    "type": "model",
                    "model": "special_event/chinese_valentines_2024/heart"
                }
            },
            {
                "threshold": 1337027,
                "model": {
                    "type": "model",
                    "model": "special_event/chinese_valentines_2024/white"
                }
            },
            {
                "threshold": 1337028,
                "model": {
                    "type": "model",
                    "model": "special_event/chinese_valentines_2024/yellow"
                }
            },
            {
                "threshold": 1337029,
                "model": {
                    "type": "model",
                    "model": "special_event/chinese_valentines_2024/bouquet"
                }
            },
            {
                "threshold": 1337030,
                "model": {
                    "type": "model",
                    "model": "special_event/chinese_valentines_2024/box"
                }
            },
            {
                "threshold": 1337031,
                "model": {
                    "type": "model",
                    "model": "vip/how_figures/mono"
                }
            },
            {
                "threshold": 1337032,
                "model": {
                    "type": "model",
                    "model": "vip/how_figures/rachael"
                }
            },
            {
                "threshold": 1337033,
                "model": {
                    "type": "model",
                    "model": "vip/how_figures/72"
                }
            },
            {
                "threshold": 1337034,
                "model": {
                    "type": "model",
                    "model": "vip/how_figures/yang"
                }
            },
            {
                "threshold": 1337035,
                "model": {
                    "type": "model",
                    "model": "vip/how_figures/tofu"
                }
            },
            {
                "threshold": 1337036,
                "model": {
                    "type": "model",
                    "model": "vip/how_figures/gold"
                }
            },
            {
                "threshold": 1337037,
                "model": {
                    "type": "model",
                    "model": "special_event/christmas_2024/hat"
                }
            },
            {
                "threshold": 1337038,
                "model": {
                    "type": "model",
                    "model": "special_event/christmas_2024/tree_hat"
                }
            },
            {
                "threshold": 1337039,
                "model": {
                    "type": "model",
                    "model": "special_event/christmas_2024/snowman/default"
                }
            },
            {
                "threshold": 1337040,
                "model": {
                    "type": "model",
                    "model": "special_event/christmas_2024/snowman/gold"
                }
            },
            {
                "threshold": 1337041,
                "model": {
                    "type": "model",
                    "model": "special_event/christmas_2024/snowman/silver"
                }
            },
            {
                "threshold": 1337042,
                "model": {
                    "type": "model",
                    "model": "special_event/christmas_2024/snowman/copper"
                }
            },
            {
                "threshold": 1337043,
                "model": {
                    "type": "model",
                    "model": "special_event/christmas_2024/bell_wand"
                }
            },
            {
                "threshold": 1337044,
                "model": {
                    "type": "model",
                    "model": "special_event/christmas_2024/e_hat"
                }
            }
            ,
            {
                "threshold": 1337045,
                "model": {
                    "type": "model",
                    "model": "vip/how_paint_gun/white"
                }
            }
            ,
            {
                "threshold": 1337046,
                "model": {
                    "type": "model",
                    "model": "vip/how_paint_gun/orange"
                }
            }
            ,
            {
                "threshold": 1337047,
                "model": {
                    "type": "model",
                    "model": "vip/how_paint_gun/magenta"
                }
            }
            ,
            {
                "threshold": 1337048,
                "model": {
                    "type": "model",
                    "model": "vip/how_paint_gun/light_blue"
                }
            }
            ,
            {
                "threshold": 1337049,
                "model": {
                    "type": "model",
                    "model": "vip/how_paint_gun/yelow"
                }
            }
            ,
            {
                "threshold": 1337050,
                "model": {
                    "type": "model",
                    "model": "vip/how_paint_gun/lime"
                }
            }
            ,
            {
                "threshold": 1337051,
                "model": {
                    "type": "model",
                    "model": "vip/how_paint_gun/pink"
                }
            }
            ,
            {
                "threshold": 1337052,
                "model": {
                    "type": "model",
                    "model": "vip/how_paint_gun/gray"
                }
            }
            ,
            {
                "threshold": 1337053,
                "model": {
                    "type": "model",
                    "model": "vip/how_paint_gun/light_gray"
                }
            }
            ,
            {
                "threshold": 1337054,
                "model": {
                    "type": "model",
                    "model": "vip/how_paint_gun/cyan"
                }
            }
            ,
            {
                "threshold": 1337055,
                "model": {
                    "type": "model",
                    "model": "vip/how_paint_gun/purple"
                }
            }
            ,
            {
                "threshold": 1337056,
                "model": {
                    "type": "model",
                    "model": "vip/how_paint_gun/blue"
                }
            }
            ,
            {
                "threshold": 1337057,
                "model": {
                    "type": "model",
                    "model": "vip/how_paint_gun/brown"
                }
            }
            ,
            {
                "threshold": 1337058,
                "model": {
                    "type": "model",
                    "model": "vip/how_paint_gun/green"
                }
            }
            ,
            {
                "threshold": 1337059,
                "model": {
                    "type": "model",
                    "model": "vip/how_paint_gun/red"
                }
            }
            ,
            {
                "threshold": 1337060,
                "model": {
                    "type": "model",
                    "model": "vip/how_paint_gun/black"
                }
            }
        ]
    }
}