{
    "model": {
        "type": "range_dispatch",
        "property": "custom_model_data",
        "fallback": {
            "type": "model",
            "model": "item/written_book"
        },
        "entries": [
            {
                "threshold": 1337001,
                "model": {
                    "type": "model",
                    "model": "custom/fairy_howie"
                }
            },
            {
                "threshold": 1337002,
                "model": {
                    "type": "model",
                    "model": "special_event/chinese_valentines_2023/letter_1"
                }
            }
        ]
    }
}