{
	"credit": "Made with Blockbench",
	"texture_size": [64, 64],
	"textures": {
		"1": "item/special_event/howie_birthday_2023/green_balloon",
		"2": "item/special_event/howie_birthday_2023/yellow_balloon",
		"3": "item/special_event/howie_birthday_2023/red_balloon",
		"particle": "item/special_event/howie_birthday_2023/green_balloon"
	},
	"elements": [
		{
			"from": [-2.5, 15.5, 2.5],
			"to": [0.5, 16.5, 5.5],
			"rotation": {"angle": 22.5, "axis": "y", "origin": [11, 0, 0]},
			"faces": {
				"north": {"uv": [8.25, 3.25, 9.25, 3.5], "texture": "#1"},
				"east": {"uv": [8.25, 3.5, 9.25, 3.75], "texture": "#1"},
				"south": {"uv": [8.25, 3.75, 9.25, 4], "texture": "#1"},
				"west": {"uv": [4.5, 8.25, 5.5, 8.5], "texture": "#1"},
				"up": {"uv": [8.25, 3, 7.25, 2], "texture": "#1"},
				"down": {"uv": [8.25, 2, 7.25, 3], "texture": "#1"}
			}
		},
		{
			"from": [-1.5, 9.5, 3.5],
			"to": [-0.5, 15.5, 4.5],
			"rotation": {"angle": 22.5, "axis": "y", "origin": [11, 0, 0]},
			"faces": {
				"north": {"uv": [11.75, 8, 12.75, 8.25], "texture": "#1"},
				"east": {"uv": [11.75, 8, 12.75, 8.25], "texture": "#1"},
				"south": {"uv": [11.75, 8, 12.75, 8.25], "texture": "#1"},
				"west": {"uv": [11.75, 8, 12.75, 8.25], "texture": "#1"},
				"up": {"uv": [12.75, 8.25, 11.75, 8], "texture": "#1"},
				"down": {"uv": [12.75, 8, 11.75, 8.25], "texture": "#1"}
			}
		},
		{
			"from": [-0.5, 3.5, 3.5],
			"to": [0.5, 9.5, 4.5],
			"rotation": {"angle": 22.5, "axis": "y", "origin": [11, 0, 0]},
			"faces": {
				"north": {"uv": [11.75, 8, 12.75, 8.25], "texture": "#1"},
				"east": {"uv": [11.75, 8, 12.75, 8.25], "texture": "#1"},
				"south": {"uv": [11.75, 8, 12.75, 8.25], "texture": "#1"},
				"west": {"uv": [11.75, 8, 12.75, 8.25], "texture": "#1"},
				"up": {"uv": [12.75, 8.25, 11.75, 8], "texture": "#1"},
				"down": {"uv": [12.75, 8, 11.75, 8.25], "texture": "#1"}
			}
		},
		{
			"from": [-1.5, 0.5, 3.5],
			"to": [-0.5, 3.5, 4.5],
			"rotation": {"angle": 22.5, "axis": "y", "origin": [11, 0, 0]},
			"faces": {
				"north": {"uv": [11.75, 8, 12.75, 8.25], "texture": "#1"},
				"east": {"uv": [11.75, 8, 12.75, 8.25], "texture": "#1"},
				"south": {"uv": [11.75, 8, 12.75, 8.25], "texture": "#1"},
				"west": {"uv": [11.75, 8, 12.75, 8.25], "texture": "#1"},
				"up": {"uv": [12.75, 8.25, 11.75, 8], "texture": "#1"},
				"down": {"uv": [12.75, 8, 11.75, 8.25], "texture": "#1"}
			}
		},
		{
			"from": [-4, 16.5, 1],
			"to": [2, 17, 7],
			"rotation": {"angle": 22.5, "axis": "y", "origin": [11, 0, 0]},
			"faces": {
				"north": {"uv": [8.25, 3.25, 9.25, 3.5], "texture": "#1"},
				"east": {"uv": [8.25, 3.5, 9.25, 3.75], "texture": "#1"},
				"south": {"uv": [8.25, 3.75, 9.25, 4], "texture": "#1"},
				"west": {"uv": [4.5, 8.25, 5.5, 8.5], "texture": "#1"},
				"up": {"uv": [8.25, 3, 7.25, 2], "texture": "#1"},
				"down": {"uv": [8.25, 2, 7.25, 3], "texture": "#1"}
			}
		},
		{
			"from": [3, 17.5, 0.5],
			"to": [3.5, 27.5, 7.5],
			"rotation": {"angle": 22.5, "axis": "y", "origin": [11, 0, 0]},
			"faces": {
				"north": {"uv": [11, 1, 12, 5], "texture": "#1"},
				"east": {"uv": [11, 1, 12, 5], "texture": "#1"},
				"south": {"uv": [11, 1, 12, 5], "texture": "#1"},
				"west": {"uv": [11, 1, 12, 5], "texture": "#1"},
				"up": {"uv": [6.5, 2, 4.5, 0], "texture": "#1"},
				"down": {"uv": [6.5, 0, 4.5, 2], "texture": "#1"}
			}
		},
		{
			"from": [-5.5, 17.5, 0.5],
			"to": [-5, 27.5, 7.5],
			"rotation": {"angle": 22.5, "axis": "y", "origin": [11, 0, 0]},
			"faces": {
				"north": {"uv": [12, 1, 11, 5], "texture": "#1"},
				"east": {"uv": [12, 1, 11, 5], "texture": "#1"},
				"south": {"uv": [12, 1, 11, 5], "texture": "#1"},
				"west": {"uv": [12, 1, 11, 5], "texture": "#1"},
				"up": {"uv": [4.5, 2, 6.5, 0], "texture": "#1"},
				"down": {"uv": [4.5, 0, 6.5, 2], "texture": "#1"}
			}
		},
		{
			"from": [-5, 17, 0],
			"to": [3, 28, 8],
			"rotation": {"angle": 22.5, "axis": "y", "origin": [11, 0, 0]},
			"faces": {
				"north": {"uv": [12, 1, 11, 5], "texture": "#1"},
				"east": {"uv": [12, 1, 11, 5], "texture": "#1"},
				"south": {"uv": [12, 1, 11, 5], "texture": "#1"},
				"west": {"uv": [12, 1, 11, 5], "texture": "#1"},
				"up": {"uv": [4.5, 2, 6.5, 0], "texture": "#1"},
				"down": {"uv": [4.5, 0, 6.5, 2], "texture": "#1"}
			}
		},
		{
			"from": [-4.5, 28, 0.5],
			"to": [2.5, 28.5, 7.5],
			"rotation": {"angle": 22.5, "axis": "y", "origin": [11, 0, 0]},
			"faces": {
				"north": {"uv": [12, 1, 11, 5], "texture": "#1"},
				"east": {"uv": [12, 1, 11, 5], "texture": "#1"},
				"south": {"uv": [12, 1, 11, 5], "texture": "#1"},
				"west": {"uv": [12, 1, 11, 5], "texture": "#1"},
				"up": {"uv": [4.5, 2, 6.5, 0], "texture": "#1"},
				"down": {"uv": [4.5, 0, 6.5, 2], "texture": "#1"}
			}
		},
		{
			"from": [-4.5, 17.5, -0.5],
			"to": [2.5, 27.5, 0],
			"rotation": {"angle": 22.5, "axis": "y", "origin": [11, 0, 0]},
			"faces": {
				"north": {"uv": [12, 1, 11, 5], "texture": "#1"},
				"east": {"uv": [12, 1, 11, 5], "texture": "#1"},
				"south": {"uv": [12, 1, 11, 5], "texture": "#1"},
				"west": {"uv": [12, 1, 11, 5], "texture": "#1"},
				"up": {"uv": [4.5, 2, 6.5, 0], "rotation": 90, "texture": "#1"},
				"down": {"uv": [4.5, 0, 6.5, 2], "rotation": 270, "texture": "#1"}
			}
		},
		{
			"from": [1.75, 17.5, 9.25],
			"to": [8.75, 27.5, 9.75],
			"rotation": {"angle": 22.5, "axis": "y", "origin": [11, 0, 16]},
			"faces": {
				"north": {"uv": [11, 1, 12, 5], "texture": "#1"},
				"east": {"uv": [11, 1, 12, 5], "texture": "#1"},
				"south": {"uv": [11, 1, 12, 5], "texture": "#1"},
				"west": {"uv": [11, 1, 12, 5], "texture": "#1"},
				"up": {"uv": [6.5, 2, 4.5, 0], "rotation": 90, "texture": "#1"},
				"down": {"uv": [6.5, 0, 4.5, 2], "rotation": 270, "texture": "#1"}
			}
		},
		{
			"from": [8.5, 4.5, 4.5],
			"to": [11.5, 5.5, 7.5],
			"rotation": {"angle": 0, "axis": "y", "origin": [-5, 0, 0]},
			"faces": {
				"north": {"uv": [8.25, 3.25, 9.25, 3.5], "texture": "#2"},
				"east": {"uv": [8.25, 3.5, 9.25, 3.75], "texture": "#2"},
				"south": {"uv": [8.25, 3.75, 9.25, 4], "texture": "#2"},
				"west": {"uv": [4.5, 8.25, 5.5, 8.5], "texture": "#2"},
				"up": {"uv": [8.25, 3, 7.25, 2], "texture": "#2"},
				"down": {"uv": [8.25, 2, 7.25, 3], "texture": "#2"}
			}
		},
		{
			"from": [7, 5.5, 3],
			"to": [13, 6, 9],
			"rotation": {"angle": 0, "axis": "y", "origin": [-5, 0, 0]},
			"faces": {
				"north": {"uv": [8.25, 3.25, 9.25, 3.5], "texture": "#2"},
				"east": {"uv": [8.25, 3.5, 9.25, 3.75], "texture": "#2"},
				"south": {"uv": [8.25, 3.75, 9.25, 4], "texture": "#2"},
				"west": {"uv": [4.5, 8.25, 5.5, 8.5], "texture": "#2"},
				"up": {"uv": [8.25, 3, 7.25, 2], "texture": "#2"},
				"down": {"uv": [8.25, 2, 7.25, 3], "texture": "#2"}
			}
		},
		{
			"from": [14, 6.5, 2.5],
			"to": [14.5, 16.5, 9.5],
			"rotation": {"angle": 0, "axis": "y", "origin": [-5, 0, 0]},
			"faces": {
				"north": {"uv": [11, 1, 12, 5], "texture": "#2"},
				"east": {"uv": [11, 1, 12, 5], "texture": "#2"},
				"south": {"uv": [11, 1, 12, 5], "texture": "#2"},
				"west": {"uv": [11, 1, 12, 5], "texture": "#2"},
				"up": {"uv": [6.5, 2, 4.5, 0], "texture": "#2"},
				"down": {"uv": [6.5, 0, 4.5, 2], "texture": "#2"}
			}
		},
		{
			"from": [5.5, 6.5, 2.5],
			"to": [6, 16.5, 9.5],
			"rotation": {"angle": 0, "axis": "y", "origin": [11, 0, 0]},
			"faces": {
				"north": {"uv": [12, 1, 11, 5], "texture": "#2"},
				"east": {"uv": [12, 1, 11, 5], "texture": "#2"},
				"south": {"uv": [12, 1, 11, 5], "texture": "#2"},
				"west": {"uv": [12, 1, 11, 5], "texture": "#2"},
				"up": {"uv": [4.5, 2, 6.5, 0], "texture": "#2"},
				"down": {"uv": [4.5, 0, 6.5, 2], "texture": "#2"}
			}
		},
		{
			"from": [6.5, 6.5, 1.5],
			"to": [13.5, 16.5, 2],
			"rotation": {"angle": 0, "axis": "y", "origin": [11, 0, 0]},
			"faces": {
				"north": {"uv": [12, 1, 11, 5], "texture": "#2"},
				"east": {"uv": [12, 1, 11, 5], "texture": "#2"},
				"south": {"uv": [12, 1, 11, 5], "texture": "#2"},
				"west": {"uv": [12, 1, 11, 5], "texture": "#2"},
				"up": {"uv": [4.5, 2, 6.5, 0], "rotation": 90, "texture": "#2"},
				"down": {"uv": [4.5, 0, 6.5, 2], "rotation": 270, "texture": "#2"}
			}
		},
		{
			"from": [6.5, 6.5, 10],
			"to": [13.5, 16.5, 10.5],
			"rotation": {"angle": 0, "axis": "y", "origin": [11, 0, 16]},
			"faces": {
				"north": {"uv": [11, 1, 12, 5], "texture": "#2"},
				"east": {"uv": [11, 1, 12, 5], "texture": "#2"},
				"south": {"uv": [11, 1, 12, 5], "texture": "#2"},
				"west": {"uv": [11, 1, 12, 5], "texture": "#2"},
				"up": {"uv": [6.5, 2, 4.5, 0], "rotation": 90, "texture": "#2"},
				"down": {"uv": [6.5, 0, 4.5, 2], "rotation": 270, "texture": "#2"}
			}
		},
		{
			"from": [9.5, -1.5, 5.5],
			"to": [10.5, 4.5, 6.5],
			"rotation": {"angle": 0, "axis": "y", "origin": [-5, 0, 0]},
			"faces": {
				"north": {"uv": [11.75, 8, 12.75, 8.25], "texture": "#2"},
				"east": {"uv": [11.75, 8, 12.75, 8.25], "texture": "#2"},
				"south": {"uv": [11.75, 8, 12.75, 8.25], "texture": "#2"},
				"west": {"uv": [11.75, 8, 12.75, 8.25], "texture": "#2"},
				"up": {"uv": [12.75, 8.25, 11.75, 8], "texture": "#2"},
				"down": {"uv": [12.75, 8, 11.75, 8.25], "texture": "#2"}
			}
		},
		{
			"from": [10.5, -7.5, 5.5],
			"to": [11.5, -1.5, 6.5],
			"rotation": {"angle": 0, "axis": "y", "origin": [-5, 0, 0]},
			"faces": {
				"north": {"uv": [11.75, 8, 12.75, 8.25], "texture": "#2"},
				"east": {"uv": [11.75, 8, 12.75, 8.25], "texture": "#2"},
				"south": {"uv": [11.75, 8, 12.75, 8.25], "texture": "#2"},
				"west": {"uv": [11.75, 8, 12.75, 8.25], "texture": "#2"},
				"up": {"uv": [12.75, 8.25, 11.75, 8], "texture": "#2"},
				"down": {"uv": [12.75, 8, 11.75, 8.25], "texture": "#2"}
			}
		},
		{
			"from": [9.5, -10.5, 5.5],
			"to": [10.5, -7.5, 6.5],
			"rotation": {"angle": 0, "axis": "y", "origin": [-5, 0, 0]},
			"faces": {
				"north": {"uv": [11.75, 8, 12.75, 8.25], "texture": "#2"},
				"east": {"uv": [11.75, 8, 12.75, 8.25], "texture": "#2"},
				"south": {"uv": [11.75, 8, 12.75, 8.25], "texture": "#2"},
				"west": {"uv": [11.75, 8, 12.75, 8.25], "texture": "#2"},
				"up": {"uv": [12.75, 8.25, 11.75, 8], "texture": "#2"},
				"down": {"uv": [12.75, 8, 11.75, 8.25], "texture": "#2"}
			}
		},
		{
			"from": [6, 6, 2],
			"to": [14, 17, 10],
			"rotation": {"angle": 0, "axis": "y", "origin": [11, 0, 0]},
			"faces": {
				"north": {"uv": [12, 1, 11, 5], "texture": "#2"},
				"east": {"uv": [12, 1, 11, 5], "texture": "#2"},
				"south": {"uv": [12, 1, 11, 5], "texture": "#2"},
				"west": {"uv": [12, 1, 11, 5], "texture": "#2"},
				"up": {"uv": [4.5, 2, 6.5, 0], "texture": "#2"},
				"down": {"uv": [4.5, 0, 6.5, 2], "texture": "#2"}
			}
		},
		{
			"from": [6.5, 17, 2.5],
			"to": [13.5, 17.5, 9.5],
			"rotation": {"angle": 0, "axis": "y", "origin": [11, 0, 0]},
			"faces": {
				"north": {"uv": [12, 1, 11, 5], "texture": "#2"},
				"east": {"uv": [12, 1, 11, 5], "texture": "#2"},
				"south": {"uv": [12, 1, 11, 5], "texture": "#2"},
				"west": {"uv": [12, 1, 11, 5], "texture": "#2"},
				"up": {"uv": [4.5, 2, 6.5, 0], "texture": "#2"},
				"down": {"uv": [4.5, 0, 6.5, 2], "texture": "#2"}
			}
		},
		{
			"from": [4.5, 31, 4.5],
			"to": [11.5, 31.5, 11.5],
			"rotation": {"angle": 45, "axis": "y", "origin": [11, 0, 0]},
			"faces": {
				"north": {"uv": [12, 1, 11, 5], "texture": "#3"},
				"east": {"uv": [12, 1, 11, 5], "texture": "#3"},
				"south": {"uv": [12, 1, 11, 5], "texture": "#3"},
				"west": {"uv": [12, 1, 11, 5], "texture": "#3"},
				"up": {"uv": [4.5, 2, 6.5, 0], "texture": "#3"},
				"down": {"uv": [4.5, 0, 6.5, 2], "texture": "#3"}
			}
		},
		{
			"from": [4, 20, 4],
			"to": [12, 31, 12],
			"rotation": {"angle": 45, "axis": "y", "origin": [11, 0, 0]},
			"faces": {
				"north": {"uv": [12, 1, 11, 5], "texture": "#3"},
				"east": {"uv": [12, 1, 11, 5], "texture": "#3"},
				"south": {"uv": [12, 1, 11, 5], "texture": "#3"},
				"west": {"uv": [12, 1, 11, 5], "texture": "#3"},
				"up": {"uv": [4.5, 2, 6.5, 0], "texture": "#3"},
				"down": {"uv": [4.5, 0, 6.5, 2], "texture": "#3"}
			}
		},
		{
			"from": [7.5, 3.5, 7.5],
			"to": [8.5, 6.5, 8.5],
			"rotation": {"angle": 45, "axis": "y", "origin": [11, 0, 0]},
			"faces": {
				"north": {"uv": [11.75, 8, 12.75, 8.25], "texture": "#3"},
				"east": {"uv": [11.75, 8, 12.75, 8.25], "texture": "#3"},
				"south": {"uv": [11.75, 8, 12.75, 8.25], "texture": "#3"},
				"west": {"uv": [11.75, 8, 12.75, 8.25], "texture": "#3"},
				"up": {"uv": [12.75, 8.25, 11.75, 8], "texture": "#3"},
				"down": {"uv": [12.75, 8, 11.75, 8.25], "texture": "#3"}
			}
		},
		{
			"from": [8.5, 6.5, 7.5],
			"to": [9.5, 12.5, 8.5],
			"rotation": {"angle": 45, "axis": "y", "origin": [11, 0, 0]},
			"faces": {
				"north": {"uv": [11.75, 8, 12.75, 8.25], "texture": "#3"},
				"east": {"uv": [11.75, 8, 12.75, 8.25], "texture": "#3"},
				"south": {"uv": [11.75, 8, 12.75, 8.25], "texture": "#3"},
				"west": {"uv": [11.75, 8, 12.75, 8.25], "texture": "#3"},
				"up": {"uv": [12.75, 8.25, 11.75, 8], "texture": "#3"},
				"down": {"uv": [12.75, 8, 11.75, 8.25], "texture": "#3"}
			}
		},
		{
			"from": [7.5, 12.5, 7.5],
			"to": [8.5, 18.5, 8.5],
			"rotation": {"angle": 45, "axis": "y", "origin": [11, 0, 0]},
			"faces": {
				"north": {"uv": [11.75, 8, 12.75, 8.25], "texture": "#3"},
				"east": {"uv": [11.75, 8, 12.75, 8.25], "texture": "#3"},
				"south": {"uv": [11.75, 8, 12.75, 8.25], "texture": "#3"},
				"west": {"uv": [11.75, 8, 12.75, 8.25], "texture": "#3"},
				"up": {"uv": [12.75, 8.25, 11.75, 8], "texture": "#3"},
				"down": {"uv": [12.75, 8, 11.75, 8.25], "texture": "#3"}
			}
		},
		{
			"from": [15.75, 20.5, 17],
			"to": [22.75, 30.5, 17.5],
			"rotation": {"angle": 45, "axis": "y", "origin": [11, 0, 16]},
			"faces": {
				"north": {"uv": [11, 1, 12, 5], "texture": "#3"},
				"east": {"uv": [11, 1, 12, 5], "texture": "#3"},
				"south": {"uv": [11, 1, 12, 5], "texture": "#3"},
				"west": {"uv": [11, 1, 12, 5], "texture": "#3"},
				"up": {"uv": [6.5, 2, 4.5, 0], "rotation": 90, "texture": "#3"},
				"down": {"uv": [6.5, 0, 4.5, 2], "rotation": 270, "texture": "#3"}
			}
		},
		{
			"from": [4.5, 20.5, 3.5],
			"to": [11.5, 30.5, 4],
			"rotation": {"angle": 45, "axis": "y", "origin": [11, 0, 0]},
			"faces": {
				"north": {"uv": [12, 1, 11, 5], "texture": "#3"},
				"east": {"uv": [12, 1, 11, 5], "texture": "#3"},
				"south": {"uv": [12, 1, 11, 5], "texture": "#3"},
				"west": {"uv": [12, 1, 11, 5], "texture": "#3"},
				"up": {"uv": [4.5, 2, 6.5, 0], "rotation": 90, "texture": "#3"},
				"down": {"uv": [4.5, 0, 6.5, 2], "rotation": 270, "texture": "#3"}
			}
		},
		{
			"from": [3.5, 20.5, 4.5],
			"to": [4, 30.5, 11.5],
			"rotation": {"angle": 45, "axis": "y", "origin": [11, 0, 0]},
			"faces": {
				"north": {"uv": [12, 1, 11, 5], "texture": "#3"},
				"east": {"uv": [12, 1, 11, 5], "texture": "#3"},
				"south": {"uv": [12, 1, 11, 5], "texture": "#3"},
				"west": {"uv": [12, 1, 11, 5], "texture": "#3"},
				"up": {"uv": [4.5, 2, 6.5, 0], "texture": "#3"},
				"down": {"uv": [4.5, 0, 6.5, 2], "texture": "#3"}
			}
		},
		{
			"from": [12, 20.5, 4.5],
			"to": [12.5, 30.5, 11.5],
			"rotation": {"angle": 45, "axis": "y", "origin": [11, 0, 0]},
			"faces": {
				"north": {"uv": [11, 1, 12, 5], "texture": "#3"},
				"east": {"uv": [11, 1, 12, 5], "texture": "#3"},
				"south": {"uv": [11, 1, 12, 5], "texture": "#3"},
				"west": {"uv": [11, 1, 12, 5], "texture": "#3"},
				"up": {"uv": [6.5, 2, 4.5, 0], "texture": "#3"},
				"down": {"uv": [6.5, 0, 4.5, 2], "texture": "#3"}
			}
		},
		{
			"from": [5, 19.5, 5],
			"to": [11, 20, 11],
			"rotation": {"angle": 45, "axis": "y", "origin": [11, 0, 0]},
			"faces": {
				"north": {"uv": [8.25, 3.25, 9.25, 3.5], "texture": "#3"},
				"east": {"uv": [8.25, 3.5, 9.25, 3.75], "texture": "#3"},
				"south": {"uv": [8.25, 3.75, 9.25, 4], "texture": "#3"},
				"west": {"uv": [4.5, 8.25, 5.5, 8.5], "texture": "#3"},
				"up": {"uv": [8.25, 3, 7.25, 2], "texture": "#3"},
				"down": {"uv": [8.25, 2, 7.25, 3], "texture": "#3"}
			}
		},
		{
			"from": [6.5, 18.5, 6.5],
			"to": [9.5, 19.5, 9.5],
			"rotation": {"angle": 45, "axis": "y", "origin": [11, 0, 0]},
			"faces": {
				"north": {"uv": [8.25, 3.25, 9.25, 3.5], "texture": "#3"},
				"east": {"uv": [8.25, 3.5, 9.25, 3.75], "texture": "#3"},
				"south": {"uv": [8.25, 3.75, 9.25, 4], "texture": "#3"},
				"west": {"uv": [4.5, 8.25, 5.5, 8.5], "texture": "#3"},
				"up": {"uv": [8.25, 3, 7.25, 2], "texture": "#3"},
				"down": {"uv": [8.25, 2, 7.25, 3], "texture": "#3"}
			}
		}
	],
	"gui_light": "front",
	"display": {
		"thirdperson_righthand": {
			"rotation": [68, 131, 0],
			"translation": [3.5, 6, 17]
		},
		"thirdperson_lefthand": {
			"rotation": [68, 131, 0],
			"translation": [1.5, 9, 16]
		},
		"firstperson_righthand": {
			"rotation": [-3, -180, 0],
			"translation": [0.75, 7.25, -1.25],
			"scale": [0.8, 0.8, 0.8]
		},
		"firstperson_lefthand": {
			"rotation": [-3, -180, 0],
			"translation": [0.75, 10, 0],
			"scale": [0.8, 0.8, 0.8]
		},
		"ground": {
			"translation": [0, 18.75, 0]
		},
		"gui": {
			"rotation": [0, -10, 0],
			"translation": [-0.25, -2, 0],
			"scale": [0.5, 0.5, 0.5]
		},
		"head": {
			"translation": [-4.5, 25.25, 0],
			"scale": [1.5, 1.5, 1.5]
		},
		"fixed": {
			"rotation": [-90, 180, 0],
			"translation": [0, 0, -42.5],
			"scale": [2.5, 2.5, 2.5]
		}
	}
}