{
	"credit": "Made with Blockbench",
	"textures": {
		"0": "item/special_event/howie_birthday_2023/cake/howie",
		"1": "item/special_event/howie_birthday_2023/cake/howiee",
		"particle": "item/special_event/howie_birthday_2023/cake/howie"
	},
	"elements": [
		{
			"from": [0.5, 0, 0.5],
			"to": [15.5, 6, 15.5],
			"faces": {
				"north": {"uv": [3.75, 0, 7.5, 1.5], "texture": "#0"},
				"east": {"uv": [3.75, 1.5, 7.5, 3], "texture": "#0"},
				"south": {"uv": [3.75, 3, 7.5, 4.5], "texture": "#0"},
				"west": {"uv": [3.75, 4.5, 7.5, 6], "texture": "#0"},
				"up": {"uv": [3.75, 3.75, 0, 0], "texture": "#0"},
				"down": {"uv": [3.75, 3.75, 0, 7.5], "texture": "#0"}
			}
		},
		{
			"from": [4.5, 13.75, 5.6875],
			"to": [11.5, 20.75, 12.6875],
			"rotation": {"angle": 0, "axis": "y", "origin": [8, 12.0625, 8.5]},
			"faces": {
				"north": {"uv": [3.75, 6, 5.25, 7.5], "texture": "#0"},
				"east": {"uv": [5.25, 6, 6.75, 7.5], "texture": "#0"},
				"south": {"uv": [6.75, 6, 8.25, 7.5], "texture": "#0"},
				"west": {"uv": [0, 7.5, 1.5, 9], "texture": "#0"},
				"up": {"uv": [9, 1.5, 7.5, 0], "texture": "#0"},
				"down": {"uv": [3, 7.5, 1.5, 9], "texture": "#0"}
			}
		},
		{
			"from": [5, 8, 6.9375],
			"to": [11, 13.75, 11.4375],
			"rotation": {"angle": 0, "axis": "y", "origin": [8, 12.0625, 8.5]},
			"faces": {
				"north": {"uv": [7.5, 1.5, 8.75, 3], "texture": "#0"},
				"east": {"uv": [7.5, 3, 8.5, 4.5], "texture": "#0"},
				"south": {"uv": [3, 7.5, 4.25, 9], "texture": "#0"},
				"west": {"uv": [4.25, 7.5, 5.25, 9], "texture": "#0"},
				"up": {"uv": [8.75, 5.5, 7.5, 4.5], "texture": "#0"},
				"down": {"uv": [6.5, 7.5, 5.25, 8.5], "texture": "#0"}
			}
		},
		{
			"from": [5, 5.75, 4.4375],
			"to": [7.5, 8, 11.1875],
			"rotation": {"angle": 0, "axis": "y", "origin": [8, 12.0625, 8.5]},
			"faces": {
				"north": {"uv": [8.75, 4.5, 9.25, 5], "texture": "#0"},
				"east": {"uv": [7.5, 5.5, 9.25, 6], "texture": "#0"},
				"south": {"uv": [8.75, 5, 9.25, 5.5], "texture": "#0"},
				"west": {"uv": [6.5, 7.5, 8.25, 8], "texture": "#0"},
				"up": {"uv": [7, 9.75, 6.5, 8], "texture": "#0"},
				"down": {"uv": [7.5, 8, 7, 9.75], "texture": "#0"}
			}
		},
		{
			"from": [8.5, 5.75, 4.4375],
			"to": [11, 8, 11.1875],
			"rotation": {"angle": 0, "axis": "y", "origin": [8, 12.0625, 8.5]},
			"faces": {
				"north": {"uv": [9, 0, 9.5, 0.5], "texture": "#0"},
				"east": {"uv": [7.5, 8, 9.25, 8.5], "texture": "#0"},
				"south": {"uv": [0.5, 9, 1, 9.5], "texture": "#0"},
				"west": {"uv": [8.25, 6, 10, 6.5], "texture": "#0"},
				"up": {"uv": [5.75, 10.25, 5.25, 8.5], "texture": "#0"},
				"down": {"uv": [6.25, 8.5, 5.75, 10.25], "texture": "#0"}
			}
		},
		{
			"from": [2.75, 7.34345, 7.53915],
			"to": [5, 13.34345, 9.78915],
			"rotation": {"angle": 22.5, "axis": "x", "origin": [8, 12.0625, 8.5]},
			"faces": {
				"north": {"uv": [8.25, 6.5, 8.75, 8], "texture": "#0"},
				"east": {"uv": [8.5, 3, 9, 4.5], "texture": "#0"},
				"south": {"uv": [7.5, 8.5, 8, 10], "texture": "#0"},
				"west": {"uv": [8, 8.5, 8.5, 10], "texture": "#0"},
				"up": {"uv": [9.5, 1, 9, 0.5], "texture": "#0"},
				"down": {"uv": [1.5, 9, 1, 9.5], "texture": "#0"}
			}
		},
		{
			"from": [11, 7.34345, 7.53915],
			"to": [13.25, 13.34345, 9.78915],
			"rotation": {"angle": 22.5, "axis": "x", "origin": [8, 12.0625, 8.5]},
			"faces": {
				"north": {"uv": [8.5, 8.5, 9, 10], "texture": "#0"},
				"east": {"uv": [8.75, 1.5, 9.25, 3], "texture": "#0"},
				"south": {"uv": [8.75, 6.5, 9.25, 8], "texture": "#0"},
				"west": {"uv": [0, 9, 0.5, 10.5], "texture": "#0"},
				"up": {"uv": [9.5, 1.5, 9, 1], "texture": "#0"},
				"down": {"uv": [2, 9, 1.5, 9.5], "texture": "#0"}
			}
		},
		{
			"from": [4.75, 6.25, 11.5],
			"to": [11.25, 13.5, 11.5],
			"rotation": {"angle": 0, "axis": "y", "origin": [8, 9.875, 11.5]},
			"faces": {
				"north": {"uv": [0, 0, 7, 7], "texture": "#1"},
				"east": {"uv": [0, 0, 0, 7], "texture": "#1"},
				"south": {"uv": [0, 7, 7, 14], "texture": "#1"},
				"west": {"uv": [0, 0, 0, 7], "texture": "#1"},
				"up": {"uv": [7, 0, 0, 0], "texture": "#1"},
				"down": {"uv": [7, 0, 0, 0], "texture": "#1"}
			}
		}
	],
	"display": {
		"thirdperson_righthand": {
			"translation": [0, 4, 0],
			"scale": [0.5, 0.5, 0.5]
		},
		"thirdperson_lefthand": {
			"translation": [0, 4, 0],
			"scale": [0.5, 0.5, 0.5]
		},
		"firstperson_righthand": {
			"translation": [1.25, 0, 0],
			"scale": [0.5, 0.5, 0.5]
		},
		"firstperson_lefthand": {
			"translation": [1.25, 0, 0],
			"scale": [0.5, 0.5, 0.5]
		},
		"ground": {
			"translation": [0, 2.75, 0],
			"scale": [0.6, 0.6, 0.6]
		},
		"gui": {
			"rotation": [-26, -148, -27],
			"translation": [0, -0.75, 0],
			"scale": [0.6, 0.6, 0.6]
		},
		"head": {
			"translation": [0, 14.5, 0]
		},
		"fixed": {
			"rotation": [-90, 0, 0],
			"translation": [0, 0, -7.75]
		}
	}
}