{
	"credit": "Made with Blockbench",
	"texture_size": [64, 64],
	"textures": {
		"1": "item/special_event/howie_birthday_2023/green_balloon",
		"particle": "item/special_event/howie_birthday_2023/green_balloon"
	},
	"elements": [
		{
			"from": [6.5, 15.5, 6.5],
			"to": [9.5, 16.5, 9.5],
			"faces": {
				"north": {"uv": [8.25, 3.25, 9.25, 3.5], "texture": "#1"},
				"east": {"uv": [8.25, 3.5, 9.25, 3.75], "texture": "#1"},
				"south": {"uv": [8.25, 3.75, 9.25, 4], "texture": "#1"},
				"west": {"uv": [4.5, 8.25, 5.5, 8.5], "texture": "#1"},
				"up": {"uv": [8.25, 3, 7.25, 2], "texture": "#1"},
				"down": {"uv": [8.25, 2, 7.25, 3], "texture": "#1"}
			}
		},
		{
			"from": [7.5, 9.5, 7.5],
			"to": [8.5, 15.5, 8.5],
			"faces": {
				"north": {"uv": [11.75, 8, 12.75, 8.25], "texture": "#1"},
				"east": {"uv": [11.75, 8, 12.75, 8.25], "texture": "#1"},
				"south": {"uv": [11.75, 8, 12.75, 8.25], "texture": "#1"},
				"west": {"uv": [11.75, 8, 12.75, 8.25], "texture": "#1"},
				"up": {"uv": [12.75, 8.25, 11.75, 8], "texture": "#1"},
				"down": {"uv": [12.75, 8, 11.75, 8.25], "texture": "#1"}
			}
		},
		{
			"from": [8.5, 3.5, 7.5],
			"to": [9.5, 9.5, 8.5],
			"faces": {
				"north": {"uv": [11.75, 8, 12.75, 8.25], "texture": "#1"},
				"east": {"uv": [11.75, 8, 12.75, 8.25], "texture": "#1"},
				"south": {"uv": [11.75, 8, 12.75, 8.25], "texture": "#1"},
				"west": {"uv": [11.75, 8, 12.75, 8.25], "texture": "#1"},
				"up": {"uv": [12.75, 8.25, 11.75, 8], "texture": "#1"},
				"down": {"uv": [12.75, 8, 11.75, 8.25], "texture": "#1"}
			}
		},
		{
			"from": [7.5, 0.5, 7.5],
			"to": [8.5, 3.5, 8.5],
			"faces": {
				"north": {"uv": [11.75, 8, 12.75, 8.25], "texture": "#1"},
				"east": {"uv": [11.75, 8, 12.75, 8.25], "texture": "#1"},
				"south": {"uv": [11.75, 8, 12.75, 8.25], "texture": "#1"},
				"west": {"uv": [11.75, 8, 12.75, 8.25], "texture": "#1"},
				"up": {"uv": [12.75, 8.25, 11.75, 8], "texture": "#1"},
				"down": {"uv": [12.75, 8, 11.75, 8.25], "texture": "#1"}
			}
		},
		{
			"from": [5, 16.5, 5],
			"to": [11, 17, 11],
			"faces": {
				"north": {"uv": [8.25, 3.25, 9.25, 3.5], "texture": "#1"},
				"east": {"uv": [8.25, 3.5, 9.25, 3.75], "texture": "#1"},
				"south": {"uv": [8.25, 3.75, 9.25, 4], "texture": "#1"},
				"west": {"uv": [4.5, 8.25, 5.5, 8.5], "texture": "#1"},
				"up": {"uv": [8.25, 3, 7.25, 2], "texture": "#1"},
				"down": {"uv": [8.25, 2, 7.25, 3], "texture": "#1"}
			}
		},
		{
			"from": [12, 17.5, 4.5],
			"to": [12.5, 27.5, 11.5],
			"faces": {
				"north": {"uv": [11, 1, 12, 5], "texture": "#1"},
				"east": {"uv": [11, 1, 12, 5], "texture": "#1"},
				"south": {"uv": [11, 1, 12, 5], "texture": "#1"},
				"west": {"uv": [11, 1, 12, 5], "texture": "#1"},
				"up": {"uv": [6.5, 2, 4.5, 0], "texture": "#1"},
				"down": {"uv": [6.5, 0, 4.5, 2], "texture": "#1"}
			}
		},
		{
			"from": [3.5, 17.5, 4.5],
			"to": [4, 27.5, 11.5],
			"rotation": {"angle": 0, "axis": "y", "origin": [16, 0, 0]},
			"faces": {
				"north": {"uv": [12, 1, 11, 5], "texture": "#1"},
				"east": {"uv": [12, 1, 11, 5], "texture": "#1"},
				"south": {"uv": [12, 1, 11, 5], "texture": "#1"},
				"west": {"uv": [12, 1, 11, 5], "texture": "#1"},
				"up": {"uv": [4.5, 2, 6.5, 0], "texture": "#1"},
				"down": {"uv": [4.5, 0, 6.5, 2], "texture": "#1"}
			}
		},
		{
			"from": [4, 17, 4],
			"to": [12, 28, 12],
			"rotation": {"angle": 0, "axis": "y", "origin": [16, 0, 0]},
			"faces": {
				"north": {"uv": [12, 1, 11, 5], "texture": "#1"},
				"east": {"uv": [12, 1, 11, 5], "texture": "#1"},
				"south": {"uv": [12, 1, 11, 5], "texture": "#1"},
				"west": {"uv": [12, 1, 11, 5], "texture": "#1"},
				"up": {"uv": [4.5, 2, 6.5, 0], "texture": "#1"},
				"down": {"uv": [4.5, 0, 6.5, 2], "texture": "#1"}
			}
		},
		{
			"from": [4.5, 28, 4.5],
			"to": [11.5, 28.5, 11.5],
			"rotation": {"angle": 0, "axis": "y", "origin": [16, 0, 0]},
			"faces": {
				"north": {"uv": [12, 1, 11, 5], "texture": "#1"},
				"east": {"uv": [12, 1, 11, 5], "texture": "#1"},
				"south": {"uv": [12, 1, 11, 5], "texture": "#1"},
				"west": {"uv": [12, 1, 11, 5], "texture": "#1"},
				"up": {"uv": [4.5, 2, 6.5, 0], "texture": "#1"},
				"down": {"uv": [4.5, 0, 6.5, 2], "texture": "#1"}
			}
		},
		{
			"from": [4.5, 17.5, 3.5],
			"to": [11.5, 27.5, 4],
			"rotation": {"angle": 0, "axis": "y", "origin": [16, 0, 0]},
			"faces": {
				"north": {"uv": [12, 1, 11, 5], "texture": "#1"},
				"east": {"uv": [12, 1, 11, 5], "texture": "#1"},
				"south": {"uv": [12, 1, 11, 5], "texture": "#1"},
				"west": {"uv": [12, 1, 11, 5], "texture": "#1"},
				"up": {"uv": [4.5, 2, 6.5, 0], "rotation": 90, "texture": "#1"},
				"down": {"uv": [4.5, 0, 6.5, 2], "rotation": 270, "texture": "#1"}
			}
		},
		{
			"from": [4.5, 17.5, 12],
			"to": [11.5, 27.5, 12.5],
			"rotation": {"angle": 0, "axis": "y", "origin": [16, 0, 16]},
			"faces": {
				"north": {"uv": [11, 1, 12, 5], "texture": "#1"},
				"east": {"uv": [11, 1, 12, 5], "texture": "#1"},
				"south": {"uv": [11, 1, 12, 5], "texture": "#1"},
				"west": {"uv": [11, 1, 12, 5], "texture": "#1"},
				"up": {"uv": [6.5, 2, 4.5, 0], "rotation": 90, "texture": "#1"},
				"down": {"uv": [6.5, 0, 4.5, 2], "rotation": 270, "texture": "#1"}
			}
		}
	],
	"gui_light": "front",
	"display": {
		"thirdperson_righthand": {
			"rotation": [68, 0, 0],
			"translation": [0.75, 2.25, 7.75]
		},
		"thirdperson_lefthand": {
			"rotation": [68, 0, 0],
			"translation": [0.75, 2.25, 7.75]
		},
		"firstperson_righthand": {
			"rotation": [-3, -25, 0],
			"translation": [0.75, 4.25, 0],
			"scale": [0.8, 0.8, 0.8]
		},
		"firstperson_lefthand": {
			"rotation": [-3, -25, 0],
			"translation": [0.75, 4.25, 0],
			"scale": [0.8, 0.8, 0.8]
		},
		"ground": {
			"translation": [0, 15, 0]
		},
		"gui": {
			"rotation": [-25, 20, 32],
			"translation": [1.5, -4, 0],
			"scale": [0.6, 0.6, 0.6]
		},
		"head": {
			"translation": [0, 18.25, 0],
			"scale": [1.5, 1.5, 1.5]
		},
		"fixed": {
			"rotation": [-90, 180, 0],
			"translation": [0, 0, -16.5],
			"scale": [2.5, 2.5, 2.5]
		}
	}
}