{
	"credit": "Made with Blockbench",
	"texture_size": [64, 64],
	"textures": {
		"0": "item/special_event/howie_birthday_2023/party_hat",
		"particle": "item/special_event/howie_birthday_2023/party_hat"
	},
	"elements": [
		{
			"from": [15, 0, 4],
			"to": [16, 3, 11],
			"faces": {
				"north": {"uv": [8, 7.75, 8.25, 8.5], "texture": "#0"},
				"east": {"uv": [0, 0, 1.75, 0.75], "texture": "#0"},
				"south": {"uv": [8.25, 0, 8.5, 0.75], "texture": "#0"},
				"west": {"uv": [0, 0.75, 1.75, 1.5], "texture": "#0"},
				"up": {"uv": [5.75, 7, 5.5, 5.25], "texture": "#0"},
				"down": {"uv": [6, 5.25, 5.75, 7], "texture": "#0"}
			}
		},
		{
			"from": [14, 3, 4],
			"to": [15, 6, 11],
			"faces": {
				"north": {"uv": [0.75, 8.5, 1, 9.25], "texture": "#0"},
				"east": {"uv": [3.5, 1.5, 5.25, 2.25], "texture": "#0"},
				"south": {"uv": [8.5, 0.75, 8.75, 1.5], "texture": "#0"},
				"west": {"uv": [3.5, 2.25, 5.25, 3], "texture": "#0"},
				"up": {"uv": [4.75, 7.75, 4.5, 6], "texture": "#0"},
				"down": {"uv": [5, 6, 4.75, 7.75], "texture": "#0"}
			}
		},
		{
			"from": [13, 6, 4],
			"to": [14, 9, 11],
			"faces": {
				"north": {"uv": [2.25, 9, 2.5, 9.75], "texture": "#0"},
				"east": {"uv": [0, 4.5, 1.75, 5.25], "texture": "#0"},
				"south": {"uv": [9, 2.25, 9.25, 3], "texture": "#0"},
				"west": {"uv": [1.75, 4.5, 3.5, 5.25], "texture": "#0"},
				"up": {"uv": [5.25, 7.75, 5, 6], "texture": "#0"},
				"down": {"uv": [5.5, 6, 5.25, 7.75], "texture": "#0"}
			}
		},
		{
			"from": [12, 9, 5],
			"to": [13, 12, 10],
			"faces": {
				"north": {"uv": [5.75, 9, 6, 9.75], "texture": "#0"},
				"east": {"uv": [5.25, 2.25, 6.5, 3], "texture": "#0"},
				"south": {"uv": [9, 6, 9.25, 6.75], "texture": "#0"},
				"west": {"uv": [3, 5.25, 4.25, 6], "texture": "#0"},
				"up": {"uv": [2.25, 8, 2, 6.75], "texture": "#0"},
				"down": {"uv": [5.75, 7.75, 5.5, 9], "texture": "#0"}
			}
		},
		{
			"from": [1, 0, 4],
			"to": [2, 3, 11],
			"faces": {
				"north": {"uv": [8.25, 0.75, 8.5, 1.5], "texture": "#0"},
				"east": {"uv": [0, 1.5, 1.75, 2.25], "texture": "#0"},
				"south": {"uv": [2.25, 8.25, 2.5, 9], "texture": "#0"},
				"west": {"uv": [1.75, 0, 3.5, 0.75], "texture": "#0"},
				"up": {"uv": [0.25, 7.75, 0, 6], "texture": "#0"},
				"down": {"uv": [0.5, 6, 0.25, 7.75], "texture": "#0"}
			}
		},
		{
			"from": [2, 3, 4],
			"to": [3, 6, 11],
			"faces": {
				"north": {"uv": [0, 8.5, 0.25, 9.25], "texture": "#0"},
				"east": {"uv": [0, 3, 1.75, 3.75], "texture": "#0"},
				"south": {"uv": [8.5, 0, 8.75, 0.75], "texture": "#0"},
				"west": {"uv": [1.75, 3, 3.5, 3.75], "texture": "#0"},
				"up": {"uv": [4.25, 7.75, 4, 6], "texture": "#0"},
				"down": {"uv": [4.5, 6, 4.25, 7.75], "texture": "#0"}
			}
		},
		{
			"from": [3, 6, 4],
			"to": [4, 9, 11],
			"faces": {
				"north": {"uv": [3, 9, 3.25, 9.75], "texture": "#0"},
				"east": {"uv": [5.25, 0, 7, 0.75], "texture": "#0"},
				"south": {"uv": [9, 3, 9.25, 3.75], "texture": "#0"},
				"west": {"uv": [5.25, 0.75, 7, 1.5], "texture": "#0"},
				"up": {"uv": [6.75, 3.75, 6.5, 2], "texture": "#0"},
				"down": {"uv": [2.5, 6.5, 2.25, 8.25], "texture": "#0"}
			}
		},
		{
			"from": [4, 9, 5],
			"to": [5, 12, 10],
			"faces": {
				"north": {"uv": [7, 9, 7.25, 9.75], "texture": "#0"},
				"east": {"uv": [4.25, 5.25, 5.5, 6], "texture": "#0"},
				"south": {"uv": [7.25, 9, 7.5, 9.75], "texture": "#0"},
				"west": {"uv": [5.25, 4.5, 6.5, 5.25], "texture": "#0"},
				"up": {"uv": [6, 9, 5.75, 7.75], "texture": "#0"},
				"down": {"uv": [4, 8, 3.75, 9.25], "texture": "#0"}
			}
		},
		{
			"from": [5, 0, 0],
			"to": [12, 3, 1],
			"faces": {
				"north": {"uv": [1.75, 0.75, 3.5, 1.5], "texture": "#0"},
				"east": {"uv": [2.5, 8.25, 2.75, 9], "texture": "#0"},
				"south": {"uv": [1.75, 1.5, 3.5, 2.25], "texture": "#0"},
				"west": {"uv": [2.75, 8.25, 3, 9], "texture": "#0"},
				"up": {"uv": [2.25, 6.25, 0.5, 6], "texture": "#0"},
				"down": {"uv": [4, 6, 2.25, 6.25], "texture": "#0"}
			}
		},
		{
			"from": [5, 3, 1],
			"to": [12, 6, 2],
			"faces": {
				"north": {"uv": [3.5, 3, 5.25, 3.75], "texture": "#0"},
				"east": {"uv": [1, 8.5, 1.25, 9.25], "texture": "#0"},
				"south": {"uv": [0, 3.75, 1.75, 4.5], "texture": "#0"},
				"west": {"uv": [1.25, 8.5, 1.5, 9.25], "texture": "#0"},
				"up": {"uv": [2.25, 6.5, 0.5, 6.25], "texture": "#0"},
				"down": {"uv": [4, 6.25, 2.25, 6.5], "texture": "#0"}
			}
		},
		{
			"from": [5, 6, 2],
			"to": [12, 9, 3],
			"faces": {
				"north": {"uv": [1.75, 3.75, 3.5, 4.5], "texture": "#0"},
				"east": {"uv": [9, 0.75, 9.25, 1.5], "texture": "#0"},
				"south": {"uv": [3.5, 3.75, 5.25, 4.5], "texture": "#0"},
				"west": {"uv": [9, 1.5, 9.25, 2.25], "texture": "#0"},
				"up": {"uv": [7.75, 6.5, 6, 6.25], "texture": "#0"},
				"down": {"uv": [2.25, 6.5, 0.5, 6.75], "texture": "#0"}
			}
		},
		{
			"from": [6, 9, 3],
			"to": [11, 12, 4],
			"faces": {
				"north": {"uv": [5.25, 3, 6.5, 3.75], "texture": "#0"},
				"east": {"uv": [6.5, 9, 6.75, 9.75], "texture": "#0"},
				"south": {"uv": [5.25, 3.75, 6.5, 4.5], "texture": "#0"},
				"west": {"uv": [6.75, 9, 7, 9.75], "texture": "#0"},
				"up": {"uv": [9.25, 7.5, 8, 7.25], "texture": "#0"},
				"down": {"uv": [9.25, 7.5, 8, 7.75], "texture": "#0"}
			}
		},
		{
			"from": [5, 0, 14],
			"to": [12, 3, 15],
			"faces": {
				"north": {"uv": [0, 2.25, 1.75, 3], "texture": "#0"},
				"east": {"uv": [3, 8.25, 3.25, 9], "texture": "#0"},
				"south": {"uv": [1.75, 2.25, 3.5, 3], "texture": "#0"},
				"west": {"uv": [3.25, 8.25, 3.5, 9], "texture": "#0"},
				"up": {"uv": [7.75, 5.5, 6, 5.25], "texture": "#0"},
				"down": {"uv": [7.75, 5.5, 6, 5.75], "texture": "#0"}
			}
		},
		{
			"from": [5, 3, 13],
			"to": [12, 6, 14],
			"faces": {
				"north": {"uv": [3.5, 0, 5.25, 0.75], "texture": "#0"},
				"east": {"uv": [0.25, 8.5, 0.5, 9.25], "texture": "#0"},
				"south": {"uv": [3.5, 0.75, 5.25, 1.5], "texture": "#0"},
				"west": {"uv": [0.5, 8.5, 0.75, 9.25], "texture": "#0"},
				"up": {"uv": [7.75, 6, 6, 5.75], "texture": "#0"},
				"down": {"uv": [7.75, 6, 6, 6.25], "texture": "#0"}
			}
		},
		{
			"from": [5, 6, 12],
			"to": [12, 9, 13],
			"faces": {
				"north": {"uv": [3.5, 4.5, 5.25, 5.25], "texture": "#0"},
				"east": {"uv": [2.5, 9, 2.75, 9.75], "texture": "#0"},
				"south": {"uv": [0, 5.25, 1.75, 6], "texture": "#0"},
				"west": {"uv": [2.75, 9, 3, 9.75], "texture": "#0"},
				"up": {"uv": [8.25, 1.75, 6.5, 1.5], "texture": "#0"},
				"down": {"uv": [8.25, 1.75, 6.5, 2], "texture": "#0"}
			}
		},
		{
			"from": [6, 9, 11],
			"to": [11, 12, 12],
			"faces": {
				"north": {"uv": [5.25, 1.5, 6.5, 2.25], "texture": "#0"},
				"east": {"uv": [6, 8, 6.25, 8.75], "texture": "#0"},
				"south": {"uv": [1.75, 5.25, 3, 6], "texture": "#0"},
				"west": {"uv": [6.25, 8, 6.5, 8.75], "texture": "#0"},
				"up": {"uv": [8.75, 7.25, 7.5, 7], "texture": "#0"},
				"down": {"uv": [3.75, 8, 2.5, 8.25], "texture": "#0"}
			}
		},
		{
			"from": [2, 0, 2],
			"to": [3, 3, 4],
			"faces": {
				"north": {"uv": [3.5, 8.25, 3.75, 9], "texture": "#0"},
				"east": {"uv": [2.5, 6.5, 3, 7.25], "texture": "#0"},
				"south": {"uv": [8.25, 3.5, 8.5, 4.25], "texture": "#0"},
				"west": {"uv": [3, 6.5, 3.5, 7.25], "texture": "#0"},
				"up": {"uv": [8.5, 2, 8.25, 1.5], "texture": "#0"},
				"down": {"uv": [4, 9.25, 3.75, 9.75], "texture": "#0"}
			}
		},
		{
			"from": [3, 3, 2],
			"to": [4, 6, 4],
			"faces": {
				"north": {"uv": [1.75, 8.5, 2, 9.25], "texture": "#0"},
				"east": {"uv": [7.25, 2, 7.75, 2.75], "texture": "#0"},
				"south": {"uv": [2, 8.5, 2.25, 9.25], "texture": "#0"},
				"west": {"uv": [2.5, 7.25, 3, 8], "texture": "#0"},
				"up": {"uv": [9.75, 3.75, 9.5, 3.25], "texture": "#0"},
				"down": {"uv": [9.75, 3.75, 9.5, 4.25], "texture": "#0"}
			}
		},
		{
			"from": [3, 0, 1],
			"to": [5, 3, 2],
			"faces": {
				"north": {"uv": [3.5, 6.5, 4, 7.25], "texture": "#0"},
				"east": {"uv": [4, 8.25, 4.25, 9], "texture": "#0"},
				"south": {"uv": [6.5, 3.75, 7, 4.5], "texture": "#0"},
				"west": {"uv": [4.25, 8.25, 4.5, 9], "texture": "#0"},
				"up": {"uv": [0.5, 8, 0, 7.75], "texture": "#0"},
				"down": {"uv": [9.75, 7.75, 9.25, 8], "texture": "#0"}
			}
		},
		{
			"from": [12, 0, 1],
			"to": [14, 3, 2],
			"faces": {
				"north": {"uv": [6.5, 4.5, 7, 5.25], "texture": "#0"},
				"east": {"uv": [8.25, 4.25, 8.5, 5], "texture": "#0"},
				"south": {"uv": [6, 6.5, 6.5, 7.25], "texture": "#0"},
				"west": {"uv": [4.5, 8.25, 4.75, 9], "texture": "#0"},
				"up": {"uv": [8.5, 9.5, 8, 9.25], "texture": "#0"},
				"down": {"uv": [9.75, 8, 9.25, 8.25], "texture": "#0"}
			}
		},
		{
			"from": [14, 0, 2],
			"to": [15, 3, 4],
			"faces": {
				"north": {"uv": [4.75, 8.25, 5, 9], "texture": "#0"},
				"east": {"uv": [6.5, 6.5, 7, 7.25], "texture": "#0"},
				"south": {"uv": [5, 8.25, 5.25, 9], "texture": "#0"},
				"west": {"uv": [0.5, 6.75, 1, 7.5], "texture": "#0"},
				"up": {"uv": [9.5, 8.75, 9.25, 8.25], "texture": "#0"},
				"down": {"uv": [8.75, 9.25, 8.5, 9.75], "texture": "#0"}
			}
		},
		{
			"from": [13, 3, 2],
			"to": [14, 6, 4],
			"faces": {
				"north": {"uv": [8.5, 3.75, 8.75, 4.5], "texture": "#0"},
				"east": {"uv": [3.5, 7.25, 4, 8], "texture": "#0"},
				"south": {"uv": [8.5, 4.5, 8.75, 5.25], "texture": "#0"},
				"west": {"uv": [6, 7.25, 6.5, 8], "texture": "#0"},
				"up": {"uv": [8.25, 10, 8, 9.5], "texture": "#0"},
				"down": {"uv": [8.5, 9.5, 8.25, 10], "texture": "#0"}
			}
		},
		{
			"from": [2, 0, 11],
			"to": [3, 3, 13],
			"faces": {
				"north": {"uv": [5.25, 8.25, 5.5, 9], "texture": "#0"},
				"east": {"uv": [1, 6.75, 1.5, 7.5], "texture": "#0"},
				"south": {"uv": [6.5, 8.25, 6.75, 9], "texture": "#0"},
				"west": {"uv": [1.5, 6.75, 2, 7.5], "texture": "#0"},
				"up": {"uv": [9, 9.75, 8.75, 9.25], "texture": "#0"},
				"down": {"uv": [9.5, 8.75, 9.25, 9.25], "texture": "#0"}
			}
		},
		{
			"from": [3, 3, 11],
			"to": [4, 6, 13],
			"faces": {
				"north": {"uv": [1.5, 8.5, 1.75, 9.25], "texture": "#0"},
				"east": {"uv": [5.5, 7, 6, 7.75], "texture": "#0"},
				"south": {"uv": [8.5, 1.5, 8.75, 2.25], "texture": "#0"},
				"west": {"uv": [7, 6.5, 7.5, 7.25], "texture": "#0"},
				"up": {"uv": [9.75, 2.25, 9.5, 1.75], "texture": "#0"},
				"down": {"uv": [9.75, 2.75, 9.5, 3.25], "texture": "#0"}
			}
		},
		{
			"from": [3, 0, 13],
			"to": [5, 3, 14],
			"faces": {
				"north": {"uv": [6.75, 2, 7.25, 2.75], "texture": "#0"},
				"east": {"uv": [6.75, 8.25, 7, 9], "texture": "#0"},
				"south": {"uv": [6.75, 2.75, 7.25, 3.5], "texture": "#0"},
				"west": {"uv": [7, 8.25, 7.25, 9], "texture": "#0"},
				"up": {"uv": [9.5, 9.5, 9, 9.25], "texture": "#0"},
				"down": {"uv": [0.5, 9.5, 0, 9.75], "texture": "#0"}
			}
		},
		{
			"from": [12, 0, 13],
			"to": [14, 3, 14],
			"faces": {
				"north": {"uv": [7, 0, 7.5, 0.75], "texture": "#0"},
				"east": {"uv": [7.25, 8.25, 7.5, 9], "texture": "#0"},
				"south": {"uv": [7, 0.75, 7.5, 1.5], "texture": "#0"},
				"west": {"uv": [7.5, 8.25, 7.75, 9], "texture": "#0"},
				"up": {"uv": [10, 1, 9.5, 0.75], "texture": "#0"},
				"down": {"uv": [10, 1, 9.5, 1.25], "texture": "#0"}
			}
		},
		{
			"from": [14, 0, 11],
			"to": [15, 3, 13],
			"faces": {
				"north": {"uv": [7.75, 8.25, 8, 9], "texture": "#0"},
				"east": {"uv": [7, 3.5, 7.5, 4.25], "texture": "#0"},
				"south": {"uv": [8.25, 7.75, 8.5, 8.5], "texture": "#0"},
				"west": {"uv": [7, 4.25, 7.5, 5], "texture": "#0"},
				"up": {"uv": [0.75, 10, 0.5, 9.5], "texture": "#0"},
				"down": {"uv": [9.75, 1.25, 9.5, 1.75], "texture": "#0"}
			}
		},
		{
			"from": [13, 3, 11],
			"to": [14, 6, 13],
			"faces": {
				"north": {"uv": [8.5, 2.25, 8.75, 3], "texture": "#0"},
				"east": {"uv": [7.25, 2.75, 7.75, 3.5], "texture": "#0"},
				"south": {"uv": [8.5, 3, 8.75, 3.75], "texture": "#0"},
				"west": {"uv": [3, 7.25, 3.5, 8], "texture": "#0"},
				"up": {"uv": [6.25, 10, 6, 9.5], "texture": "#0"},
				"down": {"uv": [6.5, 9.5, 6.25, 10], "texture": "#0"}
			}
		},
		{
			"from": [4, 3, 2],
			"to": [5, 6, 3],
			"faces": {
				"north": {"uv": [8.5, 5.25, 8.75, 6], "texture": "#0"},
				"east": {"uv": [8.5, 6, 8.75, 6.75], "texture": "#0"},
				"south": {"uv": [8.5, 7.75, 8.75, 8.5], "texture": "#0"},
				"west": {"uv": [8, 8.5, 8.25, 9.25], "texture": "#0"},
				"up": {"uv": [7, 3.75, 6.75, 3.5], "texture": "#0"},
				"down": {"uv": [8.5, 6.5, 8.25, 6.75], "texture": "#0"}
			}
		},
		{
			"from": [12, 3, 12],
			"to": [13, 6, 13],
			"faces": {
				"north": {"uv": [8.75, 1.5, 9, 2.25], "texture": "#0"},
				"east": {"uv": [8.75, 2.25, 9, 3], "texture": "#0"},
				"south": {"uv": [8.75, 3, 9, 3.75], "texture": "#0"},
				"west": {"uv": [8.75, 3.75, 9, 4.5], "texture": "#0"},
				"up": {"uv": [10.25, 6, 10, 5.75], "texture": "#0"},
				"down": {"uv": [6.25, 10, 6, 10.25], "texture": "#0"}
			}
		},
		{
			"from": [12, 3, 2],
			"to": [13, 6, 3],
			"faces": {
				"north": {"uv": [8.25, 8.5, 8.5, 9.25], "texture": "#0"},
				"east": {"uv": [8.5, 8.5, 8.75, 9.25], "texture": "#0"},
				"south": {"uv": [8.75, 0, 9, 0.75], "texture": "#0"},
				"west": {"uv": [8.75, 0.75, 9, 1.5], "texture": "#0"},
				"up": {"uv": [9.75, 7.25, 9.5, 7], "texture": "#0"},
				"down": {"uv": [10.25, 5.5, 10, 5.75], "texture": "#0"}
			}
		},
		{
			"from": [4, 3, 12],
			"to": [5, 6, 13],
			"faces": {
				"north": {"uv": [8.75, 4.5, 9, 5.25], "texture": "#0"},
				"east": {"uv": [8.75, 5.25, 9, 6], "texture": "#0"},
				"south": {"uv": [6, 8.75, 6.25, 9.5], "texture": "#0"},
				"west": {"uv": [8.75, 6, 9, 6.75], "texture": "#0"},
				"up": {"uv": [10.25, 6.25, 10, 6], "texture": "#0"},
				"down": {"uv": [6.5, 10, 6.25, 10.25], "texture": "#0"}
			}
		},
		{
			"from": [4, 6, 3],
			"to": [5, 9, 4],
			"faces": {
				"north": {"uv": [6.25, 8.75, 6.5, 9.5], "texture": "#0"},
				"east": {"uv": [8.75, 7.75, 9, 8.5], "texture": "#0"},
				"south": {"uv": [8.75, 8.5, 9, 9.25], "texture": "#0"},
				"west": {"uv": [9, 0, 9.25, 0.75], "texture": "#0"},
				"up": {"uv": [10.25, 6.5, 10, 6.25], "texture": "#0"},
				"down": {"uv": [10.25, 6.5, 10, 6.75], "texture": "#0"}
			}
		},
		{
			"from": [12, 6, 3],
			"to": [13, 9, 4],
			"faces": {
				"north": {"uv": [3.25, 9, 3.5, 9.75], "texture": "#0"},
				"east": {"uv": [3.5, 9, 3.75, 9.75], "texture": "#0"},
				"south": {"uv": [9, 3.75, 9.25, 4.5], "texture": "#0"},
				"west": {"uv": [4, 9, 4.25, 9.75], "texture": "#0"},
				"up": {"uv": [10.25, 7, 10, 6.75], "texture": "#0"},
				"down": {"uv": [10.25, 7, 10, 7.25], "texture": "#0"}
			}
		},
		{
			"from": [12, 6, 11],
			"to": [13, 9, 12],
			"faces": {
				"north": {"uv": [4.25, 9, 4.5, 9.75], "texture": "#0"},
				"east": {"uv": [4.5, 9, 4.75, 9.75], "texture": "#0"},
				"south": {"uv": [9, 4.5, 9.25, 5.25], "texture": "#0"},
				"west": {"uv": [4.75, 9, 5, 9.75], "texture": "#0"},
				"up": {"uv": [10.25, 7.5, 10, 7.25], "texture": "#0"},
				"down": {"uv": [10.25, 7.5, 10, 7.75], "texture": "#0"}
			}
		},
		{
			"from": [4, 6, 11],
			"to": [5, 9, 12],
			"faces": {
				"north": {"uv": [5, 9, 5.25, 9.75], "texture": "#0"},
				"east": {"uv": [5.25, 9, 5.5, 9.75], "texture": "#0"},
				"south": {"uv": [9, 5.25, 9.25, 6], "texture": "#0"},
				"west": {"uv": [5.5, 9, 5.75, 9.75], "texture": "#0"},
				"up": {"uv": [10.25, 8, 10, 7.75], "texture": "#0"},
				"down": {"uv": [8.25, 10, 8, 10.25], "texture": "#0"}
			}
		},
		{
			"from": [12, 9, 4],
			"to": [13, 10, 5],
			"faces": {
				"north": {"uv": [10, 8, 10.25, 8.25], "texture": "#0"},
				"east": {"uv": [8.25, 10, 8.5, 10.25], "texture": "#0"},
				"south": {"uv": [10, 8.25, 10.25, 8.5], "texture": "#0"},
				"west": {"uv": [10, 8.5, 10.25, 8.75], "texture": "#0"},
				"up": {"uv": [10.25, 9, 10, 8.75], "texture": "#0"},
				"down": {"uv": [9.25, 10, 9, 10.25], "texture": "#0"}
			}
		},
		{
			"from": [11, 9, 3],
			"to": [12, 10, 4],
			"faces": {
				"north": {"uv": [10, 9, 10.25, 9.25], "texture": "#0"},
				"east": {"uv": [9.25, 10, 9.5, 10.25], "texture": "#0"},
				"south": {"uv": [10, 9.25, 10.25, 9.5], "texture": "#0"},
				"west": {"uv": [10, 9.5, 10.25, 9.75], "texture": "#0"},
				"up": {"uv": [10.25, 10, 10, 9.75], "texture": "#0"},
				"down": {"uv": [10.25, 10, 10, 10.25], "texture": "#0"}
			}
		},
		{
			"from": [5, 9, 3],
			"to": [6, 10, 4],
			"faces": {
				"north": {"uv": [0.25, 10.25, 0.5, 10.5], "texture": "#0"},
				"east": {"uv": [10.25, 0.25, 10.5, 0.5], "texture": "#0"},
				"south": {"uv": [10.25, 0.5, 10.5, 0.75], "texture": "#0"},
				"west": {"uv": [10.25, 0.75, 10.5, 1], "texture": "#0"},
				"up": {"uv": [10.5, 1.25, 10.25, 1], "texture": "#0"},
				"down": {"uv": [10.5, 1.25, 10.25, 1.5], "texture": "#0"}
			}
		},
		{
			"from": [6, 12, 4],
			"to": [7, 13, 5],
			"faces": {
				"north": {"uv": [10.25, 6.25, 10.5, 6.5], "texture": "#0"},
				"east": {"uv": [6.5, 10.25, 6.75, 10.5], "texture": "#0"},
				"south": {"uv": [10.25, 6.5, 10.5, 6.75], "texture": "#0"},
				"west": {"uv": [6.75, 10.25, 7, 10.5], "texture": "#0"},
				"up": {"uv": [10.5, 7, 10.25, 6.75], "texture": "#0"},
				"down": {"uv": [7.25, 10.25, 7, 10.5], "texture": "#0"}
			}
		},
		{
			"from": [11, 12, 5],
			"to": [12, 13, 6],
			"faces": {
				"north": {"uv": [10.25, 10, 10.5, 10.25], "texture": "#0"},
				"east": {"uv": [10.25, 10.25, 10.5, 10.5], "texture": "#0"},
				"south": {"uv": [0, 10.5, 0.25, 10.75], "texture": "#0"},
				"west": {"uv": [10.5, 0, 10.75, 0.25], "texture": "#0"},
				"up": {"uv": [0.5, 10.75, 0.25, 10.5], "texture": "#0"},
				"down": {"uv": [10.75, 0.25, 10.5, 0.5], "texture": "#0"}
			}
		},
		{
			"from": [11, 12, 9],
			"to": [12, 13, 10],
			"faces": {
				"north": {"uv": [0.5, 10.5, 0.75, 10.75], "texture": "#0"},
				"east": {"uv": [10.5, 0.5, 10.75, 0.75], "texture": "#0"},
				"south": {"uv": [0.75, 10.5, 1, 10.75], "texture": "#0"},
				"west": {"uv": [10.5, 0.75, 10.75, 1], "texture": "#0"},
				"up": {"uv": [1.25, 10.75, 1, 10.5], "texture": "#0"},
				"down": {"uv": [10.75, 1, 10.5, 1.25], "texture": "#0"}
			}
		},
		{
			"from": [10, 12, 10],
			"to": [11, 13, 11],
			"faces": {
				"north": {"uv": [1.25, 10.5, 1.5, 10.75], "texture": "#0"},
				"east": {"uv": [10.5, 1.25, 10.75, 1.5], "texture": "#0"},
				"south": {"uv": [1.5, 10.5, 1.75, 10.75], "texture": "#0"},
				"west": {"uv": [10.5, 1.5, 10.75, 1.75], "texture": "#0"},
				"up": {"uv": [2, 10.75, 1.75, 10.5], "texture": "#0"},
				"down": {"uv": [10.75, 1.75, 10.5, 2], "texture": "#0"}
			}
		},
		{
			"from": [10, 12, 4],
			"to": [11, 13, 5],
			"faces": {
				"north": {"uv": [10.25, 9.25, 10.5, 9.5], "texture": "#0"},
				"east": {"uv": [9.5, 10.25, 9.75, 10.5], "texture": "#0"},
				"south": {"uv": [10.25, 9.5, 10.5, 9.75], "texture": "#0"},
				"west": {"uv": [9.75, 10.25, 10, 10.5], "texture": "#0"},
				"up": {"uv": [10.5, 10, 10.25, 9.75], "texture": "#0"},
				"down": {"uv": [10.25, 10.25, 10, 10.5], "texture": "#0"}
			}
		},
		{
			"from": [5, 12, 9],
			"to": [6, 13, 10],
			"faces": {
				"north": {"uv": [10.25, 8.5, 10.5, 8.75], "texture": "#0"},
				"east": {"uv": [8.75, 10.25, 9, 10.5], "texture": "#0"},
				"south": {"uv": [10.25, 8.75, 10.5, 9], "texture": "#0"},
				"west": {"uv": [9, 10.25, 9.25, 10.5], "texture": "#0"},
				"up": {"uv": [10.5, 9.25, 10.25, 9], "texture": "#0"},
				"down": {"uv": [9.5, 10.25, 9.25, 10.5], "texture": "#0"}
			}
		},
		{
			"from": [6, 12, 10],
			"to": [7, 13, 11],
			"faces": {
				"north": {"uv": [10.25, 7.75, 10.5, 8], "texture": "#0"},
				"east": {"uv": [8, 10.25, 8.25, 10.5], "texture": "#0"},
				"south": {"uv": [10.25, 8, 10.5, 8.25], "texture": "#0"},
				"west": {"uv": [8.25, 10.25, 8.5, 10.5], "texture": "#0"},
				"up": {"uv": [10.5, 8.5, 10.25, 8.25], "texture": "#0"},
				"down": {"uv": [8.75, 10.25, 8.5, 10.5], "texture": "#0"}
			}
		},
		{
			"from": [5, 12, 5],
			"to": [6, 13, 6],
			"faces": {
				"north": {"uv": [10.25, 7, 10.5, 7.25], "texture": "#0"},
				"east": {"uv": [7.25, 10.25, 7.5, 10.5], "texture": "#0"},
				"south": {"uv": [10.25, 7.25, 10.5, 7.5], "texture": "#0"},
				"west": {"uv": [7.5, 10.25, 7.75, 10.5], "texture": "#0"},
				"up": {"uv": [10.5, 7.75, 10.25, 7.5], "texture": "#0"},
				"down": {"uv": [8, 10.25, 7.75, 10.5], "texture": "#0"}
			}
		},
		{
			"from": [5, 9, 11],
			"to": [6, 10, 12],
			"faces": {
				"north": {"uv": [10.25, 3.25, 10.5, 3.5], "texture": "#0"},
				"east": {"uv": [3.5, 10.25, 3.75, 10.5], "texture": "#0"},
				"south": {"uv": [10.25, 3.5, 10.5, 3.75], "texture": "#0"},
				"west": {"uv": [3.75, 10.25, 4, 10.5], "texture": "#0"},
				"up": {"uv": [10.5, 4, 10.25, 3.75], "texture": "#0"},
				"down": {"uv": [4.25, 10.25, 4, 10.5], "texture": "#0"}
			}
		},
		{
			"from": [11, 9, 11],
			"to": [12, 10, 12],
			"faces": {
				"north": {"uv": [10.25, 4, 10.5, 4.25], "texture": "#0"},
				"east": {"uv": [4.25, 10.25, 4.5, 10.5], "texture": "#0"},
				"south": {"uv": [10.25, 4.25, 10.5, 4.5], "texture": "#0"},
				"west": {"uv": [4.5, 10.25, 4.75, 10.5], "texture": "#0"},
				"up": {"uv": [10.5, 4.75, 10.25, 4.5], "texture": "#0"},
				"down": {"uv": [5, 10.25, 4.75, 10.5], "texture": "#0"}
			}
		},
		{
			"from": [12, 9, 10],
			"to": [13, 10, 11],
			"faces": {
				"north": {"uv": [10.25, 4.75, 10.5, 5], "texture": "#0"},
				"east": {"uv": [5, 10.25, 5.25, 10.5], "texture": "#0"},
				"south": {"uv": [10.25, 5, 10.5, 5.25], "texture": "#0"},
				"west": {"uv": [5.25, 10.25, 5.5, 10.5], "texture": "#0"},
				"up": {"uv": [10.5, 5.5, 10.25, 5.25], "texture": "#0"},
				"down": {"uv": [5.75, 10.25, 5.5, 10.5], "texture": "#0"}
			}
		},
		{
			"from": [4, 9, 4],
			"to": [5, 10, 5],
			"faces": {
				"north": {"uv": [10.25, 1.5, 10.5, 1.75], "texture": "#0"},
				"east": {"uv": [10.25, 1.75, 10.5, 2], "texture": "#0"},
				"south": {"uv": [10.25, 2, 10.5, 2.25], "texture": "#0"},
				"west": {"uv": [2.25, 10.25, 2.5, 10.5], "texture": "#0"},
				"up": {"uv": [10.5, 2.5, 10.25, 2.25], "texture": "#0"},
				"down": {"uv": [2.75, 10.25, 2.5, 10.5], "texture": "#0"}
			}
		},
		{
			"from": [4, 9, 10],
			"to": [5, 10, 11],
			"faces": {
				"north": {"uv": [10.25, 2.5, 10.5, 2.75], "texture": "#0"},
				"east": {"uv": [2.75, 10.25, 3, 10.5], "texture": "#0"},
				"south": {"uv": [10.25, 2.75, 10.5, 3], "texture": "#0"},
				"west": {"uv": [3, 10.25, 3.25, 10.5], "texture": "#0"},
				"up": {"uv": [10.5, 3.25, 10.25, 3], "texture": "#0"},
				"down": {"uv": [3.5, 10.25, 3.25, 10.5], "texture": "#0"}
			}
		},
		{
			"from": [11, 10, 4],
			"to": [12, 12, 5],
			"faces": {
				"north": {"uv": [9.5, 8.25, 9.75, 8.75], "texture": "#0"},
				"east": {"uv": [9.5, 8.75, 9.75, 9.25], "texture": "#0"},
				"south": {"uv": [9, 9.5, 9.25, 10], "texture": "#0"},
				"west": {"uv": [9.25, 9.5, 9.5, 10], "texture": "#0"},
				"up": {"uv": [0.25, 10.5, 0, 10.25], "texture": "#0"},
				"down": {"uv": [10.5, 0, 10.25, 0.25], "texture": "#0"}
			}
		},
		{
			"from": [5, 10, 10],
			"to": [6, 12, 11],
			"faces": {
				"north": {"uv": [9.75, 2.75, 10, 3.25], "texture": "#0"},
				"east": {"uv": [3, 9.75, 3.25, 10.25], "texture": "#0"},
				"south": {"uv": [3.25, 9.75, 3.5, 10.25], "texture": "#0"},
				"west": {"uv": [9.75, 3.25, 10, 3.75], "texture": "#0"},
				"up": {"uv": [10.5, 6.25, 10.25, 6], "texture": "#0"},
				"down": {"uv": [6.5, 10.25, 6.25, 10.5], "texture": "#0"}
			}
		},
		{
			"from": [6, 12, 9],
			"to": [7, 14, 10],
			"faces": {
				"north": {"uv": [5.25, 9.75, 5.5, 10.25], "texture": "#0"},
				"east": {"uv": [5.5, 9.75, 5.75, 10.25], "texture": "#0"},
				"south": {"uv": [5.75, 9.75, 6, 10.25], "texture": "#0"},
				"west": {"uv": [6.5, 9.75, 6.75, 10.25], "texture": "#0"},
				"up": {"uv": [2.25, 10.75, 2, 10.5], "texture": "#0"},
				"down": {"uv": [10.75, 2, 10.5, 2.25], "texture": "#0"}
			}
		},
		{
			"from": [6, 12, 5],
			"to": [7, 14, 6],
			"faces": {
				"north": {"uv": [8.5, 9.75, 8.75, 10.25], "texture": "#0"},
				"east": {"uv": [8.75, 9.75, 9, 10.25], "texture": "#0"},
				"south": {"uv": [9.75, 8.75, 10, 9.25], "texture": "#0"},
				"west": {"uv": [9.75, 9.25, 10, 9.75], "texture": "#0"},
				"up": {"uv": [3, 10.75, 2.75, 10.5], "texture": "#0"},
				"down": {"uv": [10.75, 2.75, 10.5, 3], "texture": "#0"}
			}
		},
		{
			"from": [10, 12, 5],
			"to": [11, 14, 6],
			"faces": {
				"north": {"uv": [7.5, 9.75, 7.75, 10.25], "texture": "#0"},
				"east": {"uv": [7.75, 9.75, 8, 10.25], "texture": "#0"},
				"south": {"uv": [9.75, 7.75, 10, 8.25], "texture": "#0"},
				"west": {"uv": [9.75, 8.25, 10, 8.75], "texture": "#0"},
				"up": {"uv": [2.75, 10.75, 2.5, 10.5], "texture": "#0"},
				"down": {"uv": [10.75, 2.5, 10.5, 2.75], "texture": "#0"}
			}
		},
		{
			"from": [10, 12, 9],
			"to": [11, 14, 10],
			"faces": {
				"north": {"uv": [6.75, 9.75, 7, 10.25], "texture": "#0"},
				"east": {"uv": [9.75, 6.75, 10, 7.25], "texture": "#0"},
				"south": {"uv": [7, 9.75, 7.25, 10.25], "texture": "#0"},
				"west": {"uv": [7.25, 9.75, 7.5, 10.25], "texture": "#0"},
				"up": {"uv": [2.5, 10.75, 2.25, 10.5], "texture": "#0"},
				"down": {"uv": [10.75, 2.25, 10.5, 2.5], "texture": "#0"}
			}
		},
		{
			"from": [5, 10, 4],
			"to": [6, 12, 5],
			"faces": {
				"north": {"uv": [9.75, 1.75, 10, 2.25], "texture": "#0"},
				"east": {"uv": [2.25, 9.75, 2.5, 10.25], "texture": "#0"},
				"south": {"uv": [2.5, 9.75, 2.75, 10.25], "texture": "#0"},
				"west": {"uv": [2.75, 9.75, 3, 10.25], "texture": "#0"},
				"up": {"uv": [10.5, 6, 10.25, 5.75], "texture": "#0"},
				"down": {"uv": [6.25, 10.25, 6, 10.5], "texture": "#0"}
			}
		},
		{
			"from": [11, 10, 10],
			"to": [12, 12, 11],
			"faces": {
				"north": {"uv": [9.5, 9.25, 9.75, 9.75], "texture": "#0"},
				"east": {"uv": [0, 9.75, 0.25, 10.25], "texture": "#0"},
				"south": {"uv": [0.25, 9.75, 0.5, 10.25], "texture": "#0"},
				"west": {"uv": [9.75, 1.25, 10, 1.75], "texture": "#0"},
				"up": {"uv": [10.5, 5.75, 10.25, 5.5], "texture": "#0"},
				"down": {"uv": [6, 10.25, 5.75, 10.5], "texture": "#0"}
			}
		},
		{
			"from": [5, 12, 6],
			"to": [6, 14, 9],
			"faces": {
				"north": {"uv": [3.5, 9.75, 3.75, 10.25], "texture": "#0"},
				"east": {"uv": [6.5, 7.25, 7.25, 7.75], "texture": "#0"},
				"south": {"uv": [3.75, 9.75, 4, 10.25], "texture": "#0"},
				"west": {"uv": [7.25, 7.25, 8, 7.75], "texture": "#0"},
				"up": {"uv": [7.75, 9.75, 7.5, 9], "texture": "#0"},
				"down": {"uv": [8, 9, 7.75, 9.75], "texture": "#0"}
			}
		},
		{
			"from": [6, 14, 6],
			"to": [7, 16, 9],
			"faces": {
				"north": {"uv": [10, 0.5, 10.25, 1], "texture": "#0"},
				"east": {"uv": [7.75, 2.5, 8.5, 3], "texture": "#0"},
				"south": {"uv": [0.75, 10, 1, 10.5], "texture": "#0"},
				"west": {"uv": [7.75, 3, 8.5, 3.5], "texture": "#0"},
				"up": {"uv": [1, 10, 0.75, 9.25], "texture": "#0"},
				"down": {"uv": [9.5, 0.75, 9.25, 1.5], "texture": "#0"}
			}
		},
		{
			"from": [7, 16, 6],
			"to": [8, 18, 9],
			"faces": {
				"north": {"uv": [1.25, 10, 1.5, 10.5], "texture": "#0"},
				"east": {"uv": [7.75, 5, 8.5, 5.5], "texture": "#0"},
				"south": {"uv": [1.5, 10, 1.75, 10.5], "texture": "#0"},
				"west": {"uv": [7.75, 5.5, 8.5, 6], "texture": "#0"},
				"up": {"uv": [1.75, 10, 1.5, 9.25], "texture": "#0"},
				"down": {"uv": [9.5, 1.5, 9.25, 2.25], "texture": "#0"}
			}
		},
		{
			"from": [10, 14, 6],
			"to": [11, 16, 9],
			"faces": {
				"north": {"uv": [1, 10, 1.25, 10.5], "texture": "#0"},
				"east": {"uv": [4, 7.75, 4.75, 8.25], "texture": "#0"},
				"south": {"uv": [10, 1, 10.25, 1.5], "texture": "#0"},
				"west": {"uv": [4.75, 7.75, 5.5, 8.25], "texture": "#0"},
				"up": {"uv": [1.25, 10, 1, 9.25], "texture": "#0"},
				"down": {"uv": [1.5, 9.25, 1.25, 10], "texture": "#0"}
			}
		},
		{
			"from": [9, 16, 6],
			"to": [10, 18, 9],
			"faces": {
				"north": {"uv": [10, 1.5, 10.25, 2], "texture": "#0"},
				"east": {"uv": [7.75, 6, 8.5, 6.5], "texture": "#0"},
				"south": {"uv": [1.75, 10, 2, 10.5], "texture": "#0"},
				"west": {"uv": [6.5, 7.75, 7.25, 8.25], "texture": "#0"},
				"up": {"uv": [2, 10, 1.75, 9.25], "texture": "#0"},
				"down": {"uv": [2.25, 9.25, 2, 10], "texture": "#0"}
			}
		},
		{
			"from": [8, 16, 6],
			"to": [9, 18, 9],
			"faces": {
				"north": {"uv": [10, 2.5, 10.25, 3], "texture": "#0"},
				"east": {"uv": [0.75, 8, 1.5, 8.5], "texture": "#0"},
				"south": {"uv": [10, 3, 10.25, 3.5], "texture": "#0"},
				"west": {"uv": [1.5, 8, 2.25, 8.5], "texture": "#0"},
				"up": {"uv": [9.5, 3.5, 9.25, 2.75], "texture": "#0"},
				"down": {"uv": [9.5, 3.5, 9.25, 4.25], "texture": "#0"}
			}
		},
		{
			"from": [8, 18, 7],
			"to": [9, 20, 8],
			"faces": {
				"north": {"uv": [10, 3.5, 10.25, 4], "texture": "#0"},
				"east": {"uv": [10, 4, 10.25, 4.5], "texture": "#0"},
				"south": {"uv": [10, 4.5, 10.25, 5], "texture": "#0"},
				"west": {"uv": [10, 5, 10.25, 5.5], "texture": "#0"},
				"up": {"uv": [3.25, 10.75, 3, 10.5], "texture": "#0"},
				"down": {"uv": [10.75, 3, 10.5, 3.25], "texture": "#0"}
			}
		},
		{
			"from": [11, 12, 6],
			"to": [12, 14, 9],
			"faces": {
				"north": {"uv": [9.75, 3.75, 10, 4.25], "texture": "#0"},
				"east": {"uv": [7.5, 0, 8.25, 0.5], "texture": "#0"},
				"south": {"uv": [4, 9.75, 4.25, 10.25], "texture": "#0"},
				"west": {"uv": [0.5, 7.5, 1.25, 8], "texture": "#0"},
				"up": {"uv": [9.25, 8.5, 9, 7.75], "texture": "#0"},
				"down": {"uv": [9.25, 8.5, 9, 9.25], "texture": "#0"}
			}
		},
		{
			"from": [7, 12, 4],
			"to": [10, 14, 5],
			"faces": {
				"north": {"uv": [7.5, 0.5, 8.25, 1], "texture": "#0"},
				"east": {"uv": [4.25, 9.75, 4.5, 10.25], "texture": "#0"},
				"south": {"uv": [7.5, 1, 8.25, 1.5], "texture": "#0"},
				"west": {"uv": [4.5, 9.75, 4.75, 10.25], "texture": "#0"},
				"up": {"uv": [7.75, 5.25, 7, 5], "texture": "#0"},
				"down": {"uv": [9, 6.75, 8.25, 7], "texture": "#0"}
			}
		},
		{
			"from": [7, 12, 10],
			"to": [10, 14, 11],
			"faces": {
				"north": {"uv": [1.25, 7.5, 2, 8], "texture": "#0"},
				"east": {"uv": [4.75, 9.75, 5, 10.25], "texture": "#0"},
				"south": {"uv": [7.5, 3.5, 8.25, 4], "texture": "#0"},
				"west": {"uv": [5, 9.75, 5.25, 10.25], "texture": "#0"},
				"up": {"uv": [9.5, 7.25, 8.75, 7], "texture": "#0"},
				"down": {"uv": [9.75, 6.75, 9, 7], "texture": "#0"}
			}
		},
		{
			"from": [7, 14, 9],
			"to": [10, 16, 10],
			"faces": {
				"north": {"uv": [7.5, 4, 8.25, 4.5], "texture": "#0"},
				"east": {"uv": [9.5, 9.75, 9.75, 10.25], "texture": "#0"},
				"south": {"uv": [7.5, 4.5, 8.25, 5], "texture": "#0"},
				"west": {"uv": [9.75, 9.75, 10, 10.25], "texture": "#0"},
				"up": {"uv": [0.75, 9.5, 0, 9.25], "texture": "#0"},
				"down": {"uv": [10, 0, 9.25, 0.25], "texture": "#0"}
			}
		},
		{
			"from": [7, 14, 5],
			"to": [10, 16, 6],
			"faces": {
				"north": {"uv": [7.5, 6.5, 8.25, 7], "texture": "#0"},
				"east": {"uv": [10, 0, 10.25, 0.5], "texture": "#0"},
				"south": {"uv": [7.75, 2, 8.5, 2.5], "texture": "#0"},
				"west": {"uv": [0.5, 10, 0.75, 10.5], "texture": "#0"},
				"up": {"uv": [10, 0.5, 9.25, 0.25], "texture": "#0"},
				"down": {"uv": [10, 0.5, 9.25, 0.75], "texture": "#0"}
			}
		},
		{
			"from": [7, 20, 7],
			"to": [10, 21, 8],
			"faces": {
				"north": {"uv": [9.25, 4.25, 10, 4.5], "texture": "#0"},
				"east": {"uv": [3.25, 10.5, 3.5, 10.75], "texture": "#0"},
				"south": {"uv": [9.25, 4.5, 10, 4.75], "texture": "#0"},
				"west": {"uv": [10.5, 3.25, 10.75, 3.5], "texture": "#0"},
				"up": {"uv": [10, 5, 9.25, 4.75], "texture": "#0"},
				"down": {"uv": [10, 5, 9.25, 5.25], "texture": "#0"}
			}
		},
		{
			"from": [7, 24, 7],
			"to": [10, 25, 8],
			"faces": {
				"north": {"uv": [9.25, 6.25, 10, 6.5], "texture": "#0"},
				"east": {"uv": [3.75, 10.5, 4, 10.75], "texture": "#0"},
				"south": {"uv": [9.25, 6.5, 10, 6.75], "texture": "#0"},
				"west": {"uv": [10.5, 3.75, 10.75, 4], "texture": "#0"},
				"up": {"uv": [10, 7.5, 9.25, 7.25], "texture": "#0"},
				"down": {"uv": [10, 7.5, 9.25, 7.75], "texture": "#0"}
			}
		},
		{
			"from": [7, 23, 7],
			"to": [8, 24, 8],
			"faces": {
				"north": {"uv": [4, 10.5, 4.25, 10.75], "texture": "#0"},
				"east": {"uv": [10.5, 4, 10.75, 4.25], "texture": "#0"},
				"south": {"uv": [4.25, 10.5, 4.5, 10.75], "texture": "#0"},
				"west": {"uv": [10.5, 4.25, 10.75, 4.5], "texture": "#0"},
				"up": {"uv": [4.75, 10.75, 4.5, 10.5], "texture": "#0"},
				"down": {"uv": [10.75, 4.5, 10.5, 4.75], "texture": "#0"}
			}
		},
		{
			"from": [7, 21, 7],
			"to": [8, 22, 8],
			"faces": {
				"north": {"uv": [4.75, 10.5, 5, 10.75], "texture": "#0"},
				"east": {"uv": [10.5, 4.75, 10.75, 5], "texture": "#0"},
				"south": {"uv": [5, 10.5, 5.25, 10.75], "texture": "#0"},
				"west": {"uv": [10.5, 5, 10.75, 5.25], "texture": "#0"},
				"up": {"uv": [5.5, 10.75, 5.25, 10.5], "texture": "#0"},
				"down": {"uv": [10.75, 5.25, 10.5, 5.5], "texture": "#0"}
			}
		},
		{
			"from": [7, 22, 7],
			"to": [10, 23, 8],
			"faces": {
				"north": {"uv": [9.25, 5.25, 10, 5.5], "texture": "#0"},
				"east": {"uv": [3.5, 10.5, 3.75, 10.75], "texture": "#0"},
				"south": {"uv": [9.25, 5.5, 10, 5.75], "texture": "#0"},
				"west": {"uv": [10.5, 3.5, 10.75, 3.75], "texture": "#0"},
				"up": {"uv": [10, 6, 9.25, 5.75], "texture": "#0"},
				"down": {"uv": [10, 6, 9.25, 6.25], "texture": "#0"}
			}
		}
	],
	"display": {
		"thirdperson_righthand": {
			"translation": [0, 2.5, -1.5],
			"scale": [0.5, 0.5, 0.5]
		},
		"thirdperson_lefthand": {
			"translation": [0, 2.5, -1.5],
			"scale": [0.5, 0.5, 0.5]
		},
		"firstperson_righthand": {
			"translation": [0, 1.75, 0],
			"scale": [0.25, 0.25, 0.25]
		},
		"firstperson_lefthand": {
			"translation": [0, 1.75, 0],
			"scale": [0.25, 0.25, 0.25]
		},
		"ground": {
			"translation": [0, 0.75, 0],
			"scale": [0.5, 0.5, 0.5]
		},
		"gui": {
			"rotation": [-24, 1, 36],
			"translation": [0, -1, 0],
			"scale": [0.5, 0.5, 0.5]
		},
		"head": {
			"rotation": [0, 180, 0],
			"translation": [0.25, 12, -0.5],
			"scale": [0.75, 0.75, 0.75]
		},
		"fixed": {
			"rotation": [-90, 0, 0],
			"translation": [0, 0, -7.5]
		}
	}
}