{
	"credit": "Made with Blockbench",
	"texture_size": [32, 32],
	"textures": {
		"0": "item/vip/how_shield/case",
		"1": "item/vip/how_shield/lock",
		"particle": "item/vip/how_shield/case"
	},
	"elements": [
		{
			"from": [0, 0, 5],
			"to": [16, 9, 11],
			"faces": {
				"north": {"uv": [0, 0, 8, 4.5], "texture": "#0"},
				"east": {"uv": [8, 6, 11, 10.5], "texture": "#0"},
				"south": {"uv": [0, 4.5, 8, 9], "texture": "#0"},
				"west": {"uv": [0, 9, 3, 13.5], "texture": "#0"},
				"up": {"uv": [16, 3, 8, 0], "texture": "#0"},
				"down": {"uv": [16, 3, 8, 6], "texture": "#0"}
			}
		},
		{
			"from": [10.75, -0.125, 4.8],
			"to": [12.75, 9.2, 11.25],
			"faces": {
				"north": {"uv": [0, 4.5, 1, 9], "texture": "#1"},
				"east": {"uv": [0, 0, 3, 4.5], "texture": "#1"},
				"south": {"uv": [1, 4.5, 2, 9], "texture": "#1"},
				"west": {"uv": [3, 0, 6, 4.5], "texture": "#1"},
				"up": {"uv": [3, 7.5, 2, 4.5], "texture": "#1"},
				"down": {"uv": [4, 4.5, 3, 7.5], "texture": "#1"}
			}
		},
		{
			"from": [3.25, -0.125, 4.8],
			"to": [5.25, 9.2, 11.25],
			"faces": {
				"north": {"uv": [0, 4.5, 1, 9], "texture": "#1"},
				"east": {"uv": [0, 0, 3, 4.5], "texture": "#1"},
				"south": {"uv": [1, 4.5, 2, 9], "texture": "#1"},
				"west": {"uv": [3, 0, 6, 4.5], "texture": "#1"},
				"up": {"uv": [3, 7.5, 2, 4.5], "texture": "#1"},
				"down": {"uv": [4, 4.5, 3, 7.5], "texture": "#1"}
			}
		},
		{
			"from": [6, 9, 7.425],
			"to": [6.675, 10.625, 8.575],
			"faces": {
				"north": {"uv": [7.5, 9, 8, 10], "texture": "#0"},
				"east": {"uv": [4.5, 9.5, 5, 10.5], "texture": "#0"},
				"south": {"uv": [5, 9.5, 5.5, 10.5], "texture": "#0"},
				"west": {"uv": [5.5, 9.5, 6, 10.5], "texture": "#0"},
				"up": {"uv": [7.5, 10, 7, 9.5], "texture": "#0"},
				"down": {"uv": [3.5, 10, 3, 10.5], "texture": "#0"}
			}
		},
		{
			"from": [9.325, 9, 7.4],
			"to": [10, 10.625, 8.55],
			"faces": {
				"north": {"uv": [5, 9.5, 5.5, 10.5], "texture": "#0"},
				"east": {"uv": [5.5, 9.5, 6, 10.5], "texture": "#0"},
				"south": {"uv": [7.5, 9, 8, 10], "texture": "#0"},
				"west": {"uv": [4.5, 9.5, 5, 10.5], "texture": "#0"},
				"up": {"uv": [7.5, 10, 7, 9.5], "rotation": 180, "texture": "#0"},
				"down": {"uv": [3.5, 10, 3, 10.5], "rotation": 180, "texture": "#0"}
			}
		},
		{
			"from": [6.325, 10.625, 7.425],
			"to": [9.675, 11.3, 8.575],
			"faces": {
				"north": {"uv": [3, 9, 4.5, 9.5], "texture": "#0"},
				"east": {"uv": [6, 9.5, 6.5, 10], "texture": "#0"},
				"south": {"uv": [4.5, 9, 6, 9.5], "texture": "#0"},
				"west": {"uv": [6.5, 9.5, 7, 10], "texture": "#0"},
				"up": {"uv": [7.5, 9.5, 6, 9], "texture": "#0"},
				"down": {"uv": [4.5, 9.5, 3, 10], "texture": "#0"}
			}
		},
		{
			"from": [13.875, 8.725, 7.025],
			"to": [14.75, 9.4, 8.325],
			"rotation": {"angle": 0, "axis": "y", "origin": [16, 0, 0]},
			"faces": {
				"north": {"uv": [5, 5.5, 5.5, 6], "texture": "#1"},
				"east": {"uv": [5, 5.5, 5.5, 6], "texture": "#1"},
				"south": {"uv": [6, 0, 6.5, 0.5], "texture": "#1"},
				"west": {"uv": [6, 0.5, 6.5, 1], "texture": "#1"},
				"up": {"uv": [6.5, 1.5, 6, 1], "texture": "#1"},
				"down": {"uv": [6.5, 1.5, 6, 2], "texture": "#1"}
			}
		},
		{
			"from": [13.45, 8.625, 6.475],
			"to": [15.15, 9.3, 7.325],
			"rotation": {"angle": 0, "axis": "y", "origin": [16, 0, 0]},
			"faces": {
				"north": {"uv": [4, 4.5, 5, 5], "texture": "#1"},
				"east": {"uv": [4, 5.5, 4.5, 6], "texture": "#1"},
				"south": {"uv": [4, 5, 5, 5.5], "texture": "#1"},
				"west": {"uv": [4.5, 5.5, 5, 6], "texture": "#1"},
				"up": {"uv": [6, 5, 5, 4.5], "texture": "#1"},
				"down": {"uv": [6, 5, 5, 5.5], "texture": "#1"}
			}
		},
		{
			"from": [1.275, 8.725, 7.025],
			"to": [2.15, 9.4, 8.325],
			"rotation": {"angle": 0, "axis": "y", "origin": [16, 0, 0]},
			"faces": {
				"north": {"uv": [5, 5.5, 5.5, 6], "texture": "#1"},
				"east": {"uv": [5, 5.5, 5.5, 6], "texture": "#1"},
				"south": {"uv": [6, 0, 6.5, 0.5], "texture": "#1"},
				"west": {"uv": [6, 0.5, 6.5, 1], "texture": "#1"},
				"up": {"uv": [6.5, 1.5, 6, 1], "texture": "#1"},
				"down": {"uv": [6.5, 1.5, 6, 2], "texture": "#1"}
			}
		},
		{
			"from": [0.85, 8.625, 6.475],
			"to": [2.55, 9.3, 7.325],
			"rotation": {"angle": 0, "axis": "y", "origin": [16, 0, 0]},
			"faces": {
				"north": {"uv": [4, 4.5, 5, 5], "texture": "#1"},
				"east": {"uv": [4, 5.5, 4.5, 6], "texture": "#1"},
				"south": {"uv": [4, 5, 5, 5.5], "texture": "#1"},
				"west": {"uv": [4.5, 5.5, 5, 6], "texture": "#1"},
				"up": {"uv": [6, 5, 5, 4.5], "texture": "#1"},
				"down": {"uv": [6, 5, 5, 5.5], "texture": "#1"}
			}
		}
	],
	"display": {
		"thirdperson_righthand": {
			"rotation": [68, 90, 0],
			"translation": [0.25, -3.5, -1.25],
			"scale": [0.8, 0.8, 0.8]
		},
		"thirdperson_lefthand": {
			"rotation": [68, 90, 0],
			"translation": [0.25, -3.5, -1.25],
			"scale": [0.8, 0.8, 0.8]
		},
		"firstperson_righthand": {
			"rotation": [0, -33, 0],
			"translation": [0.25, 5.25, 0]
		},
		"firstperson_lefthand": {
			"rotation": [0, 90, 0],
			"translation": [2.5, 0.5, 0]
		},
		"ground": {
			"translation": [0, 5.5, 0]
		},
		"gui": {
			"rotation": [16, 39, 0],
			"translation": [-0.5, 1.75, 0],
			"scale": [0.8, 0.8, 0.8]
		},
		"head": {
			"rotation": [0, 180, 0],
			"translation": [0, 14.25, 0]
		},
		"fixed": {
			"rotation": [90, 0, 180],
			"translation": [0, 0, -9.5],
			"scale": [1.2, 1.2, 1.2]
		}
	}
}