{
	"credit": "Made with Blockbench",
	"textures": {
		"0": "item/vip/how_paint_gun/glass",
		"1": "item/vip/how_paint_gun/colours/blue",
		"2": "item/vip/how_paint_gun/shell",
		"3": "item/vip/how_paint_gun/body",
		"4": "item/vip/how_paint_gun/hand",
		"particle": "item/vip/how_paint_gun/glass"
	},
	"elements": [
		{
			"from": [6.5, 0.15, 9],
			"to": [9.5, 1, 14],
			"rotation": {"angle": 0, "axis": "y", "origin": [7, 0, 12]},
			"faces": {
				"north": {"uv": [11, 6, 14, 7], "texture": "#3"},
				"east": {"uv": [10, 3, 15, 4], "texture": "#3"},
				"south": {"uv": [7, 11, 10, 12], "texture": "#3"},
				"west": {"uv": [9, 10, 14, 11], "texture": "#3"},
				"up": {"uv": [3, 5, 0, 0], "texture": "#3"},
				"down": {"uv": [6, 0, 3, 5], "texture": "#3"}
			}
		},
		{
			"from": [6.4, 0.5, 7.2],
			"to": [9.6, 2, 10.2],
			"rotation": {"angle": 0, "axis": "y", "origin": [7, 1, 8.2]},
			"faces": {
				"north": {"uv": [7, 11, 10, 12.5], "texture": "#2"},
				"east": {"uv": [12, 0, 15, 1.5], "texture": "#2"},
				"south": {"uv": [7, 11, 10, 12.5], "texture": "#2"},
				"west": {"uv": [12, 0, 15, 1.5], "texture": "#2"},
				"up": {"uv": [10, 11, 7, 8], "texture": "#2"},
				"down": {"uv": [10, 8, 7, 11], "texture": "#2"}
			}
		},
		{
			"from": [6.4, 0.5, 5.8],
			"to": [9.6, 0.9, 7.2],
			"rotation": {"angle": 0, "axis": "y", "origin": [7, 1, 7]},
			"faces": {
				"north": {"uv": [12, 2, 15, 2.5], "texture": "#2"},
				"east": {"uv": [8, 7, 9.5, 7.5], "texture": "#2"},
				"south": {"uv": [13, 7, 16, 7.5], "texture": "#2"},
				"west": {"uv": [13, 11, 14.5, 11.5], "texture": "#2"},
				"up": {"uv": [7, 13.5, 4, 12], "texture": "#2"},
				"down": {"uv": [10, 13, 7, 14.5], "texture": "#2"}
			}
		},
		{
			"from": [6.4, 0, 5.8],
			"to": [9.6, 0.5, 9],
			"rotation": {"angle": 0, "axis": "y", "origin": [7, 0.5, 7]},
			"faces": {
				"north": {"uv": [13, 8, 16, 8.5], "texture": "#2"},
				"east": {"uv": [13, 9, 16, 9.5], "texture": "#2"},
				"south": {"uv": [10, 13, 13, 13.5], "texture": "#2"},
				"west": {"uv": [13, 10, 16, 10.5], "texture": "#2"},
				"up": {"uv": [13, 10, 10, 7], "texture": "#2"},
				"down": {"uv": [13, 10, 10, 13], "texture": "#2"}
			}
		},
		{
			"from": [6, 0.1, 11],
			"to": [10, 4, 13.2],
			"rotation": {"angle": 0, "axis": "y", "origin": [7, 1, 11]},
			"faces": {
				"north": {"uv": [0, 0, 4, 4], "texture": "#2"},
				"east": {"uv": [0, 11, 2, 15], "texture": "#2"},
				"south": {"uv": [13, 13.5, 16, 16], "texture": "#2"},
				"west": {"uv": [2, 11, 4, 15], "texture": "#2"},
				"up": {"uv": [15, 5, 11, 3], "texture": "#2"},
				"down": {"uv": [11.5, 5, 11, 7], "texture": "#2"}
			}
		},
		{
			"from": [6, 0.1, 13.2],
			"to": [10, 3.4, 16.4],
			"rotation": {"angle": 0, "axis": "y", "origin": [7, 1, 13.2]},
			"faces": {
				"north": {"uv": [4, 0, 8, 3.5], "texture": "#2"},
				"east": {"uv": [8, 3, 11, 6.5], "texture": "#2"},
				"south": {"uv": [4, 4, 8, 7.5], "texture": "#2"},
				"west": {"uv": [4, 8, 7, 11.5], "texture": "#2"},
				"up": {"uv": [4, 11, 0, 8], "texture": "#2"},
				"down": {"uv": [12, 0, 8, 3], "texture": "#2"}
			}
		},
		{
			"from": [6, 0.1, 13.725],
			"to": [10, 3.4, 15.725],
			"rotation": {"angle": 0, "axis": "y", "origin": [9, 1, 18.925]},
			"faces": {
				"north": {"uv": [4, 4, 8, 7.5], "texture": "#2"},
				"east": {"uv": [4, 11, 4.5, 11.5], "texture": "#2"},
				"south": {"uv": [4, 12, 7, 14], "texture": "#2"},
				"west": {"uv": [10.5, 6, 11, 6.5], "texture": "#2"},
				"up": {"uv": [2.5, 10, 1.5, 9], "rotation": 180, "texture": "#2"},
				"down": {"uv": [12, 2.5, 11.5, 3], "rotation": 180, "texture": "#2"}
			}
		},
		{
			"from": [6.2, 0.5, 11.3],
			"to": [9.8, 3.8, 14],
			"rotation": {"angle": 0, "axis": "y", "origin": [7, 1, 12]},
			"faces": {
				"north": {"uv": [0, 5, 3.5, 8], "texture": "#3"},
				"east": {"uv": [9, 7, 11, 10], "texture": "#3"},
				"south": {"uv": [4, 5, 7.5, 8], "texture": "#3"},
				"west": {"uv": [10, 0, 12, 3], "texture": "#3"},
				"up": {"uv": [9.5, 2, 6, 0], "texture": "#3"},
				"down": {"uv": [9.5, 2, 6, 4], "texture": "#3"}
			}
		},
		{
			"from": [7.3, 3, 11.2],
			"to": [8.7, 5.2, 12.6],
			"rotation": {"angle": 0, "axis": "y", "origin": [7, 3, 11.4]},
			"faces": {
				"north": {"uv": [6, 4, 7, 6], "texture": "#0"},
				"east": {"uv": [6, 6, 7, 8], "texture": "#0"},
				"south": {"uv": [7, 4, 8, 6], "texture": "#0"},
				"west": {"uv": [7, 6, 8, 8], "texture": "#0"},
				"up": {"uv": [9, 1, 8, 0], "texture": "#0"},
				"down": {"uv": [9, 1, 8, 2], "texture": "#0"}
			}
		},
		{
			"from": [7.5, 2.2, 14.25],
			"to": [8.5, 3.4, 15.35],
			"rotation": {"angle": 0, "axis": "y", "origin": [7.2, 1.2, 14.45]},
			"faces": {
				"north": {"uv": [6, 4, 7, 6], "texture": "#0"},
				"east": {"uv": [6, 6, 7, 8], "texture": "#0"},
				"south": {"uv": [7, 4, 8, 6], "texture": "#0"},
				"west": {"uv": [7, 6, 8, 8], "texture": "#0"},
				"up": {"uv": [9, 1, 8, 0], "texture": "#0"},
				"down": {"uv": [9, 1, 8, 2], "texture": "#0"}
			}
		},
		{
			"from": [7, 1, 5.5],
			"to": [9, 3, 13],
			"rotation": {"angle": 0, "axis": "y", "origin": [7, 1, 12]},
			"faces": {
				"north": {"uv": [4, 4, 6, 6], "texture": "#0"},
				"east": {"uv": [0, 0, 8, 2], "texture": "#0"},
				"south": {"uv": [4, 6, 6, 8], "texture": "#0"},
				"west": {"uv": [0, 2, 8, 4], "texture": "#0"},
				"up": {"uv": [2, 12, 0, 4], "texture": "#0"},
				"down": {"uv": [4, 4, 2, 12], "texture": "#0"}
			}
		},
		{
			"from": [6.7, 0.8, 6.6],
			"to": [9.3, 3.3, 8.6],
			"rotation": {"angle": 0, "axis": "y", "origin": [7, 1, 12]},
			"faces": {
				"north": {"uv": [0, 8, 2.5, 10.5], "texture": "#3"},
				"east": {"uv": [0, 11, 2, 13.5], "texture": "#3"},
				"south": {"uv": [3, 8, 5.5, 10.5], "texture": "#3"},
				"west": {"uv": [2, 11, 4, 13.5], "texture": "#3"},
				"up": {"uv": [6.5, 13, 4, 11], "texture": "#3"},
				"down": {"uv": [13.5, 4, 11, 6], "texture": "#3"}
			}
		},
		{
			"from": [6.8, 0.8, 6.1],
			"to": [9.2, 3.2, 6.6],
			"rotation": {"angle": 0, "axis": "y", "origin": [7, 1, 10.8]},
			"faces": {
				"north": {"uv": [8, 4, 10.5, 6.5], "texture": "#3"},
				"east": {"uv": [12, 0, 12.5, 2.5], "texture": "#3"},
				"south": {"uv": [6, 8, 8.5, 10.5], "texture": "#3"},
				"west": {"uv": [7, 12, 7.5, 14.5], "texture": "#3"},
				"up": {"uv": [13.5, 9.5, 11, 9], "texture": "#3"},
				"down": {"uv": [14.5, 11, 12, 11.5], "texture": "#3"}
			}
		},
		{
			"from": [5.5, 0.05, 7.1],
			"to": [6, 0.55, 10.1],
			"rotation": {"angle": 45, "axis": "y", "origin": [4, 0.05, 8.1]},
			"faces": {
				"north": {"uv": [9, 7, 9.5, 7.5], "texture": "#4"},
				"east": {"uv": [5, 2, 8, 2.5], "texture": "#4"},
				"south": {"uv": [8, 9, 8.5, 9.5], "texture": "#4"},
				"west": {"uv": [5, 4, 8, 4.5], "texture": "#4"},
				"up": {"uv": [1.5, 8, 1, 5], "texture": "#4"},
				"down": {"uv": [5.5, 5, 5, 8], "texture": "#4"}
			}
		},
		{
			"from": [5.1, 0, 2.4],
			"to": [5.6, 0.5, 5.4],
			"rotation": {"angle": -22.5, "axis": "y", "origin": [3.6, 0, 3.4]},
			"faces": {
				"north": {"uv": [9, 3, 9.5, 3.5], "texture": "#4"},
				"east": {"uv": [3, 1, 6, 1.5], "texture": "#4"},
				"south": {"uv": [9, 4, 9.5, 4.5], "texture": "#4"},
				"west": {"uv": [4, 3, 7, 3.5], "texture": "#4"},
				"up": {"uv": [4.5, 7, 4, 4], "texture": "#4"},
				"down": {"uv": [0.5, 5, 0, 8], "texture": "#4"}
			}
		},
		{
			"from": [5.26537, 0.475, 2.65],
			"to": [6.26537, 0.975, 3.05],
			"rotation": {"angle": 22.5, "axis": "z", "origin": [6.5, 0.9, 3.15]},
			"faces": {
				"north": {"uv": [8, 2, 9, 2.5], "texture": "#4"},
				"east": {"uv": [5, 9, 5.5, 9.5], "texture": "#4"},
				"south": {"uv": [8, 3, 9, 3.5], "texture": "#4"},
				"west": {"uv": [9, 5, 9.5, 5.5], "texture": "#4"},
				"up": {"uv": [9, 4.5, 8, 4], "texture": "#4"},
				"down": {"uv": [6, 8, 5, 8.5], "texture": "#4"}
			}
		},
		{
			"from": [9.59037, -0.075, 2.65],
			"to": [10.59037, 0.425, 3.05],
			"rotation": {"angle": -22.5, "axis": "z", "origin": [10.825, 0.35, 3.15]},
			"faces": {
				"north": {"uv": [7, 3, 8, 3.5], "texture": "#4"},
				"east": {"uv": [9, 1, 9.5, 1.5], "texture": "#4"},
				"south": {"uv": [7, 7, 8, 7.5], "texture": "#4"},
				"west": {"uv": [2, 9, 2.5, 9.5], "texture": "#4"},
				"up": {"uv": [1, 8.5, 0, 8], "texture": "#4"},
				"down": {"uv": [2, 8, 1, 8.5], "texture": "#4"}
			}
		},
		{
			"from": [10.80224, 0, 2.95963],
			"to": [11.30224, 0.5, 5.95963],
			"rotation": {"angle": 22.5, "axis": "y", "origin": [11.15, 0, 4.725]},
			"faces": {
				"north": {"uv": [9, 2, 9.5, 2.5], "texture": "#4"},
				"east": {"uv": [2, 2, 5, 2.5], "texture": "#4"},
				"south": {"uv": [3, 9, 3.5, 9.5], "texture": "#4"},
				"west": {"uv": [3, 0, 6, 0.5], "texture": "#4"},
				"up": {"uv": [2.5, 6, 2, 3], "texture": "#4"},
				"down": {"uv": [3.5, 3, 3, 6], "texture": "#4"}
			}
		},
		{
			"from": [9.95224, 0.05, 5.73463],
			"to": [10.45224, 0.55, 8.73463],
			"rotation": {"angle": -45, "axis": "y", "origin": [10.3, 0.05, 7.5]},
			"faces": {
				"north": {"uv": [9, 0, 9.5, 0.5], "texture": "#4"},
				"east": {"uv": [0, 0, 3, 0.5], "texture": "#4"},
				"south": {"uv": [1, 9, 1.5, 9.5], "texture": "#4"},
				"west": {"uv": [0, 1, 3, 1.5], "texture": "#4"},
				"up": {"uv": [0.5, 5, 0, 2], "texture": "#4"},
				"down": {"uv": [1.5, 2, 1, 5], "texture": "#4"}
			}
		},
		{
			"from": [7.75224, 2.95963, 2.3],
			"to": [8.25224, 3.95963, 2.7],
			"rotation": {"angle": 22.5, "axis": "x", "origin": [8.1, 2.725, 2.8]},
			"faces": {
				"north": {"uv": [7, 8, 7.5, 9], "texture": "#4"},
				"east": {"uv": [8, 7, 8.5, 8], "texture": "#4"},
				"south": {"uv": [8, 8, 8.5, 9], "texture": "#4"},
				"west": {"uv": [0, 9, 0.5, 10], "texture": "#4"},
				"up": {"uv": [9.5, 6.5, 9, 6], "texture": "#4"},
				"down": {"uv": [7.5, 9, 7, 9.5], "texture": "#4"}
			}
		},
		{
			"from": [7.75224, 4.575, 3.05963],
			"to": [8.25224, 5.075, 6.05963],
			"rotation": {"angle": -22.5, "axis": "x", "origin": [8.1, 4.575, 4.825]},
			"faces": {
				"north": {"uv": [9, 8, 9.5, 8.5], "texture": "#4"},
				"east": {"uv": [6, 0, 9, 0.5], "texture": "#4"},
				"south": {"uv": [9, 9, 9.5, 9.5], "texture": "#4"},
				"west": {"uv": [6, 1, 9, 1.5], "texture": "#4"},
				"up": {"uv": [2.5, 9, 2, 6], "texture": "#4"},
				"down": {"uv": [3.5, 6, 3, 9], "texture": "#4"}
			}
		},
		{
			"from": [7.75224, 3.8, 5.43463],
			"to": [8.25224, 4.3, 8.43463],
			"rotation": {"angle": 45, "axis": "x", "origin": [8.1, 3.8, 7.2]},
			"faces": {
				"north": {"uv": [0, 10, 0.5, 10.5], "texture": "#4"},
				"east": {"uv": [6, 5, 9, 5.5], "texture": "#4"},
				"south": {"uv": [10, 0, 10.5, 0.5], "texture": "#4"},
				"west": {"uv": [6, 6, 9, 6.5], "texture": "#4"},
				"up": {"uv": [4.5, 10, 4, 7], "texture": "#4"},
				"down": {"uv": [6.5, 7, 6, 10], "texture": "#4"}
			}
		},
		{
			"name": "colortube",
			"from": [7.3, 1.3, 5.2],
			"to": [8.7, 2.7, 13],
			"light_emission": 1,
			"rotation": {"angle": 0, "axis": "y", "origin": [7, 1, 12]},
			"faces": {
				"north": {"uv": [5, 2, 7, 4], "texture": "#1"},
				"east": {"uv": [0, 0, 8, 1], "texture": "#1"},
				"south": {"uv": [3, 5, 4, 6], "texture": "#1"},
				"west": {"uv": [0, 1, 8, 2], "texture": "#1"},
				"up": {"uv": [1, 10, 0, 2], "texture": "#1"},
				"down": {"uv": [2, 2, 1, 10], "texture": "#1"}
			}
		},
		{
			"from": [7.5, 3, 11.4],
			"to": [8.5, 5, 12.4],
			"rotation": {"angle": 0, "axis": "y", "origin": [7, 3, 11.4]},
			"faces": {
				"north": {"uv": [2, 2, 3, 4], "texture": "#1"},
				"east": {"uv": [3, 2, 4, 4], "texture": "#1"},
				"south": {"uv": [2, 4, 3, 6], "texture": "#1"},
				"west": {"uv": [4, 2, 5, 4], "texture": "#1"},
				"up": {"uv": [4, 5, 3, 4], "texture": "#1"},
				"down": {"uv": [5, 4, 4, 5], "texture": "#1"}
			}
		},
		{
			"from": [7.7, 2.2, 14.45],
			"to": [8.3, 3.2, 15.15],
			"rotation": {"angle": 0, "axis": "y", "origin": [7.2, 1.2, 14.45]},
			"faces": {
				"north": {"uv": [2, 2, 3, 4], "texture": "#1"},
				"east": {"uv": [3, 2, 4, 4], "texture": "#1"},
				"south": {"uv": [2, 4, 3, 6], "texture": "#1"},
				"west": {"uv": [4, 2, 5, 4], "texture": "#1"},
				"up": {"uv": [4, 5, 3, 4], "texture": "#1"},
				"down": {"uv": [5, 4, 4, 5], "texture": "#1"}
			}
		}
	],
	"display": {
		"thirdperson_righthand": {
			"translation": [0, 9.25, -5.5],
			"scale": [1.6, 1.6, 1.6]
		},
		"thirdperson_lefthand": {
			"translation": [0, 9.25, -5.5],
			"scale": [1.6, 1.6, 1.6]
		},
		"firstperson_righthand": {
			"rotation": [0, 11, 0],
			"translation": [-1.75, 9, -4]
		},
		"firstperson_lefthand": {
			"rotation": [0, 11, 0],
			"translation": [-1.75, 9, -4]
		},
		"ground": {
			"rotation": [-39, 0, 0],
			"translation": [0, 8.5, 0],
			"scale": [1.5, 1.5, 1.5]
		},
		"gui": {
			"rotation": [100, 56, -55],
			"translation": [2, 4.75, 0],
			"scale": [1.1, 1.1, 1.1]
		},
		"head": {
			"rotation": [-90, 0, 180],
			"translation": [0, 15, 24.5],
			"scale": [4, 4, 4]
		},
		"fixed": {
			"rotation": [-90, 0, 0],
			"translation": [0, -6, -24],
			"scale": [3, 3, 3]
		}
	},
	"groups": [
		0,
		1,
		2,
		3,
		4,
		5,
		6,
		7,
		{
			"name": "glass",
			"origin": [7, 1, 12],
			"color": 0,
			"children": [8, 9, 10]
		},
		11,
		12,
		{
			"name": "hand",
			"origin": [8.1, 3.8, 7.2],
			"color": 0,
			"children": [13, 14, 15, 16, 17, 18, 19, 20, 21]
		},
		{
			"name": "color",
			"origin": [7, 3, 11.4],
			"color": 0,
			"children": [22, 23, 24]
		}
	]
}