{
	"credit": "Made with Blockbench",
	"textures": {
		"1": "item/japan/katana/mizu_katana/2",
		"2": "item/japan/katana/mizu_katana/3",
		"3": "item/japan/katana/mizu_katana/4",
		"4": "item/japan/katana/mizu_katana/5",
		"5": "item/japan/katana/mizu_katana/6",
		"7": "item/japan/katana/mizu_katana/8",
		"8": "item/japan/katana/mizu_katana/7",
		"10": "item/japan/katana/mizu_katana/1",
		"11": "item/japan/katana/mizu_katana/16",
		"12": "item/japan/katana/mizu_katana/17",
		"13": "item/japan/katana/mizu_katana/18",
		"14": "item/japan/katana/mizu_katana/19",
		"15": "item/japan/katana/mizu_katana/20",
		"16": "item/japan/katana/mizu_katana/21",
		"17": "item/japan/katana/mizu_katana/23",
		"18": "item/japan/katana/mizu_katana/60",
		"19": "item/japan/katana/mizu_katana/61",
		"20": "item/japan/katana/mizu_katana/2-1",
		"21": "item/japan/katana/mizu_katana/2-2",
		"22": "item/japan/katana/mizu_katana/2-4",
		"23": "item/japan/katana/mizu_katana/2-9",
		"particle": "item/japan/katana/mizu_katana/1"
	},
	"elements": [
		{
			"name": "1",
			"from": [0.75, 1, 0],
			"to": [1.125, 1.375, 1],
			"rotation": {"angle": 0, "axis": "y", "origin": [0.9375, 0.1875, 0.5]},
			"faces": {
				"north": {"uv": [0, 8, 1.5, 9.5], "texture": "#10"},
				"east": {"uv": [0, 0, 4, 1.5], "texture": "#10"},
				"south": {"uv": [8, 0, 9.5, 1.5], "texture": "#10"},
				"west": {"uv": [0, 4, 4, 5.5], "texture": "#10"},
				"up": {"uv": [5.5, 4, 4, 0], "texture": "#10"},
				"down": {"uv": [5.5, 4, 4, 8], "texture": "#10"}
			}
		},
		{
			"name": "2",
			"from": [0.375, 1.375, 0],
			"to": [1.5, 1.75, 1],
			"faces": {
				"north": {"uv": [0, 8, 4.5, 9.5], "texture": "#1"},
				"east": {"uv": [8, 4, 12, 5.5], "texture": "#1"},
				"south": {"uv": [8, 0, 12.5, 1.5], "texture": "#1"},
				"west": {"uv": [8, 8, 12, 9.5], "texture": "#1"},
				"up": {"uv": [4.5, 4, 0, 0], "texture": "#1"},
				"down": {"uv": [4.5, 4, 0, 8], "texture": "#1"}
			}
		},
		{
			"name": "3",
			"from": [0, 1.75, 0],
			"to": [1.875, 2.125, 1],
			"faces": {
				"north": {"uv": [0, 8, 7.5, 9.5], "texture": "#2"},
				"east": {"uv": [8, 4, 12, 5.5], "texture": "#2"},
				"south": {"uv": [8, 0, 15.5, 1.5], "texture": "#2"},
				"west": {"uv": [8, 8, 12, 9.5], "texture": "#2"},
				"up": {"uv": [7.5, 4, 0, 0], "texture": "#2"},
				"down": {"uv": [7.5, 4, 0, 8], "texture": "#2"}
			}
		},
		{
			"name": "4",
			"from": [0.375, 2.125, 0],
			"to": [2.25, 2.5, 1],
			"faces": {
				"north": {"uv": [0, 8, 7.5, 9.5], "texture": "#3"},
				"east": {"uv": [8, 4, 12, 5.5], "texture": "#3"},
				"south": {"uv": [8, 0, 15.5, 1.5], "texture": "#3"},
				"west": {"uv": [8, 8, 12, 9.5], "texture": "#3"},
				"up": {"uv": [7.5, 4, 0, 0], "texture": "#3"},
				"down": {"uv": [7.5, 4, 0, 8], "texture": "#3"}
			}
		},
		{
			"name": "5",
			"from": [0.75, 2.5, 0],
			"to": [2.625, 2.875, 1],
			"rotation": {"angle": 0, "axis": "y", "origin": [1.6875, 1.6875, 0.5]},
			"faces": {
				"north": {"uv": [0, 8, 7.5, 9.5], "texture": "#4"},
				"east": {"uv": [8, 4, 12, 5.5], "texture": "#4"},
				"south": {"uv": [8, 0, 15.5, 1.5], "texture": "#4"},
				"west": {"uv": [8, 8, 12, 9.5], "texture": "#4"},
				"up": {"uv": [7.5, 4, 0, 0], "texture": "#4"},
				"down": {"uv": [7.5, 4, 0, 8], "texture": "#4"}
			}
		},
		{
			"name": "6",
			"from": [1.125, 2.875, 0],
			"to": [3, 3.25, 1],
			"faces": {
				"north": {"uv": [0, 8, 7.5, 9.5], "texture": "#5"},
				"east": {"uv": [8, 4, 12, 5.5], "texture": "#5"},
				"south": {"uv": [8, 0, 15.5, 1.5], "texture": "#5"},
				"west": {"uv": [8, 8, 12, 9.5], "texture": "#5"},
				"up": {"uv": [7.5, 4, 0, 0], "texture": "#5"},
				"down": {"uv": [7.5, 4, 0, 8], "texture": "#5"}
			}
		},
		{
			"name": "7",
			"from": [1.5, 3.25, 0],
			"to": [3.375, 3.625, 1],
			"faces": {
				"north": {"uv": [0, 8, 7.5, 9.5], "texture": "#8"},
				"east": {"uv": [8, 4, 12, 5.5], "texture": "#8"},
				"south": {"uv": [8, 0, 15.5, 1.5], "texture": "#8"},
				"west": {"uv": [8, 8, 12, 9.5], "texture": "#8"},
				"up": {"uv": [7.5, 4, 0, 0], "texture": "#8"},
				"down": {"uv": [7.5, 4, 0, 8], "texture": "#8"}
			}
		},
		{
			"name": "8",
			"from": [1.875, 3.625, 0],
			"to": [3.75, 4, 1],
			"faces": {
				"north": {"uv": [0, 8, 7.5, 9.5], "texture": "#7"},
				"east": {"uv": [8, 4, 12, 5.5], "texture": "#7"},
				"south": {"uv": [8, 0, 15.5, 1.5], "texture": "#7"},
				"west": {"uv": [8, 8, 12, 9.5], "texture": "#7"},
				"up": {"uv": [7.5, 4, 0, 0], "texture": "#7"},
				"down": {"uv": [7.5, 4, 0, 8], "texture": "#7"}
			}
		},
		{
			"name": "9",
			"from": [2.25, 4, 0],
			"to": [4.125, 4.375, 1],
			"faces": {
				"north": {"uv": [0, 8, 7.5, 9.5], "texture": "#8"},
				"east": {"uv": [8, 4, 12, 5.5], "texture": "#8"},
				"south": {"uv": [8, 0, 15.5, 1.5], "texture": "#8"},
				"west": {"uv": [8, 8, 12, 9.5], "texture": "#8"},
				"up": {"uv": [7.5, 4, 0, 0], "texture": "#8"},
				"down": {"uv": [7.5, 4, 0, 8], "texture": "#8"}
			}
		},
		{
			"name": "10",
			"from": [2.625, 4.375, 0],
			"to": [4.5, 4.75, 1],
			"faces": {
				"north": {"uv": [0, 8, 7.5, 9.5], "texture": "#7"},
				"east": {"uv": [8, 4, 12, 5.5], "texture": "#7"},
				"south": {"uv": [8, 0, 15.5, 1.5], "texture": "#7"},
				"west": {"uv": [8, 8, 12, 9.5], "texture": "#7"},
				"up": {"uv": [7.5, 4, 0, 0], "texture": "#7"},
				"down": {"uv": [7.5, 4, 0, 8], "texture": "#7"}
			}
		},
		{
			"name": "11",
			"from": [3, 4.75, 0],
			"to": [4.875, 5.125, 1],
			"faces": {
				"north": {"uv": [0, 8, 7.5, 9.5], "texture": "#8"},
				"east": {"uv": [8, 4, 12, 5.5], "texture": "#8"},
				"south": {"uv": [8, 0, 15.5, 1.5], "texture": "#8"},
				"west": {"uv": [8, 8, 12, 9.5], "texture": "#8"},
				"up": {"uv": [7.5, 4, 0, 0], "texture": "#8"},
				"down": {"uv": [7.5, 4, 0, 8], "texture": "#8"}
			}
		},
		{
			"name": "12",
			"from": [3.375, 5.125, 0],
			"to": [5.25, 5.5, 1],
			"faces": {
				"north": {"uv": [0, 8, 7.5, 9.5], "texture": "#7"},
				"east": {"uv": [8, 4, 12, 5.5], "texture": "#7"},
				"south": {"uv": [8, 0, 15.5, 1.5], "texture": "#7"},
				"west": {"uv": [8, 8, 12, 9.5], "texture": "#7"},
				"up": {"uv": [7.5, 4, 0, 0], "texture": "#7"},
				"down": {"uv": [7.5, 4, 0, 8], "texture": "#7"}
			}
		},
		{
			"name": "13",
			"from": [3.75, 5.5, 0],
			"to": [5.625, 5.875, 1],
			"faces": {
				"north": {"uv": [0, 8, 7.5, 9.5], "texture": "#8"},
				"east": {"uv": [8, 4, 12, 5.5], "texture": "#8"},
				"south": {"uv": [8, 0, 15.5, 1.5], "texture": "#8"},
				"west": {"uv": [8, 8, 12, 9.5], "texture": "#8"},
				"up": {"uv": [7.5, 4, 0, 0], "texture": "#8"},
				"down": {"uv": [7.5, 4, 0, 8], "texture": "#8"}
			}
		},
		{
			"name": "14",
			"from": [4.125, 5.875, 0],
			"to": [6, 6.25, 1],
			"faces": {
				"north": {"uv": [0, 8, 7.5, 9.5], "texture": "#7"},
				"east": {"uv": [8, 4, 12, 5.5], "texture": "#7"},
				"south": {"uv": [8, 0, 15.5, 1.5], "texture": "#7"},
				"west": {"uv": [8, 8, 12, 9.5], "texture": "#7"},
				"up": {"uv": [7.5, 4, 0, 0], "texture": "#7"},
				"down": {"uv": [7.5, 4, 0, 8], "texture": "#7"}
			}
		},
		{
			"name": "15",
			"from": [4.5, 6.25, 0],
			"to": [6.375, 6.625, 1],
			"faces": {
				"north": {"uv": [0, 8, 7.5, 9.5], "texture": "#8"},
				"east": {"uv": [8, 4, 12, 5.5], "texture": "#8"},
				"south": {"uv": [8, 0, 15.5, 1.5], "texture": "#8"},
				"west": {"uv": [8, 8, 12, 9.5], "texture": "#8"},
				"up": {"uv": [7.5, 4, 0, 0], "texture": "#8"},
				"down": {"uv": [7.5, 4, 0, 8], "texture": "#8"}
			}
		},
		{
			"name": "16",
			"from": [4.875, 6.625, 0],
			"to": [7.125, 7, 1],
			"rotation": {"angle": 0, "axis": "y", "origin": [6, 5.8125, 0.5]},
			"faces": {
				"north": {"uv": [0, 8, 9, 9.5], "texture": "#11"},
				"east": {"uv": [12, 0, 16, 1.5], "texture": "#11"},
				"south": {"uv": [0, 12, 9, 13.5], "texture": "#11"},
				"west": {"uv": [12, 4, 16, 5.5], "texture": "#11"},
				"up": {"uv": [9, 4, 0, 0], "texture": "#11"},
				"down": {"uv": [9, 4, 0, 8], "texture": "#11"}
			}
		},
		{
			"name": "17",
			"from": [5.25, 7, 0],
			"to": [7.5, 7.375, 1],
			"faces": {
				"north": {"uv": [0, 8, 9, 9.5], "texture": "#12"},
				"east": {"uv": [12, 0, 16, 1.5], "texture": "#12"},
				"south": {"uv": [0, 12, 9, 13.5], "texture": "#12"},
				"west": {"uv": [12, 4, 16, 5.5], "texture": "#12"},
				"up": {"uv": [9, 4, 0, 0], "texture": "#12"},
				"down": {"uv": [9, 4, 0, 8], "texture": "#12"}
			}
		},
		{
			"name": "18",
			"from": [5.625, 7.375, 0],
			"to": [7.5, 7.75, 1],
			"faces": {
				"north": {"uv": [0, 8, 7.5, 9.5], "texture": "#13"},
				"east": {"uv": [8, 4, 12, 5.5], "texture": "#13"},
				"south": {"uv": [8, 0, 15.5, 1.5], "texture": "#13"},
				"west": {"uv": [8, 8, 12, 9.5], "texture": "#13"},
				"up": {"uv": [7.5, 4, 0, 0], "texture": "#13"},
				"down": {"uv": [7.5, 4, 0, 8], "texture": "#13"}
			}
		},
		{
			"name": "19",
			"from": [5.625, 7.75, 0],
			"to": [7.875, 8.125, 1],
			"faces": {
				"north": {"uv": [0, 8, 9, 9.5], "texture": "#14"},
				"east": {"uv": [12, 0, 16, 1.5], "texture": "#14"},
				"south": {"uv": [0, 12, 9, 13.5], "texture": "#14"},
				"west": {"uv": [12, 4, 16, 5.5], "texture": "#14"},
				"up": {"uv": [9, 4, 0, 0], "texture": "#14"},
				"down": {"uv": [9, 4, 0, 8], "texture": "#14"}
			}
		},
		{
			"name": "20",
			"from": [6, 8.125, 0],
			"to": [8.25, 8.5, 1],
			"faces": {
				"north": {"uv": [0, 8, 9, 9.5], "texture": "#15"},
				"east": {"uv": [12, 0, 16, 1.5], "texture": "#15"},
				"south": {"uv": [0, 12, 9, 13.5], "texture": "#15"},
				"west": {"uv": [12, 4, 16, 5.5], "texture": "#15"},
				"up": {"uv": [9, 4, 0, 0], "texture": "#15"},
				"down": {"uv": [9, 4, 0, 8], "texture": "#15"}
			}
		},
		{
			"name": "21",
			"from": [6.75, 8.5, 0],
			"to": [8.625, 8.875, 1],
			"rotation": {"angle": 0, "axis": "y", "origin": [7.6875, 7.6875, 0.5]},
			"faces": {
				"north": {"uv": [0, 8, 7.5, 9.5], "texture": "#16"},
				"east": {"uv": [8, 4, 12, 5.5], "texture": "#16"},
				"south": {"uv": [8, 0, 15.5, 1.5], "texture": "#16"},
				"west": {"uv": [8, 8, 12, 9.5], "texture": "#16"},
				"up": {"uv": [7.5, 4, 0, 0], "texture": "#16"},
				"down": {"uv": [7.5, 4, 0, 8], "texture": "#16"}
			}
		},
		{
			"name": "22",
			"from": [7.125, 8.875, 0],
			"to": [9, 9.25, 1],
			"rotation": {"angle": 0, "axis": "y", "origin": [8.0625, 9.0625, 0.5]},
			"faces": {
				"north": {"uv": [0, 8, 7.5, 9.5], "texture": "#16"},
				"east": {"uv": [8, 4, 12, 5.5], "texture": "#16"},
				"south": {"uv": [8, 0, 15.5, 1.5], "texture": "#16"},
				"west": {"uv": [8, 8, 12, 9.5], "texture": "#16"},
				"up": {"uv": [7.5, 4, 0, 0], "texture": "#16"},
				"down": {"uv": [7.5, 4, 0, 8], "texture": "#16"}
			}
		},
		{
			"name": "23",
			"from": [7.5, 9.25, 0],
			"to": [9.375, 9.625, 1],
			"faces": {
				"north": {"uv": [0, 8, 7.5, 9.5], "texture": "#17"},
				"east": {"uv": [8, 4, 12, 5.5], "texture": "#17"},
				"south": {"uv": [8, 0, 15.5, 1.5], "texture": "#17"},
				"west": {"uv": [8, 8, 12, 9.5], "texture": "#17"},
				"up": {"uv": [7.5, 4, 0, 0], "texture": "#17"},
				"down": {"uv": [7.5, 4, 0, 8], "texture": "#17"}
			}
		},
		{
			"name": "24",
			"from": [7.875, 9.625, 0],
			"to": [9.75, 10, 1],
			"faces": {
				"north": {"uv": [0, 8, 7.5, 9.5], "texture": "#17"},
				"east": {"uv": [8, 4, 12, 5.5], "texture": "#17"},
				"south": {"uv": [8, 0, 15.5, 1.5], "texture": "#17"},
				"west": {"uv": [8, 8, 12, 9.5], "texture": "#17"},
				"up": {"uv": [7.5, 4, 0, 0], "texture": "#17"},
				"down": {"uv": [7.5, 4, 0, 8], "texture": "#17"}
			}
		},
		{
			"name": "25",
			"from": [8.25, 10, 0],
			"to": [10.125, 10.375, 1],
			"faces": {
				"north": {"uv": [0, 8, 7.5, 9.5], "texture": "#17"},
				"east": {"uv": [8, 4, 12, 5.5], "texture": "#17"},
				"south": {"uv": [8, 0, 15.5, 1.5], "texture": "#17"},
				"west": {"uv": [8, 8, 12, 9.5], "texture": "#17"},
				"up": {"uv": [7.5, 4, 0, 0], "texture": "#17"},
				"down": {"uv": [7.5, 4, 0, 8], "texture": "#17"}
			}
		},
		{
			"name": "26",
			"from": [8.625, 10.375, 0],
			"to": [10.5, 10.75, 1],
			"faces": {
				"north": {"uv": [0, 8, 7.5, 9.5], "texture": "#17"},
				"east": {"uv": [8, 4, 12, 5.5], "texture": "#17"},
				"south": {"uv": [8, 0, 15.5, 1.5], "texture": "#17"},
				"west": {"uv": [8, 8, 12, 9.5], "texture": "#17"},
				"up": {"uv": [7.5, 4, 0, 0], "texture": "#17"},
				"down": {"uv": [7.5, 4, 0, 8], "texture": "#17"}
			}
		},
		{
			"name": "27",
			"from": [9, 10.75, 0],
			"to": [10.875, 11.125, 1],
			"faces": {
				"north": {"uv": [0, 8, 7.5, 9.5], "texture": "#17"},
				"east": {"uv": [8, 4, 12, 5.5], "texture": "#17"},
				"south": {"uv": [8, 0, 15.5, 1.5], "texture": "#17"},
				"west": {"uv": [8, 8, 12, 9.5], "texture": "#17"},
				"up": {"uv": [7.5, 4, 0, 0], "texture": "#17"},
				"down": {"uv": [7.5, 4, 0, 8], "texture": "#17"}
			}
		},
		{
			"name": "28",
			"from": [9.375, 11.125, 0],
			"to": [11.25, 11.5, 1],
			"faces": {
				"north": {"uv": [0, 8, 7.5, 9.5], "texture": "#17"},
				"east": {"uv": [8, 4, 12, 5.5], "texture": "#17"},
				"south": {"uv": [8, 0, 15.5, 1.5], "texture": "#17"},
				"west": {"uv": [8, 8, 12, 9.5], "texture": "#17"},
				"up": {"uv": [7.5, 4, 0, 0], "texture": "#17"},
				"down": {"uv": [7.5, 4, 0, 8], "texture": "#17"}
			}
		},
		{
			"name": "29",
			"from": [9.75, 11.5, 0],
			"to": [11.625, 11.875, 1],
			"faces": {
				"north": {"uv": [0, 8, 7.5, 9.5], "texture": "#17"},
				"east": {"uv": [8, 4, 12, 5.5], "texture": "#17"},
				"south": {"uv": [8, 0, 15.5, 1.5], "texture": "#17"},
				"west": {"uv": [8, 8, 12, 9.5], "texture": "#17"},
				"up": {"uv": [7.5, 4, 0, 0], "texture": "#17"},
				"down": {"uv": [7.5, 4, 0, 8], "texture": "#17"}
			}
		},
		{
			"name": "30",
			"from": [10.125, 11.875, 0],
			"to": [12, 12.25, 1],
			"faces": {
				"north": {"uv": [0, 8, 7.5, 9.5], "texture": "#17"},
				"east": {"uv": [8, 4, 12, 5.5], "texture": "#17"},
				"south": {"uv": [8, 0, 15.5, 1.5], "texture": "#17"},
				"west": {"uv": [8, 8, 12, 9.5], "texture": "#17"},
				"up": {"uv": [7.5, 4, 0, 0], "texture": "#17"},
				"down": {"uv": [7.5, 4, 0, 8], "texture": "#17"}
			}
		},
		{
			"name": "31",
			"from": [10.5, 12.25, 0],
			"to": [12.375, 12.625, 1],
			"faces": {
				"north": {"uv": [0, 8, 7.5, 9.5], "texture": "#17"},
				"east": {"uv": [8, 4, 12, 5.5], "texture": "#17"},
				"south": {"uv": [8, 0, 15.5, 1.5], "texture": "#17"},
				"west": {"uv": [8, 8, 12, 9.5], "texture": "#17"},
				"up": {"uv": [7.5, 4, 0, 0], "texture": "#17"},
				"down": {"uv": [7.5, 4, 0, 8], "texture": "#17"}
			}
		},
		{
			"name": "32",
			"from": [10.875, 12.625, 0],
			"to": [12.75, 13, 1],
			"faces": {
				"north": {"uv": [0, 8, 7.5, 9.5], "texture": "#17"},
				"east": {"uv": [8, 4, 12, 5.5], "texture": "#17"},
				"south": {"uv": [8, 0, 15.5, 1.5], "texture": "#17"},
				"west": {"uv": [8, 8, 12, 9.5], "texture": "#17"},
				"up": {"uv": [7.5, 4, 0, 0], "texture": "#17"},
				"down": {"uv": [7.5, 4, 0, 8], "texture": "#17"}
			}
		},
		{
			"name": "33",
			"from": [11.25, 13, 0],
			"to": [13.125, 13.375, 1],
			"faces": {
				"north": {"uv": [0, 8, 7.5, 9.5], "texture": "#17"},
				"east": {"uv": [8, 4, 12, 5.5], "texture": "#17"},
				"south": {"uv": [8, 0, 15.5, 1.5], "texture": "#17"},
				"west": {"uv": [8, 8, 12, 9.5], "texture": "#17"},
				"up": {"uv": [7.5, 4, 0, 0], "texture": "#17"},
				"down": {"uv": [7.5, 4, 0, 8], "texture": "#17"}
			}
		},
		{
			"name": "34",
			"from": [11.675, 13.375, 0],
			"to": [13.55, 13.75, 1],
			"faces": {
				"north": {"uv": [0, 8, 7.5, 9.5], "texture": "#17"},
				"east": {"uv": [8, 4, 12, 5.5], "texture": "#17"},
				"south": {"uv": [8, 0, 15.5, 1.5], "texture": "#17"},
				"west": {"uv": [8, 8, 12, 9.5], "texture": "#17"},
				"up": {"uv": [7.5, 4, 0, 0], "texture": "#17"},
				"down": {"uv": [7.5, 4, 0, 8], "texture": "#17"}
			}
		},
		{
			"name": "35",
			"from": [12, 13.75, 0],
			"to": [13.875, 14.125, 1],
			"faces": {
				"north": {"uv": [0, 8, 7.5, 9.5], "texture": "#17"},
				"east": {"uv": [8, 4, 12, 5.5], "texture": "#17"},
				"south": {"uv": [8, 0, 15.5, 1.5], "texture": "#17"},
				"west": {"uv": [8, 8, 12, 9.5], "texture": "#17"},
				"up": {"uv": [7.5, 4, 0, 0], "texture": "#17"},
				"down": {"uv": [7.5, 4, 0, 8], "texture": "#17"}
			}
		},
		{
			"name": "36",
			"from": [12.375, 14.125, 0],
			"to": [14.25, 14.5, 1],
			"faces": {
				"north": {"uv": [0, 8, 7.5, 9.5], "texture": "#17"},
				"east": {"uv": [8, 4, 12, 5.5], "texture": "#17"},
				"south": {"uv": [8, 0, 15.5, 1.5], "texture": "#17"},
				"west": {"uv": [8, 8, 12, 9.5], "texture": "#17"},
				"up": {"uv": [7.5, 4, 0, 0], "texture": "#17"},
				"down": {"uv": [7.5, 4, 0, 8], "texture": "#17"}
			}
		},
		{
			"name": "37",
			"from": [12.75, 14.5, 0],
			"to": [14.625, 14.875, 1],
			"faces": {
				"north": {"uv": [0, 8, 7.5, 9.5], "texture": "#17"},
				"east": {"uv": [8, 4, 12, 5.5], "texture": "#17"},
				"south": {"uv": [8, 0, 15.5, 1.5], "texture": "#17"},
				"west": {"uv": [8, 8, 12, 9.5], "texture": "#17"},
				"up": {"uv": [7.5, 4, 0, 0], "texture": "#17"},
				"down": {"uv": [7.5, 4, 0, 8], "texture": "#17"}
			}
		},
		{
			"name": "38",
			"from": [13.125, 14.875, 0],
			"to": [15, 15.25, 1],
			"faces": {
				"north": {"uv": [0, 8, 7.5, 9.5], "texture": "#17"},
				"east": {"uv": [8, 4, 12, 5.5], "texture": "#17"},
				"south": {"uv": [8, 0, 15.5, 1.5], "texture": "#17"},
				"west": {"uv": [8, 8, 12, 9.5], "texture": "#17"},
				"up": {"uv": [7.5, 4, 0, 0], "texture": "#17"},
				"down": {"uv": [7.5, 4, 0, 8], "texture": "#17"}
			}
		},
		{
			"name": "39",
			"from": [13.5, 15.25, 0],
			"to": [15.375, 15.625, 1],
			"faces": {
				"north": {"uv": [0, 8, 7.5, 9.5], "texture": "#17"},
				"east": {"uv": [8, 4, 12, 5.5], "texture": "#17"},
				"south": {"uv": [8, 0, 15.5, 1.5], "texture": "#17"},
				"west": {"uv": [8, 8, 12, 9.5], "texture": "#17"},
				"up": {"uv": [7.5, 4, 0, 0], "texture": "#17"},
				"down": {"uv": [7.5, 4, 0, 8], "texture": "#17"}
			}
		},
		{
			"name": "40",
			"from": [13.875, 15.625, 0],
			"to": [15.75, 16, 1],
			"faces": {
				"north": {"uv": [0, 8, 7.5, 9.5], "texture": "#17"},
				"east": {"uv": [8, 4, 12, 5.5], "texture": "#17"},
				"south": {"uv": [8, 0, 15.5, 1.5], "texture": "#17"},
				"west": {"uv": [8, 8, 12, 9.5], "texture": "#17"},
				"up": {"uv": [7.5, 4, 0, 0], "texture": "#17"},
				"down": {"uv": [7.5, 4, 0, 8], "texture": "#17"}
			}
		},
		{
			"name": "41",
			"from": [14.25, 16, 0],
			"to": [16.125, 16.375, 1],
			"faces": {
				"north": {"uv": [0, 8, 7.5, 9.5], "texture": "#17"},
				"east": {"uv": [8, 4, 12, 5.5], "texture": "#17"},
				"south": {"uv": [8, 0, 15.5, 1.5], "texture": "#17"},
				"west": {"uv": [8, 8, 12, 9.5], "texture": "#17"},
				"up": {"uv": [7.5, 4, 0, 0], "texture": "#17"},
				"down": {"uv": [7.5, 4, 0, 8], "texture": "#17"}
			}
		},
		{
			"name": "42",
			"from": [14.625, 16.375, 0],
			"to": [16.5, 16.75, 1],
			"faces": {
				"north": {"uv": [0, 8, 7.5, 9.5], "texture": "#17"},
				"east": {"uv": [8, 4, 12, 5.5], "texture": "#17"},
				"south": {"uv": [8, 0, 15.5, 1.5], "texture": "#17"},
				"west": {"uv": [8, 8, 12, 9.5], "texture": "#17"},
				"up": {"uv": [7.5, 4, 0, 0], "texture": "#17"},
				"down": {"uv": [7.5, 4, 0, 8], "texture": "#17"}
			}
		},
		{
			"name": "43",
			"from": [15, 16.75, 0],
			"to": [16.875, 17.125, 1],
			"faces": {
				"north": {"uv": [0, 8, 7.5, 9.5], "texture": "#17"},
				"east": {"uv": [8, 4, 12, 5.5], "texture": "#17"},
				"south": {"uv": [8, 0, 15.5, 1.5], "texture": "#17"},
				"west": {"uv": [8, 8, 12, 9.5], "texture": "#17"},
				"up": {"uv": [7.5, 4, 0, 0], "texture": "#17"},
				"down": {"uv": [7.5, 4, 0, 8], "texture": "#17"}
			}
		},
		{
			"name": "44",
			"from": [15.375, 17.125, 0],
			"to": [17.25, 17.5, 1],
			"faces": {
				"north": {"uv": [0, 8, 7.5, 9.5], "texture": "#17"},
				"east": {"uv": [8, 4, 12, 5.5], "texture": "#17"},
				"south": {"uv": [8, 0, 15.5, 1.5], "texture": "#17"},
				"west": {"uv": [8, 8, 12, 9.5], "texture": "#17"},
				"up": {"uv": [7.5, 4, 0, 0], "texture": "#17"},
				"down": {"uv": [7.5, 4, 0, 8], "texture": "#17"}
			}
		},
		{
			"name": "45",
			"from": [15.75, 17.5, 0],
			"to": [17.625, 17.875, 1],
			"faces": {
				"north": {"uv": [0, 8, 7.5, 9.5], "texture": "#17"},
				"east": {"uv": [8, 4, 12, 5.5], "texture": "#17"},
				"south": {"uv": [8, 0, 15.5, 1.5], "texture": "#17"},
				"west": {"uv": [8, 8, 12, 9.5], "texture": "#17"},
				"up": {"uv": [7.5, 4, 0, 0], "texture": "#17"},
				"down": {"uv": [7.5, 4, 0, 8], "texture": "#17"}
			}
		},
		{
			"name": "46",
			"from": [16.125, 17.875, 0],
			"to": [18, 18.25, 1],
			"faces": {
				"north": {"uv": [0, 8, 7.5, 9.5], "texture": "#17"},
				"east": {"uv": [8, 4, 12, 5.5], "texture": "#17"},
				"south": {"uv": [8, 0, 15.5, 1.5], "texture": "#17"},
				"west": {"uv": [8, 8, 12, 9.5], "texture": "#17"},
				"up": {"uv": [7.5, 4, 0, 0], "texture": "#17"},
				"down": {"uv": [7.5, 4, 0, 8], "texture": "#17"}
			}
		},
		{
			"name": "47",
			"from": [16.5, 18.25, 0],
			"to": [18.375, 18.625, 1],
			"faces": {
				"north": {"uv": [0, 8, 7.5, 9.5], "texture": "#17"},
				"east": {"uv": [8, 4, 12, 5.5], "texture": "#17"},
				"south": {"uv": [8, 0, 15.5, 1.5], "texture": "#17"},
				"west": {"uv": [8, 8, 12, 9.5], "texture": "#17"},
				"up": {"uv": [7.5, 4, 0, 0], "texture": "#17"},
				"down": {"uv": [7.5, 4, 0, 8], "texture": "#17"}
			}
		},
		{
			"name": "48",
			"from": [16.875, 18.625, 0],
			"to": [18.75, 19, 1],
			"faces": {
				"north": {"uv": [0, 8, 7.5, 9.5], "texture": "#17"},
				"east": {"uv": [8, 4, 12, 5.5], "texture": "#17"},
				"south": {"uv": [8, 0, 15.5, 1.5], "texture": "#17"},
				"west": {"uv": [8, 8, 12, 9.5], "texture": "#17"},
				"up": {"uv": [7.5, 4, 0, 0], "texture": "#17"},
				"down": {"uv": [7.5, 4, 0, 8], "texture": "#17"}
			}
		},
		{
			"name": "49",
			"from": [17.25, 19, 0],
			"to": [19.125, 19.375, 1],
			"faces": {
				"north": {"uv": [0, 8, 7.5, 9.5], "texture": "#17"},
				"east": {"uv": [8, 4, 12, 5.5], "texture": "#17"},
				"south": {"uv": [8, 0, 15.5, 1.5], "texture": "#17"},
				"west": {"uv": [8, 8, 12, 9.5], "texture": "#17"},
				"up": {"uv": [7.5, 4, 0, 0], "texture": "#17"},
				"down": {"uv": [7.5, 4, 0, 8], "texture": "#17"}
			}
		},
		{
			"name": "50",
			"from": [17.625, 19.375, 0],
			"to": [19.5, 19.75, 1],
			"faces": {
				"north": {"uv": [0, 8, 7.5, 9.5], "texture": "#17"},
				"east": {"uv": [8, 4, 12, 5.5], "texture": "#17"},
				"south": {"uv": [8, 0, 15.5, 1.5], "texture": "#17"},
				"west": {"uv": [8, 8, 12, 9.5], "texture": "#17"},
				"up": {"uv": [7.5, 4, 0, 0], "texture": "#17"},
				"down": {"uv": [7.5, 4, 0, 8], "texture": "#17"}
			}
		},
		{
			"name": "51",
			"from": [18, 19.75, 0],
			"to": [19.875, 20.125, 1],
			"faces": {
				"north": {"uv": [0, 8, 7.5, 9.5], "texture": "#17"},
				"east": {"uv": [8, 4, 12, 5.5], "texture": "#17"},
				"south": {"uv": [8, 0, 15.5, 1.5], "texture": "#17"},
				"west": {"uv": [8, 8, 12, 9.5], "texture": "#17"},
				"up": {"uv": [7.5, 4, 0, 0], "texture": "#17"},
				"down": {"uv": [7.5, 4, 0, 8], "texture": "#17"}
			}
		},
		{
			"name": "52",
			"from": [18.375, 20.125, 0],
			"to": [20.25, 20.5, 1],
			"faces": {
				"north": {"uv": [0, 8, 7.5, 9.5], "texture": "#17"},
				"east": {"uv": [8, 4, 12, 5.5], "texture": "#17"},
				"south": {"uv": [8, 0, 15.5, 1.5], "texture": "#17"},
				"west": {"uv": [8, 8, 12, 9.5], "texture": "#17"},
				"up": {"uv": [7.5, 4, 0, 0], "texture": "#17"},
				"down": {"uv": [7.5, 4, 0, 8], "texture": "#17"}
			}
		},
		{
			"name": "53",
			"from": [18.75, 20.5, 0],
			"to": [20.625, 20.875, 1],
			"faces": {
				"north": {"uv": [0, 8, 7.5, 9.5], "texture": "#17"},
				"east": {"uv": [8, 4, 12, 5.5], "texture": "#17"},
				"south": {"uv": [8, 0, 15.5, 1.5], "texture": "#17"},
				"west": {"uv": [8, 8, 12, 9.5], "texture": "#17"},
				"up": {"uv": [7.5, 4, 0, 0], "texture": "#17"},
				"down": {"uv": [7.5, 4, 0, 8], "texture": "#17"}
			}
		},
		{
			"name": "54",
			"from": [19.125, 20.875, 0],
			"to": [21, 21.25, 1],
			"faces": {
				"north": {"uv": [0, 8, 7.5, 9.5], "texture": "#17"},
				"east": {"uv": [8, 4, 12, 5.5], "texture": "#17"},
				"south": {"uv": [8, 0, 15.5, 1.5], "texture": "#17"},
				"west": {"uv": [8, 8, 12, 9.5], "texture": "#17"},
				"up": {"uv": [7.5, 4, 0, 0], "texture": "#17"},
				"down": {"uv": [7.5, 4, 0, 8], "texture": "#17"}
			}
		},
		{
			"name": "55",
			"from": [19.5, 21.25, 0],
			"to": [21.375, 21.625, 1],
			"faces": {
				"north": {"uv": [0, 8, 7.5, 9.5], "texture": "#17"},
				"east": {"uv": [8, 4, 12, 5.5], "texture": "#17"},
				"south": {"uv": [8, 0, 15.5, 1.5], "texture": "#17"},
				"west": {"uv": [8, 8, 12, 9.5], "texture": "#17"},
				"up": {"uv": [7.5, 4, 0, 0], "texture": "#17"},
				"down": {"uv": [7.5, 4, 0, 8], "texture": "#17"}
			}
		},
		{
			"name": "56",
			"from": [19.875, 21.625, 0],
			"to": [21.75, 22, 1],
			"faces": {
				"north": {"uv": [0, 8, 7.5, 9.5], "texture": "#17"},
				"east": {"uv": [8, 4, 12, 5.5], "texture": "#17"},
				"south": {"uv": [8, 0, 15.5, 1.5], "texture": "#17"},
				"west": {"uv": [8, 8, 12, 9.5], "texture": "#17"},
				"up": {"uv": [7.5, 4, 0, 0], "texture": "#17"},
				"down": {"uv": [7.5, 4, 0, 8], "texture": "#17"}
			}
		},
		{
			"name": "57",
			"from": [20.25, 22, 0],
			"to": [22.125, 22.375, 1],
			"faces": {
				"north": {"uv": [0, 8, 7.5, 9.5], "texture": "#17"},
				"east": {"uv": [8, 4, 12, 5.5], "texture": "#17"},
				"south": {"uv": [8, 0, 15.5, 1.5], "texture": "#17"},
				"west": {"uv": [8, 8, 12, 9.5], "texture": "#17"},
				"up": {"uv": [7.5, 4, 0, 0], "texture": "#17"},
				"down": {"uv": [7.5, 4, 0, 8], "texture": "#17"}
			}
		},
		{
			"name": "58",
			"from": [20.625, 22.375, 0],
			"to": [22.5, 22.75, 1],
			"faces": {
				"north": {"uv": [0, 8, 7.5, 9.5], "texture": "#17"},
				"east": {"uv": [8, 4, 12, 5.5], "texture": "#17"},
				"south": {"uv": [8, 0, 15.5, 1.5], "texture": "#17"},
				"west": {"uv": [8, 8, 12, 9.5], "texture": "#17"},
				"up": {"uv": [7.5, 4, 0, 0], "texture": "#17"},
				"down": {"uv": [7.5, 4, 0, 8], "texture": "#17"}
			}
		},
		{
			"name": "59",
			"from": [21, 22.75, 0],
			"to": [22.875, 23.125, 1],
			"faces": {
				"north": {"uv": [0, 8, 7.5, 9.5], "texture": "#17"},
				"east": {"uv": [8, 4, 12, 5.5], "texture": "#17"},
				"south": {"uv": [8, 0, 15.5, 1.5], "texture": "#17"},
				"west": {"uv": [8, 8, 12, 9.5], "texture": "#17"},
				"up": {"uv": [7.5, 4, 0, 0], "texture": "#17"},
				"down": {"uv": [7.5, 4, 0, 8], "texture": "#17"}
			}
		},
		{
			"name": "60",
			"from": [21.75, 23.125, 0],
			"to": [23.25, 23.5, 1],
			"faces": {
				"north": {"uv": [0, 8, 6, 9.5], "texture": "#18"},
				"east": {"uv": [8, 4, 12, 5.5], "texture": "#18"},
				"south": {"uv": [8, 0, 14, 1.5], "texture": "#18"},
				"west": {"uv": [8, 8, 12, 9.5], "texture": "#18"},
				"up": {"uv": [6, 4, 0, 0], "texture": "#18"},
				"down": {"uv": [6, 4, 0, 8], "texture": "#18"}
			}
		},
		{
			"name": "61",
			"from": [22.5, 23.5, 0],
			"to": [23.625, 23.875, 1],
			"faces": {
				"north": {"uv": [0, 8, 4.5, 9.5], "texture": "#19"},
				"east": {"uv": [8, 4, 12, 5.5], "texture": "#19"},
				"south": {"uv": [8, 0, 12.5, 1.5], "texture": "#19"},
				"west": {"uv": [8, 8, 12, 9.5], "texture": "#19"},
				"up": {"uv": [4.5, 4, 0, 0], "texture": "#19"},
				"down": {"uv": [4.5, 4, 0, 8], "texture": "#19"}
			}
		},
		{
			"name": "2-1",
			"from": [7.125, 6.25, 0],
			"to": [7.5, 6.625, 1],
			"faces": {
				"north": {"uv": [0, 8, 1.5, 9.5], "texture": "#20"},
				"east": {"uv": [0, 0, 4, 1.5], "texture": "#20"},
				"south": {"uv": [8, 0, 9.5, 1.5], "texture": "#20"},
				"west": {"uv": [0, 4, 4, 5.5], "texture": "#20"},
				"up": {"uv": [5.5, 4, 4, 0], "texture": "#20"},
				"down": {"uv": [5.5, 4, 4, 8], "texture": "#20"}
			}
		},
		{
			"name": "2-2",
			"from": [6.75, 5.125, 0],
			"to": [7.125, 6.25, 1],
			"faces": {
				"north": {"uv": [0, 8, 1.5, 12.5], "texture": "#21"},
				"east": {"uv": [0, 0, 4, 4.5], "texture": "#21"},
				"south": {"uv": [8, 0, 9.5, 4.5], "texture": "#21"},
				"west": {"uv": [4, 0, 8, 4.5], "texture": "#21"},
				"up": {"uv": [5.5, 12, 4, 8], "texture": "#21"},
				"down": {"uv": [9.5, 8, 8, 12], "texture": "#21"}
			}
		},
		{
			"name": "2-3",
			"from": [7.125, 4.75, 0],
			"to": [7.5, 5.125, 1],
			"faces": {
				"north": {"uv": [0, 8, 1.5, 9.5], "texture": "#20"},
				"east": {"uv": [0, 0, 4, 1.5], "texture": "#20"},
				"south": {"uv": [8, 0, 9.5, 1.5], "texture": "#20"},
				"west": {"uv": [0, 4, 4, 5.5], "texture": "#20"},
				"up": {"uv": [5.5, 4, 4, 0], "texture": "#20"},
				"down": {"uv": [5.5, 4, 4, 8], "texture": "#20"}
			}
		},
		{
			"name": "2-4",
			"from": [7.5, 3.25, 0],
			"to": [7.875, 4.75, 1],
			"faces": {
				"north": {"uv": [0, 8, 1.5, 14], "texture": "#22"},
				"east": {"uv": [0, 0, 4, 6], "texture": "#22"},
				"south": {"uv": [8, 0, 9.5, 6], "texture": "#22"},
				"west": {"uv": [4, 0, 8, 6], "texture": "#22"},
				"up": {"uv": [5.5, 12, 4, 8], "texture": "#22"},
				"down": {"uv": [9.5, 8, 8, 12], "texture": "#22"}
			}
		},
		{
			"name": "2-5",
			"from": [7.125, 2.875, 0],
			"to": [7.5, 3.25, 1],
			"faces": {
				"north": {"uv": [0, 8, 1.5, 9.5], "texture": "#20"},
				"east": {"uv": [0, 0, 4, 1.5], "texture": "#20"},
				"south": {"uv": [8, 0, 9.5, 1.5], "texture": "#20"},
				"west": {"uv": [0, 4, 4, 5.5], "texture": "#20"},
				"up": {"uv": [5.5, 4, 4, 0], "texture": "#20"},
				"down": {"uv": [5.5, 4, 4, 8], "texture": "#20"}
			}
		},
		{
			"name": "2-6",
			"from": [7.5, 2.5, 0],
			"to": [7.875, 2.875, 1],
			"faces": {
				"north": {"uv": [0, 8, 1.5, 9.5], "texture": "#20"},
				"east": {"uv": [0, 0, 4, 1.5], "texture": "#20"},
				"south": {"uv": [8, 0, 9.5, 1.5], "texture": "#20"},
				"west": {"uv": [0, 4, 4, 5.5], "texture": "#20"},
				"up": {"uv": [5.5, 4, 4, 0], "texture": "#20"},
				"down": {"uv": [5.5, 4, 4, 8], "texture": "#20"}
			}
		},
		{
			"name": "2-7",
			"from": [7.125, 1.75, 0],
			"to": [7.5, 2.5, 1],
			"faces": {
				"north": {"uv": [0, 8, 1.5, 9.5], "texture": "#20"},
				"east": {"uv": [0, 0, 4, 1.5], "texture": "#20"},
				"south": {"uv": [8, 0, 9.5, 1.5], "texture": "#20"},
				"west": {"uv": [0, 4, 4, 5.5], "texture": "#20"},
				"up": {"uv": [5.5, 4, 4, 0], "texture": "#20"},
				"down": {"uv": [5.5, 4, 4, 8], "texture": "#20"}
			}
		},
		{
			"name": "2-8",
			"from": [6.75, 1.375, 0],
			"to": [7.125, 1.75, 1],
			"faces": {
				"north": {"uv": [0, 8, 1.5, 9.5], "texture": "#20"},
				"east": {"uv": [0, 0, 4, 1.5], "texture": "#20"},
				"south": {"uv": [8, 0, 9.5, 1.5], "texture": "#20"},
				"west": {"uv": [0, 4, 4, 5.5], "texture": "#20"},
				"up": {"uv": [5.5, 4, 4, 0], "texture": "#20"},
				"down": {"uv": [5.5, 4, 4, 8], "texture": "#20"}
			}
		},
		{
			"name": "2-9",
			"from": [6.375, 0.6, 0],
			"to": [7.5, 1.35, 1],
			"rotation": {"angle": 0, "axis": "y", "origin": [6.8625, 0.975, 0.5]},
			"faces": {
				"north": {"uv": [0, 8, 4.5, 11], "texture": "#23"},
				"east": {"uv": [8, 4, 12, 7], "texture": "#23"},
				"south": {"uv": [8, 0, 12.5, 3], "texture": "#23"},
				"west": {"uv": [8, 8, 12, 11], "texture": "#23"},
				"up": {"uv": [4.5, 4, 0, 0], "texture": "#23"},
				"down": {"uv": [4.5, 4, 0, 8], "texture": "#23"}
			}
		}
	],
	"gui_light": "front",
	"display": {
		"thirdperson_righthand": {
			"rotation": [-45, -90, 0],
			"translation": [-7.5, 2.25, 2]
		},
		"thirdperson_lefthand": {
			"rotation": [-45, 90, 0],
			"translation": [7.75, 2.25, 2]
		},
		"firstperson_righthand": {
			"rotation": [6, -90, 59],
			"translation": [0, -1, -3]
		},
		"firstperson_lefthand": {
			"rotation": [6, 90, -59],
			"translation": [14, -0.75, -3]
		},
		"ground": {
			"rotation": [127, 0, 0],
			"translation": [0, 1.75, 0]
		},
		"gui": {
			"translation": [0, -0.75, 0]
		},
		"head": {
			"rotation": [0, 0, 180],
			"translation": [5, 13, 7.25],
			"scale": [1.2, 1.2, 1]
		},
		"fixed": {
			"rotation": [0, 180, 0],
			"translation": [1.5, -2.5, -7.5]
		}
	}
}