{
	"credit": "Made with Blockbench",
	"texture_size": [32, 32],
	"textures": {
		"0": "item/wand/water",
		"particle": "item/wand/water"
	},
	"elements": [
		{
			"from": [7.5, 0, 7.5],
			"to": [8.5, 22, 8.5],
			"faces": {
				"north": {"uv": [1, 0, 1.5, 11], "texture": "#0"},
				"east": {"uv": [1, 0, 1, 11], "texture": "#0"},
				"south": {"uv": [1, 0, 1.5, 11], "texture": "#0"},
				"west": {"uv": [1, 0, 1.5, 11], "texture": "#0"},
				"up": {"uv": [7.5, 6.5, 7, 6], "texture": "#0"},
				"down": {"uv": [7.5, 8.5, 7, 9], "texture": "#0"}
			}
		},
		{
			"from": [7, 1, 7],
			"to": [9, 2, 9],
			"faces": {
				"north": {"uv": [10.5, 10, 11.5, 10.5], "texture": "#0"},
				"east": {"uv": [0, 11, 1, 11.5], "texture": "#0"},
				"south": {"uv": [1, 11, 2, 11.5], "texture": "#0"},
				"west": {"uv": [2, 11, 3, 11.5], "texture": "#0"},
				"up": {"uv": [3, 10, 2, 9], "texture": "#0"},
				"down": {"uv": [4, 9, 3, 10], "texture": "#0"}
			}
		},
		{
			"from": [6.5, 19, 6.5],
			"to": [9.5, 20, 9.5],
			"faces": {
				"north": {"uv": [5, 10, 6.5, 10.5], "texture": "#0"},
				"east": {"uv": [10, 5.5, 11.5, 6], "texture": "#0"},
				"south": {"uv": [10, 6, 11.5, 6.5], "texture": "#0"},
				"west": {"uv": [6.5, 10, 8, 10.5], "texture": "#0"},
				"up": {"uv": [7.5, 4.5, 6, 3], "texture": "#0"},
				"down": {"uv": [6.5, 6.5, 5, 8], "texture": "#0"}
			}
		},
		{
			"from": [5.5, 21, 6.5],
			"to": [10.5, 23, 8.5],
			"faces": {
				"north": {"uv": [2, 4.5, 4.5, 5.5], "texture": "#0"},
				"east": {"uv": [7.5, 8, 8.5, 9], "texture": "#0"},
				"south": {"uv": [4.5, 4.5, 7, 5.5], "texture": "#0"},
				"west": {"uv": [8.5, 0, 9.5, 1], "texture": "#0"},
				"up": {"uv": [4.5, 6.5, 2, 5.5], "texture": "#0"},
				"down": {"uv": [7, 5.5, 4.5, 6.5], "texture": "#0"}
			}
		},
		{
			"from": [5.5, 21, 8.5],
			"to": [10.5, 22, 9.5],
			"faces": {
				"north": {"uv": [7.5, 7.5, 10, 8], "texture": "#0"},
				"east": {"uv": [11, 11.5, 11.5, 12], "texture": "#0"},
				"south": {"uv": [8, 4.5, 10.5, 5], "texture": "#0"},
				"west": {"uv": [11.5, 11.5, 12, 12], "texture": "#0"},
				"up": {"uv": [7.5, 8.5, 5, 8], "texture": "#0"},
				"down": {"uv": [10.5, 5, 8, 5.5], "texture": "#0"}
			}
		},
		{
			"from": [5.5, 22, 8.5],
			"to": [9.5, 23, 9.5],
			"faces": {
				"north": {"uv": [3, 10, 5, 10.5], "texture": "#0"},
				"east": {"uv": [12, 0, 12.5, 0.5], "texture": "#0"},
				"south": {"uv": [10, 3, 12, 3.5], "texture": "#0"},
				"west": {"uv": [12, 0.5, 12.5, 1], "texture": "#0"},
				"up": {"uv": [12, 4, 10, 3.5], "texture": "#0"},
				"down": {"uv": [12, 4, 10, 4.5], "texture": "#0"}
			}
		},
		{
			"from": [10.5, 21, 6.5],
			"to": [12.5, 22, 9.5],
			"faces": {
				"north": {"uv": [9, 10.5, 10, 11], "texture": "#0"},
				"east": {"uv": [10.5, 1, 12, 1.5], "texture": "#0"},
				"south": {"uv": [10, 10.5, 11, 11], "texture": "#0"},
				"west": {"uv": [10.5, 1.5, 12, 2], "texture": "#0"},
				"up": {"uv": [8.5, 1.5, 7.5, 0], "texture": "#0"},
				"down": {"uv": [8.5, 1.5, 7.5, 3], "texture": "#0"}
			}
		},
		{
			"from": [12.5, 21, 6.5],
			"to": [13.5, 23, 8.5],
			"faces": {
				"north": {"uv": [4.5, 11, 5, 12], "texture": "#0"},
				"east": {"uv": [8, 9, 9, 10], "texture": "#0"},
				"south": {"uv": [5, 11, 5.5, 12], "texture": "#0"},
				"west": {"uv": [9, 9, 10, 10], "texture": "#0"},
				"up": {"uv": [9.5, 12, 9, 11], "texture": "#0"},
				"down": {"uv": [10, 11, 9.5, 12], "texture": "#0"}
			}
		},
		{
			"from": [12.5, 21, 8.5],
			"to": [13.5, 22, 9.5],
			"faces": {
				"north": {"uv": [8, 11.5, 8.5, 12], "texture": "#0"},
				"east": {"uv": [8.5, 11.5, 9, 12], "texture": "#0"},
				"south": {"uv": [11.5, 8.5, 12, 9], "texture": "#0"},
				"west": {"uv": [11.5, 9, 12, 9.5], "texture": "#0"},
				"up": {"uv": [12, 10, 11.5, 9.5], "texture": "#0"},
				"down": {"uv": [12, 10, 11.5, 10.5], "texture": "#0"}
			}
		},
		{
			"from": [5.5, 23, 6.5],
			"to": [7.5, 24, 9.5],
			"faces": {
				"north": {"uv": [6.5, 2.5, 7.5, 3], "texture": "#0"},
				"east": {"uv": [10, 9, 11.5, 9.5], "texture": "#0"},
				"south": {"uv": [10.5, 8.5, 11.5, 9], "texture": "#0"},
				"west": {"uv": [10, 9.5, 11.5, 10], "texture": "#0"},
				"up": {"uv": [7.5, 8, 6.5, 6.5], "texture": "#0"},
				"down": {"uv": [8, 4.5, 7, 6], "texture": "#0"}
			}
		},
		{
			"from": [4.5, 22, 6.5],
			"to": [5.5, 23, 9.5],
			"faces": {
				"north": {"uv": [11.5, 5.5, 12, 6], "texture": "#0"},
				"east": {"uv": [10, 6.5, 11.5, 7], "texture": "#0"},
				"south": {"uv": [11.5, 6, 12, 6.5], "texture": "#0"},
				"west": {"uv": [10, 7, 11.5, 7.5], "texture": "#0"},
				"up": {"uv": [8.5, 11.5, 8, 10], "texture": "#0"},
				"down": {"uv": [9, 10, 8.5, 11.5], "texture": "#0"}
			}
		},
		{
			"from": [3.5, 23, 6.5],
			"to": [5.5, 28, 8.5],
			"faces": {
				"north": {"uv": [6.5, 0, 7.5, 2.5], "texture": "#0"},
				"east": {"uv": [2, 6.5, 3, 9], "texture": "#0"},
				"south": {"uv": [3, 6.5, 4, 9], "texture": "#0"},
				"west": {"uv": [4, 6.5, 5, 9], "texture": "#0"},
				"up": {"uv": [9.5, 2, 8.5, 1], "texture": "#0"},
				"down": {"uv": [9.5, 2, 8.5, 3], "texture": "#0"}
			}
		},
		{
			"from": [3.5, 26, 8.5],
			"to": [5.5, 28, 9.5],
			"faces": {
				"north": {"uv": [9.5, 0, 10.5, 1], "texture": "#0"},
				"east": {"uv": [10, 11, 10.5, 12], "texture": "#0"},
				"south": {"uv": [9.5, 1, 10.5, 2], "texture": "#0"},
				"west": {"uv": [10.5, 11, 11, 12], "texture": "#0"},
				"up": {"uv": [12, 11, 11, 10.5], "texture": "#0"},
				"down": {"uv": [12, 11, 11, 11.5], "texture": "#0"}
			}
		},
		{
			"from": [3.5, 23, 8.5],
			"to": [5.5, 25, 9.5],
			"faces": {
				"north": {"uv": [9.5, 2, 10.5, 3], "texture": "#0"},
				"east": {"uv": [0, 11.5, 0.5, 12.5], "texture": "#0"},
				"south": {"uv": [2, 10, 3, 11], "texture": "#0"},
				"west": {"uv": [0.5, 11.5, 1, 12.5], "texture": "#0"},
				"up": {"uv": [2, 12, 1, 11.5], "texture": "#0"},
				"down": {"uv": [3, 11.5, 2, 12], "texture": "#0"}
			}
		},
		{
			"name": "mid",
			"from": [12, 24.5, 7],
			"to": [14, 26.5, 9],
			"faces": {
				"north": {"uv": [11, 14.5, 12.5, 16], "rotation": 90, "texture": "#0"},
				"east": {"uv": [11, 14.5, 12.5, 16], "texture": "#0"},
				"south": {"uv": [11, 14.5, 12.5, 16], "texture": "#0"},
				"west": {"uv": [11, 14.5, 12.5, 16], "texture": "#0"},
				"up": {"uv": [12.5, 16, 11, 14.5], "texture": "#0"},
				"down": {"uv": [12.5, 14.5, 11, 16], "rotation": 180, "texture": "#0"}
			}
		},
		{
			"from": [4.5, 28, 6.5],
			"to": [7.5, 29, 9.5],
			"faces": {
				"north": {"uv": [8, 5.5, 10, 6], "texture": "#0"},
				"east": {"uv": [10, 7.5, 11.5, 8], "texture": "#0"},
				"south": {"uv": [5, 8.5, 7, 9], "texture": "#0"},
				"west": {"uv": [9, 10, 10.5, 10.5], "texture": "#0"},
				"up": {"uv": [4, 4.5, 2, 3], "texture": "#0"},
				"down": {"uv": [6, 3, 4, 4.5], "texture": "#0"}
			}
		},
		{
			"from": [11.5, 29, 6.5],
			"to": [12.5, 30, 9.5],
			"faces": {
				"north": {"uv": [7.5, 11.5, 8, 12], "texture": "#0"},
				"east": {"uv": [4, 10.5, 5.5, 11], "texture": "#0"},
				"south": {"uv": [11.5, 7.5, 12, 8], "texture": "#0"},
				"west": {"uv": [10.5, 4.5, 12, 5], "texture": "#0"},
				"up": {"uv": [6, 12, 5.5, 10.5], "texture": "#0"},
				"down": {"uv": [6.5, 10.5, 6, 12], "texture": "#0"}
			}
		},
		{
			"from": [12.5, 28, 6.5],
			"to": [13.5, 30, 9.5],
			"faces": {
				"north": {"uv": [7.5, 10.5, 8, 11.5], "texture": "#0"},
				"east": {"uv": [7.5, 3, 9, 4], "texture": "#0"},
				"south": {"uv": [4, 11, 4.5, 12], "texture": "#0"},
				"west": {"uv": [7.5, 6, 9, 7], "texture": "#0"},
				"up": {"uv": [7, 12, 6.5, 10.5], "texture": "#0"},
				"down": {"uv": [7.5, 10.5, 7, 12], "texture": "#0"}
			}
		},
		{
			"from": [5.5, 27, 6.5],
			"to": [6.5, 28, 9.5],
			"faces": {
				"north": {"uv": [11.5, 6.5, 12, 7], "texture": "#0"},
				"east": {"uv": [10.5, 2, 12, 2.5], "texture": "#0"},
				"south": {"uv": [11.5, 7, 12, 7.5], "texture": "#0"},
				"west": {"uv": [10.5, 2.5, 12, 3], "texture": "#0"},
				"up": {"uv": [3.5, 12, 3, 10.5], "texture": "#0"},
				"down": {"uv": [4, 10.5, 3.5, 12], "texture": "#0"}
			}
		},
		{
			"from": [5.5, 29, 6.5],
			"to": [9.5, 30, 9.5],
			"faces": {
				"north": {"uv": [8.5, 8, 10.5, 8.5], "texture": "#0"},
				"east": {"uv": [10.5, 0, 12, 0.5], "texture": "#0"},
				"south": {"uv": [8.5, 8.5, 10.5, 9], "texture": "#0"},
				"west": {"uv": [10.5, 0.5, 12, 1], "texture": "#0"},
				"up": {"uv": [6.5, 1.5, 4.5, 0], "texture": "#0"},
				"down": {"uv": [6.5, 1.5, 4.5, 3], "texture": "#0"}
			}
		},
		{
			"from": [7.5, 30, 6.5],
			"to": [12.5, 31, 9.5],
			"shade": false,
			"faces": {
				"north": {"uv": [7.5, 4, 10, 4.5], "texture": "#0"},
				"east": {"uv": [10.5, 5, 12, 5.5], "texture": "#0"},
				"south": {"uv": [7.5, 7, 10, 7.5], "texture": "#0"},
				"west": {"uv": [10.5, 8, 12, 8.5], "texture": "#0"},
				"up": {"uv": [4.5, 1.5, 2, 0], "texture": "#0"},
				"down": {"uv": [4.5, 1.5, 2, 3], "texture": "#0"}
			}
		}
	],
	"display": {
		"thirdperson_righthand": {
			"translation": [0, 1.5, 0.75],
			"scale": [0.85, 1, 0.85]
		},
		"thirdperson_lefthand": {
			"translation": [0, 1.5, 0.75],
			"scale": [0.85, 1, 0.85]
		},
		"firstperson_righthand": {
			"rotation": [0, -90, 25],
			"translation": [1.13, 1.95, 1.13],
			"scale": [0.68, 0.68, 0.68]
		},
		"firstperson_lefthand": {
			"rotation": [0, 90, -25],
			"translation": [1.13, 1.95, 1.13],
			"scale": [0.68, 0.68, 0.68]
		},
		"ground": {
			"translation": [0, 4.75, 0]
		},
		"gui": {
			"rotation": [-30, 11, 44],
			"translation": [3.5, -3.75, 0],
			"scale": [0.6, 0.6, 0.6]
		},
		"head": {
			"translation": [0, 2, -0.25]
		},
		"fixed": {
			"translation": [0, -10.75, 0],
			"scale": [2, 2, 2]
		}
	}
}