{
	"credit": "Made with Blockbench",
	"texture_size": [32, 32],
	"textures": {
		"18": "item/japan/kitsunemask/kitsunemask"
	},
	"elements": [
		{
			"from": [6, 1, 3],
			"to": [10, 8, 4],
			"faces": {
				"north": {"uv": [3, 5, 5, 8.5], "texture": "#18"},
				"east": {"uv": [7, 4.5, 7.5, 8], "texture": "#18"},
				"south": {"uv": [5, 5, 7, 8.5], "texture": "#18"},
				"west": {"uv": [7.5, 4.5, 8, 8], "texture": "#18"},
				"up": {"uv": [11.5, 1.5, 9.5, 1], "texture": "#18"},
				"down": {"uv": [11.5, 1.5, 9.5, 2], "texture": "#18"}
			}
		},
		{
			"from": [6, 1.25, 2],
			"to": [10, 2.75, 3],
			"faces": {
				"north": {"uv": [7.5, 1, 9.5, 1.75], "texture": "#18"},
				"east": {"uv": [11, 12, 11.5, 12.75], "texture": "#18"},
				"south": {"uv": [8, 4.5, 10, 5.25], "texture": "#18"},
				"west": {"uv": [12, 11.5, 12.5, 12.25], "texture": "#18"},
				"up": {"uv": [11.5, 3, 9.5, 2.5], "texture": "#18"},
				"down": {"uv": [11.5, 3, 9.5, 3.5], "texture": "#18"}
			}
		},
		{
			"from": [5, 2, 2],
			"to": [11, 8, 3],
			"faces": {
				"north": {"uv": [0, 0, 3, 3], "texture": "#18"},
				"east": {"uv": [8, 5.5, 8.5, 8.5], "texture": "#18"},
				"south": {"uv": [0, 3, 3, 6], "texture": "#18"},
				"west": {"uv": [7, 8, 7.5, 11], "texture": "#18"},
				"up": {"uv": [10.5, 2.5, 7.5, 2], "texture": "#18"},
				"down": {"uv": [3, 8.5, 0, 9], "texture": "#18"}
			}
		},
		{
			"from": [5.95, -1.4, 3.01],
			"to": [6.95, 1.1, 4.01],
			"rotation": {"angle": 22.5, "axis": "z", "origin": [0, 0, 0]},
			"faces": {
				"north": {"uv": [0, 11.5, 0.5, 12.75], "texture": "#18"},
				"east": {"uv": [11.5, 0, 12, 1.25], "texture": "#18"},
				"south": {"uv": [0.5, 11.5, 1, 12.75], "texture": "#18"},
				"west": {"uv": [1, 11.5, 1.5, 12.75], "texture": "#18"},
				"up": {"uv": [7, 5, 6.5, 4.5], "texture": "#18"},
				"down": {"uv": [8, 8, 7.5, 8.5], "texture": "#18"}
			}
		},
		{
			"from": [7.9, 4.75, 3.01],
			"to": [8.9, 7.25, 4.01],
			"rotation": {"angle": -22.5, "axis": "z", "origin": [0, 0, 0]},
			"faces": {
				"north": {"uv": [1.5, 11.5, 2, 12.75], "texture": "#18"},
				"east": {"uv": [2, 11.5, 2.5, 12.75], "texture": "#18"},
				"south": {"uv": [2.5, 11.5, 3, 12.75], "texture": "#18"},
				"west": {"uv": [11.5, 2.5, 12, 3.75], "texture": "#18"},
				"up": {"uv": [13, 6, 12.5, 5.5], "texture": "#18"},
				"down": {"uv": [13, 6.5, 12.5, 7], "texture": "#18"}
			}
		},
		{
			"from": [10, 2.8, 3.02],
			"to": [12, 7.8, 4.02],
			"faces": {
				"north": {"uv": [0, 6, 1, 8.5], "texture": "#18"},
				"east": {"uv": [0, 9, 0.5, 11.5], "texture": "#18"},
				"south": {"uv": [1, 6, 2, 8.5], "texture": "#18"},
				"west": {"uv": [0.5, 9, 1, 11.5], "texture": "#18"},
				"up": {"uv": [11.5, 9, 10.5, 8.5], "texture": "#18"},
				"down": {"uv": [11.5, 9, 10.5, 9.5], "texture": "#18"}
			}
		},
		{
			"from": [4, 2.8, 3.02],
			"to": [6, 7.8, 4.02],
			"faces": {
				"north": {"uv": [2, 6, 3, 8.5], "texture": "#18"},
				"east": {"uv": [1, 9, 1.5, 11.5], "texture": "#18"},
				"south": {"uv": [6.5, 0, 7.5, 2.5], "texture": "#18"},
				"west": {"uv": [1.5, 9, 2, 11.5], "texture": "#18"},
				"up": {"uv": [12.5, 2, 11.5, 1.5], "texture": "#18"},
				"down": {"uv": [12.5, 6.5, 11.5, 7], "texture": "#18"}
			}
		},
		{
			"from": [11, 4.001, 2],
			"to": [12, 7.001, 3],
			"faces": {
				"north": {"uv": [10, 10.5, 10.5, 12], "texture": "#18"},
				"east": {"uv": [10.5, 10.5, 11, 12], "texture": "#18"},
				"south": {"uv": [3, 11, 3.5, 12.5], "texture": "#18"},
				"west": {"uv": [3.5, 11, 4, 12.5], "texture": "#18"},
				"up": {"uv": [10, 13, 9.5, 12.5], "texture": "#18"},
				"down": {"uv": [13, 10.5, 12.5, 11], "texture": "#18"}
			}
		},
		{
			"from": [4, 4.001, 2],
			"to": [5, 7.001, 3],
			"faces": {
				"north": {"uv": [4, 11, 4.5, 12.5], "texture": "#18"},
				"east": {"uv": [4.5, 11, 5, 12.5], "texture": "#18"},
				"south": {"uv": [7, 11, 7.5, 12.5], "texture": "#18"},
				"west": {"uv": [11, 10.5, 11.5, 12], "texture": "#18"},
				"up": {"uv": [13, 11.5, 12.5, 11], "texture": "#18"},
				"down": {"uv": [12, 12.5, 11.5, 13], "texture": "#18"}
			}
		},
		{
			"from": [12.5, 2.2, 3.01],
			"to": [14, 6.2, 4.01],
			"rotation": {"angle": 22.5, "axis": "z", "origin": [0, 0, 0]},
			"faces": {
				"north": {"uv": [8.5, 2.5, 9.25, 4.5], "texture": "#18"},
				"east": {"uv": [9.5, 5.5, 10, 7.5], "texture": "#18"},
				"south": {"uv": [3, 8.5, 3.75, 10.5], "texture": "#18"},
				"west": {"uv": [9.5, 7.5, 10, 9.5], "texture": "#18"},
				"up": {"uv": [12.75, 6.5, 12, 6], "texture": "#18"},
				"down": {"uv": [13.25, 1.5, 12.5, 2], "texture": "#18"}
			}
		},
		{
			"from": [0.8, 8.2, 3.01],
			"to": [2.3, 12.2, 4.01],
			"rotation": {"angle": -22.5, "axis": "z", "origin": [0, 0, 0]},
			"faces": {
				"north": {"uv": [4, 8.5, 4.75, 10.5], "texture": "#18"},
				"east": {"uv": [8.5, 9.5, 9, 11.5], "texture": "#18"},
				"south": {"uv": [5, 8.5, 5.75, 10.5], "texture": "#18"},
				"west": {"uv": [9, 9.5, 9.5, 11.5], "texture": "#18"},
				"up": {"uv": [13.25, 2.5, 12.5, 2], "texture": "#18"},
				"down": {"uv": [13.25, 2.5, 12.5, 3], "texture": "#18"}
			}
		},
		{
			"from": [8.8, 3.8, 3.02],
			"to": [10.3, 7.8, 4.02],
			"rotation": {"angle": 22.5, "axis": "z", "origin": [0, 0, 0]},
			"faces": {
				"north": {"uv": [8.5, 5.5, 9.25, 7.5], "texture": "#18"},
				"east": {"uv": [9.5, 9.5, 10, 11.5], "texture": "#18"},
				"south": {"uv": [6, 8.5, 6.75, 10.5], "texture": "#18"},
				"west": {"uv": [10, 3.5, 10.5, 5.5], "texture": "#18"},
				"up": {"uv": [3.75, 13, 3, 12.5], "texture": "#18"},
				"down": {"uv": [13.25, 3, 12.5, 3.5], "texture": "#18"}
			}
		},
		{
			"from": [4.5, 9.8, 3.02],
			"to": [6, 13.8, 4.02],
			"rotation": {"angle": -22.5, "axis": "z", "origin": [0, 0, 0]},
			"faces": {
				"north": {"uv": [7.5, 8.5, 8.25, 10.5], "texture": "#18"},
				"east": {"uv": [10, 5.5, 10.5, 7.5], "texture": "#18"},
				"south": {"uv": [8.5, 7.5, 9.25, 9.5], "texture": "#18"},
				"west": {"uv": [10, 7.5, 10.5, 9.5], "texture": "#18"},
				"up": {"uv": [13.25, 4, 12.5, 3.5], "texture": "#18"},
				"down": {"uv": [4.75, 12.5, 4, 13], "texture": "#18"}
			}
		},
		{
			"from": [6, 8, 2],
			"to": [10, 9, 3],
			"faces": {
				"north": {"uv": [10, 9.5, 12, 10], "texture": "#18"},
				"east": {"uv": [12.5, 11.5, 13, 12], "texture": "#18"},
				"south": {"uv": [10, 10, 12, 10.5], "texture": "#18"},
				"west": {"uv": [12, 12.5, 12.5, 13], "texture": "#18"},
				"up": {"uv": [12.5, 2.5, 10.5, 2], "texture": "#18"},
				"down": {"uv": [5, 10.5, 3, 11], "texture": "#18"}
			}
		},
		{
			"from": [6, 1.5, 1.5],
			"to": [10, 3.5, 2],
			"faces": {
				"north": {"uv": [6.5, 2.5, 8.5, 3.5], "texture": "#18"},
				"east": {"uv": [12.5, 12, 12.75, 13], "texture": "#18"},
				"south": {"uv": [6.5, 3.5, 8.5, 4.5], "texture": "#18"},
				"west": {"uv": [0, 13, 0.25, 14], "texture": "#18"},
				"up": {"uv": [13.5, 7.25, 11.5, 7], "texture": "#18"},
				"down": {"uv": [9.5, 11.5, 7.5, 11.75], "texture": "#18"}
			}
		},
		{
			"from": [5, 7, 3],
			"to": [7, 9, 4],
			"faces": {
				"north": {"uv": [10.5, 3.5, 11.5, 4.5], "texture": "#18"},
				"east": {"uv": [9.5, 3.5, 10, 4.5], "texture": "#18"},
				"south": {"uv": [10.5, 4.5, 11.5, 5.5], "texture": "#18"},
				"west": {"uv": [11, 0, 11.5, 1], "texture": "#18"},
				"up": {"uv": [12.5, 8, 11.5, 7.5], "texture": "#18"},
				"down": {"uv": [12.5, 8, 11.5, 8.5], "texture": "#18"}
			}
		},
		{
			"from": [9, 7, 3],
			"to": [11, 9, 4],
			"faces": {
				"north": {"uv": [5, 10.5, 6, 11.5], "texture": "#18"},
				"east": {"uv": [6.5, 11.5, 7, 12.5], "texture": "#18"},
				"south": {"uv": [10.5, 5.5, 11.5, 6.5], "texture": "#18"},
				"west": {"uv": [11.5, 8.5, 12, 9.5], "texture": "#18"},
				"up": {"uv": [12.5, 11, 11.5, 10.5], "texture": "#18"},
				"down": {"uv": [12.5, 11, 11.5, 11.5], "texture": "#18"}
			}
		},
		{
			"from": [5, 7, 4],
			"to": [7, 9, 5],
			"faces": {
				"north": {"uv": [6, 10.5, 7, 11.5], "texture": "#18"},
				"east": {"uv": [9.5, 11.5, 10, 12.5], "texture": "#18"},
				"south": {"uv": [10.5, 6.5, 11.5, 7.5], "texture": "#18"},
				"west": {"uv": [11.5, 11.5, 12, 12.5], "texture": "#18"},
				"up": {"uv": [13, 0.5, 12, 0], "texture": "#18"},
				"down": {"uv": [13, 0.5, 12, 1], "texture": "#18"}
			}
		},
		{
			"from": [9, 7, 4],
			"to": [11, 9, 5],
			"faces": {
				"north": {"uv": [7.5, 10.5, 8.5, 11.5], "texture": "#18"},
				"east": {"uv": [12, 2.5, 12.5, 3.5], "texture": "#18"},
				"south": {"uv": [10.5, 7.5, 11.5, 8.5], "texture": "#18"},
				"west": {"uv": [12, 3.5, 12.5, 4.5], "texture": "#18"},
				"up": {"uv": [13, 1.5, 12, 1], "texture": "#18"},
				"down": {"uv": [13, 4.5, 12, 5], "texture": "#18"}
			}
		},
		{
			"from": [4.5, 3, 4.001],
			"to": [11.5, 8, 5.001],
			"faces": {
				"north": {"uv": [3, 0, 6.5, 2.5], "texture": "#18"},
				"east": {"uv": [2, 9, 2.5, 11.5], "texture": "#18"},
				"south": {"uv": [3, 2.5, 6.5, 5], "texture": "#18"},
				"west": {"uv": [2.5, 9, 3, 11.5], "texture": "#18"},
				"up": {"uv": [11, 0.5, 7.5, 0], "texture": "#18"},
				"down": {"uv": [11, 0.5, 7.5, 1], "texture": "#18"}
			}
		},
		{
			"from": [13.4, -1.5, 3],
			"to": [13.9, 1.5, 3.5],
			"rotation": {"angle": 22.5, "axis": "z", "origin": [0, 0, 0]},
			"faces": {
				"north": {"uv": [6.5, 12.5, 6.75, 14], "texture": "#18"},
				"east": {"uv": [7, 12.5, 7.25, 14], "texture": "#18"},
				"south": {"uv": [12.5, 7.5, 12.75, 9], "texture": "#18"},
				"west": {"uv": [12.5, 9, 12.75, 10.5], "texture": "#18"},
				"up": {"uv": [13.75, 2.25, 13.5, 2], "texture": "#18"},
				"down": {"uv": [2.75, 13.5, 2.5, 13.75], "texture": "#18"}
			}
		},
		{
			"from": [11.8, 2, 3.01],
			"to": [12.3, 6.5, 3.51],
			"faces": {
				"north": {"uv": [11.5, 4, 11.75, 6.25], "texture": "#18"},
				"east": {"uv": [5, 11.5, 5.25, 13.75], "texture": "#18"},
				"south": {"uv": [5.5, 11.5, 5.75, 13.75], "texture": "#18"},
				"west": {"uv": [6, 11.5, 6.25, 13.75], "texture": "#18"},
				"up": {"uv": [13.75, 2.75, 13.5, 2.5], "texture": "#18"},
				"down": {"uv": [3.25, 13.5, 3, 13.75], "texture": "#18"}
			}
		},
		{
			"from": [12.9, 3, 3.011],
			"to": [13.4, 4, 3.511],
			"faces": {
				"north": {"uv": [13, 11, 13.25, 11.5], "texture": "#18"},
				"east": {"uv": [11.5, 13, 11.75, 13.5], "texture": "#18"},
				"south": {"uv": [13, 11.5, 13.25, 12], "texture": "#18"},
				"west": {"uv": [12, 13, 12.25, 13.5], "texture": "#18"},
				"up": {"uv": [13.75, 3.25, 13.5, 3], "texture": "#18"},
				"down": {"uv": [3.75, 13.5, 3.5, 13.75], "texture": "#18"}
			}
		},
		{
			"from": [10.7, 7, 3.01],
			"to": [11.2, 8, 3.51],
			"rotation": {"angle": -22.5, "axis": "z", "origin": [0, 0, 0]},
			"faces": {
				"north": {"uv": [13, 12, 13.25, 12.5], "texture": "#18"},
				"east": {"uv": [12.5, 13, 12.75, 13.5], "texture": "#18"},
				"south": {"uv": [13, 12.5, 13.25, 13], "texture": "#18"},
				"west": {"uv": [13, 13, 13.25, 13.5], "texture": "#18"},
				"up": {"uv": [13.75, 3.75, 13.5, 3.5], "texture": "#18"},
				"down": {"uv": [4.25, 13.5, 4, 13.75], "texture": "#18"}
			}
		},
		{
			"from": [11.9, -3, 3],
			"to": [12.9, -2.5, 3.5],
			"rotation": {"angle": 22.5, "axis": "z", "origin": [0, 0, 0]},
			"faces": {
				"north": {"uv": [13.5, 0, 14, 0.25], "texture": "#18"},
				"east": {"uv": [4.5, 13.5, 4.75, 13.75], "texture": "#18"},
				"south": {"uv": [0.5, 13.5, 1, 13.75], "texture": "#18"},
				"west": {"uv": [13.5, 4.5, 13.75, 4.75], "texture": "#18"},
				"up": {"uv": [14, 0.75, 13.5, 0.5], "texture": "#18"},
				"down": {"uv": [1.5, 13.5, 1, 13.75], "texture": "#18"}
			}
		},
		{
			"from": [6.8, 9.8, 3],
			"to": [7.3, 10.3, 3.5],
			"rotation": {"angle": -45, "axis": "z", "origin": [0, 0, 0]},
			"faces": {
				"north": {"uv": [13.5, 5.5, 13.75, 5.75], "texture": "#18"},
				"east": {"uv": [13.5, 6, 13.75, 6.25], "texture": "#18"},
				"south": {"uv": [13.5, 6.5, 13.75, 6.75], "texture": "#18"},
				"west": {"uv": [13.5, 7, 13.75, 7.25], "texture": "#18"},
				"up": {"uv": [7.75, 13.75, 7.5, 13.5], "texture": "#18"},
				"down": {"uv": [13.75, 7.5, 13.5, 7.75], "texture": "#18"}
			}
		},
		{
			"from": [12, 1, 2.4],
			"to": [12.75, 3, 3.15],
			"faces": {
				"north": {"uv": [12, 5, 12.5, 6], "texture": "#18"},
				"east": {"uv": [7.5, 12, 8, 13], "texture": "#18"},
				"south": {"uv": [8, 12, 8.5, 13], "texture": "#18"},
				"west": {"uv": [8.5, 12, 9, 13], "texture": "#18"},
				"up": {"uv": [3.5, 13.5, 3, 13], "texture": "#18"},
				"down": {"uv": [4, 13, 3.5, 13.5], "texture": "#18"}
			}
		},
		{
			"from": [12.1, 2, 2.5],
			"to": [12.6, 6, 3],
			"faces": {
				"north": {"uv": [12, 8.5, 12.25, 10.5], "texture": "#18"},
				"east": {"uv": [9, 12, 9.25, 14], "texture": "#18"},
				"south": {"uv": [10, 12, 10.25, 14], "texture": "#18"},
				"west": {"uv": [10.5, 12, 10.75, 14], "texture": "#18"},
				"up": {"uv": [8.25, 13.75, 8, 13.5], "texture": "#18"},
				"down": {"uv": [13.75, 8, 13.5, 8.25], "texture": "#18"}
			}
		},
		{
			"from": [13.4, 0.5, 2.51],
			"to": [13.9, 1.5, 3.01],
			"rotation": {"angle": 22.5, "axis": "z", "origin": [0, 0, 0]},
			"faces": {
				"north": {"uv": [13.5, 1, 13.75, 1.5], "texture": "#18"},
				"east": {"uv": [1.5, 13.5, 1.75, 14], "texture": "#18"},
				"south": {"uv": [13.5, 1.5, 13.75, 2], "texture": "#18"},
				"west": {"uv": [2, 13.5, 2.25, 14], "texture": "#18"},
				"up": {"uv": [8.75, 13.75, 8.5, 13.5], "texture": "#18"},
				"down": {"uv": [13.75, 8.5, 13.5, 8.75], "texture": "#18"}
			}
		},
		{
			"from": [12, 4.5, 2.001],
			"to": [13, 5.5, 3.001],
			"faces": {
				"north": {"uv": [4, 13, 4.5, 13.5], "texture": "#18"},
				"east": {"uv": [4.5, 13, 5, 13.5], "texture": "#18"},
				"south": {"uv": [13, 4.5, 13.5, 5], "texture": "#18"},
				"west": {"uv": [13, 5.5, 13.5, 6], "texture": "#18"},
				"up": {"uv": [13.5, 6.5, 13, 6], "texture": "#18"},
				"down": {"uv": [13.5, 6.5, 13, 7], "texture": "#18"}
			}
		},
		{
			"from": [12, 5.5, 2.26],
			"to": [13, 6.5, 3.26],
			"faces": {
				"north": {"uv": [7.5, 13, 8, 13.5], "texture": "#18"},
				"east": {"uv": [13, 7.5, 13.5, 8], "texture": "#18"},
				"south": {"uv": [8, 13, 8.5, 13.5], "texture": "#18"},
				"west": {"uv": [13, 8, 13.5, 8.5], "texture": "#18"},
				"up": {"uv": [9, 13.5, 8.5, 13], "texture": "#18"},
				"down": {"uv": [13.5, 8.5, 13, 9], "texture": "#18"}
			}
		},
		{
			"from": [12.5, 5, 2.51],
			"to": [13.5, 6, 3.51],
			"faces": {
				"north": {"uv": [13, 9, 13.5, 9.5], "texture": "#18"},
				"east": {"uv": [9.5, 13, 10, 13.5], "texture": "#18"},
				"south": {"uv": [13, 9.5, 13.5, 10], "texture": "#18"},
				"west": {"uv": [13, 10, 13.5, 10.5], "texture": "#18"},
				"up": {"uv": [13.5, 11, 13, 10.5], "texture": "#18"},
				"down": {"uv": [11.5, 13, 11, 13.5], "texture": "#18"}
			}
		}
	],
	"display": {
		"thirdperson_righthand": {
			"rotation": [18, 0, 0],
			"translation": [0, -0.25, 2.5],
			"scale": [0.75, 0.75, 0.75]
		},
		"thirdperson_lefthand": {
			"rotation": [18, 0, 0],
			"translation": [0, -0.25, 2.5],
			"scale": [0.75, 0.75, 0.75]
		},
		"ground": {
			"translation": [0, 4.5, 0],
			"scale": [1, 1.21094, 0.9668]
		},
		"gui": {
			"rotation": [0, -180, 0],
			"translation": [0.5, 3, 0],
			"scale": [1.5, 1.5, 1.5]
		},
		"head": {
			"rotation": [13, -49, 3],
			"translation": [3.5, 6, -1.75],
			"scale": [1.25, 1.25, 1]
		},
		"fixed": {
			"rotation": [19, 0, 0],
			"translation": [0, -1, 7],
			"scale": [2.8, 2.8, 2.8]
		}
	},
	"groups": [
		{
			"name": "mask",
			"origin": [8, 8, 8],
			"color": 3,
			"nbt": "{}",
			"children": [0, 1, 2, 3, 4, 5, 6, 7, 8, 9, 10, 11, 12, 13, 14, 15, 16, 17, 18, 19]
		},
		{
			"name": "ribbon",
			"origin": [0, 0, 0],
			"color": 0,
			"nbt": "{}",
			"children": [20, 21, 22, 23, 24, 25]
		},
		{
			"name": "tassel",
			"origin": [0, 0, 0],
			"color": 5,
			"nbt": "{}",
			"children": [26, 27, 28]
		},
		{
			"name": "bell",
			"origin": [8, 8, 8],
			"color": 1,
			"nbt": "{}",
			"children": [29, 30, 31]
		}
	]
}