{
	"credit": "Made with Blockbench",
	"textures": {
		"0": "item/special_event/christmas_2024/snowman/head",
		"1": "item/special_event/christmas_2024/snowman/hat",
		"2": "item/special_event/christmas_2024/snowman/carrot",
		"particle": "item/special_event/christmas_2024/snowman/head"
	},
	"elements": [
		{
			"from": [1, -2, 1],
			"to": [15, 12, 15],
			"rotation": {"angle": 0, "axis": "y", "origin": [1, -2, 1]},
			"faces": {
				"north": {"uv": [0, 0, 1.75, 1.75], "texture": "#0"},
				"east": {"uv": [0, 1.75, 1.75, 3.5], "texture": "#0"},
				"south": {"uv": [1.75, 0, 3.5, 1.75], "texture": "#0"},
				"west": {"uv": [1.75, 1.75, 3.5, 3.5], "texture": "#0"},
				"up": {"uv": [1.75, 5.25, 0, 3.5], "texture": "#0"},
				"down": {"uv": [5.25, 0, 3.5, 1.75], "texture": "#0"}
			}
		},
		{
			"from": [4, -3, 1],
			"to": [12, -2, 15],
			"rotation": {"angle": 0, "axis": "y", "origin": [1, -3, 1]},
			"faces": {
				"north": {"uv": [3.5, 5.625, 4.5, 5.75], "texture": "#0"},
				"east": {"uv": [6.5, 5.375, 8.25, 5.5], "texture": "#0"},
				"south": {"uv": [6.625, 1.5, 7.625, 1.625], "texture": "#0"},
				"west": {"uv": [6.5, 5.5, 8.25, 5.625], "texture": "#0"},
				"up": {"uv": [2.75, 5.25, 1.75, 3.5], "texture": "#0"},
				"down": {"uv": [4.5, 1.75, 3.5, 3.5], "texture": "#0"}
			}
		},
		{
			"from": [4, 12, 1],
			"to": [12, 13, 15],
			"rotation": {"angle": 0, "axis": "y", "origin": [1, 12, 1]},
			"faces": {
				"north": {"uv": [6.625, 1.625, 7.625, 1.75], "texture": "#0"},
				"east": {"uv": [6.5, 5.625, 8.25, 5.75], "texture": "#0"},
				"south": {"uv": [6.625, 1.75, 7.625, 1.875], "texture": "#0"},
				"west": {"uv": [6.375, 6.5, 8.125, 6.625], "texture": "#0"},
				"up": {"uv": [3.75, 5.25, 2.75, 3.5], "texture": "#0"},
				"down": {"uv": [4.75, 3.5, 3.75, 5.25], "texture": "#0"}
			}
		},
		{
			"from": [1, 12, 4],
			"to": [4, 13, 12],
			"rotation": {"angle": 0, "axis": "y", "origin": [1, 12, 15]},
			"faces": {
				"north": {"uv": [3, 6.625, 3.375, 6.75], "texture": "#0"},
				"east": {"uv": [6.625, 1.875, 7.625, 2], "texture": "#0"},
				"south": {"uv": [7, 0.875, 7.375, 1], "texture": "#0"},
				"west": {"uv": [2, 6.625, 3, 6.75], "texture": "#0"},
				"up": {"uv": [5.625, 6.75, 5.25, 5.75], "texture": "#0"},
				"down": {"uv": [6, 5.75, 5.625, 6.75], "texture": "#0"}
			}
		},
		{
			"from": [12, 12, 4],
			"to": [15, 13, 12],
			"rotation": {"angle": 0, "axis": "y", "origin": [12, 12, 15]},
			"faces": {
				"north": {"uv": [7.375, 0.875, 7.75, 1], "texture": "#0"},
				"east": {"uv": [6.375, 6.625, 7.375, 6.75], "texture": "#0"},
				"south": {"uv": [7.375, 6, 7.75, 6.125], "texture": "#0"},
				"west": {"uv": [2, 6.75, 3, 6.875], "texture": "#0"},
				"up": {"uv": [6.375, 6.75, 6, 5.75], "texture": "#0"},
				"down": {"uv": [0.375, 6.25, 0, 7.25], "texture": "#0"}
			}
		},
		{
			"from": [1, -3, 4],
			"to": [4, -2, 12],
			"rotation": {"angle": 0, "axis": "y", "origin": [1, -3, 15]},
			"faces": {
				"north": {"uv": [7.375, 6.375, 7.75, 6.5], "texture": "#0"},
				"east": {"uv": [5, 6.75, 6, 6.875], "texture": "#0"},
				"south": {"uv": [7.375, 6.625, 7.75, 6.75], "texture": "#0"},
				"west": {"uv": [6, 6.75, 7, 6.875], "texture": "#0"},
				"up": {"uv": [6.625, 2, 6.25, 1], "texture": "#0"},
				"down": {"uv": [1.5, 6.25, 1.125, 7.25], "texture": "#0"}
			}
		},
		{
			"from": [12, -3, 4],
			"to": [15, -2, 12],
			"rotation": {"angle": 0, "axis": "y", "origin": [12, -3, 15]},
			"faces": {
				"north": {"uv": [7.375, 6.125, 7.75, 6.25], "texture": "#0"},
				"east": {"uv": [3, 6.75, 4, 6.875], "texture": "#0"},
				"south": {"uv": [7.375, 6.25, 7.75, 6.375], "texture": "#0"},
				"west": {"uv": [4, 6.75, 5, 6.875], "texture": "#0"},
				"up": {"uv": [0.75, 7.25, 0.375, 6.25], "texture": "#0"},
				"down": {"uv": [1.125, 6.25, 0.75, 7.25], "texture": "#0"}
			}
		},
		{
			"from": [1, 1, 15],
			"to": [15, 9, 16],
			"rotation": {"angle": 0, "axis": "y", "origin": [8, 5, 8]},
			"faces": {
				"north": {"uv": [4.5, 1.75, 6.25, 2.75], "texture": "#0"},
				"east": {"uv": [6, 6.875, 6.125, 7.875], "texture": "#0"},
				"south": {"uv": [4.75, 2.75, 6.5, 3.75], "texture": "#0"},
				"west": {"uv": [6.125, 6.875, 6.25, 7.875], "texture": "#0"},
				"up": {"uv": [8.375, 1.125, 6.625, 1], "texture": "#0"},
				"down": {"uv": [8.375, 1.125, 6.625, 1.25], "texture": "#0"}
			}
		},
		{
			"from": [4, 9, 15],
			"to": [12, 12, 16],
			"rotation": {"angle": 0, "axis": "y", "origin": [8, 5, 8]},
			"faces": {
				"north": {"uv": [3.5, 5.25, 4.5, 5.625], "texture": "#0"},
				"east": {"uv": [0.25, 7.5, 0.375, 7.875], "texture": "#0"},
				"south": {"uv": [1.5, 6.25, 2.5, 6.625], "texture": "#0"},
				"west": {"uv": [0.375, 7.5, 0.5, 7.875], "texture": "#0"},
				"up": {"uv": [5, 7, 4, 6.875], "texture": "#0"},
				"down": {"uv": [6, 6.875, 5, 7], "texture": "#0"}
			}
		},
		{
			"from": [4, -2, 15],
			"to": [12, 1, 16],
			"rotation": {"angle": 0, "axis": "y", "origin": [8, 5, 8]},
			"faces": {
				"north": {"uv": [5.25, 1, 6.25, 1.375], "texture": "#0"},
				"east": {"uv": [0, 7.5, 0.125, 7.875], "texture": "#0"},
				"south": {"uv": [5.25, 1.375, 6.25, 1.75], "texture": "#0"},
				"west": {"uv": [0.125, 7.5, 0.25, 7.875], "texture": "#0"},
				"up": {"uv": [3, 7, 2, 6.875], "texture": "#0"},
				"down": {"uv": [4, 6.875, 3, 7], "texture": "#0"}
			}
		},
		{
			"from": [1, 1, 0],
			"to": [15, 9, 1],
			"rotation": {"angle": 0, "axis": "y", "origin": [8, 5, 8]},
			"faces": {
				"north": {"uv": [4.75, 3.75, 6.5, 4.75], "texture": "#0"},
				"east": {"uv": [2, 7, 2.125, 8], "texture": "#0"},
				"south": {"uv": [4.75, 4.75, 6.5, 5.75], "texture": "#0"},
				"west": {"uv": [2.125, 7, 2.25, 8], "texture": "#0"},
				"up": {"uv": [8.375, 1.375, 6.625, 1.25], "texture": "#0"},
				"down": {"uv": [8.375, 1.375, 6.625, 1.5], "texture": "#0"}
			}
		},
		{
			"from": [4, 9, 0],
			"to": [12, 12, 1],
			"rotation": {"angle": 0, "axis": "y", "origin": [8, 5, 8]},
			"faces": {
				"north": {"uv": [2.5, 6.25, 3.5, 6.625], "texture": "#0"},
				"east": {"uv": [0.625, 7.5, 0.75, 7.875], "texture": "#0"},
				"south": {"uv": [6.375, 5.75, 7.375, 6.125], "texture": "#0"},
				"west": {"uv": [0.75, 7.5, 0.875, 7.875], "texture": "#0"},
				"up": {"uv": [8, 0.25, 7, 0.125], "texture": "#0"},
				"down": {"uv": [8, 0.25, 7, 0.375], "texture": "#0"}
			}
		},
		{
			"from": [4, -2, 0],
			"to": [12, 1, 1],
			"rotation": {"angle": 0, "axis": "y", "origin": [8, 5, 8]},
			"faces": {
				"north": {"uv": [6.25, 2, 7.25, 2.375], "texture": "#0"},
				"east": {"uv": [7.5, 0.375, 7.625, 0.75], "texture": "#0"},
				"south": {"uv": [6.25, 2.375, 7.25, 2.75], "texture": "#0"},
				"west": {"uv": [0.5, 7.5, 0.625, 7.875], "texture": "#0"},
				"up": {"uv": [7.25, 7, 6.25, 6.875], "texture": "#0"},
				"down": {"uv": [8, 0, 7, 0.125], "texture": "#0"}
			}
		},
		{
			"from": [15, -2, 4],
			"to": [16, 1, 12],
			"rotation": {"angle": 0, "axis": "y", "origin": [8, 5, 8]},
			"faces": {
				"north": {"uv": [7.5, 2.375, 7.625, 2.75], "texture": "#0"},
				"east": {"uv": [6.5, 4.625, 7.5, 5], "texture": "#0"},
				"south": {"uv": [7.5, 2.75, 7.625, 3.125], "texture": "#0"},
				"west": {"uv": [6.5, 5, 7.5, 5.375], "texture": "#0"},
				"up": {"uv": [3.625, 8, 3.5, 7], "texture": "#0"},
				"down": {"uv": [3.75, 7, 3.625, 8], "texture": "#0"}
			}
		},
		{
			"from": [15, 1, 1],
			"to": [16, 9, 15],
			"rotation": {"angle": 0, "axis": "y", "origin": [8, 5, 8]},
			"faces": {
				"north": {"uv": [3.25, 7, 3.375, 8], "texture": "#0"},
				"east": {"uv": [1.75, 5.25, 3.5, 6.25], "texture": "#0"},
				"south": {"uv": [3.375, 7, 3.5, 8], "texture": "#0"},
				"west": {"uv": [3.5, 5.75, 5.25, 6.75], "texture": "#0"},
				"up": {"uv": [1.875, 8.375, 1.75, 6.625], "texture": "#0"},
				"down": {"uv": [2, 6.625, 1.875, 8.375], "texture": "#0"}
			}
		},
		{
			"from": [15, 9, 4],
			"to": [16, 12, 12],
			"rotation": {"angle": 0, "axis": "y", "origin": [8, 5, 8]},
			"faces": {
				"north": {"uv": [1.375, 7.5, 1.5, 7.875], "texture": "#0"},
				"east": {"uv": [6.5, 3.875, 7.5, 4.25], "texture": "#0"},
				"south": {"uv": [7.5, 2, 7.625, 2.375], "texture": "#0"},
				"west": {"uv": [6.5, 4.25, 7.5, 4.625], "texture": "#0"},
				"up": {"uv": [3.125, 8, 3, 7], "texture": "#0"},
				"down": {"uv": [3.25, 7, 3.125, 8], "texture": "#0"}
			}
		},
		{
			"from": [0, 1, 1],
			"to": [1, 9, 15],
			"rotation": {"angle": 0, "axis": "y", "origin": [8, 5, 8]},
			"faces": {
				"north": {"uv": [2.75, 7, 2.875, 8], "texture": "#0"},
				"east": {"uv": [0, 5.25, 1.75, 6.25], "texture": "#0"},
				"south": {"uv": [2.875, 7, 3, 8], "texture": "#0"},
				"west": {"uv": [5.25, 0, 7, 1], "texture": "#0"},
				"up": {"uv": [1.625, 8.375, 1.5, 6.625], "texture": "#0"},
				"down": {"uv": [1.75, 6.625, 1.625, 8.375], "texture": "#0"}
			}
		},
		{
			"from": [0, 9, 4],
			"to": [1, 12, 12],
			"rotation": {"angle": 0, "axis": "y", "origin": [8, 5, 8]},
			"faces": {
				"north": {"uv": [1.125, 7.5, 1.25, 7.875], "texture": "#0"},
				"east": {"uv": [6.5, 3.125, 7.5, 3.5], "texture": "#0"},
				"south": {"uv": [1.25, 7.5, 1.375, 7.875], "texture": "#0"},
				"west": {"uv": [6.5, 3.5, 7.5, 3.875], "texture": "#0"},
				"up": {"uv": [2.625, 8, 2.5, 7], "texture": "#0"},
				"down": {"uv": [2.75, 7, 2.625, 8], "texture": "#0"}
			}
		},
		{
			"from": [0, 9, 12],
			"to": [1, 11, 14],
			"rotation": {"angle": 0, "axis": "y", "origin": [8, 3, 8]},
			"faces": {
				"north": {"uv": [7.5, 3.125, 7.625, 3.375], "texture": "#0"},
				"east": {"uv": [4.5, 2.75, 4.75, 3], "texture": "#0"},
				"south": {"uv": [7.5, 3.375, 7.625, 3.625], "texture": "#0"},
				"west": {"uv": [4.5, 3, 4.75, 3.25], "texture": "#0"},
				"up": {"uv": [7.625, 3.875, 7.5, 3.625], "texture": "#0"},
				"down": {"uv": [3.875, 7.5, 3.75, 7.75], "texture": "#0"}
			}
		},
		{
			"from": [0, 9, 2],
			"to": [1, 11, 4],
			"rotation": {"angle": 0, "axis": "y", "origin": [8, 3, -2]},
			"faces": {
				"north": {"uv": [3.875, 7.5, 4, 7.75], "texture": "#0"},
				"east": {"uv": [4.5, 3.25, 4.75, 3.5], "texture": "#0"},
				"south": {"uv": [7.5, 3.875, 7.625, 4.125], "texture": "#0"},
				"west": {"uv": [4.5, 5.25, 4.75, 5.5], "texture": "#0"},
				"up": {"uv": [4.125, 7.75, 4, 7.5], "texture": "#0"},
				"down": {"uv": [4.25, 7.5, 4.125, 7.75], "texture": "#0"}
			}
		},
		{
			"from": [0, -1, 2],
			"to": [1, 1, 4],
			"rotation": {"angle": 0, "axis": "y", "origin": [8, -7, -2]},
			"faces": {
				"north": {"uv": [7.5, 4.125, 7.625, 4.375], "texture": "#0"},
				"east": {"uv": [4.5, 5.5, 4.75, 5.75], "texture": "#0"},
				"south": {"uv": [4.25, 7.5, 4.375, 7.75], "texture": "#0"},
				"west": {"uv": [7, 0.375, 7.25, 0.625], "texture": "#0"},
				"up": {"uv": [4.5, 7.75, 4.375, 7.5], "texture": "#0"},
				"down": {"uv": [7.625, 4.375, 7.5, 4.625], "texture": "#0"}
			}
		},
		{
			"from": [0, -1, 12],
			"to": [1, 1, 14],
			"rotation": {"angle": 0, "axis": "y", "origin": [8, -7, 8]},
			"faces": {
				"north": {"uv": [4.5, 7.5, 4.625, 7.75], "texture": "#0"},
				"east": {"uv": [7, 0.625, 7.25, 0.875], "texture": "#0"},
				"south": {"uv": [4.625, 7.5, 4.75, 7.75], "texture": "#0"},
				"west": {"uv": [3.75, 7, 4, 7.25], "texture": "#0"},
				"up": {"uv": [7.625, 4.875, 7.5, 4.625], "texture": "#0"},
				"down": {"uv": [4.875, 7.5, 4.75, 7.75], "texture": "#0"}
			}
		},
		{
			"from": [15, -1, 2],
			"to": [16, 1, 4],
			"rotation": {"angle": 0, "axis": "y", "origin": [23, -7, -2]},
			"faces": {
				"north": {"uv": [6.375, 7.5, 6.5, 7.75], "texture": "#0"},
				"east": {"uv": [5.5, 7, 5.75, 7.25], "texture": "#0"},
				"south": {"uv": [6.5, 7.5, 6.625, 7.75], "texture": "#0"},
				"west": {"uv": [5.75, 7, 6, 7.25], "texture": "#0"},
				"up": {"uv": [6.75, 7.75, 6.625, 7.5], "texture": "#0"},
				"down": {"uv": [6.875, 7.5, 6.75, 7.75], "texture": "#0"}
			}
		},
		{
			"from": [15, 9, 2],
			"to": [16, 11, 4],
			"rotation": {"angle": 0, "axis": "y", "origin": [23, 3, -2]},
			"faces": {
				"north": {"uv": [5.625, 7.5, 5.75, 7.75], "texture": "#0"},
				"east": {"uv": [5, 7, 5.25, 7.25], "texture": "#0"},
				"south": {"uv": [5.75, 7.5, 5.875, 7.75], "texture": "#0"},
				"west": {"uv": [5.25, 7, 5.5, 7.25], "texture": "#0"},
				"up": {"uv": [6, 7.75, 5.875, 7.5], "texture": "#0"},
				"down": {"uv": [6.375, 7.5, 6.25, 7.75], "texture": "#0"}
			}
		},
		{
			"from": [15, 9, 12],
			"to": [16, 11, 14],
			"rotation": {"angle": 0, "axis": "y", "origin": [23, 3, 8]},
			"faces": {
				"north": {"uv": [7.5, 5.125, 7.625, 5.375], "texture": "#0"},
				"east": {"uv": [4.5, 7, 4.75, 7.25], "texture": "#0"},
				"south": {"uv": [5.25, 7.5, 5.375, 7.75], "texture": "#0"},
				"west": {"uv": [4.75, 7, 5, 7.25], "texture": "#0"},
				"up": {"uv": [5.5, 7.75, 5.375, 7.5], "texture": "#0"},
				"down": {"uv": [5.625, 7.5, 5.5, 7.75], "texture": "#0"}
			}
		},
		{
			"from": [15, -1, 12],
			"to": [16, 1, 14],
			"rotation": {"angle": 0, "axis": "y", "origin": [23, -7, 8]},
			"faces": {
				"north": {"uv": [4.875, 7.5, 5, 7.75], "texture": "#0"},
				"east": {"uv": [4, 7, 4.25, 7.25], "texture": "#0"},
				"south": {"uv": [7.5, 4.875, 7.625, 5.125], "texture": "#0"},
				"west": {"uv": [4.25, 7, 4.5, 7.25], "texture": "#0"},
				"up": {"uv": [5.125, 7.75, 5, 7.5], "texture": "#0"},
				"down": {"uv": [5.25, 7.5, 5.125, 7.75], "texture": "#0"}
			}
		},
		{
			"from": [2, -1, 15],
			"to": [4, 1, 16],
			"rotation": {"angle": 0, "axis": "y", "origin": [8, 4, 8]},
			"faces": {
				"north": {"uv": [7.25, 2.5, 7.5, 2.75], "texture": "#0"},
				"east": {"uv": [7.625, 4.375, 7.75, 4.625], "texture": "#0"},
				"south": {"uv": [3.75, 7.25, 4, 7.5], "texture": "#0"},
				"west": {"uv": [7.625, 4.625, 7.75, 4.875], "texture": "#0"},
				"up": {"uv": [7.875, 5, 7.625, 4.875], "texture": "#0"},
				"down": {"uv": [7.875, 5, 7.625, 5.125], "texture": "#0"}
			}
		},
		{
			"from": [12, -1, 15],
			"to": [14, 1, 16],
			"rotation": {"angle": 0, "axis": "y", "origin": [8, 4, 8]},
			"faces": {
				"north": {"uv": [7.25, 2, 7.5, 2.25], "texture": "#0"},
				"east": {"uv": [7.625, 3.625, 7.75, 3.875], "texture": "#0"},
				"south": {"uv": [7.25, 2.25, 7.5, 2.5], "texture": "#0"},
				"west": {"uv": [7.625, 3.875, 7.75, 4.125], "texture": "#0"},
				"up": {"uv": [7.875, 4.25, 7.625, 4.125], "texture": "#0"},
				"down": {"uv": [7.875, 4.25, 7.625, 4.375], "texture": "#0"}
			}
		},
		{
			"from": [12, 9, 15],
			"to": [14, 11, 16],
			"rotation": {"angle": 0, "axis": "y", "origin": [8, 4, 8]},
			"faces": {
				"north": {"uv": [1, 7.25, 1.25, 7.5], "texture": "#0"},
				"east": {"uv": [7.625, 2.875, 7.75, 3.125], "texture": "#0"},
				"south": {"uv": [1.25, 7.25, 1.5, 7.5], "texture": "#0"},
				"west": {"uv": [7.625, 3.125, 7.75, 3.375], "texture": "#0"},
				"up": {"uv": [7.875, 3.5, 7.625, 3.375], "texture": "#0"},
				"down": {"uv": [7.875, 3.5, 7.625, 3.625], "texture": "#0"}
			}
		},
		{
			"from": [2, 9, 15],
			"to": [4, 11, 16],
			"rotation": {"angle": 0, "axis": "y", "origin": [8, 4, 8]},
			"faces": {
				"north": {"uv": [7.25, 0.625, 7.5, 0.875], "texture": "#0"},
				"east": {"uv": [7.625, 2.125, 7.75, 2.375], "texture": "#0"},
				"south": {"uv": [0.75, 7.25, 1, 7.5], "texture": "#0"},
				"west": {"uv": [7.625, 2.375, 7.75, 2.625], "texture": "#0"},
				"up": {"uv": [7.875, 2.75, 7.625, 2.625], "texture": "#0"},
				"down": {"uv": [7.875, 2.75, 7.625, 2.875], "texture": "#0"}
			}
		},
		{
			"from": [2, -1, 0],
			"to": [4, 1, 1],
			"rotation": {"angle": 0, "axis": "y", "origin": [8, 4, 8]},
			"faces": {
				"north": {"uv": [7.25, 0.375, 7.5, 0.625], "texture": "#0"},
				"east": {"uv": [7.625, 1.5, 7.75, 1.75], "texture": "#0"},
				"south": {"uv": [0.5, 7.25, 0.75, 7.5], "texture": "#0"},
				"west": {"uv": [7.625, 1.75, 7.75, 2], "texture": "#0"},
				"up": {"uv": [7.875, 0.75, 7.625, 0.625], "texture": "#0"},
				"down": {"uv": [7.875, 2, 7.625, 2.125], "texture": "#0"}
			}
		},
		{
			"from": [2, 9, 0],
			"to": [4, 11, 1],
			"rotation": {"angle": 0, "axis": "y", "origin": [8, 4, 8]},
			"faces": {
				"north": {"uv": [0, 7.25, 0.25, 7.5], "texture": "#0"},
				"east": {"uv": [7.375, 7.5, 7.5, 7.75], "texture": "#0"},
				"south": {"uv": [0.25, 7.25, 0.5, 7.5], "texture": "#0"},
				"west": {"uv": [7.5, 7.375, 7.625, 7.625], "texture": "#0"},
				"up": {"uv": [7.875, 0.5, 7.625, 0.375], "texture": "#0"},
				"down": {"uv": [7.875, 0.5, 7.625, 0.625], "texture": "#0"}
			}
		},
		{
			"from": [12, 9, 0],
			"to": [14, 11, 1],
			"rotation": {"angle": 0, "axis": "y", "origin": [8, 4, 8]},
			"faces": {
				"north": {"uv": [6.75, 7, 7, 7.25], "texture": "#0"},
				"east": {"uv": [7, 7.5, 7.125, 7.75], "texture": "#0"},
				"south": {"uv": [7, 7, 7.25, 7.25], "texture": "#0"},
				"west": {"uv": [7.5, 7, 7.625, 7.25], "texture": "#0"},
				"up": {"uv": [7.375, 7.625, 7.125, 7.5], "texture": "#0"},
				"down": {"uv": [7.75, 7.25, 7.5, 7.375], "texture": "#0"}
			}
		},
		{
			"from": [12, -1, 0],
			"to": [14, 1, 1],
			"rotation": {"angle": 0, "axis": "y", "origin": [8, 4, 8]},
			"faces": {
				"north": {"uv": [6.25, 7, 6.5, 7.25], "texture": "#0"},
				"east": {"uv": [7.5, 6.75, 7.625, 7], "texture": "#0"},
				"south": {"uv": [6.5, 7, 6.75, 7.25], "texture": "#0"},
				"west": {"uv": [6.875, 7.5, 7, 7.75], "texture": "#0"},
				"up": {"uv": [7.25, 6.875, 7, 6.75], "texture": "#0"},
				"down": {"uv": [7.75, 0.75, 7.5, 0.875], "texture": "#0"}
			}
		},
		{
			"from": [2, -3, 2],
			"to": [4, -2, 4],
			"rotation": {"angle": 0, "axis": "x", "origin": [8, 5, 7]},
			"faces": {
				"north": {"uv": [7.75, 3.75, 8, 3.875], "texture": "#0"},
				"east": {"uv": [7.75, 3.875, 8, 4], "texture": "#0"},
				"south": {"uv": [4, 7.75, 4.25, 7.875], "texture": "#0"},
				"west": {"uv": [7.75, 4, 8, 4.125], "texture": "#0"},
				"up": {"uv": [7.5, 7.5, 7.25, 7.25], "texture": "#0"},
				"down": {"uv": [7.625, 5.75, 7.375, 6], "texture": "#0"}
			}
		},
		{
			"from": [12, -3, 2],
			"to": [14, -2, 4],
			"rotation": {"angle": 0, "axis": "x", "origin": [8, 5, 7]},
			"faces": {
				"north": {"uv": [7.75, 3.125, 8, 3.25], "texture": "#0"},
				"east": {"uv": [7.75, 3.25, 8, 3.375], "texture": "#0"},
				"south": {"uv": [7.75, 3.625, 8, 3.75], "texture": "#0"},
				"west": {"uv": [3.75, 7.75, 4, 7.875], "texture": "#0"},
				"up": {"uv": [7.25, 7.5, 7, 7.25], "texture": "#0"},
				"down": {"uv": [7.5, 7, 7.25, 7.25], "texture": "#0"}
			}
		},
		{
			"from": [12, -3, 12],
			"to": [14, -2, 14],
			"rotation": {"angle": 0, "axis": "x", "origin": [8, 5, 7]},
			"faces": {
				"north": {"uv": [7.75, 2.375, 8, 2.5], "texture": "#0"},
				"east": {"uv": [7.75, 2.5, 8, 2.625], "texture": "#0"},
				"south": {"uv": [7.75, 2.875, 8, 3], "texture": "#0"},
				"west": {"uv": [7.75, 3, 8, 3.125], "texture": "#0"},
				"up": {"uv": [7, 7.5, 6.75, 7.25], "texture": "#0"},
				"down": {"uv": [7.5, 6.75, 7.25, 7], "texture": "#0"}
			}
		},
		{
			"from": [2, -3, 12],
			"to": [4, -2, 14],
			"rotation": {"angle": 0, "axis": "x", "origin": [8, 5, 7]},
			"faces": {
				"north": {"uv": [7.75, 1.75, 8, 1.875], "texture": "#0"},
				"east": {"uv": [7.75, 1.875, 8, 2], "texture": "#0"},
				"south": {"uv": [7.75, 2.125, 8, 2.25], "texture": "#0"},
				"west": {"uv": [7.75, 2.25, 8, 2.375], "texture": "#0"},
				"up": {"uv": [6.5, 7.5, 6.25, 7.25], "texture": "#0"},
				"down": {"uv": [6.75, 7.25, 6.5, 7.5], "texture": "#0"}
			}
		},
		{
			"from": [2, 12, 2],
			"to": [4, 13, 4],
			"rotation": {"angle": 0, "axis": "x", "origin": [8, 5, 7]},
			"faces": {
				"north": {"uv": [7.75, 0.75, 8, 0.875], "texture": "#0"},
				"east": {"uv": [7.75, 0.875, 8, 1], "texture": "#0"},
				"south": {"uv": [7.75, 1.5, 8, 1.625], "texture": "#0"},
				"west": {"uv": [7.75, 1.625, 8, 1.75], "texture": "#0"},
				"up": {"uv": [5.75, 7.5, 5.5, 7.25], "texture": "#0"},
				"down": {"uv": [6, 7.25, 5.75, 7.5], "texture": "#0"}
			}
		},
		{
			"from": [2, 12, 12],
			"to": [4, 13, 14],
			"rotation": {"angle": 0, "axis": "x", "origin": [8, 5, 7]},
			"faces": {
				"north": {"uv": [7.625, 7.125, 7.875, 7.25], "texture": "#0"},
				"east": {"uv": [7.625, 7.375, 7.875, 7.5], "texture": "#0"},
				"south": {"uv": [7.5, 7.625, 7.75, 7.75], "texture": "#0"},
				"west": {"uv": [7.625, 7.5, 7.875, 7.625], "texture": "#0"},
				"up": {"uv": [5.25, 7.5, 5, 7.25], "texture": "#0"},
				"down": {"uv": [5.5, 7.25, 5.25, 7.5], "texture": "#0"}
			}
		},
		{
			"from": [12, 12, 12],
			"to": [14, 13, 14],
			"rotation": {"angle": 0, "axis": "x", "origin": [8, 5, 7]},
			"faces": {
				"north": {"uv": [7.625, 6.75, 7.875, 6.875], "texture": "#0"},
				"east": {"uv": [7.625, 6.875, 7.875, 7], "texture": "#0"},
				"south": {"uv": [7.625, 7, 7.875, 7.125], "texture": "#0"},
				"west": {"uv": [7.125, 7.625, 7.375, 7.75], "texture": "#0"},
				"up": {"uv": [4.75, 7.5, 4.5, 7.25], "texture": "#0"},
				"down": {"uv": [5, 7.25, 4.75, 7.5], "texture": "#0"}
			}
		},
		{
			"from": [12, 12, 2],
			"to": [14, 13, 4],
			"rotation": {"angle": 0, "axis": "x", "origin": [8, 5, 7]},
			"faces": {
				"north": {"uv": [7.625, 5.125, 7.875, 5.25], "texture": "#0"},
				"east": {"uv": [7.625, 5.25, 7.875, 5.375], "texture": "#0"},
				"south": {"uv": [7.625, 5.75, 7.875, 5.875], "texture": "#0"},
				"west": {"uv": [7.625, 5.875, 7.875, 6], "texture": "#0"},
				"up": {"uv": [4.25, 7.5, 4, 7.25], "texture": "#0"},
				"down": {"uv": [4.5, 7.25, 4.25, 7.5], "texture": "#0"}
			}
		},
		{
			"from": [0, -2, 4],
			"to": [1, 1, 12],
			"rotation": {"angle": 0, "axis": "y", "origin": [8, 5, 8]},
			"faces": {
				"north": {"uv": [0.875, 7.5, 1, 7.875], "texture": "#0"},
				"east": {"uv": [6.375, 6.125, 7.375, 6.5], "texture": "#0"},
				"south": {"uv": [1, 7.5, 1.125, 7.875], "texture": "#0"},
				"west": {"uv": [6.5, 2.75, 7.5, 3.125], "texture": "#0"},
				"up": {"uv": [2.375, 8, 2.25, 7], "texture": "#0"},
				"down": {"uv": [2.5, 7, 2.375, 8], "texture": "#0"}
			}
		},
		{
			"from": [2, 14, 2],
			"to": [14, 32, 14],
			"rotation": {"angle": 0, "axis": "y", "origin": [3, 14, 7]},
			"faces": {
				"north": {"uv": [2.5, 0, 4.5, 2.5], "texture": "#1"},
				"east": {"uv": [2.5, 2.5, 4.5, 5], "texture": "#1"},
				"south": {"uv": [4.5, 0, 6.5, 2.5], "texture": "#1"},
				"west": {"uv": [4.5, 2.5, 6.5, 5], "texture": "#1"},
				"up": {"uv": [2, 7, 0, 5], "texture": "#1"},
				"down": {"uv": [4, 5, 2, 7], "texture": "#1"}
			}
		},
		{
			"from": [-2, 12, 0],
			"to": [-1, 14, 16],
			"rotation": {"angle": 0, "axis": "y", "origin": [2, 12, 7]},
			"faces": {
				"north": {"uv": [4, 5, 6.5, 5.5], "texture": "#1"},
				"east": {"uv": [4, 5.5, 6.5, 6], "texture": "#1"},
				"south": {"uv": [4, 6, 6.5, 6.5], "texture": "#1"},
				"west": {"uv": [6.5, 0, 9, 0.5], "texture": "#1"},
				"up": {"uv": [2.5, 2.5, 0, 0], "texture": "#1"},
				"down": {"uv": [2.5, 2.5, 0, 5], "texture": "#1"}
			}
		},
		{
			"from": [-1, 12, -1],
			"to": [17, 14, 17],
			"rotation": {"angle": 0, "axis": "y", "origin": [3, 12, 7]},
			"faces": {
				"north": {"uv": [4, 5, 6.5, 5.5], "texture": "#1"},
				"east": {"uv": [4, 5.5, 6.5, 6], "texture": "#1"},
				"south": {"uv": [4, 6, 6.5, 6.5], "texture": "#1"},
				"west": {"uv": [6.5, 0, 9, 0.5], "texture": "#1"},
				"up": {"uv": [2.5, 2.5, 0, 0], "texture": "#1"},
				"down": {"uv": [2.5, 2.5, 0, 5], "texture": "#1"}
			}
		},
		{
			"from": [0, 12, -2],
			"to": [16, 14, -1],
			"rotation": {"angle": 0, "axis": "y", "origin": [7, 12, 8]},
			"faces": {
				"north": {"uv": [4, 5.5, 6.5, 6], "texture": "#1"},
				"east": {"uv": [4, 6, 6.5, 6.5], "texture": "#1"},
				"south": {"uv": [6.5, 0, 9, 0.5], "texture": "#1"},
				"west": {"uv": [4, 5, 6.5, 5.5], "texture": "#1"},
				"up": {"uv": [2.5, 2.5, 0, 0], "rotation": 270, "texture": "#1"},
				"down": {"uv": [2.5, 2.5, 0, 5], "rotation": 90, "texture": "#1"}
			}
		},
		{
			"from": [17, 12, 0],
			"to": [18, 14, 16],
			"rotation": {"angle": 0, "axis": "y", "origin": [19, 12, 7]},
			"faces": {
				"north": {"uv": [4, 5, 6.5, 5.5], "texture": "#1"},
				"east": {"uv": [4, 5.5, 6.5, 6], "texture": "#1"},
				"south": {"uv": [4, 6, 6.5, 6.5], "texture": "#1"},
				"west": {"uv": [6.5, 0, 9, 0.5], "texture": "#1"},
				"up": {"uv": [2.5, 2.5, 0, 0], "texture": "#1"},
				"down": {"uv": [2.5, 2.5, 0, 5], "texture": "#1"}
			}
		},
		{
			"from": [0, 12, 17],
			"to": [16, 14, 18],
			"rotation": {"angle": 0, "axis": "y", "origin": [7, 12, 8]},
			"faces": {
				"north": {"uv": [4, 5.5, 6.5, 6], "texture": "#1"},
				"east": {"uv": [4, 6, 6.5, 6.5], "texture": "#1"},
				"south": {"uv": [6.5, 0, 9, 0.5], "texture": "#1"},
				"west": {"uv": [4, 5, 6.5, 5.5], "texture": "#1"},
				"up": {"uv": [2.5, 2.5, 0, 0], "rotation": 270, "texture": "#1"},
				"down": {"uv": [2.5, 2.5, 0, 5], "rotation": 90, "texture": "#1"}
			}
		},
		{
			"from": [5.6, 2.6, -2],
			"to": [8.4, 5.4, 0],
			"rotation": {"angle": 0, "axis": "y", "origin": [6, 3, -2]},
			"faces": {
				"north": {"uv": [5, 2, 7, 4], "texture": "#2"},
				"east": {"uv": [5, 4, 7, 6], "texture": "#2"},
				"south": {"uv": [0, 6, 2, 8], "texture": "#2"},
				"west": {"uv": [2, 6, 4, 8], "texture": "#2"},
				"up": {"uv": [6, 8, 4, 6], "texture": "#2"},
				"down": {"uv": [8, 6, 6, 8], "texture": "#2"}
			}
		},
		{
			"from": [5.8, 2.8, -5],
			"to": [8.2, 5.2, -2],
			"rotation": {"angle": 0, "axis": "y", "origin": [6, 3, -4]},
			"faces": {
				"north": {"uv": [0, 4, 2, 6], "texture": "#2"},
				"east": {"uv": [0, 0, 3, 2], "texture": "#2"},
				"south": {"uv": [5, 0, 7, 2], "texture": "#2"},
				"west": {"uv": [0, 2, 3, 4], "texture": "#2"},
				"up": {"uv": [5, 3, 3, 0], "texture": "#2"},
				"down": {"uv": [5, 3, 3, 6], "texture": "#2"}
			}
		}
	],
	"display": {
		"thirdperson_righthand": {
			"translation": [0, 3.75, 0],
			"scale": [0.4, 0.4, 0.4]
		},
		"thirdperson_lefthand": {
			"translation": [0, 2.75, 0],
			"scale": [0.4, 0.4, 0.4]
		},
		"firstperson_righthand": {
			"translation": [2.25, 0, -2.25],
			"scale": [0.4, 0.4, 0.4]
		},
		"firstperson_lefthand": {
			"rotation": [-33, 132, 16],
			"translation": [2.75, 2.5, -1],
			"scale": [0.4, 0.4, 0.4]
		},
		"ground": {
			"translation": [0, 3.75, 0],
			"scale": [0.4, 0.4, 0.4]
		},
		"gui": {
			"rotation": [-10, -146, -19],
			"translation": [0, -2.5, 0],
			"scale": [0.4, 0.4, 0.4]
		},
		"head": {
			"translation": [0, 4, 0],
			"scale": [1.05, 1.05, 1.05]
		},
		"fixed": {
			"rotation": [-90, 0, 0],
			"translation": [0, 0, -11]
		}
	},
	"groups": [
		0,
		1,
		2,
		3,
		4,
		5,
		6,
		7,
		8,
		9,
		10,
		11,
		12,
		13,
		14,
		15,
		16,
		17,
		18,
		19,
		20,
		21,
		22,
		23,
		24,
		25,
		26,
		27,
		28,
		29,
		30,
		31,
		32,
		33,
		34,
		35,
		36,
		37,
		38,
		39,
		40,
		41,
		42,
		{
			"name": "hat",
			"origin": [7, 15, 8],
			"color": 0,
			"children": [43, 44, 45, 46, 47, 48]
		},
		49,
		50
	]
}