{
	"credit": "Made with Blockbench",
	"textures": {
		"0": "item/special_event/moon_festival_2024/bbq_rabbit/white",
		"2": "item/special_event/moon_festival_2024/bbq_rabbit/texture",
		"3": "item/special_event/moon_festival_2024/bbq_rabbit/steak",
		"particle": "item/howshop_gacha/rabbit/bw"
	},
	"elements": [
		{
			"from": [6.8, 7, 9],
			"to": [10.2, 9.2, 10.5],
			"rotation": {"angle": 0, "axis": "y", "origin": [8.5, 7.25, 4.21765]},
			"faces": {
				"north": {"uv": [12.5, 2.5, 14, 3.5], "texture": "#0"},
				"east": {"uv": [11.5, 0, 12.5, 1], "texture": "#0"},
				"south": {"uv": [12.5, 10, 14, 11], "texture": "#0"},
				"west": {"uv": [11.5, 1, 12.5, 2], "texture": "#0"},
				"up": {"uv": [14, 12, 12.5, 11], "texture": "#0"},
				"down": {"uv": [13, 12.5, 11.5, 13.5], "texture": "#0"}
			}
		},
		{
			"from": [6, 7, 4],
			"to": [11, 12, 9],
			"rotation": {"angle": 0, "axis": "y", "origin": [8.5, 7.25, 4.21765]},
			"faces": {
				"north": {"uv": [0, 0, 2.5, 2.5], "texture": "#0"},
				"east": {"uv": [0, 2.5, 2.5, 5], "texture": "#0"},
				"south": {"uv": [2.5, 0, 5, 2.5], "texture": "#0"},
				"west": {"uv": [2.5, 2.5, 5, 5], "texture": "#0"},
				"up": {"uv": [2.5, 7.5, 0, 5], "texture": "#0"},
				"down": {"uv": [7.5, 0, 5, 2.5], "texture": "#0"}
			}
		},
		{
			"from": [9.2, 10.5, 5],
			"to": [11.2, 16.5, 6],
			"rotation": {"angle": 0, "axis": "y", "origin": [8.5, 7.25, 4.21765]},
			"faces": {
				"north": {"uv": [7, 9, 8, 12], "texture": "#0"},
				"east": {"uv": [4, 12, 4.5, 15], "texture": "#0"},
				"south": {"uv": [0, 10, 1, 13], "texture": "#0"},
				"west": {"uv": [0, 13, 0.5, 16], "texture": "#0"},
				"up": {"uv": [14.5, 2.5, 13.5, 2], "texture": "#0"},
				"down": {"uv": [14.5, 9.5, 13.5, 10], "texture": "#0"}
			}
		},
		{
			"from": [5.8, 10.5, 5],
			"to": [7.8, 16.5, 6],
			"rotation": {"angle": 0, "axis": "y", "origin": [8.5, 7.25, 4.21765]},
			"faces": {
				"north": {"uv": [1, 10, 2, 13], "texture": "#0"},
				"east": {"uv": [0.5, 13, 1, 16], "texture": "#0"},
				"south": {"uv": [2, 10, 3, 13], "texture": "#0"},
				"west": {"uv": [1, 13, 1.5, 16], "texture": "#0"},
				"up": {"uv": [2.5, 14.5, 1.5, 14], "texture": "#0"},
				"down": {"uv": [15, 2.5, 14, 3], "texture": "#0"}
			}
		},
		{
			"from": [5.9, 3.68176, 1.69828],
			"to": [11.1, 8.68176, 6.69828],
			"rotation": {"angle": -22.5, "axis": "x", "origin": [8.5, 7.25, 4.21765]},
			"faces": {
				"north": {"uv": [2.5, 5, 5, 7.5], "texture": "#0"},
				"east": {"uv": [5, 2.5, 7.5, 5], "texture": "#0"},
				"south": {"uv": [5, 5, 7.5, 7.5], "texture": "#0"},
				"west": {"uv": [0, 7.5, 2.5, 10], "texture": "#0"},
				"up": {"uv": [10, 2.5, 7.5, 0], "texture": "#0"},
				"down": {"uv": [5, 7.5, 2.5, 10], "texture": "#0"}
			}
		},
		{
			"from": [5.5, 3.02827, -2.1328],
			"to": [11.5, 7.52827, 0.8672],
			"rotation": {"angle": -22.5, "axis": "x", "origin": [8.5, 7.25, 4.21765]},
			"faces": {
				"north": {"uv": [7.5, 2.5, 10.5, 4.5], "texture": "#0"},
				"east": {"uv": [10, 0, 11.5, 2], "texture": "#0"},
				"south": {"uv": [7.5, 4.5, 10.5, 6.5], "texture": "#0"},
				"west": {"uv": [3, 10, 4.5, 12], "texture": "#0"},
				"up": {"uv": [8, 9, 5, 7.5], "texture": "#0"},
				"down": {"uv": [11, 6.5, 8, 8], "texture": "#0"}
			}
		},
		{
			"from": [6.5, 4.18176, -1.30172],
			"to": [10.5, 8.18176, 1.69828],
			"rotation": {"angle": -22.5, "axis": "x", "origin": [8.5, 7.25, 4.21765]},
			"faces": {
				"north": {"uv": [8, 8, 10, 10], "texture": "#0"},
				"east": {"uv": [8, 10, 9.5, 12], "texture": "#0"},
				"south": {"uv": [5, 9, 7, 11], "texture": "#0"},
				"west": {"uv": [10, 8, 11.5, 10], "texture": "#0"},
				"up": {"uv": [11.5, 11.5, 9.5, 10], "texture": "#0"},
				"down": {"uv": [12.5, 2, 10.5, 3.5], "texture": "#0"}
			}
		},
		{
			"from": [8, 6.91982, -2.49307],
			"to": [10, 8.91982, -0.49307],
			"rotation": {"angle": -22.5, "axis": "x", "origin": [8.5, 7.25, 4.21765]},
			"faces": {
				"north": {"uv": [1.5, 13, 2.5, 14], "texture": "#0"},
				"east": {"uv": [13, 3.5, 14, 4.5], "texture": "#0"},
				"south": {"uv": [13, 4.5, 14, 5.5], "texture": "#0"},
				"west": {"uv": [13, 5.5, 14, 6.5], "texture": "#0"},
				"up": {"uv": [14, 13, 13, 12], "texture": "#0"},
				"down": {"uv": [14, 13, 13, 14], "texture": "#0"}
			}
		},
		{
			"from": [5.6, 0, 0],
			"to": [7.6, 2, 5],
			"rotation": {"angle": 0, "axis": "y", "origin": [8.5, 7.25, 4.21765]},
			"faces": {
				"north": {"uv": [13.5, 0, 14.5, 1], "texture": "#0"},
				"east": {"uv": [10.5, 3.5, 13, 4.5], "texture": "#0"},
				"south": {"uv": [13.5, 1, 14.5, 2], "texture": "#0"},
				"west": {"uv": [10.5, 4.5, 13, 5.5], "texture": "#0"},
				"up": {"uv": [5.5, 13.5, 4.5, 11], "texture": "#0"},
				"down": {"uv": [6.5, 11, 5.5, 13.5], "texture": "#0"}
			}
		},
		{
			"from": [9.4, 0, 0],
			"to": [11.4, 2, 5],
			"rotation": {"angle": 0, "axis": "y", "origin": [8.5, 7.25, 4.21765]},
			"faces": {
				"north": {"uv": [4.5, 13.5, 5.5, 14.5], "texture": "#0"},
				"east": {"uv": [10.5, 5.5, 13, 6.5], "texture": "#0"},
				"south": {"uv": [5.5, 13.5, 6.5, 14.5], "texture": "#0"},
				"west": {"uv": [11, 6.5, 13.5, 7.5], "texture": "#0"},
				"up": {"uv": [12.5, 10, 11.5, 7.5], "texture": "#0"},
				"down": {"uv": [10.5, 11.5, 9.5, 14], "texture": "#0"}
			}
		},
		{
			"from": [5.6, -0.42602, 4.08527],
			"to": [7.6, 4.57398, 6.08527],
			"rotation": {"angle": -22.5, "axis": "x", "origin": [8.5, 7.25, 4.21765]},
			"faces": {
				"north": {"uv": [7.5, 12, 8.5, 14.5], "texture": "#0"},
				"east": {"uv": [8.5, 12, 9.5, 14.5], "texture": "#0"},
				"south": {"uv": [12.5, 0, 13.5, 2.5], "texture": "#0"},
				"west": {"uv": [12.5, 7.5, 13.5, 10], "texture": "#0"},
				"up": {"uv": [14.5, 9.5, 13.5, 8.5], "texture": "#0"},
				"down": {"uv": [12.5, 13.5, 11.5, 14.5], "texture": "#0"}
			}
		},
		{
			"from": [9.4, -0.42602, 4.08527],
			"to": [11.4, 4.57398, 6.08527],
			"rotation": {"angle": -22.5, "axis": "x", "origin": [8.5, 7.25, 4.21765]},
			"faces": {
				"north": {"uv": [11.5, 10, 12.5, 12.5], "texture": "#0"},
				"east": {"uv": [10.5, 11.5, 11.5, 14], "texture": "#0"},
				"south": {"uv": [3, 12, 4, 14.5], "texture": "#0"},
				"west": {"uv": [6.5, 12, 7.5, 14.5], "texture": "#0"},
				"up": {"uv": [14.5, 7.5, 13.5, 6.5], "texture": "#0"},
				"down": {"uv": [14.5, 7.5, 13.5, 8.5], "texture": "#0"}
			}
		},
		{
			"from": [3, 4, 11],
			"to": [14, 5, 16],
			"rotation": {"angle": 0, "axis": "y", "origin": [6, 4, 14]},
			"faces": {
				"north": {"uv": [5.5, 2, 11, 2.5], "texture": "#2"},
				"east": {"uv": [0, 7, 2.5, 7.5], "texture": "#2"},
				"south": {"uv": [5.5, 2.5, 11, 3], "texture": "#2"},
				"west": {"uv": [2.5, 7, 5, 7.5], "texture": "#2"},
				"up": {"uv": [5.5, 2.5, 0, 0], "texture": "#2"},
				"down": {"uv": [5.5, 2.5, 0, 5], "texture": "#2"}
			}
		},
		{
			"from": [3.5, 2, 11.5],
			"to": [13.5, 4, 15.5],
			"rotation": {"angle": 0, "axis": "y", "origin": [6.5, 3, 14.5]},
			"faces": {
				"north": {"uv": [5.5, 0, 10.5, 1], "texture": "#2"},
				"east": {"uv": [5.5, 3, 7.5, 4], "texture": "#2"},
				"south": {"uv": [5.5, 1, 10.5, 2], "texture": "#2"},
				"west": {"uv": [5.5, 4, 7.5, 5], "texture": "#2"},
				"up": {"uv": [5, 7, 0, 5], "texture": "#2"},
				"down": {"uv": [10, 5, 5, 7], "texture": "#2"}
			}
		},
		{
			"from": [4, 0, 11.8],
			"to": [4.3, 2, 12.1],
			"rotation": {"angle": 0, "axis": "y", "origin": [4, 0, 11.8]},
			"faces": {
				"north": {"uv": [5, 7, 5.25, 8], "texture": "#2"},
				"east": {"uv": [5.5, 7, 5.75, 8], "texture": "#2"},
				"south": {"uv": [6, 7, 6.25, 8], "texture": "#2"},
				"west": {"uv": [6.5, 7, 6.75, 8], "texture": "#2"},
				"up": {"uv": [4.75, 7.75, 4.5, 7.5], "texture": "#2"},
				"down": {"uv": [7.75, 7, 7.5, 7.25], "texture": "#2"}
			}
		},
		{
			"from": [4, 0, 14.9],
			"to": [4.3, 2, 15.2],
			"rotation": {"angle": 0, "axis": "y", "origin": [4, 0, 14.9]},
			"faces": {
				"north": {"uv": [7, 7, 7.25, 8], "texture": "#2"},
				"east": {"uv": [0, 7.5, 0.25, 8.5], "texture": "#2"},
				"south": {"uv": [0.5, 7.5, 0.75, 8.5], "texture": "#2"},
				"west": {"uv": [1, 7.5, 1.25, 8.5], "texture": "#2"},
				"up": {"uv": [7.75, 7.75, 7.5, 7.5], "texture": "#2"},
				"down": {"uv": [8.25, 3, 8, 3.25], "texture": "#2"}
			}
		},
		{
			"from": [12.7, 0, 14.9],
			"to": [13, 2, 15.2],
			"rotation": {"angle": 0, "axis": "y", "origin": [12.7, 0, 14.9]},
			"faces": {
				"north": {"uv": [1.5, 7.5, 1.75, 8.5], "texture": "#2"},
				"east": {"uv": [2, 7.5, 2.25, 8.5], "texture": "#2"},
				"south": {"uv": [2.5, 7.5, 2.75, 8.5], "texture": "#2"},
				"west": {"uv": [3, 7.5, 3.25, 8.5], "texture": "#2"},
				"up": {"uv": [8.25, 3.75, 8, 3.5], "texture": "#2"},
				"down": {"uv": [8.25, 4, 8, 4.25], "texture": "#2"}
			}
		},
		{
			"from": [12.7, 0, 11.8],
			"to": [13, 2, 12.1],
			"rotation": {"angle": 0, "axis": "y", "origin": [12.7, 0, 11.8]},
			"faces": {
				"north": {"uv": [7.5, 3, 7.75, 4], "texture": "#2"},
				"east": {"uv": [3.5, 7.5, 3.75, 8.5], "texture": "#2"},
				"south": {"uv": [4, 7.5, 4.25, 8.5], "texture": "#2"},
				"west": {"uv": [7.5, 4, 7.75, 5], "texture": "#2"},
				"up": {"uv": [4.75, 8.25, 4.5, 8], "texture": "#2"},
				"down": {"uv": [8.25, 4.5, 8, 4.75], "texture": "#2"}
			}
		},
		{
			"from": [10, 5, 12],
			"to": [11, 5.2, 12.6],
			"rotation": {"angle": 0, "axis": "y", "origin": [9, 5, 12]},
			"faces": {
				"north": {"uv": [7, 2, 12, 4], "texture": "#3"},
				"east": {"uv": [5, 4, 8, 6], "texture": "#3"},
				"south": {"uv": [7, 2, 12, 4], "texture": "#3"},
				"west": {"uv": [5, 4, 8, 6], "texture": "#3"},
				"up": {"uv": [9, 10, 2, 7], "texture": "#3"},
				"down": {"uv": [9, 7, 2, 10], "texture": "#3"}
			}
		},
		{
			"from": [10.4, 5, 10.2],
			"to": [10.5, 5.1, 15.2],
			"rotation": {"angle": 0, "axis": "y", "origin": [9.5, 5, 13.2]},
			"faces": {
				"north": {"uv": [3, 4, 4, 5], "texture": "#3"},
				"east": {"uv": [0, 0, 5, 1], "texture": "#3"},
				"south": {"uv": [4, 3, 5, 4], "texture": "#3"},
				"west": {"uv": [0, 1, 5, 2], "texture": "#3"},
				"up": {"uv": [1, 7, 0, 2], "texture": "#3"},
				"down": {"uv": [2, 2, 1, 7], "texture": "#3"}
			}
		},
		{
			"from": [10, 5, 14],
			"to": [11, 5.2, 14.6],
			"rotation": {"angle": 0, "axis": "y", "origin": [9, 5, 14]},
			"faces": {
				"north": {"uv": [7, 2, 12, 4], "texture": "#3"},
				"east": {"uv": [5, 4, 8, 6], "texture": "#3"},
				"south": {"uv": [7, 2, 12, 4], "texture": "#3"},
				"west": {"uv": [5, 4, 8, 6], "texture": "#3"},
				"up": {"uv": [9, 10, 2, 7], "texture": "#3"},
				"down": {"uv": [9, 7, 2, 10], "texture": "#3"}
			}
		},
		{
			"from": [10, 5, 13],
			"to": [11, 5.2, 13.6],
			"rotation": {"angle": 0, "axis": "y", "origin": [9, 5, 13]},
			"faces": {
				"north": {"uv": [7, 2, 12, 4], "texture": "#3"},
				"east": {"uv": [5, 4, 8, 6], "texture": "#3"},
				"south": {"uv": [7, 2, 12, 4], "texture": "#3"},
				"west": {"uv": [5, 4, 8, 6], "texture": "#3"},
				"up": {"uv": [9, 10, 2, 7], "texture": "#3"},
				"down": {"uv": [9, 7, 2, 10], "texture": "#3"}
			}
		},
		{
			"from": [8, 5, 12],
			"to": [9, 5.2, 12.6],
			"rotation": {"angle": 0, "axis": "y", "origin": [7, 5, 12]},
			"faces": {
				"north": {"uv": [7, 2, 12, 4], "texture": "#3"},
				"east": {"uv": [5, 4, 8, 6], "texture": "#3"},
				"south": {"uv": [7, 2, 12, 4], "texture": "#3"},
				"west": {"uv": [5, 4, 8, 6], "texture": "#3"},
				"up": {"uv": [9, 10, 2, 7], "texture": "#3"},
				"down": {"uv": [9, 7, 2, 10], "texture": "#3"}
			}
		},
		{
			"from": [8.4, 5, 10.2],
			"to": [8.5, 5.1, 15.2],
			"rotation": {"angle": 0, "axis": "y", "origin": [7.5, 5, 13.2]},
			"faces": {
				"north": {"uv": [3, 4, 4, 5], "texture": "#3"},
				"east": {"uv": [0, 0, 5, 1], "texture": "#3"},
				"south": {"uv": [4, 3, 5, 4], "texture": "#3"},
				"west": {"uv": [0, 1, 5, 2], "texture": "#3"},
				"up": {"uv": [1, 7, 0, 2], "texture": "#3"},
				"down": {"uv": [2, 2, 1, 7], "texture": "#3"}
			}
		},
		{
			"from": [8, 5, 14],
			"to": [9, 5.2, 14.6],
			"rotation": {"angle": 0, "axis": "y", "origin": [7, 5, 14]},
			"faces": {
				"north": {"uv": [7, 2, 12, 4], "texture": "#3"},
				"east": {"uv": [5, 4, 8, 6], "texture": "#3"},
				"south": {"uv": [7, 2, 12, 4], "texture": "#3"},
				"west": {"uv": [5, 4, 8, 6], "texture": "#3"},
				"up": {"uv": [9, 10, 2, 7], "texture": "#3"},
				"down": {"uv": [9, 7, 2, 10], "texture": "#3"}
			}
		},
		{
			"from": [8, 5, 13],
			"to": [9, 5.2, 13.6],
			"rotation": {"angle": 0, "axis": "y", "origin": [7, 5, 13]},
			"faces": {
				"north": {"uv": [7, 2, 12, 4], "texture": "#3"},
				"east": {"uv": [5, 4, 8, 6], "texture": "#3"},
				"south": {"uv": [7, 2, 12, 4], "texture": "#3"},
				"west": {"uv": [5, 4, 8, 6], "texture": "#3"},
				"up": {"uv": [9, 10, 2, 7], "texture": "#3"},
				"down": {"uv": [9, 7, 2, 10], "texture": "#3"}
			}
		},
		{
			"from": [6, 5, 12],
			"to": [7, 5.2, 12.6],
			"rotation": {"angle": 0, "axis": "y", "origin": [5, 5, 12]},
			"faces": {
				"north": {"uv": [7, 2, 12, 4], "texture": "#3"},
				"east": {"uv": [5, 4, 8, 6], "texture": "#3"},
				"south": {"uv": [7, 2, 12, 4], "texture": "#3"},
				"west": {"uv": [5, 4, 8, 6], "texture": "#3"},
				"up": {"uv": [9, 10, 2, 7], "texture": "#3"},
				"down": {"uv": [9, 7, 2, 10], "texture": "#3"}
			}
		},
		{
			"from": [6.4, 5, 10.2],
			"to": [6.5, 5.1, 15.2],
			"rotation": {"angle": 0, "axis": "y", "origin": [5.5, 5, 13.2]},
			"faces": {
				"north": {"uv": [3, 4, 4, 5], "texture": "#3"},
				"east": {"uv": [0, 0, 5, 1], "texture": "#3"},
				"south": {"uv": [4, 3, 5, 4], "texture": "#3"},
				"west": {"uv": [0, 1, 5, 2], "texture": "#3"},
				"up": {"uv": [1, 7, 0, 2], "texture": "#3"},
				"down": {"uv": [2, 2, 1, 7], "texture": "#3"}
			}
		},
		{
			"from": [6, 5, 14],
			"to": [7, 5.2, 14.6],
			"rotation": {"angle": 0, "axis": "y", "origin": [5, 5, 14]},
			"faces": {
				"north": {"uv": [7, 2, 12, 4], "texture": "#3"},
				"east": {"uv": [5, 4, 8, 6], "texture": "#3"},
				"south": {"uv": [7, 2, 12, 4], "texture": "#3"},
				"west": {"uv": [5, 4, 8, 6], "texture": "#3"},
				"up": {"uv": [9, 10, 2, 7], "texture": "#3"},
				"down": {"uv": [9, 7, 2, 10], "texture": "#3"}
			}
		},
		{
			"from": [6, 5, 13],
			"to": [7, 5.2, 13.6],
			"rotation": {"angle": 0, "axis": "y", "origin": [5, 5, 13]},
			"faces": {
				"north": {"uv": [7, 2, 12, 4], "texture": "#3"},
				"east": {"uv": [5, 4, 8, 6], "texture": "#3"},
				"south": {"uv": [7, 2, 12, 4], "texture": "#3"},
				"west": {"uv": [5, 4, 8, 6], "texture": "#3"},
				"up": {"uv": [9, 10, 2, 7], "texture": "#3"},
				"down": {"uv": [9, 7, 2, 10], "texture": "#3"}
			}
		},
		{
			"from": [4, 5, 12],
			"to": [5, 5.2, 12.6],
			"rotation": {"angle": 0, "axis": "y", "origin": [3, 5, 12]},
			"faces": {
				"north": {"uv": [7, 2, 12, 4], "texture": "#3"},
				"east": {"uv": [5, 4, 8, 6], "texture": "#3"},
				"south": {"uv": [7, 2, 12, 4], "texture": "#3"},
				"west": {"uv": [5, 4, 8, 6], "texture": "#3"},
				"up": {"uv": [9, 10, 2, 7], "texture": "#3"},
				"down": {"uv": [9, 7, 2, 10], "texture": "#3"}
			}
		},
		{
			"from": [4.4, 5, 10.2],
			"to": [4.5, 5.1, 15.2],
			"rotation": {"angle": 0, "axis": "y", "origin": [3.5, 5, 13.2]},
			"faces": {
				"north": {"uv": [3, 4, 4, 5], "texture": "#3"},
				"east": {"uv": [0, 0, 5, 1], "texture": "#3"},
				"south": {"uv": [4, 3, 5, 4], "texture": "#3"},
				"west": {"uv": [0, 1, 5, 2], "texture": "#3"},
				"up": {"uv": [1, 7, 0, 2], "texture": "#3"},
				"down": {"uv": [2, 2, 1, 7], "texture": "#3"}
			}
		},
		{
			"from": [4, 5, 14],
			"to": [5, 5.2, 14.6],
			"rotation": {"angle": 0, "axis": "y", "origin": [3, 5, 14]},
			"faces": {
				"north": {"uv": [7, 2, 12, 4], "texture": "#3"},
				"east": {"uv": [5, 4, 8, 6], "texture": "#3"},
				"south": {"uv": [7, 2, 12, 4], "texture": "#3"},
				"west": {"uv": [5, 4, 8, 6], "texture": "#3"},
				"up": {"uv": [9, 10, 2, 7], "texture": "#3"},
				"down": {"uv": [9, 7, 2, 10], "texture": "#3"}
			}
		},
		{
			"from": [4, 5, 13],
			"to": [5, 5.2, 13.6],
			"rotation": {"angle": 0, "axis": "y", "origin": [3, 5, 13]},
			"faces": {
				"north": {"uv": [7, 2, 12, 4], "texture": "#3"},
				"east": {"uv": [5, 4, 8, 6], "texture": "#3"},
				"south": {"uv": [7, 2, 12, 4], "texture": "#3"},
				"west": {"uv": [5, 4, 8, 6], "texture": "#3"},
				"up": {"uv": [9, 10, 2, 7], "texture": "#3"},
				"down": {"uv": [9, 7, 2, 10], "texture": "#3"}
			}
		},
		{
			"from": [12, 5, 12],
			"to": [13, 5.2, 12.6],
			"rotation": {"angle": 0, "axis": "y", "origin": [11, 5, 12]},
			"faces": {
				"north": {"uv": [7, 2, 12, 4], "texture": "#3"},
				"east": {"uv": [5, 4, 8, 6], "texture": "#3"},
				"south": {"uv": [7, 2, 12, 4], "texture": "#3"},
				"west": {"uv": [5, 4, 8, 6], "texture": "#3"},
				"up": {"uv": [9, 10, 2, 7], "texture": "#3"},
				"down": {"uv": [9, 7, 2, 10], "texture": "#3"}
			}
		},
		{
			"from": [12.4, 5, 10.2],
			"to": [12.5, 5.1, 15.2],
			"rotation": {"angle": 0, "axis": "y", "origin": [11.5, 5, 13.2]},
			"faces": {
				"north": {"uv": [3, 4, 4, 5], "texture": "#3"},
				"east": {"uv": [0, 0, 5, 1], "texture": "#3"},
				"south": {"uv": [4, 3, 5, 4], "texture": "#3"},
				"west": {"uv": [0, 1, 5, 2], "texture": "#3"},
				"up": {"uv": [1, 7, 0, 2], "texture": "#3"},
				"down": {"uv": [2, 2, 1, 7], "texture": "#3"}
			}
		},
		{
			"from": [12, 5, 14],
			"to": [13, 5.2, 14.6],
			"rotation": {"angle": 0, "axis": "y", "origin": [11, 5, 14]},
			"faces": {
				"north": {"uv": [7, 2, 12, 4], "texture": "#3"},
				"east": {"uv": [5, 4, 8, 6], "texture": "#3"},
				"south": {"uv": [7, 2, 12, 4], "texture": "#3"},
				"west": {"uv": [5, 4, 8, 6], "texture": "#3"},
				"up": {"uv": [9, 10, 2, 7], "texture": "#3"},
				"down": {"uv": [9, 7, 2, 10], "texture": "#3"}
			}
		},
		{
			"from": [12, 5, 13],
			"to": [13, 5.2, 13.6],
			"rotation": {"angle": 0, "axis": "y", "origin": [11, 5, 13]},
			"faces": {
				"north": {"uv": [7, 2, 12, 4], "texture": "#3"},
				"east": {"uv": [5, 4, 8, 6], "texture": "#3"},
				"south": {"uv": [7, 2, 12, 4], "texture": "#3"},
				"west": {"uv": [5, 4, 8, 6], "texture": "#3"},
				"up": {"uv": [9, 10, 2, 7], "texture": "#3"},
				"down": {"uv": [9, 7, 2, 10], "texture": "#3"}
			}
		}
	],
	"gui_light": "front",
	"display": {
		"thirdperson_righthand": {
			"rotation": [77, 180, 0],
			"translation": [0, 3.75, 1],
			"scale": [0.75, 0.75, 0.75]
		},
		"thirdperson_lefthand": {
			"rotation": [77, 180, 0],
			"translation": [-0.25, 3.75, 1],
			"scale": [0.75, 0.75, 0.75]
		},
		"firstperson_righthand": {
			"rotation": [0, -63, 24],
			"translation": [2.75, 3, 0],
			"scale": [0.5, 0.5, 0.5]
		},
		"firstperson_lefthand": {
			"rotation": [0, -66, 28],
			"translation": [3.5, 3, 0],
			"scale": [0.5, 0.5, 0.5]
		},
		"ground": {
			"translation": [0, 4.5, 0]
		},
		"gui": {
			"rotation": [15, -45, 7],
			"translation": [-0.25, 0, 0],
			"scale": [0.85, 0.85, 0.85]
		},
		"head": {
			"rotation": [0, 180, 0],
			"translation": [0.5, 13, -0.25],
			"scale": [0.85, 0.85, 0.85]
		},
		"fixed": {
			"rotation": [-90, 0, 0],
			"translation": [-1.25, 0.5, -15.25],
			"scale": [2, 2, 2]
		}
	},
	"groups": [
		{
			"name": "group",
			"origin": [7.8, 12.5, 8],
			"color": 0,
			"children": [0, 1, 2, 3]
		},
		{
			"name": "group",
			"origin": [9, 3, 1.3],
			"color": 0,
			"children": [4, 5, 6, 7, 8, 9, 10, 11]
		},
		{
			"name": "group",
			"origin": [12.7, 0, 11.8],
			"color": 0,
			"children": [
				12,
				13,
				14,
				15,
				16,
				17,
				{
					"name": "group",
					"origin": [9, 5, 13],
					"color": 0,
					"children": [18, 19, 20, 21]
				},
				{
					"name": "group",
					"origin": [9, 5, 13],
					"color": 0,
					"children": [22, 23, 24, 25]
				},
				{
					"name": "group",
					"origin": [9, 5, 13],
					"color": 0,
					"children": [26, 27, 28, 29]
				},
				{
					"name": "group",
					"origin": [9, 5, 13],
					"color": 0,
					"children": [30, 31, 32, 33]
				},
				{
					"name": "group",
					"origin": [9, 5, 13],
					"color": 0,
					"children": [34, 35, 36, 37]
				}
			]
		}
	]
}