{
	"credit": "Made with Blockbench",
	"texture_size": [32, 32],
	"textures": {
		"0": "item/special_event/moon_festival_2024/medicine_rabbit/white",
		"2": "item/special_event/moon_festival_2024/medicine_rabbit/wood",
		"particle": "item/howshop_gacha/rabbit/bw"
	},
	"elements": [
		{
			"from": [9.8, 8.7, 7.8],
			"to": [13.2, 10.9, 9.3],
			"rotation": {"angle": 0, "axis": "y", "origin": [11.5, 8.95, 3.01765]},
			"faces": {
				"north": {"uv": [12.5, 2.5, 14, 3.5], "texture": "#0"},
				"east": {"uv": [11.5, 0, 12.5, 1], "texture": "#0"},
				"south": {"uv": [12.5, 10, 14, 11], "texture": "#0"},
				"west": {"uv": [11.5, 1, 12.5, 2], "texture": "#0"},
				"up": {"uv": [14, 12, 12.5, 11], "texture": "#0"},
				"down": {"uv": [13, 12.5, 11.5, 13.5], "texture": "#0"}
			}
		},
		{
			"from": [9, 8.7, 2.8],
			"to": [14, 13.7, 7.8],
			"rotation": {"angle": 0, "axis": "y", "origin": [11.5, 8.95, 3.01765]},
			"faces": {
				"north": {"uv": [0, 0, 2.5, 2.5], "texture": "#0"},
				"east": {"uv": [0, 2.5, 2.5, 5], "texture": "#0"},
				"south": {"uv": [2.5, 0, 5, 2.5], "texture": "#0"},
				"west": {"uv": [2.5, 2.5, 5, 5], "texture": "#0"},
				"up": {"uv": [2.5, 7.5, 0, 5], "texture": "#0"},
				"down": {"uv": [7.5, 0, 5, 2.5], "texture": "#0"}
			}
		},
		{
			"from": [12.2, 12.2, 3.8],
			"to": [14.2, 18.2, 4.8],
			"rotation": {"angle": 0, "axis": "y", "origin": [11.5, 8.95, 3.01765]},
			"faces": {
				"north": {"uv": [7, 9, 8, 12], "texture": "#0"},
				"east": {"uv": [4, 12, 4.5, 15], "texture": "#0"},
				"south": {"uv": [0, 10, 1, 13], "texture": "#0"},
				"west": {"uv": [0, 13, 0.5, 16], "texture": "#0"},
				"up": {"uv": [14.5, 2.5, 13.5, 2], "texture": "#0"},
				"down": {"uv": [14.5, 9.5, 13.5, 10], "texture": "#0"}
			}
		},
		{
			"from": [8.8, 12.2, 3.8],
			"to": [10.8, 18.2, 4.8],
			"rotation": {"angle": 0, "axis": "y", "origin": [11.5, 8.95, 3.01765]},
			"faces": {
				"north": {"uv": [1, 10, 2, 13], "texture": "#0"},
				"east": {"uv": [0.5, 13, 1, 16], "texture": "#0"},
				"south": {"uv": [2, 10, 3, 13], "texture": "#0"},
				"west": {"uv": [1, 13, 1.5, 16], "texture": "#0"},
				"up": {"uv": [2.5, 14.5, 1.5, 14], "texture": "#0"},
				"down": {"uv": [15, 2.5, 14, 3], "texture": "#0"}
			}
		},
		{
			"from": [8.9, 3.83063, 2.78589],
			"to": [14.1, 8.83063, 7.78589],
			"rotation": {"angle": 0, "axis": "x", "origin": [11.5, 6.35, 4.21765]},
			"faces": {
				"north": {"uv": [10, 2.5, 7.5, 0], "rotation": 180, "texture": "#0"},
				"east": {"uv": [5, 2.5, 7.5, 5], "rotation": 90, "texture": "#0"},
				"south": {"uv": [5, 7.5, 2.5, 10], "texture": "#0"},
				"west": {"uv": [0, 7.5, 2.5, 10], "rotation": 270, "texture": "#0"},
				"up": {"uv": [5, 5, 7.5, 7.5], "texture": "#0"},
				"down": {"uv": [2.5, 5, 5, 7.5], "rotation": 180, "texture": "#0"}
			}
		},
		{
			"from": [8.5, -0.00045, 3.93938],
			"to": [14.5, 2.99955, 8.43938],
			"rotation": {"angle": 0, "axis": "x", "origin": [11.5, 6.35, 4.21765]},
			"faces": {
				"north": {"uv": [8, 9, 5, 7.5], "rotation": 180, "texture": "#0"},
				"east": {"uv": [10, 0, 11.5, 2], "rotation": 90, "texture": "#0"},
				"south": {"uv": [11, 6.5, 8, 8], "texture": "#0"},
				"west": {"uv": [3, 10, 4.5, 12], "rotation": 270, "texture": "#0"},
				"up": {"uv": [7.5, 4.5, 10.5, 6.5], "texture": "#0"},
				"down": {"uv": [7.5, 2.5, 10.5, 4.5], "rotation": 180, "texture": "#0"}
			}
		},
		{
			"from": [9.5, 0.83063, 3.28589],
			"to": [13.5, 3.83063, 7.28589],
			"rotation": {"angle": 0, "axis": "x", "origin": [11.5, 6.35, 4.21765]},
			"faces": {
				"north": {"uv": [11.5, 11.5, 9.5, 10], "rotation": 180, "texture": "#0"},
				"east": {"uv": [8, 10, 9.5, 12], "rotation": 90, "texture": "#0"},
				"south": {"uv": [12.5, 2, 10.5, 3.5], "texture": "#0"},
				"west": {"uv": [10, 8, 11.5, 10], "rotation": 270, "texture": "#0"},
				"up": {"uv": [5, 9, 7, 11], "texture": "#0"},
				"down": {"uv": [8, 8, 10, 10], "rotation": 180, "texture": "#0"}
			}
		},
		{
			"from": [11, 0.03928, 2.54783],
			"to": [13, 2.03928, 4.54783],
			"rotation": {"angle": 0, "axis": "x", "origin": [11.5, 6.75, 4.21765]},
			"faces": {
				"north": {"uv": [14, 13, 13, 12], "rotation": 180, "texture": "#0"},
				"east": {"uv": [13, 3.5, 14, 4.5], "rotation": 90, "texture": "#0"},
				"south": {"uv": [14, 13, 13, 14], "texture": "#0"},
				"west": {"uv": [13, 5.5, 14, 6.5], "rotation": 270, "texture": "#0"},
				"up": {"uv": [13, 4.5, 14, 5.5], "texture": "#0"},
				"down": {"uv": [1.5, 13, 2.5, 14], "rotation": 180, "texture": "#0"}
			}
		},
		{
			"from": [8.6, 0, 6.6],
			"to": [10.6, 2, 11.6],
			"rotation": {"angle": 0, "axis": "z", "origin": [11.5, 7.25, 10.81765]},
			"faces": {
				"north": {"uv": [13.5, 0, 14.5, 1], "texture": "#0"},
				"east": {"uv": [10.5, 3.5, 13, 4.5], "texture": "#0"},
				"south": {"uv": [13.5, 1, 14.5, 2], "texture": "#0"},
				"west": {"uv": [10.5, 4.5, 13, 5.5], "texture": "#0"},
				"up": {"uv": [5.5, 13.5, 4.5, 11], "texture": "#0"},
				"down": {"uv": [6.5, 11, 5.5, 13.5], "texture": "#0"}
			}
		},
		{
			"from": [12.4, 0, 6.6],
			"to": [14.4, 2, 11.6],
			"rotation": {"angle": 0, "axis": "z", "origin": [11.5, 7.25, 10.81765]},
			"faces": {
				"north": {"uv": [4.5, 13.5, 5.5, 14.5], "texture": "#0"},
				"east": {"uv": [10.5, 5.5, 13, 6.5], "texture": "#0"},
				"south": {"uv": [5.5, 13.5, 6.5, 14.5], "texture": "#0"},
				"west": {"uv": [11, 6.5, 13.5, 7.5], "texture": "#0"},
				"up": {"uv": [12.5, 10, 11.5, 7.5], "texture": "#0"},
				"down": {"uv": [10.5, 11.5, 9.5, 14], "texture": "#0"}
			}
		},
		{
			"from": [8.6, 7.11762, 6.89367],
			"to": [10.6, 9.11762, 11.89367],
			"rotation": {"angle": 0, "axis": "x", "origin": [11.5, 7.25, 4.21765]},
			"faces": {
				"north": {"uv": [14.5, 9.5, 13.5, 8.5], "rotation": 180, "texture": "#0"},
				"east": {"uv": [8.5, 12, 9.5, 14.5], "rotation": 90, "texture": "#0"},
				"south": {"uv": [12.5, 13.5, 11.5, 14.5], "texture": "#0"},
				"west": {"uv": [12.5, 7.5, 13.5, 10], "rotation": 270, "texture": "#0"},
				"up": {"uv": [12.5, 0, 13.5, 2.5], "texture": "#0"},
				"down": {"uv": [7.5, 12, 8.5, 14.5], "rotation": 180, "texture": "#0"}
			}
		},
		{
			"from": [12.4, 7.11762, 6.89367],
			"to": [14.4, 9.11762, 11.89367],
			"rotation": {"angle": 0, "axis": "x", "origin": [11.5, 7.25, 4.21765]},
			"faces": {
				"north": {"uv": [14.5, 7.5, 13.5, 6.5], "rotation": 180, "texture": "#0"},
				"east": {"uv": [10.5, 11.5, 11.5, 14], "rotation": 90, "texture": "#0"},
				"south": {"uv": [14.5, 7.5, 13.5, 8.5], "texture": "#0"},
				"west": {"uv": [6.5, 12, 7.5, 14.5], "rotation": 270, "texture": "#0"},
				"up": {"uv": [3, 12, 4, 14.5], "texture": "#0"},
				"down": {"uv": [11.5, 10, 12.5, 12.5], "rotation": 180, "texture": "#0"}
			}
		},
		{
			"from": [1, 2, 6],
			"to": [6, 3, 11],
			"rotation": {"angle": 0, "axis": "y", "origin": [1, 1, 9]},
			"faces": {
				"north": {"uv": [0, 2.5, 11.5, 9], "texture": "#2"},
				"east": {"uv": [0, 4, 12.5, 10.5], "texture": "#2"},
				"south": {"uv": [3.5, 1, 13.5, 4], "texture": "#2"},
				"west": {"uv": [4, 3, 15, 8], "texture": "#2"},
				"up": {"uv": [11.5, 5.5, 1, 0.5], "texture": "#2"},
				"down": {"uv": [15, 9, 5, 16], "texture": "#2"}
			}
		},
		{
			"from": [1, 3, 10.4],
			"to": [6, 9, 11.4],
			"rotation": {"angle": 0, "axis": "y", "origin": [1, 3, 9]},
			"faces": {
				"north": {"uv": [6.5, 3, 15.5, 15], "texture": "#2"},
				"east": {"uv": [1.5, 0.5, 7.5, 13], "texture": "#2"},
				"south": {"uv": [6.5, 6.5, 16, 16], "texture": "#2"},
				"west": {"uv": [0, 4, 8, 13], "texture": "#2"},
				"up": {"uv": [13, 1.5, 3, 9], "texture": "#2"},
				"down": {"uv": [13, 1.5, 3, 10], "texture": "#2"}
			}
		},
		{
			"from": [0, 3, 5.6],
			"to": [1, 9, 11.4],
			"rotation": {"angle": 0, "axis": "y", "origin": [-4, 3, 9]},
			"faces": {
				"north": {"uv": [1, 2.5, 8.5, 13], "texture": "#2"},
				"east": {"uv": [4, 0.5, 15, 14.5], "texture": "#2"},
				"south": {"uv": [1.5, 3, 9, 13], "texture": "#2"},
				"west": {"uv": [3.5, 3, 15, 15], "texture": "#2"},
				"up": {"uv": [7.5, 13, 2, 1.5], "texture": "#2"},
				"down": {"uv": [14.5, 1, 7.5, 13], "texture": "#2"}
			}
		},
		{
			"from": [0, 0, 5],
			"to": [7, 2, 12],
			"rotation": {"angle": 0, "axis": "y", "origin": [1, 0, 9]},
			"faces": {
				"north": {"uv": [9, 5.5, -0.5, 6.5], "texture": "#2"},
				"east": {"uv": [16, 11, 6.5, 12], "texture": "#2"},
				"south": {"uv": [0, 9, 11, 12], "texture": "#2"},
				"west": {"uv": [9, 7.5, -0.5, 9], "texture": "#2"},
				"up": {"uv": [10.5, 9, 0, 0], "texture": "#2"},
				"down": {"uv": [10, 3.5, 0, 10.5], "texture": "#2"}
			}
		},
		{
			"from": [6, 3, 5.6],
			"to": [7, 9, 11.4],
			"rotation": {"angle": 0, "axis": "y", "origin": [2, 3, 9]},
			"faces": {
				"north": {"uv": [1, 2.5, 8.5, 13], "texture": "#2"},
				"east": {"uv": [4, 0.5, 15, 14.5], "texture": "#2"},
				"south": {"uv": [1.5, 3, 9, 13], "texture": "#2"},
				"west": {"uv": [3.5, 3, 15, 15], "texture": "#2"},
				"up": {"uv": [7.5, 13, 2, 1.5], "texture": "#2"},
				"down": {"uv": [14.5, 1, 7.5, 13], "texture": "#2"}
			}
		},
		{
			"from": [1, 3, 5.6],
			"to": [6, 9, 6.6],
			"rotation": {"angle": 0, "axis": "y", "origin": [1, 3, 4.2]},
			"faces": {
				"north": {"uv": [6.5, 3, 15.5, 15], "texture": "#2"},
				"east": {"uv": [1.5, 0.5, 7.5, 13], "texture": "#2"},
				"south": {"uv": [6.5, 6.5, 16, 16], "texture": "#2"},
				"west": {"uv": [0, 4, 8, 13], "texture": "#2"},
				"up": {"uv": [13, 1.5, 3, 9], "texture": "#2"},
				"down": {"uv": [13, 1.5, 3, 10], "texture": "#2"}
			}
		},
		{
			"from": [1, 5, 6.6],
			"to": [6, 6, 10.6],
			"rotation": {"angle": 0, "axis": "y", "origin": [2, 5, 7.6]},
			"faces": {
				"north": {"uv": [0, 0, 2.5, 0.5], "texture": "#0"},
				"east": {"uv": [0, 0, 2, 0.5], "texture": "#0"},
				"south": {"uv": [0, 0, 2.5, 0.5], "texture": "#0"},
				"west": {"uv": [0, 0, 2, 0.5], "texture": "#0"},
				"up": {"uv": [0, 0, 2.5, 2], "texture": "#0"},
				"down": {"uv": [0, 0, 2.5, 2], "texture": "#0"}
			}
		},
		{
			"from": [3.25, 7.75, 11],
			"to": [9.25, 10.75, 14],
			"rotation": {"angle": -45, "axis": "z", "origin": [10.5, 9.25, 12.5]},
			"faces": {
				"north": {"uv": [0, 0, 1.5, 3], "rotation": 270, "texture": "#2"},
				"east": {"uv": [0, 0, 1.5, 1.5], "rotation": 90, "texture": "#2"},
				"south": {"uv": [0, 0, 1.5, 3], "rotation": 90, "texture": "#2"},
				"west": {"uv": [0, 0, 1.5, 1.5], "rotation": 90, "texture": "#2"},
				"up": {"uv": [0, 0, 1.5, 3], "rotation": 90, "texture": "#2"},
				"down": {"uv": [0, 0, 1.5, 3], "rotation": 90, "texture": "#2"}
			}
		},
		{
			"from": [13.25, 7.75, 11],
			"to": [16.25, 10.75, 14],
			"rotation": {"angle": -45, "axis": "z", "origin": [10.5, 9.25, 12.5]},
			"faces": {
				"north": {"uv": [0, 0, 1.5, 1.5], "rotation": 270, "texture": "#2"},
				"east": {"uv": [0, 0, 1.5, 1.5], "rotation": 90, "texture": "#2"},
				"south": {"uv": [0, 0, 1.5, 1.5], "rotation": 90, "texture": "#2"},
				"west": {"uv": [0, 0, 1.5, 1.5], "rotation": 90, "texture": "#2"},
				"up": {"uv": [0, 0, 1.5, 1.5], "rotation": 90, "texture": "#2"},
				"down": {"uv": [0, 0, 1.5, 1.5], "rotation": 90, "texture": "#2"}
			}
		},
		{
			"from": [9.25, 8.25, 11.5],
			"to": [13.25, 10.25, 13.5],
			"rotation": {"angle": -45, "axis": "z", "origin": [10.5, 9.25, 12.5]},
			"faces": {
				"north": {"uv": [0, 0, 1, 2], "rotation": 270, "texture": "#2"},
				"east": {"uv": [0, 0, 1, 1], "rotation": 90, "texture": "#2"},
				"south": {"uv": [0, 0, 1, 2], "rotation": 90, "texture": "#2"},
				"west": {"uv": [0, 0, 1, 1], "rotation": 90, "texture": "#2"},
				"up": {"uv": [0, 0, 1, 2], "rotation": 90, "texture": "#2"},
				"down": {"uv": [0, 0, 1, 2], "rotation": 90, "texture": "#2"}
			}
		}
	],
	"gui_light": "front",
	"display": {
		"thirdperson_righthand": {
			"rotation": [50, 180, 0],
			"translation": [0, 3.25, 1],
			"scale": [0.75, 0.75, 0.75]
		},
		"thirdperson_lefthand": {
			"rotation": [50, 180, 0],
			"translation": [0, 3.25, 0],
			"scale": [0.75, 0.75, 0.75]
		},
		"firstperson_righthand": {
			"rotation": [0, -63, 24],
			"translation": [2.75, 3, 0],
			"scale": [0.5, 0.5, 0.5]
		},
		"firstperson_lefthand": {
			"rotation": [0, -66, 28],
			"translation": [3.5, 3, 0],
			"scale": [0.5, 0.5, 0.5]
		},
		"ground": {
			"translation": [0, 4.5, 0]
		},
		"gui": {
			"rotation": [12, -42, 1],
			"translation": [-0.25, 0.25, 0],
			"scale": [0.75, 0.75, 0.75]
		},
		"head": {
			"rotation": [0, 180, 0],
			"translation": [-0.5, 14.25, 1.25]
		},
		"fixed": {
			"rotation": [-90, 0, 0],
			"translation": [1.25, -0.75, -15.75],
			"scale": [2, 2, 2]
		}
	},
	"groups": [
		{
			"name": "group",
			"origin": [7.8, 12.5, 8],
			"color": 0,
			"children": [0, 1, 2, 3]
		},
		{
			"name": "group",
			"origin": [9, 3, 1.3],
			"color": 0,
			"children": [4, 5, 6, 7, 8, 9, 10, 11]
		},
		{
			"name": "group",
			"origin": [2, 5, 10.6],
			"color": 0,
			"children": [12, 13, 14, 15, 16, 17, 18]
		},
		{
			"name": "group",
			"origin": [11.5, 6, 11.5],
			"color": 0,
			"children": [19, 20, 21]
		}
	]
}