{
	"credit": "Made with Blockbench",
	"texture_size": [4, 4],
	"textures": {
		"1": "item/weird_item/bbq/cat_bbq/niku",
		"2": "item/weird_item/bbq/cat_bbq/niku2",
		"3": "item/weird_item/bbq/cat_bbq/kusa"
	},
	"elements": [
		{
			"from": [8.4, 0, 7.4],
			"to": [8.6, 13, 7.6],
			"rotation": {"angle": 0, "axis": "y", "origin": [8.5, 6.5, 7.5]},
			"faces": {
				"north": {"uv": [8.5, 2.5, 8.9, 3.25], "texture": "#1"},
				"east": {"uv": [6.75, 0.5, 7.15, 1.5], "texture": "#1"},
				"south": {"uv": [8.5, 1.75, 9.15, 2.5], "texture": "#1"},
				"west": {"uv": [8.75, 3.5, 9.15, 4.25], "texture": "#1"},
				"up": {"uv": [5.5, 3, 5.9, 3.4], "texture": "#1"},
				"down": {"uv": [6, 5, 6.4, 5.4], "texture": "#1"}
			}
		},
		{
			"from": [7.5, 10.8, 7],
			"to": [9.5, 11.8, 8],
			"rotation": {"angle": 0, "axis": "y", "origin": [8.5, 11.425, 7.5]},
			"faces": {
				"north": {"uv": [0, 0, 4, 2], "texture": "#1"},
				"east": {"uv": [0, 8, 2, 10], "texture": "#1"},
				"south": {"uv": [0, 2, 4, 4], "texture": "#1"},
				"west": {"uv": [8, 0, 10, 2], "texture": "#1"},
				"up": {"uv": [4, 6, 0, 4], "texture": "#1"},
				"down": {"uv": [8, 0, 4, 2], "texture": "#1"}
			}
		},
		{
			"from": [7.9, 11.8, 7],
			"to": [9.5, 12.1, 8],
			"rotation": {"angle": 0, "axis": "y", "origin": [8.7, 11.95, 7.5]},
			"faces": {
				"north": {"uv": [8, 8, 11.25, 8.5], "texture": "#1"},
				"east": {"uv": [4, 10, 6, 10.5], "texture": "#1"},
				"south": {"uv": [0, 10, 3.25, 10.5], "texture": "#1"},
				"west": {"uv": [10, 4, 12, 4.5], "texture": "#1"},
				"up": {"uv": [7.25, 4, 4, 2], "texture": "#1"},
				"down": {"uv": [7.25, 4, 4, 6], "texture": "#1"}
			}
		},
		{
			"from": [8.2, 12.1, 7],
			"to": [9.2, 12.2, 8],
			"rotation": {"angle": 0, "axis": "y", "origin": [8.5, 11.425, 7.5]},
			"faces": {
				"north": {"uv": [8, 12, 10, 12.25], "texture": "#1"},
				"east": {"uv": [12, 8, 14, 8.25], "texture": "#1"},
				"south": {"uv": [10, 12, 12, 12.25], "texture": "#1"},
				"west": {"uv": [12, 10, 14, 10.25], "texture": "#1"},
				"up": {"uv": [4, 10, 2, 8], "texture": "#1"},
				"down": {"uv": [10, 2, 8, 4], "texture": "#1"}
			}
		},
		{
			"from": [9.5, 11.3, 7],
			"to": [9.7, 12, 8],
			"rotation": {"angle": 0, "axis": "y", "origin": [8.5, 11.425, 7.5]},
			"faces": {
				"north": {"uv": [4, 12, 4.5, 13.5], "texture": "#1"},
				"east": {"uv": [4, 8, 6, 9.5], "texture": "#1"},
				"south": {"uv": [12, 4, 12.5, 5.5], "texture": "#1"},
				"west": {"uv": [8, 4, 10, 5.5], "texture": "#1"},
				"up": {"uv": [6.5, 12, 6, 10], "texture": "#1"},
				"down": {"uv": [10.5, 6, 10, 8], "texture": "#1"}
			}
		},
		{
			"from": [7.5, 10.6, 7],
			"to": [8.8, 10.8, 8],
			"rotation": {"angle": 0, "axis": "y", "origin": [8.5, 11.425, 7.5]},
			"faces": {
				"north": {"uv": [10, 0, 12.5, 0.5], "texture": "#1"},
				"east": {"uv": [8, 10, 10, 10.5], "texture": "#1"},
				"south": {"uv": [10, 2, 12.5, 2.5], "texture": "#1"},
				"west": {"uv": [10, 10, 12, 10.5], "texture": "#1"},
				"up": {"uv": [2.5, 8, 0, 6], "texture": "#1"},
				"down": {"uv": [6.5, 6, 4, 8], "texture": "#1"}
			}
		},
		{
			"from": [7.3, 10.6, 7],
			"to": [7.5, 11.3, 8],
			"rotation": {"angle": 0, "axis": "y", "origin": [8.5, 11.425, 7.5]},
			"faces": {
				"north": {"uv": [6, 12, 6.5, 13.5], "texture": "#1"},
				"east": {"uv": [6, 8, 8, 9.5], "texture": "#1"},
				"south": {"uv": [12, 6, 12.5, 7.5], "texture": "#1"},
				"west": {"uv": [8, 6, 10, 7.5], "texture": "#1"},
				"up": {"uv": [0.5, 14, 0, 12], "texture": "#1"},
				"down": {"uv": [2.5, 12, 2, 14], "texture": "#1"}
			}
		},
		{
			"from": [7.5, 4.2, 7],
			"to": [9.5, 5.2, 8],
			"rotation": {"angle": 22.5, "axis": "z", "origin": [8.5, 4.825, 7.5]},
			"faces": {
				"north": {"uv": [0, 2, 4, 4], "texture": "#1"},
				"east": {"uv": [8, 0, 10, 2], "texture": "#1"},
				"south": {"uv": [0, 0, 4, 2], "texture": "#1"},
				"west": {"uv": [0, 8, 2, 10], "texture": "#1"},
				"up": {"uv": [4, 6, 0, 4], "rotation": 180, "texture": "#1"},
				"down": {"uv": [8, 0, 4, 2], "rotation": 180, "texture": "#1"}
			}
		},
		{
			"from": [7.5, 5.2, 7],
			"to": [9.1, 5.5, 8],
			"rotation": {"angle": 22.5, "axis": "z", "origin": [8.5, 4.825, 7.5]},
			"faces": {
				"north": {"uv": [0, 10, 3.25, 10.5], "texture": "#1"},
				"east": {"uv": [10, 4, 12, 4.5], "texture": "#1"},
				"south": {"uv": [8, 8, 11.25, 8.5], "texture": "#1"},
				"west": {"uv": [4, 10, 6, 10.5], "texture": "#1"},
				"up": {"uv": [7.25, 4, 4, 2], "rotation": 180, "texture": "#1"},
				"down": {"uv": [7.25, 4, 4, 6], "rotation": 180, "texture": "#1"}
			}
		},
		{
			"from": [7.3, 4.7, 7],
			"to": [7.5, 5.4, 8],
			"rotation": {"angle": 22.5, "axis": "z", "origin": [8.5, 4.825, 7.5]},
			"faces": {
				"north": {"uv": [12, 4, 12.5, 5.5], "texture": "#1"},
				"east": {"uv": [8, 4, 10, 5.5], "texture": "#1"},
				"south": {"uv": [4, 12, 4.5, 13.5], "texture": "#1"},
				"west": {"uv": [4, 8, 6, 9.5], "texture": "#1"},
				"up": {"uv": [6.5, 12, 6, 10], "rotation": 180, "texture": "#1"},
				"down": {"uv": [10.5, 6, 10, 8], "rotation": 180, "texture": "#1"}
			}
		},
		{
			"from": [8.2, 4, 7],
			"to": [9.5, 4.2, 8],
			"rotation": {"angle": 22.5, "axis": "z", "origin": [8.5, 4.825, 7.5]},
			"faces": {
				"north": {"uv": [10, 2, 12.5, 2.5], "texture": "#1"},
				"east": {"uv": [10, 10, 12, 10.5], "texture": "#1"},
				"south": {"uv": [10, 0, 12.5, 0.5], "texture": "#1"},
				"west": {"uv": [8, 10, 10, 10.5], "texture": "#1"},
				"up": {"uv": [2.5, 8, 0, 6], "rotation": 180, "texture": "#1"},
				"down": {"uv": [6.5, 6, 4, 8], "rotation": 180, "texture": "#1"}
			}
		},
		{
			"from": [9.5, 4, 7],
			"to": [9.7, 4.7, 8],
			"rotation": {"angle": 22.5, "axis": "z", "origin": [8.5, 4.825, 7.5]},
			"faces": {
				"north": {"uv": [12, 6, 12.5, 7.5], "texture": "#1"},
				"east": {"uv": [8, 6, 10, 7.5], "texture": "#1"},
				"south": {"uv": [6, 12, 6.5, 13.5], "texture": "#1"},
				"west": {"uv": [6, 8, 8, 9.5], "texture": "#1"},
				"up": {"uv": [0.5, 14, 0, 12], "rotation": 180, "texture": "#1"},
				"down": {"uv": [2.5, 12, 2, 14], "rotation": 180, "texture": "#1"}
			}
		},
		{
			"from": [7.8, 5.5, 7],
			"to": [8.8, 5.6, 8],
			"rotation": {"angle": 22.5, "axis": "z", "origin": [8.5, 4.825, 7.5]},
			"faces": {
				"north": {"uv": [10, 12, 12, 12.25], "texture": "#1"},
				"east": {"uv": [12, 10, 14, 10.25], "texture": "#1"},
				"south": {"uv": [8, 12, 10, 12.25], "texture": "#1"},
				"west": {"uv": [12, 8, 14, 8.25], "texture": "#1"},
				"up": {"uv": [4, 10, 2, 8], "rotation": 180, "texture": "#1"},
				"down": {"uv": [10, 2, 8, 4], "rotation": 180, "texture": "#1"}
			}
		},
		{
			"from": [7.5, 6, 7.1],
			"to": [9.5, 6.8, 7.9],
			"faces": {
				"north": {"uv": [0, 0, 8, 4], "texture": "#3"},
				"east": {"uv": [8, 4, 12, 8], "texture": "#3"},
				"south": {"uv": [0, 4, 8, 8], "texture": "#3"},
				"west": {"uv": [8, 8, 12, 12], "texture": "#3"},
				"up": {"uv": [8, 12, 0, 8], "texture": "#3"},
				"down": {"uv": [16, 0, 8, 4], "texture": "#3"}
			}
		},
		{
			"from": [7.5, 6.1, 7.9],
			"to": [9.5, 6.7, 8],
			"rotation": {"angle": 0, "axis": "y", "origin": [2.5, 10.1, 8.7]},
			"faces": {
				"north": {"uv": [8, 12, 0, 8], "rotation": 180, "texture": "#3"},
				"east": {"uv": [11, 7, 12, 8], "rotation": 90, "texture": "#3"},
				"south": {"uv": [16, 0, 8, 4], "texture": "#3"},
				"west": {"uv": [11, 8, 12, 9], "rotation": 270, "texture": "#3"},
				"up": {"uv": [0, 4, 8, 8], "texture": "#3"},
				"down": {"uv": [0, 0, 8, 4], "rotation": 180, "texture": "#3"}
			}
		},
		{
			"from": [7.5, 6.1, 7],
			"to": [9.5, 6.7, 7.1],
			"rotation": {"angle": 0, "axis": "y", "origin": [2.5, 10.1, 8.7]},
			"faces": {
				"north": {"uv": [8, 12, 0, 8], "rotation": 180, "texture": "#3"},
				"east": {"uv": [11, 7, 12, 8], "rotation": 90, "texture": "#3"},
				"south": {"uv": [16, 0, 8, 4], "texture": "#3"},
				"west": {"uv": [11, 8, 12, 9], "rotation": 270, "texture": "#3"},
				"up": {"uv": [0, 4, 8, 8], "texture": "#3"},
				"down": {"uv": [0, 0, 8, 4], "rotation": 180, "texture": "#3"}
			}
		},
		{
			"from": [7.5, 6.8, 7.2],
			"to": [9.5, 6.9, 7.8],
			"rotation": {"angle": 0, "axis": "y", "origin": [2.5, 10.25, 7.25]},
			"faces": {
				"north": {"uv": [0, 4, 8, 8], "rotation": 180, "texture": "#3"},
				"east": {"uv": [11, 7, 12, 8], "rotation": 180, "texture": "#3"},
				"south": {"uv": [0, 0, 8, 4], "rotation": 180, "texture": "#3"},
				"west": {"uv": [11, 8, 12, 9], "rotation": 180, "texture": "#3"},
				"up": {"uv": [16, 0, 8, 4], "texture": "#3"},
				"down": {"uv": [8, 12, 0, 8], "texture": "#3"}
			}
		},
		{
			"from": [7.5, 5.9, 7.2],
			"to": [9.5, 6, 7.8],
			"rotation": {"angle": 0, "axis": "y", "origin": [2.5, 10.25, 7.25]},
			"faces": {
				"north": {"uv": [0, 4, 8, 8], "rotation": 180, "texture": "#3"},
				"east": {"uv": [11, 7, 12, 8], "rotation": 180, "texture": "#3"},
				"south": {"uv": [0, 0, 8, 4], "rotation": 180, "texture": "#3"},
				"west": {"uv": [11, 8, 12, 9], "rotation": 180, "texture": "#3"},
				"up": {"uv": [16, 0, 8, 4], "texture": "#3"},
				"down": {"uv": [8, 12, 0, 8], "texture": "#3"}
			}
		},
		{
			"from": [7.8, 7.3, 7],
			"to": [9.3, 8.8, 8],
			"faces": {
				"north": {"uv": [0, 0, 3, 3], "texture": "#2"},
				"east": {"uv": [4, 0, 6, 3], "texture": "#2"},
				"south": {"uv": [0, 4, 3, 7], "texture": "#2"},
				"west": {"uv": [4, 4, 6, 7], "texture": "#2"},
				"up": {"uv": [9, 2, 6, 0], "texture": "#2"},
				"down": {"uv": [9, 2, 6, 4], "texture": "#2"}
			}
		},
		{
			"from": [7.9, 8.8, 7],
			"to": [9, 9, 8],
			"faces": {
				"north": {"uv": [10, 2, 12.25, 2.5], "texture": "#2"},
				"east": {"uv": [10, 6, 12, 6.5], "texture": "#2"},
				"south": {"uv": [6, 10, 8.25, 10.5], "texture": "#2"},
				"west": {"uv": [10, 8, 12, 8.5], "texture": "#2"},
				"up": {"uv": [4.25, 10, 2, 8], "texture": "#2"},
				"down": {"uv": [10.25, 4, 8, 6], "texture": "#2"}
			}
		},
		{
			"from": [8.1, 7.1, 7],
			"to": [9.1, 7.3, 8],
			"faces": {
				"north": {"uv": [10, 10, 12, 10.5], "texture": "#2"},
				"east": {"uv": [0, 12, 2, 12.5], "texture": "#2"},
				"south": {"uv": [12, 0, 14, 0.5], "texture": "#2"},
				"west": {"uv": [12, 4, 14, 4.5], "texture": "#2"},
				"up": {"uv": [8, 10, 6, 8], "texture": "#2"},
				"down": {"uv": [10, 6, 8, 8], "texture": "#2"}
			}
		},
		{
			"from": [7.6, 7.4, 7],
			"to": [7.8, 8.7, 8],
			"faces": {
				"north": {"uv": [2, 10, 2.5, 12.5], "texture": "#2"},
				"east": {"uv": [6, 4, 8, 6.5], "texture": "#2"},
				"south": {"uv": [4, 10, 4.5, 12.5], "texture": "#2"},
				"west": {"uv": [0, 8, 2, 10.5], "texture": "#2"},
				"up": {"uv": [6.5, 14, 6, 12], "texture": "#2"},
				"down": {"uv": [12.5, 6, 12, 8], "texture": "#2"}
			}
		},
		{
			"from": [9.3, 7.6, 7],
			"to": [9.5, 8.6, 8],
			"faces": {
				"north": {"uv": [8, 12, 8.5, 14], "texture": "#2"},
				"east": {"uv": [8, 8, 10, 10], "texture": "#2"},
				"south": {"uv": [12, 8, 12.5, 10], "texture": "#2"},
				"west": {"uv": [10, 0, 12, 2], "texture": "#2"},
				"up": {"uv": [10.5, 14, 10, 12], "texture": "#2"},
				"down": {"uv": [12.5, 10, 12, 12], "texture": "#2"}
			}
		},
		{
			"from": [7.5, 9.4, 7.1],
			"to": [9.5, 10.2, 7.9],
			"faces": {
				"north": {"uv": [0, 0, 8, 4], "texture": "#3"},
				"east": {"uv": [8, 4, 12, 8], "texture": "#3"},
				"south": {"uv": [0, 4, 8, 8], "texture": "#3"},
				"west": {"uv": [8, 8, 12, 12], "texture": "#3"},
				"up": {"uv": [8, 12, 0, 8], "texture": "#3"},
				"down": {"uv": [16, 0, 8, 4], "texture": "#3"}
			}
		},
		{
			"from": [7.5, 9.5, 7.9],
			"to": [9.5, 10.1, 8],
			"rotation": {"angle": 0, "axis": "y", "origin": [2.5, 10.1, 8.7]},
			"faces": {
				"north": {"uv": [8, 12, 0, 8], "rotation": 180, "texture": "#3"},
				"east": {"uv": [11, 7, 12, 8], "rotation": 90, "texture": "#3"},
				"south": {"uv": [16, 0, 8, 4], "texture": "#3"},
				"west": {"uv": [11, 8, 12, 9], "rotation": 270, "texture": "#3"},
				"up": {"uv": [0, 4, 8, 8], "texture": "#3"},
				"down": {"uv": [0, 0, 8, 4], "rotation": 180, "texture": "#3"}
			}
		},
		{
			"from": [7.5, 9.5, 7],
			"to": [9.5, 10.1, 7.1],
			"rotation": {"angle": 0, "axis": "y", "origin": [2.5, 10.1, 8.7]},
			"faces": {
				"north": {"uv": [8, 12, 0, 8], "rotation": 180, "texture": "#3"},
				"east": {"uv": [11, 7, 12, 8], "rotation": 90, "texture": "#3"},
				"south": {"uv": [16, 0, 8, 4], "texture": "#3"},
				"west": {"uv": [11, 8, 12, 9], "rotation": 270, "texture": "#3"},
				"up": {"uv": [0, 4, 8, 8], "texture": "#3"},
				"down": {"uv": [0, 0, 8, 4], "rotation": 180, "texture": "#3"}
			}
		},
		{
			"from": [7.5, 10.2, 7.2],
			"to": [9.5, 10.3, 7.8],
			"rotation": {"angle": 0, "axis": "y", "origin": [2.5, 10.25, 7.25]},
			"faces": {
				"north": {"uv": [0, 4, 8, 8], "rotation": 180, "texture": "#3"},
				"east": {"uv": [11, 7, 12, 8], "rotation": 180, "texture": "#3"},
				"south": {"uv": [0, 0, 8, 4], "rotation": 180, "texture": "#3"},
				"west": {"uv": [11, 8, 12, 9], "rotation": 180, "texture": "#3"},
				"up": {"uv": [16, 0, 8, 4], "texture": "#3"},
				"down": {"uv": [8, 12, 0, 8], "texture": "#3"}
			}
		},
		{
			"from": [7.5, 9.3, 7.2],
			"to": [9.5, 9.4, 7.8],
			"rotation": {"angle": 0, "axis": "y", "origin": [2.5, 10.25, 7.25]},
			"faces": {
				"north": {"uv": [0, 4, 8, 8], "rotation": 180, "texture": "#3"},
				"east": {"uv": [11, 7, 12, 8], "rotation": 180, "texture": "#3"},
				"south": {"uv": [0, 0, 8, 4], "rotation": 180, "texture": "#3"},
				"west": {"uv": [11, 8, 12, 9], "rotation": 180, "texture": "#3"},
				"up": {"uv": [16, 0, 8, 4], "texture": "#3"},
				"down": {"uv": [8, 12, 0, 8], "texture": "#3"}
			}
		}
	],
	"gui_light": "front",
	"display": {
		"thirdperson_righthand": {
			"translation": [-0.5, 5.75, 1.75]
		},
		"thirdperson_lefthand": {
			"translation": [0.5, 5.75, 1.75]
		},
		"firstperson_righthand": {
			"rotation": [-20, -70, 0],
			"translation": [0, 5.75, 0]
		},
		"firstperson_lefthand": {
			"rotation": [-20, -70, 0],
			"translation": [1.75, 5.75, 0]
		},
		"ground": {
			"rotation": [45, 0, 45],
			"translation": [-1.25, 1.5, -0.25],
			"scale": [1.5, 1.5, 1.5]
		},
		"gui": {
			"rotation": [0, 0, -45],
			"translation": [1, 1.5, 0],
			"scale": [1.4, 1.4, 1.4]
		},
		"head": {
			"rotation": [63, 0, 0],
			"translation": [-0.25, -6.25, -9]
		},
		"fixed": {
			"rotation": [0, 0, 45],
			"translation": [-1, 1, 0],
			"scale": [2.8, 2.8, 2.8]
		}
	},
	"groups": [
		0,
		{
			"name": "group",
			"origin": [0, 0, 0],
			"color": 0,
			"children": [1, 2, 3, 4, 5, 6]
		},
		{
			"name": "group",
			"origin": [8.5, 4.825, 7.5],
			"color": 0,
			"children": [7, 8, 9, 10, 11, 12]
		},
		{
			"name": "group",
			"origin": [2.5, 10.25, 7.25],
			"color": 0,
			"children": [13, 14, 15, 16, 17]
		},
		{
			"name": "group",
			"origin": [0, 0, 0],
			"color": 0,
			"children": [18, 19, 20, 21, 22]
		},
		{
			"name": "group",
			"origin": [2.5, 10.25, 7.25],
			"color": 0,
			"children": [23, 24, 25, 26, 27]
		}
	]
}